"text","text_en","cmp_code","eu_code"
"A FUTURE FOR ALL OF USTHE GREEN’S POLICY PLATFORM, ELECTION 2019",NA,"H",NA
"RIGHT NOW, MORE THAN EVER, POLITICS NEEDS A SHAKE-UPPeople are fed up with politics. Can you blame them? The gap between the rich and the poor grows wider, and both the Liberal and Labor governments have repeatedly failed to address it.  We’re staring down climate change, the biggest threat humanity has ever faced, and the major parties are pretending it doesn’t exist. The truth is, with so many vested interests, neither of the old parties are able to represent the values of our diverse and progessive community. Australia is crying out for real leadership. I couldn’t be more proud of our record in leading the way on some of Australia’s biggest national issues -we introduced marriage equality to Parliament, and pressured the government into establishing the banking Royal Commission. We’ve led the campaign to evacuate of sick refugees from off-shore detention, and helped patients access medicinal cannabis. We’ve given people a genuine alternative to the two old parties. We’ve shown the leadership that’s been missing from the Liberal and Labor parties. We know that Australians want a positive plan to tackle the big challenges we’re facing as a community. One that looks after everyone - not just those who can buy influence. They want to know there’s bold political vision with policies based in science, to fight for a fairer, more equal community, for world-class public education, health and social services. That’s what this is: our plan to create a better future for all of us. Richard Di Natale",NA,NA,NA
"POWERED BY YOU",NA,"H",NA
"The Greens are proud to be powered by people, not big corporations.",NA,"403",NA
"Our big wins, on the streets and in Parliament, have been led by our amazing volunteers around the country.",NA,"606.1",NA
"If we’ve learnt one thing, it’s that progress happens when people come together.",NA,"606.1",NA
"But for us to succeed at the next election, we’re going to need everyone to get involved.",NA,"606.1",NA
"We need people like you to help us.",NA,"606.1",NA
"Working together, we can create a future where everyone",NA,"606.1",NA
"is treated equally,",NA,"503",NA
"we protect our environment,",NA,"501",NA
"take real action on climate change",NA,"501",NA
"and we all have access to the services we need to live a good life.",NA,"504",NA
"Volunteering is fun and it’s easy. Are you ready to build a future for all of us?",NA,"606.1",NA
"Sign up now at greens.org.au/volunteer",NA,NA,NA
"CONTENTSTHE CASE FOR CHANGE9A FUTURE FOR ALL OF US11RENEWABLE ENERGY AND CLIMATE CHANGE13CLEAN UP POLITICS19WORLD CLASS PUBLIC EDUCATION, HEALTH AND SOCIAL SERVICES27PUBLIC OWNERSHIP, NOT PRIVATISATION35PROTECTING OUR ENVIRONMENT41A HOME FOR ALL49JOBS AND TRAINING FOR THE FUTURE55A FAIRER, MORE EQUAL COMMUNITY63PAYING FOR OUR PLANS77",NA,NA,NA
"THE CASE FOR CHANGE",NA,"H",NA
"Over the last decade, selfish and power-hungry Labor and Liberal governments have knocked off four sitting Prime Ministers and have been more committed to fighting each other than planning for our future.",NA,"305.1",NA
"They’ve taken over $100 million from big corporations since 2012 - including big polluters, mining giants and the big banks -",NA,"304",NA
"and in the process, created an economy that works for their rich mates and donors, instead of doing what’s best for all of us.",NA,"304",NA
"Big donations mean big influence.",NA,"304",NA
"They mean inaction on the mining, burning and exporting of coal - the biggest contributor to climate change -",NA,"501",NA
"and a failure to keep public services working for everyone.",NA,"303",NA
"They mean less money for our schools and hospitals,",NA,"504",NA
"increased cost of living",NA,"504",NA
"and rising inequality.",NA,"503",NA
"We need to shake up politics because time is running out to avoid climate disaster",NA,"501",NA
"and the major parties don’t have a plan to deal with coal.",NA,"501",NA
"And if you don’t have a plan to end coal, oil and gas, you don’t have a plan to take action on climate change.",NA,"501",NA
"A FUTURE FOR ALL OF US",NA,"H",NA
"Politics should give you something to believe in.",NA,"202.1",NA
"That’s why the Greens have bold plans to build a future for all of us, not just the wealthy few.",NA,"503",NA
"While the major parties are listening to their big donors and failing to address the major issues facing our society, the Greens are listening to the community.",NA,"304",NA
"Our plan would raise billions of dollars by making corporations pay more tax and ending the $11 billion per year tax avoidance industry.",NA,"403",NA
"By making corporations pay their fair share, we can fund the things that benefit everyone: action on climate change,",NA,"501",NA
"free TAFE and uni,",NA,"506",NA
"dental care covered by Medicare",NA,"504",NA
"and 500,000 affordable community homes.",NA,"504",NA
"These are some of the bold, evidence-based plans in our platform for this election - a platform that shows the Greens are leading the way on the big issues in the national debate.",NA,"305.1",NA
"Unlike the major parties, the Greens give you a voice in parliament, and we will work with the community, not big donors, to deliver a future for all of us.",NA,"606.2",NA
"RENEWABLE ENERGY AND CLIMATE CHANGE",NA,"H",NA
"Creating a renewable economy that tackles climate change,",NA,"501",NA
"creates jobs,",NA,"701",NA
"makes bills cheaper",NA,"403",NA
"and energy more reliable.",NA,"416.2",NA
"This is the climate election.",NA,"501",NA
"We are in a global race against time on climate change.",NA,"501",NA
"We’re seeing its effects all around us: severe drought, more intense and longer bushfire seasons and rising sea levels.",NA,"501",NA
"Australia has the capacity to be a world leader in climate action and renewable energy,",NA,"501",NA
"phasing out coal, oil and gas and building a renewable energy economy that exports clean energy to the world.",NA,"501",NA
"The mining, burning and exporting of coal is the world’s biggest cause of climate change - and Australia is the world’s biggest exporter of coal.",NA,"501",NA
"Instead of embracing renewable energy and tackling climate change, both the Liberal and Labor parties have propped up the coal, gas and oil industries while accepting millions of dollars in political donations.",NA,"501",NA
"The fossil fuel lobby continues to do everything it can to undermine action on climate change",NA,"501",NA
"and block the transition to renewable technology.",NA,"416.2",NA
"By ending the influence of fossil fuel giants and their lobbyists, we can transform Australia’s energy system from one of the oldest and dirtiest in the world to one of the cleanest and smartest.",NA,"416.2",NA
"The Greens have a strong and evidence-based plan for a rapid, managed transition to a renewable energy economy-",NA,"416.2",NA
"one that will replace coal, oil and gas with renewables, build a new clean-energy export industry",NA,"416.2",NA
"and create 180,000 new jobs.",NA,"701",NA
"Right now, the future is in our hands.",NA,"606.1",NA
"We can stop the damage being done to our climate, and we can hand over a better, safer future for generations to come.",NA,"501",NA
"OUR PLAN FOR A RENEWABLE ECONOMY THAT TACKLES CLIMATE CHANGE:",NA,"H",NA
"Phase out coal, no new oil or gas, move to 100% renewables and deliver cheap, clean and reliable energy for homes, businesses and industry",NA,"416.2",NA
"Create 180,000 new jobs in renewables, including a renewable energy export industry to replace coal and gas exports",NA,"416.2",NA
"Provide support for coal workers and communities as we phase out coal",NA,"701",NA
"Create Power Australia, a not-for-profit, public energy retailer for renewables",NA,"416.2",NA
"Prioritise and properly fund clean, safe, affordable public and active transport",NA,"416.2",NA
"Kick start the electric vehicle revolution and reduce the cost of electric vehicles",NA,"416.2",NA
"RENEW AUSTRALIA 2030: OUR PLAN FOR A RENEWABLE ECONOMY",NA,"H",NA
"Action on climate change has been held back by a decade of Liberal and Labor governments beholden to the donations and lobbying of big mining and resource corporations, and the climate change-denying politicians in their own ranks.",NA,"501",NA
"Instead of embracing the sunrise industries of clean, renewable technologies, the major parties are protecting the polluting coal and gas industry in its sunset years.",NA,"501",NA
"This obsession with digging up and shipping out dirty coal has doubled our emissions footprint",NA,"501",NA
"at a time when we need to embrace renewable energy.",NA,"416.2",NA
"While opening up gas reserves in the Galilee and Beetaloo Basins will increase Australia’s emissions by 6% a year.",NA,"501",NA
"The Greens have a comprehensive plan to rapidly transform Australia’s energy system from one of the oldest and dirtiest in the world, to one of the cleanest and smartest.",NA,"501",NA
"Renewables are already driving down power prices.",NA,"416.2",NA
"Australia is at the forefront of technological innovation,",NA,"411",NA
"and with the right plan we have everything we need to repower our economy with renewables.",NA,"416.2",NA
"The Greens’ plan to Renew Australia sets a clear and achievable plan to transform our economy by driving investment in new renewables projects",NA,"416.2",NA
"and creating tens of thousands of jobs.",NA,"701",NA
"THE BENEFITS OF OUR PLAN:",NA,"H",NA
"Cheaper energy bills, including support for renters and small business owners to access clean and reliable renewable energy",NA,"416.2",NA
"A planned phase out of coal fired power stations,",NA,"416.2",NA
"supporting workers as we transition to a 100% renewable energy economy",NA,"701",NA
"Replacing the mining and exporting of coal with a clean energy export industry",NA,"416.2",NA
"180,000 new jobs across the clean energy economy",NA,"701",NA
"Drive billions of dollars of investment in renewable energy",NA,"416.2",NA
"CREATE POWER AUSTRALIA, A NOT-FOR-PROFIT, PUBLIC ENERGY RETAILER",NA,"H",NA
"Electricity is essential for modern life.",NA,"411",NA
"It fuels our communication, our homes and our businesses, our schools, universities, hospitals and nursing homes.",NA,"411",NA
"But both Liberal and Labor governments have sold off the grid to private companies.",NA,"413",NA
"And ever since, those companies have invested in sales managers and marketing gurus instead of efficiencies and renewables, and as a result we’re paying more than twice what we were paying a decade ago.",NA,"403",NA
"It’s time we took back control of the energy grid.",NA,"413",NA
"The Greens have a plan to provide energy as an essential public service, putting public good before profit.",NA,"413",NA
"We will establish a new, publicly owned competitor to the private power companies, dedicated solely to driving down your costs instead of driving up its profits.",NA,"403",NA
"Under the Greens’ plan, you will be able to buy renewable energy from a government provider, Power Australia, which supplies your household electricity to you without the unnecessary profit mark-ups.",NA,"403",NA
"Under our plan, energy bills will be reduced by an estimated $200 a year for an average customer, we’ll increase competition in the existing retail market and end the profit-at-all-costs business model.",NA,"403",NA
"By purchasing energy only from renewable sources, this model will fast-track investment in renewable technology,",NA,"416.2",NA
"create more public sector jobs",NA,"701",NA
"and help tackle climate change.",NA,"501",NA
"All Australians will have guaranteed access to cheap, clean and reliable electricity.",NA,"411",NA
"THE BENEFITS OF OUR PLAN:",NA,"H",NA
"Make electricity cheaper",NA,"403",NA
"Drive investment in renewables to tackle climate change",NA,"501",NA
"Create more public sector jobs",NA,"701",NA
"and disrupt the market dominance enjoyed by big energy companies",NA,"403",NA
"Ensure you don’t get ripped off",NA,"403",NA
"PUTTING PUBLIC TRANSPORT FIRST",NA,"H",NA
"For decades, dysfunctional Liberal and Labor governments have failed to plan ahead and meet the demands of our growing cities and regions.",NA,"305.1",NA
"Rather than building public transport infrastructure to meet community needs, our transport options are being decided by big toll road and oil companies, whose donations corrupt the policies of the major parties.",NA,"411",NA
"While the Labor and Liberal parties wine and dine with their big corporate donors, it’s the rest of us who are left to pay the bill, in the form of huge tolls, fines and gridlocked roads.",NA,"411",NA
"Unlike the other parties, the Greens don’t take donations from big corporations who seek to influence us.",NA,"304",NA
"That’s why our plan prioritises clean, safe, affordable public and active transport.",NA,"411",NA
"By ending toll road rorts, properly funding rail and bus services and giving walking and riding the legitimacy they deserve, we’ll help people get where they’re going quicker and make our towns and cities more liveable.",NA,"411",NA
"THE BENEFITS OF OUR PLAN:",NA,"H",NA
"Easier and safer to cycle and walk in our cities",NA,"411",NA
"Billions currently allocated to huge toll-road companies redirected to the public transport we all need",NA,"411",NA
"More buses, trains and trams more often",NA,"411",NA
"Investment in transport options that tackle climate change",NA,"411",NA
"SPARKING THE ELECTRIC VEHICLE REVOLUTION",NA,"H",NA
"If we’re truly committed to meeting our Paris Agreement commitments and building towards net-zero emissions, we need to transform the way we transport people and goods.",NA,"416.2",NA
"Unlike the Liberal and Labor parties, whose decade of dysfunctional government has failed to deliver a plan to reduce emissions, the Greens are committed to re-powering our economy through clean energy.",NA,"416.2",NA
"This includes our plan to immediately spark the transition from internal combustion engine cars to electric vehicles.",NA,"411",NA
"Electric vehicles are better for our health, cheaper to refuel and maintain, and emit no pollution when powered by renewable energy.",NA,"416.2",NA
"That’s why the Greens will fast-track the roll-out of fast-charging electric vehicle infrastructure",NA,"411",NA
"and legislate tougher vehicle pollution standards to drive down transport pollution.",NA,"501",NA
"Under our plan, a set percentage of electric vehicle sales by car manufacturers will be mandated so that fossil fuel cars are transitioned off the road, and the cost of electric vehicles will be significantly reduced so more people can buy them sooner.",NA,"416.2",NA
"THE BENEFITS OF OUR PLAN:",NA,"H",NA
"Electric vehicles will be cheaper to buy",NA,"411",NA
"Charging electric vehicles will be easier and more convenient",NA,"411",NA
"Our cities will be cleaner",NA,"501",NA
"Action on climate change",NA,"501",NA
"CLEAN UP POLITICS",NA,"H",NA
"Strengthening our democracy so that it works for everyone.",NA,"202.1",NA
"Our democracy is the best tool we have to care for people, plan for the future",NA,"202.1",NA
"and protect the environment,",NA,"501",NA
"but it has to work for everyone.",NA,"202.1",NA
"In a strong and well functioning democracy, we can all have our voices heard and the values of our community represented in Parliament.",NA,"202.1",NA
"Right now, corporate influence in politics is getting in the way of progress on everything, from tackling climate change to housing affordability.",NA,"304",NA
"Instead of delivering a better future for all of us, the Liberal and Labor parties take millions of dollars in donations from big corporations, host secretive fundraising functions, and organise cushy lobbyist jobs for ex-politicians, with no transparency or accountability.",NA,"304",NA
"Big corporations donate for a reason.",NA,"304",NA
"In return for their money, property developers, big banks, gambling corporations and mining giants have received billions of dollars worth of favourable policy decisions from Liberal and Labor governments.",NA,"304",NA
"While the major parties continue to take money from big corporate interests, they will never be completely focused on what is good for our communities.",NA,"304",NA
"Unlike the major parties, the Greens refuse to take donations from corporations trying to buy influence.",NA,"304",NA
"That means we are entirely focused on outcomes that are good for our community, not outcomes that suit big donors.",NA,"304",NA
"We have a plan to return integrity and transparency to the political system and hold politicians and major parties to account.",NA,"202.1",NA
"And we have a plan to properly fund and protect our publicly owned broadcasters, which are critical to the health of our democracy.",NA,"202.1",NA
"OUR PLAN TO CLEAN UP POLITICS:",NA,"H",NA
"Ban political donations from mining, property development, tobacco, alcohol and gambling industries.",NA,"304",NA
"Cap all other donations and make sure every donation over $1000 is disclosed publicly, in real time",NA,"304",NA
"Ban MPs and senior staff from accepting lobbying jobs after they retire and require the publication of the subject of all meetings with lobbyists",NA,"304",NA
"Root out corruption by establishing a federal anti-corruption commission that can undertake investigations of politicians",NA,"304",NA
"Protect the rights of citizens and community groups to speak out",NA,"201.2",NA
"Ensure all of us are represented and able to participate in our democracy",NA,"202.1",NA
"Save the ABC and SBS because public broadcasters acting in the public interest are essential to a functioning democracy",NA,"202.1",NA
"CLEAN UP POLITICS",NA,"H",NA
"Our democracy should work for everyone, not just those who can afford a seat at the table.",NA,"202.1",NA
"Australian politics needs a major shake-up.",NA,"202.1",NA
"For too long, our parliament has played out behind closed mahogany doors, shutting out communities and making decisions about people, without their involvement.",NA,"202.1",NA
"REFORM POLITICAL DONATIONS",NA,"H",NA
"Big corporations make donations to the major parties for a reason: to buy influence in political decisions and policy-making.",NA,"304",NA
"Big mining, tobacco, alcohol, and gambling companies donate millions to political parties – and they get what they pay for.",NA,"304",NA
"The fossil fuel industry is estimated to gain $2,000 in subsidies for every $1 they donate.",NA,"304",NA
"The Greens are the only party that refuses donations from corporations trying to buy influence.",NA,"304",NA
"We will ban political donations from the mining, property development, tobacco, alcohol, and gambling industries to all political parties and candidates.",NA,"304",NA
"We will cap all other donations and make sure every donation over $1 000 is disclosed publicly, in close to real time.",NA,"304",NA
"Our plan will ensure that all politicians are accountable to everyone – not just their big donors.",NA,"202.1",NA
"SHINE A LIGHT ON SHADY LOBBYING",NA,"H",NA
"Professional lobbying can be a shady business.",NA,"304",NA
"The public rarely knows who is meeting with politicians, for what purpose, and what outcomes are gained.",NA,"304",NA
"And too often, politicians and senior staff members find themselves with cushy lobbyist jobs as soon as they leave parliament.",NA,"304",NA
"That doesn’t happen by accident.",NA,"304",NA
"Our plan will require the publication of information about meetings, such as the subject of the lobbying and we will enforce a five year ‘cooling off’ period during which Ministers and their senior staff cannot be engaged in private enterprise that raises a conflict of interest, or particular benefit, from their role and connections.",NA,"304",NA
"ESTABLISH A FEDERAL ANTI-CORRUPTION COMMISSION",NA,"H",NA
"Confidence in politics is incredibly low, and that’s not surprising.",NA,"304",NA
"Scandal after scandal has demonstrated that politicians from the major parties are representing the big end of town and their big donors, rather than the rest of us.",NA,"304",NA
"But we don’t have a robust mechanism federally to ensure separation, or to prosecute politicians when they do the wrong thing.",NA,"304",NA
"State and territory anti-corruption commissions have proven effective at investigating corruption and acting as a warning to potentially corrupt MPs and public servants that they will be caught.",NA,"304",NA
"The Greens will create a Federal Anti-Corruption Commission to investigate corruption and prosecute politicians when they do the wrong thing, and to stop big corporations and the super rich from buying the political outcomes that favour them.",NA,"304",NA
"Their time is up.",NA,"304",NA
"THE BENEFITS OF OUR PLAN:",NA,"H",NA
"Decisions are made to benefit our community, not big donors",NA,"202.1",NA
"Politicians held accountable for the decisions they make",NA,"202.1",NA
"Better transparency and accountability of government",NA,"202.1",NA
"PROTECT OUR DEMOCRACY",NA,"H",NA
"We should all be able to have our say and play a role in shaping our future.",NA,"202.1",NA
"Whether your political involvement includes signing a petition, having a chat with friends or campaigning with a local not-for-profit, your voice should always matter.",NA,"202.1",NA
"Our ability as citizens to speak up for and speak out against government policies is one of the most important aspects of our democracy.",NA,"202.1",NA
"PROTECT THE RIGHTS OF CITIZENS AND COMMUNITY GROUPS TO SPEAK OUT",NA,"H",NA
"The Greens were built on grassroots democracy.",NA,"606.2",NA
"We believe that real progress is achieved when enough people believe it is possible to make a difference and then decide to do something about it.",NA,"606.2",NA
"Instead of addressing the influence of big money from corporations and powerful individuals, the Liberal government instead tried to stop charities, other non-government organisations and civil society more broadly from doing their jobs through new laws and regulations.",NA,"606.1",NA
"The Greens will always defend charities, not-for-profit groups and the public so that they are free to undertake issues-based advocacy that advances critical issues that affect us all - from climate change to the impacts of poverty and the well-being of refugees.",NA,"606.1",NA
"Our plan also ensures government funding can’t be withdrawn from organisations that speak out against government policy.",NA,"202.1",NA
"ENSURE MORE PEOPLE CAN PARTICIPATE IN OUR POLITICAL SYSTEM",NA,"H",NA
"The more people that participate in our political system, the healthier we make our democracy.",NA,"202.4",NA
"That’s why we want to encourage greater public participation in our democracy, by using legislation to ensure that consumer groups and citizens are represented in government decision-making bodies, advisory bodies, and in oversight of community consultation processes.",NA,"202.4",NA
"Thanks to tech developments, there are more ways than ever to get involved in our democracy.",NA,"202.4",NA
"Many local councils have already implemented online budget allocation tools to complement community forums to help work out their budgets.",NA,"202.1",NA
"The Greens will trial a variety of innovations and digital platforms to increase democratic participation, including: Citizen assemblies and juries to complement Parliamentary processes on big decisions",NA,"202.4",NA
"Participatory budget making, where more people have the opportunity to have a meaningful say when governments determine how to invest and raise revenue",NA,"202.4",NA
"Petitions which reach a threshold of support to trigger a real debate in parliament",NA,"202.4",NA
"We will also legislate stronger freedom of information laws to enable greater scrutiny of government processes and decisions.",NA,"202.1",NA
"THE BENEFITS OF OUR PLAN:",NA,"H",NA
"It’s easier for people and organisations to get involved in decision making",NA,"202.1",NA
"Charities can fight for what’s right without fear of funding cuts",NA,"606.1",NA
"Communities can take back our democracy from vested interests",NA,"202.1",NA
"SAVE THE ABC AND SBS",NA,"H",NA
"Democracy requires a strong and diverse public media, but instead of protecting our ABC and SBS, they are under assault from the twin threats of funding cuts and political interference.",NA,"202.1",NA
"Changes to media ownership laws have further undermined the strength of our journalism, allowing power to concentrate in the hands of a few and weakening our democracy in the process.",NA,"202.1",NA
"ENSURING ABC AND SBS FUNDING",NA,"H",NA
"The ABC has been cut by more than 1,000 jobs and more than $300 million since Tony Abbott went to the 2013 election promising no cuts to the ABC.",NA,"201.2",NA
"The Greens will restore every dollar cut from the ABC’s budget by the Abbott-Turnbull-Morrison Government since 2013, and we’ll grow the ABC’s funding year-on-year to account for those years of chronic underfunding.",NA,"201.2",NA
"This represents an investment of $1.2 billion over the decade.",NA,"201.2",NA
"The Greens will make sure that funding for the ABC is done by hard law not handshakes.",NA,"201.2",NA
"We will amend the ABC Act to create a standing appropriation - meaning that funding of the ABC is law, not subject to the whim of the government of the day.",NA,"201.2",NA
"This will help recover the jobs lost",NA,"701",NA
"and restore and protect the news-breaking ability of our nation’s public media across the country.",NA,"201.2",NA
"Meanwhile, SBS is under attack from commercial stations trying to undermine its ability to serve its audience.",NA,"201.2",NA
"The Coalition government has tried to expand the number of advertisements SBS can carry, as a pretext for cutting its funding.",NA,"201.2",NA
"But every advertisement makes it harder for SBS to fulfil its charter obligations.",NA,"201.2",NA
"It compromises the independence of the public broadcaster when it is forced to rely on commercial sponsorship to stay afloat.",NA,"201.2",NA
"We will commit $130 million over the next three years to phase out in-program advertising on the SBS, and reduce program break advertising by 80 per cent.",NA,"201.2",NA
"Public broadcasters shouldn’t rely on private income to keep the lights on.",NA,"201.2",NA
"DEFENDING THE INDEPENDENCE OF THE ABC",NA,"H",NA
"The politicisation of the ABC Board has never been more evident.",NA,"201.2",NA
"We need a clear, non-partisan process for selecting the Board.",NA,"201.2",NA
"Under our plan, we will secure the editorial independence of the ABC in legislation by:",NA,"201.2",NA
"Establishing clear protocols for the nominating panel",NA,"201.2",NA
"Requiring nominees to come before the Senate as well as being referred to the Minister",NA,"201.2",NA
"Granting the Senate the power to recommend the Chair to the Minister",NA,"201.2",NA
"Requiring the Minister to explain the rejection of any nominee recommended by the panel",NA,"201.2",NA
"Introducing an audience-appointed board member, reflecting the role of ABC viewers as the critical stakeholder in our public broadcaster",NA,"201.2",NA
"The new board processes will ensure that the board is independent and filled with the best candidates with relevant skills, experience and expertise.",NA,"201.2",NA
"THE BENEFITS OF OUR PLAN:",NA,"H",NA
"Protect the ABC and SBS and keep them independent",NA,"202.1",NA
"Fully fund our public broadcasters so they are better resourced to deliver news you can trust",NA,"202.1",NA
"Hold the government to account",NA,"202.1",NA
"WORLD-CLASS HEALTH, EDUCATION AND SOCIAL SERVICES",NA,"H",NA
"Ensuring all of us have the basics we need to live a good life.",NA,"504",NA
"We should all have access to high quality, free health care",NA,"504",NA
"and education,",NA,"506",NA
"affordable housing",NA,"504",NA
"and a strong social safety net that looks after us when we are out of work, as we age or if we have a disability.",NA,"504",NA
"But for decades, Liberal and Labor governments have sold us out by giving massive tax handouts and subsidies to their big corporate donors, instead of investing in the public services that we all need.",NA,"504",NA
"It’s about choices and priorities – and time after time, they’ve let us down by cutting services and making us pay more and more for the things that used to be free.",NA,"504",NA
"So while big corporate profits are soaring and 1 in 3 of the largest corporations pay no tax, the rest of us are left paying more or waiting longer to get help.",NA,"503",NA
"No wonder more and more people across our community are stressed and struggling to make ends meet.",NA,"503",NA
"It doesn’t have to be this way.",NA,"504",NA
"The Greens will make big corporations pay their fair share of tax",NA,"403",NA
"and put that money directly into funding public services to ensure everyone has what they need to live a good life.",NA,"504",NA
"THE GREENS HAVE A PLAN TO CREATE WORLD-CLASS PUBLIC SERVICES:",NA,"H",NA
"Introduce Medicare of the future: a truly universal health care system that includes dental and mental health",NA,"504",NA
"Guarantee free or low-cost access to all essential community services such as disability services, childcare, mental health and aged care services",NA,"504",NA
"Increase Newstart and Youth Allowance",NA,"504",NA
"Fully fund public schools and provide free TAFE and Uni",NA,"506",NA
"Guarantee access to aged care services and ensure there is an aged care workforce for the future",NA,"504",NA
"Treat drug use as a health issue, not a criminal issue",NA,"504",NA
"MEDICARE OF THE FUTURE",NA,"H",NA
"High quality, free public health care is a basic service that everyone needs to live a decent life.",NA,"504",NA
"But in the last six years in government, the Coalition has ripped money out of hospitals and Medicare and has done nothing to address looming health crises like obesity, diabetes and heart disease.",NA,"504",NA
"As a result, many Australians are forced to pay enormous out-of-pocket costs for doctors, hospital visits, dental care and mental health services.",NA,"504",NA
"The Greens will fund a truly universal, public health system designed to keep you well and provide the free, quality care you need when you need it, regardless of your postcode or bank balance.",NA,"504",NA
"Under our plan, hospital waitlists will be significantly reduced, and you’ll be able to go to the dentist and use your Medicare card instead of paying huge fees.",NA,"504",NA
"We will keep people healthier, and out of hospitals, by introducing an Independent Preventative Health Commission which delivers evidence-based programs that tackle the rising rates of obesity, diabetes and heart disease by putting prevention at the heart of health care.",NA,"504",NA
"Our plan will ensure your mental health is considered as important as your physical health.",NA,"504",NA
"We will reduce the stigma around mental health and ensure more people get help when they need it.",NA,"504",NA
"We will increase funding to mental health services and train the mental health workforce of the future.",NA,"504",NA
"We could afford all of this, if our government stopped spending $6 billion a year on propping up the private health insurance companies who are making mega-bucks selling us services that don’t cover what we need.",NA,"504",NA
"The Greens would redirect those funds towards the public health system.",NA,"504",NA
"THE BENEFITS OF OUR PLAN:",NA,"H",NA
"See the dentist without huge costs",NA,"504",NA
"Get help with your mental health without delay",NA,"504",NA
"Significantly reduced hospital waiting lists",NA,"504",NA
"You will be healthier for longer",NA,"504",NA
"CARING FOR PEOPLE: A NEW BLUEPRINT FOR SOCIAL SERVICES",NA,"H",NA
"One of the values that defines our Australian community is our willingness to give each other a hand when we need it – whether it’s because someone has lost their job, had a relationship break down, got older or they are living with disability.",NA,"504",NA
"Our contributions via the tax system ensure that this support will be there for each of us if we ever need it.",NA,"504",NA
"But rather than maintaining our strong social safety net, successive Labor and Coalition governments have cut services and frozen payments so they can afford to give big businesses tax breaks and subsidies instead.",NA,"504",NA
"Unlike the major parties, and the Greens will always choose to look after everyone, rather than just the very wealthy few.",NA,"503",NA
"We have a comprehensive plan to repair our social safety net.",NA,"504",NA
"SUPPORT PAYMENTS",NA,"H",NA
"We will immediately raise Newstart and Youth Allowance by $75 per week and bring back Parenting Payment Single to help more than 90,000 single parents.",NA,"504",NA
"We will abolish punitive measures like the cashless welfare card – because we should all be able to access income support with dignity, while being treated with respect.",NA,"504",NA
"SERVICES GUARANTEE",NA,"H",NA
"We will guarantee free or low-cost access to all essential community services such as disability services, childcare, mental health and aged care services.",NA,"504",NA
"Our plan includes establishing a Commonwealth taskforce to map need, identify which areas have unmet needs and to work across all levels of Government to ensure no-one is left behind.",NA,"504",NA
"AGED CARE SERVICES",NA,"H",NA
"The Greens will ensure older Australians have safe, affordable aged care, and are able to choose whether to stay at home or to move to residential care.",NA,"504",NA
"We will also improve quality of care through increased levels of care and improved staffing ratios, and ensure that we have the aged care workforce of the future by improving staffing levels, providing better training and increasing pay.",NA,"504",NA
"DISABILITY SERVICES",NA,"H",NA
"The Greens support a fully funded and adequately staffed NDIS that is transparent, consultative and accountable.",NA,"504",NA
"CHILDCARE",NA,"H",NA
"The Greens will ensure access to early childhood education and childcare services for families that need them.",NA,"504",NA
"We will make childcare free for low-income families, and increase access for everyone else.",NA,"504",NA
"SOCIAL SERVICES WORKERS",NA,"H",NA
"We value the commitment and contribution that people who work in caring and social services bring.",NA,"701",NA
"We recognise the need for wage increases and better conditions as well as the importance of helping grow our caring workforce to meet rapidly increasing demand, particularly in aged care.",NA,"701",NA
"THE BENEFITS OF OUR PLAN:",NA,"H",NA
"People get access to the services they need for a better life",NA,"504",NA
"Easier navigation of the NDIS",NA,"504",NA
"Higher wages for caring jobs",NA,"701",NA
"Better care in-home or in residential care",NA,"504",NA
"More income for single parents and better payment on Newstart and Youth Allowance so that people don’t live in poverty",NA,"504",NA
"WORLD-CLASS PUBLIC EDUCATION",NA,"H",NA
"Everyone has a right to accessible and affordable education, whether you are leaving school, changing careers or looking to gain new skills and knowledge.",NA,"506",NA
"Education enriches all stages of our lives.",NA,"506",NA
"The opportunity to learn unlocks our potential, reduces inequality and allows us to live a good life.",NA,"506",NA
"Guaranteeing universal access to education helps us build a just society and prepare for a brighter future.",NA,"506",NA
"But under the Coalition Government, billions have been cut from school funding.",NA,"506",NA
"Our childcare services are under pressure and our universities and TAFEs are being slowly deregulated and privatised, at the expense of both students and teachers.",NA,"506",NA
"If we don’t improve our investment in public education, just 13% of public schools will have the funding to meet their minimum needs by 2023 while 65% of non-government schools will be overfunded.",NA,"506",NA
"That means 2 million young people will miss out on the education they need.",NA,"506",NA
"And our university and TAFE fees will also continue to rise out of reach of many young people.",NA,"506",NA
"It doesn’t have to be this way.",NA,"506",NA
"The Greens have a plan to ensure everyone, regardless of their bank balance or postcode,",NA,"506",NA
"is able to gain a world-class education and continue learning and upskilling as their life changes.",NA,"506",NA
"FULLY FUNDED PUBLIC SCHOOLS",NA,"H",NA
"We’re making an unprecedented investment in public schools of over $24 billion in the next 10 years.",NA,"506",NA
"Under our plan, by 2023, every public school in Australia will be fully funded to reach the nationally agreed standard and to meet the educational needs of all students.",NA,"506",NA
"We will expand building and infrastructure funding so that the majority of funds go to public schools, remove the artificial cap on federal funding for public education",NA,"506",NA
"and stop the special deals made by major parties with private schools.",NA,"304",NA
"FREE TAFE AND UNI",NA,"H",NA
"Students leaving university or TAFE now face greater pressures than ever before, including high youth unemployment and record high housing and living costs.",NA,"506",NA
"Being saddled with tens of thousands of dollars in student debt that takes decades to repay is unsustainable and unfair.",NA,"506",NA
"Our plan will fund unlimited free TAFE and undergraduate university for everyone,",NA,"506",NA
"increase Youth Allowance by $75 a week,",NA,"504",NA
"and boost uni funding by 10% to better support students, teachers and staff, so no one leaves uni with an enormous debt that will take a decade to pay off.",NA,"506",NA
"THE BENEFITS OF OUR PLAN:",NA,"H",NA
"Public schools have everything they need",NA,"506",NA
"No school is underfunded",NA,"506",NA
"Free TAFE and undergraduate uni",NA,"506",NA
"Better support for students, teachers and staff",NA,"506",NA
"More funding for universities to improve learning and teaching conditions",NA,"506",NA
"Everyone has access to world class education",NA,"506",NA
"REFORM DRUG LAWS TO REDUCE HARM AND SAVE LIVES",NA,"H",NA
"The current approach to reducing the harm that illicit drugs cause in our community is not working.",NA,"605.2",NA
"And right now, many of the things we are doing to address this issue are making it worse rather than better.",NA,"605.2",NA
"It’s high time for a complete re-think.",NA,"605.2",NA
"By investing in harm reduction, we create better health outcomes for drug users and for our communities as a whole.",NA,"605.2",NA
"For more than half a century, governments have aggressively pursued the disastrous “war on drugs” policy that criminalises a health problem and has only succeeded in making things worse.",NA,"605.2",NA
"The major parties’ “tough on drugs” policies are causing enormous harm, ruining lives and killing young people.",NA,"605.2",NA
"The Greens see drug use as a health issue, not a criminal issue.",NA,"605.2",NA
"That’s why our drug reform policy is based on the need to change our dysfunctional law and order approach and move towards a harm minimisation model.",NA,"605.2",NA
"Under our plan to change Australia’s drug laws for the better, we would legalise cannabis for adult use within a tightly regulated market",NA,"605.2",NA
"and make pill testing accessible at music festivals and in local communities.",NA,"605.1",NA
"To ensure vulnerable Australians are able to better access support, our plan will also double the amount of funding to alcohol and drug treatment services, expand safe injecting facilities to more locations and fully fund lifesaving opioid substitution therapy.",NA,"605.2",NA
"THE BENEFITS OF OUR PLAN:",NA,"H",NA
"Help when you need it",NA,"605.1",NA
"Pills tested to save lives",NA,"605.1",NA
"Grow your own cannabis for personal use",NA,"605.2",NA
"No criminal records for minor possession of cannabis",NA,"605.2",NA
"Bust the business model of cannabis drug dealers",NA,"605.1",NA
"Boost the economy by taxing and regulating cannabis",NA,"403",NA
"PUBLIC OWNERSHIP, NOT PRIVATISATION",NA,"H",NA
"Ensuring everyone has affordable access to the services they need: energy, banking and the internet.",NA,"411",NA
"Privatisation has failed us.",NA,"413",NA
"It’s led to huge profits for big corporations but less reliable services and increased costs for the rest of us.",NA,"413",NA
"In the last decade alone, the Labor and Liberal parties have taken millions of dollars from the big banks, energy and telecommunications companies.",NA,"304",NA
"These companies have stitched up the policy platforms of the major parties because they demand a return on their investment, and they usually get it.",NA,"304",NA
"Political donations have corrupted our democracy.",NA,"304",NA
"The Greens believe electricity, banking and the internet should be run as essential services, putting public good before corporate profit.",NA,"411",NA
"Unlike the major parties, the Greens refuse to take donations from big corporations who seek to influence us.",NA,"304",NA
"That means we are entirely focused on outcomes that are good for our community, not outcomes that suit donors and vested interests.",NA,"304",NA
"We can’t be bought and we won’t sell you out.",NA,"304",NA
"We are the party of public ownership.",NA,"413",NA
"We will create publicly owned energy and banking providers and stop Labor and Liberal governments from further privatising our essential services, including the electricity grid and the NBN.",NA,"413",NA
"Our plan will ensure everyone has access to the services they need,",NA,"411",NA
"stop you getting ripped off by big corporations,",NA,"403",NA
"immediately reduce your bills,",NA,"403",NA
"make services more reliable",NA,"411",NA
"and kick off a rapid, planned transition to renewable energy to tackle climate change.",NA,"501",NA
"OUR PLAN FOR PUBLICLY OWNED ELECTRICITY, BANKING AND THE INTERNET:",NA,"H",NA
"Create a not-for-profit energy retailer to kick off the transition to renewable energy",NA,"416.2",NA
"Cap power prices and buy back essential electricity infrastructure",NA,"412",NA
"Create a not-for-profit bank to end the rorts and bring down prices",NA,"412",NA
"Break up the big banks and cap executive pay",NA,"403",NA
"Oppose the sell-off of the NBN and upgrade it to the best technology for fast and reliable services",NA,"411",NA
"RETURN ELECTRICITY TO PUBLIC OWNERSHIP",NA,"H",NA
"If you’ve experienced a blackout, you know how essential electricity is.",NA,"411",NA
"It fuels our communications, our homes and our businesses, our schools, universities, hospitals and nursing homes.",NA,"411",NA
"The Greens believe electricity should be run as an essential service, putting public good before profit.",NA,"413",NA
"But both Liberal and Labor governments have sold off the grid to private companies.",NA,"413",NA
"And ever since, those companies have invested in sales managers and marketing gurus instead of efficiencies and renewables,",NA,"416.2",NA
"and as a result we’re paying more than twice what we were paying a decade ago.",NA,"403",NA
"Privatisation has failed to deliver cheaper electricity.",NA,"413",NA
"The price of energy in deregulated states is higher than in regulated ones.",NA,"403",NA
"Privatisation has also been a barrier to the investment that is needed to shift our electricity system to clean energy.",NA,"413",NA
"Right now, big power companies make monster profits while more and more of us are getting disconnected because we can’t pay our power bills.",NA,"413",NA
"It’s time we took back control of the grid.",NA,"413",NA
"POWER AUSTRALIA: A PUBLICLY OWNED NOT FOR PROFIT ENERGY PROVIDER",NA,"H",NA
"The Greens will establish a new, publicly owned competitor to the private power companies, dedicated to driving down your costs instead of driving up its profits.",NA,"403",NA
"Under the Greens plan, you will be able to buy renewable energy from a government provider, Power Australia, which supplies your household electricity to you without the unnecessary profit mark-ups.",NA,"413",NA
"Under our plan, energy bills will be reduced by an estimated $200 a year for an average customer, we’ll increase competition in the existing retail market and end the profit-at-all-costs business model.",NA,"403",NA
"By purchasing energy only from renewable sources, this model will fast-track investment in renewable technology,",NA,"416.2",NA
"create more public sector jobs",NA,"701",NA
"and help tackle climate change.",NA,"501",NA
"All Australians will have guaranteed access to cheap, clean and reliable electricity.",NA,"411",NA
"Our plan would also force the government to regulate the price that corporations can charge you for energy.",NA,"403",NA
"That means a better deal for all customers.",NA,"403",NA
"BUY BACK ESSENTIAL ELECTRICITY INFRASTRUCTURE",NA,"H",NA
"If we want an electricity grid that can underpin the rapid transition to renewable energy",NA,"416.2",NA
"and keep prices down we must return the grid to public hands.",NA,"412",NA
"But a publicly owned energy retailer can’t ensure the lowest cost if it’s forced to pay private companies for wholesale electricity generated over state borders.",NA,"413",NA
"That’s why the Greens will establish a Grid Transformation Fund - to restore public ownership to those critical interconnectors between states.",NA,"413",NA
"We can’t have a national electricity market without them.",NA,"413",NA
"And under our plan, they won’t be there to turn a profit - they’ll be there to support a nation.",NA,"413",NA
"THE BENEFITS OF OUR PLAN:",NA,"H",NA
"Make electricity cheaper",NA,"413",NA
"Drive investment in renewables to tackle climate change",NA,"501",NA
"Make sure you don’t get ripped off",NA,"413",NA
"BANKING FOR PEOPLE, NOT FOR PROFIT",NA,"H",NA
"Banking is an essential service and people should be able to access it at a fair price.",NA,"412",NA
"Unfortunately, as the Royal Commission has proven, Australia’s banking system is a rort.",NA,"412",NA
"Three decades of deregulation and privatisation has allowed the big four banks to write the rules to suit themselves (and their executives to rake in exorbitant salaries), while they gouge super profits out of the rest of us.",NA,"413",NA
"This has to stop.",NA,"413",NA
"The Government needs to step in.",NA,"413",NA
"But, while both the Liberal and Labor parties take huge donations from the big banks, they will only ever tinker around the edges.",NA,"413",NA
"Under our comprehensive plan to bring banking back to basics, we will reform the system so that it operates in the best interests of people and protects us from being ripped off.",NA,"403",NA
"A PEOPLE’S BANK",NA,"H",NA
"We will establish a People’s Bank to provide basic banking at cost price.",NA,"412",NA
"The Greens will use the Reserve Bank of Australia (RBA) to establish a People’s Bank to provide basic low-risk banking services to the public.",NA,"412",NA
"At the People’s Bank, everyday Australians would be able to establish accounts directly with the RBA for day-to-day banking facilities.",NA,"412",NA
"Customer service would be provided online, by telephone, or face-to-face through Australia Post and other partners.",NA,"412",NA
"Everyday banking for public good, not profit margins.",NA,"413",NA
"Imagine a bank whose real goal was to serve its customers, not line its shareholders’ pockets.",NA,"413",NA
"We would also overhaul the management of banks and cap executive pay,",NA,"412",NA
"level the playing field for smaller banks",NA,"403",NA
"and break-up the banks so that an institution is either a bank, superannuation fund, insurance company, or a provider of other financial products.",NA,"403",NA
"Under our plan, big banks can no longer rip people off by cross-selling their own products.",NA,"403",NA
"THE BENEFITS OF OUR PLAN:",NA,"H",NA
"Provide a cheaper alternative to the big banks",NA,"403",NA
"Disrupt the big bank oligopoly",NA,"403",NA
"Ensure you don’t get ripped off",NA,"403",NA
"Deliver banking as an essential service",NA,"413",NA
"21ST CENTURY INTERNET CONNECTION",NA,"H",NA
"Affordable, quality telecommunications are fundamental to the future of our jobs, education, essential services, and way of life.",NA,"411",NA
"The National Broadband Network (NBN) belongs to all of us, but only because the Greens secured safeguards making it as difficult as possible for future governments to privatise the NBN.",NA,"413",NA
"Greens in the Senate have ensured that any move to sell it off is subject to a full public inquiry and vote in parliament.",NA,"413",NA
"We are committed to retaining the NBN infrastructure as a public asset and will ensure it remains in public hands as Australia’s sole universal-access, wholesale service provider.",NA,"413",NA
"UPGRADE THE NBN",NA,"H",NA
"It isn’t enough to keep the NBN as it is.",NA,"411",NA
"The Abbott-Turnbull ‘multi-technology mix’ disaster has left many Australians without affordable or reliable services.",NA,"411",NA
"The Greens are committed to a forward-looking NBN that uses Fibre to the Premises, Fibre to the Curb, and 5G Fixed Wireless to prepare us for the future and bring us in line with the capabilities of other countries.",NA,"411",NA
"Under our plan, the NBN will be finished using the best long-term technology solutions and make it available to all Australians.",NA,"411",NA
"THE BENEFITS OF OUR PLAN:",NA,"H",NA
"Stop any move to sell-off the NBN",NA,"413",NA
"Upgrade the NBN to increase internet speed",NA,"411",NA
"Ensure you’re connected, wherever you are",NA,"411",NA
"Prioritise the NBN as critical infrastructure",NA,"411",NA
"PROTECTING OUR ENVIRONMENT",NA,"H",NA
"Creating a future where our environment, our wildlife and future generations thrive.",NA,"501",NA
"We are fortunate to live in one of the most diverse and beautiful places in the world.",NA,"601.1",NA
"But it’s under threat like never before.",NA,"501",NA
"Our Great Barrier Reef is dying and our farmers are suffering through intense drought as a result of climate change caused by the mining, burning and exporting of coal and gas.",NA,"501",NA
"For decades, Liberal and Labor governments have let corporations get away with trashing our planet for their own private profit.",NA,"304",NA
"Both parties have stood by while their big donors have dug up our environment, destroyed our climate and sold off our green spaces, with little accountability.",NA,"501",NA
"They’re polluting the places we live – our farmland, our rivers and our oceans – and destroying the places we love.",NA,"501",NA
"Hundreds of native Australian species have been pushed to the brink of extinction, while recovery plans for their survival gather dust.",NA,"501",NA
"The Greens recognise that good economic management means taking care of our planet.",NA,"416.2",NA
"Our future will only be a prosperous one if we build our economy in line with the principles of long-term sustainability and science, rather than short-term self-interest and political point-scoring.",NA,"416.2",NA
"We will phase out support for industries that destroy our environment and support industries that protect our environment, creating the clean, green jobs and industries of the future.",NA,"416.2",NA
"The Labor and Liberal parties have taken millions from the big polluters in recent years, including $13 million from energy and resources companies since 2012.",NA,"304",NA
"Unlike the major parties, the Greens refuse to take donations from these corporations who are buying policy influence.",NA,"304",NA
"That means we are entirely focused on outcomes that are good for our community, not outcomes that suit big corporate donors.",NA,"304",NA
"We can’t be bought and we won’t sell you,",NA,"304",NA
"or our environment, out.",NA,"501",NA
"OUR PLAN TO PROTECT OUR ENVIRONMENT:",NA,"H",NA
"Overhaul our environmental laws",NA,"501",NA
"Tackle the waste crisis to make Australia a global leader in reusing and recycling products",NA,"501",NA
"Look after our oceans, forests, rivers and reefs by introducing a network of marine parks, ending deforestation, saving the Great Barrier Reef, protecting the Murray-Darling basin and stopping oil and gas exploration in the Great Australian Bight",NA,"501",NA
"Halt the animal extinction crisis by properly funding recovery plans for all threatened species and creating thousands of jobs to look after our environment",NA,"501",NA
"Ban all new coal seam gas and fracking projects across Australia, including expansions to existing projects",NA,"501",NA
"Protect animals from cruelty",NA,"501",NA
"OVERHAUL OUR ENVIRONMENTAL LAWS",NA,"H",NA
"We should all be able to enjoy the places we love in nature without them being threatened by big polluters and corporations who want to trash our environment for their own profit.",NA,"501",NA
"The Australian government has the power, authority and resources to look after Australia’s natural heritage and better protect our wild places and threatened species.",NA,"501",NA
"But we need to end the influence that corporations have over our parliament to make this happen.",NA,"304",NA
"The major parties have let big corporates dictate their environment policies and destroy our environment.",NA,"501",NA
"Environmental funding has been slashed, while Liberal and Labor government efforts to demonstrate their ‘enviro-creds’ are nothing more than tinkering around the edges.",NA,"501",NA
"Our planet needs a comprehensive plan rather than stop-gap measures at election time.",NA,"501",NA
"BETTER LAWS",NA,"H",NA
"To better protect our shared natural resources, our wild places and our threatened species, we have a plan to rewrite the outdated Howard-era federal environmental laws.",NA,"501",NA
"BETTER PROTECTION",NA,"H",NA
"Under our plan, a new generation of environmental laws will be introduced and overseen by a federal regulatory body with expanded responsibility and with real power to enforce the law.",NA,"501",NA
"Crucially, this national Environment Protection Agency will operate at arm’s length from politicians and lobbyists.",NA,"501",NA
"Unlike the major parties, the Greens are committed to preserving, protecting and restoring nature.",NA,"501",NA
"We are your voice inside parliament for the prevention of human-caused extinction of animals, plants and ecosystems, and will always hold governments to account when it comes to environmental regulation.",NA,"501",NA
"THE BENEFITS OF OUR PLAN:",NA,"H",NA
"Environmental protection laws that actually work",NA,"501",NA
"Independent advice, free from political or corporate influence",NA,"501",NA
"Expanded regulatory responsibility to include regulation of land clearing, invasive species, air pollution and more",NA,"501",NA
"Increased community access to justice",NA,"501",NA
"WIN THE WAR ON WASTE",NA,"H",NA
"As Australians, we pride ourselves on being good recyclers and doing our bit.",NA,"601.1",NA
"But we are being let down by corporations and governments who send our recycling overseas or to landfill instead of repurposing it.",NA,"501",NA
"Rather than relying on other countries to deal with our waste, we have an opportunity to build a recycling system that creates Australian jobs,",NA,"416.2",NA
"establishes new industries,",NA,"410",NA
"makes the best use of our recycled goods and helps us live more sustainably.",NA,"416.2",NA
"Our recycling industry is in the midst of a major crisis.",NA,"416.2",NA
"With the Liberal and Labor parties asleep at the wheel, tonnes and tonnes of low-quality recycling has been stockpiled and dumped into landfill.",NA,"501",NA
"Much of this waste finds its way into our water, where it pollutes our beaches and destroys the health of everything that lives in our rivers and oceans.",NA,"501",NA
"TACKLING WASTE",NA,"H",NA
"Unlike the Labor and Liberal parties, whose inaction has caused the waste crisis, the Greens have a comprehensive plan to create less waste, fix recycling and build a circular economy.",NA,"416.2",NA
"This includes the establishment of a national container deposit scheme, to ensure a consistent nationwide approach, and to provide greater incentives for manufacturers to make recyclable products.",NA,"416.2",NA
"ENDING THE RECYCLING CRISIS",NA,"H",NA
"Under our plan, we would also introduce stewardship schemes for problematic waste items, like mobile phones, tyres and mattresses, and phase out single-use plastics for take-away food, including straws, containers, lids and other plastic packaging.",NA,"416.2",NA
"Our plan will also invest in waste avoidance and resource recovery initiatives, to encourage greater recycling uptake, and in research to clean up our oceans and to develop new uses for recovered plastic.",NA,"416.2",NA
"THE BENEFITS OF OUR PLAN:",NA,"H",NA
"A consistent national approach to recycling",NA,"416.2",NA
"An incentive for people to recycle",NA,"416.2",NA
"Manufacturers are encouraged to make recyclable products",NA,"416.2",NA
"A solution for problematic waste streams, like e-waste, tyres and mattresses",NA,"416.2",NA
"PROTECT THE PLACES WE LOVE",NA,"H",NA
"We can protect the places we live, and save the places we love, if we listen to the advice of experts and get big corporate interests, like mining and energy companies, out of politics.",NA,"501",NA
"Under the watch of negligent Labor and Liberal governments, Australia has become a deforestation world leader, our Great Barrier Reef has been dredged and bleached within an inch of its life, and the Murray-Darling basin is being run dry by big corporate irrigators.",NA,"501",NA
"Our environment is under threat like never before, yet the major parties are just standing by and letting their big corporate donors get away with trashing it.",NA,"501",NA
"It doesn’t have to be this way.",NA,"501",NA
"The Greens have an extensive plan to protect our environment.",NA,"501",NA
"Under our plan, a network of marine parks will be introduced based upon on scientific recommendations,",NA,"411",NA
"Japanese whalers will be pursued for illegal hunting, and there will be no further oil and gas exploration in the Great Australian Bight.",NA,"501",NA
"The Greens will prevent the destruction of our precious forests by completing the transition to 100% plantation-sourced timber and fibre.",NA,"501",NA
"We will decrease the pressure on the Great Barrier Reef by stopping the Adani mine and investing $2 billion to improve its water quality.",NA,"501",NA
"And we will stand up to corruption in the Murray Darling basin to stop water theft and return more water to the river.",NA,"501",NA
"THE BENEFITS OF OUR PLAN:",NA,"H",NA
"Healthier oceans",NA,"501",NA
"Better forest protection",NA,"501",NA
"No Adani coal mine and a safer Great Barrier Reef",NA,"501",NA
"Less water for corporate irrigators; more water in the Murray Darling",NA,"501",NA
"NO FRACKING WAY",NA,"H",NA
"By investing in renewable technology we can harness all the energy we need to live a good life without drilling into the ground and risking our water supplies.",NA,"416.2",NA
"Using the sun and wind we can power our country,",NA,"416.2",NA
"while protecting our agricultural land, farmers and communities for years to come.",NA,"703.1",NA
"Fracking and coal seam gas (CSG) pose a serious threat to our climate, groundwater, agricultural land and community.",NA,"703.1",NA
"These practices are fundamentally incompatible with farming.",NA,"703.1",NA
"Drilling for gas has the potential to contaminate and lower the water table, while extracting coal seam gas, shale and tight gas requires dangerous and risky fracking.",NA,"703.1",NA
"Despite damning evidence against these practices, there has been rapid expansion of the CSG and fracking industry across Queensland and New South Wales",NA,"703.1",NA
"thanks to the industry’s cosy relationship with Labor and Liberal governments.",NA,"304",NA
"And to make matters worse, if the Northern Territory is opened up for fracking then Australia’s greenhouse gas emissions will rise by 6%.",NA,"501",NA
"Unlike the major parties, we will always fight for outcomes which are in the best interest of the community, not for political donors or big business mates.",NA,"501",NA
"The Greens are committed to defending farmers and our environment against the big gas companies by banning all new CSG and fracking projects across Australia, including expansions to existing projects.",NA,"703.1",NA
"Under our plan, we will extend the ‘water trigger’ in our national environmental protection laws to cover all forms of gas extraction and protect farmers and their water sources.",NA,"703.1",NA
"And we will make gas companies clean up after themselves by requiring sufficient funds to be set aside for rehabilitation once existing projects end.",NA,"703.1",NA
"We’ll work with unions and industry to ensure a just transition for workers, including retraining for the industries of the future.",NA,"701",NA
"THE BENEFITS OF OUR PLAN:",NA,"H",NA
"Fracking is banned",NA,"501",NA
"No new unconventional gas approvals or expansions on existing projects",NA,"501",NA
"Landholders, including First Nations peoples, have the right to say no to gas mining on their land",NA,"703.1",NA
"‘Water trigger’ extension will protect water sources",NA,"703.1",NA
"Gas companies will be made to clean up their own mess",NA,"501",NA
"PROTECTING ANIMALS",NA,"H",NA
"The Greens believe in a world where all animals are treated with compassion and we are committed to ending animal cruelty.",NA,"501",NA
"The way we treat animals reflects how we treat all life.",NA,"501",NA
"We have a duty of care to minimise physical and psychological suffering of animals resulting from human activity.",NA,"501",NA
"That’s why it is unacceptable that every day, animals across the country are made to suffer in order to maximise corporate profit in gambling, entertainment, cosmetics and agriculture.",NA,"501",NA
"We are committed to fighting for better animal welfare laws and for an end to harmful practices in order to protect animals from cruelty and suffering.",NA,"501",NA
"Our priorities at this election include ending live export of animals for slaughter overseas, banning the manufacture, sale and importation of animal-tested cosmetics, ending intensive factory farming across Australia, working at a state level to ban greyhound racing and banning the export of racing greyhounds.",NA,"501",NA
"The Greens will work with industry, farming and union stakeholders to include appropriate industry adjustment measures to ensure a best practice transition.",NA,"501",NA
"THE BENEFITS OF OUR PLAN:",NA,"H",NA
"An end to the live export industry and a smooth transition to local processing of boxed and chilled meat for export",NA,"501",NA
"A ban on animal-tested cosmetics and cosmetics ingredients",NA,"501",NA
"No cage egg production, sow stalls or other cruel industrial animal farming practices",NA,"501",NA
"No greyhound racing and no exporting of racing greyhounds",NA,"501",NA
"A HOME FOR ALL",NA,"H",NA
"In a wealthy country like Australia, no one should be without a home.",NA,"403",NA
"Housing is a basic necessity, like healthcare and education.",NA,"403",NA
"Unfortunately, for years Liberal and Labor governments have treated housing like a commodity and created a system that works best for their big corporate donors.",NA,"304",NA
"So while the rich get richer, it’s become really hard for young people to buy their first home, rents are skyrocketing and more people, of all ages, are struggling to find an affordable, secure home.",NA,"503",NA
"So while the rich get richer, it’s become really hard for young people to buy their first home, rents are skyrocketing and more people, of all ages, are struggling to find an affordable, secure home.",NA,"503",NA
"The Labor and Liberal parties have taken over $75 million from the big banks and the finance and property industry since 2012.",NA,"304",NA
"Unlike the major parties, the Greens refuse to take donations from corporations who seek to buy influence.",NA,"304",NA
"That means we are entirely focused on outcomes that are good for our community, not outcomes that suit corporate donors.",NA,"304",NA
"We can’t be bought and we won’t sell you out.",NA,"304",NA
"We’ll invest in a vibrant social and community housing sector, give renters the dignity of an affordable and stable home and we’ll make it easier for you to buy your first home than for an investor to buy their fifth.",NA,"403",NA
"The Greens will ensure we have a housing system that puts people’s needs before property developer greed.",NA,"403",NA
"OUR PLAN TO MAKE SURE EVERYONE HAS AN AFFORDABLE HOME:",NA,"H",NA
"Build 500,000 rent-controlled and well-designed public and community homes",NA,"403",NA
"Give renters real rights including long term leases, a home for your pet, and no more unfair rent increases",NA,"403",NA
"Provide $30 million for tenancy advocacy services, to help renters defend their rights",NA,"403",NA
"Support first home buyers by phasing out unfair tax rules, including reforming negative gearing and the capital gains tax discount",NA,"403",NA
"Increase funding for temporary accommodation services so that no one has to sleep on the streets",NA,"504",NA
"BUILD AFFORDABLE PUBLIC AND COMMUNITY HOMES",NA,"H",NA
"We believe housing should be a universal right.",NA,"504",NA
"Just like Medicare and our public school system, everyone should be able to apply for public and community housing if they need it.",NA,"504",NA
"More than a million households in Australia pay more for housing than they can afford because the Liberal and Labor parties are happy to let the housing market remain a plaything for wealthy investors and property developers.",NA,"504",NA
"While the major parties tinker around the edges, we have",NA,"305.1",NA
"a comprehensive plan to solve the housing crisis and ensure everyone has a home.",NA,"504",NA
"Our plan will establish a Federal Housing Trust that issues loans for states, territories and community housing providers to build new affordable homes over the next fifteen years.",NA,"504",NA
"This plan will transform Australia’s housing system, by providing affordable rents based upon household income, secure long-term leases, and environmental, mobility and accessibility friendly home design.",NA,"504",NA
"The Greens’ vision of a Federal Housing Trust will provide people with a home for life.",NA,"504",NA
"It’s been done successfully in many other countries, including Denmark, Sweden and The Netherlands, and it can be done here as well.",NA,"601.1",NA
"We’ll pay for this by winding back the unfair Capital Gains Tax handout and phasing out negative gearing over five years.",NA,"504",NA
"THE BENEFITS OF OUR PLAN:",NA,"H",NA
"More affordable homes in every city",NA,"504",NA
"Everyone can apply",NA,"503",NA
"Cheaper rent",NA,"412",NA
"An end to homelessness",NA,"504",NA
"BETTER RIGHTS FOR PEOPLE WHO RENT",NA,"H",NA
"Owning your own home should not be the only way to guarantee a roof over your head.",NA,"504",NA
"The Greens believe that every renter deserves the dignity of an affordable, liveable and secure home for the long-term.",NA,"504",NA
"One in three Australians are renters, yet we have one of the most expensive and unregulated rental markets in the world.",NA,"403",NA
"We have no national rental standard for renters’ protection, and years of mismanagement from Liberal and Labor governments have left many of us facing application discrimination, unfair rent increases, ‘no grounds’ evictions, poor living conditions and short-term leases.",NA,"403",NA
"Our plan will establish a national standard for residential tenancy agreements.",NA,"504",NA
"It will create tenancy laws for long-term leases, ensure minimum standards for energy and security, protect tenants against eviction, unfair rent rises, discrimination and landlords who refuse to maintain properties.",NA,"504",NA
"And under our plan, we’ll prohibit blanket ‘no pets’ clauses so your fluffy best friend is guaranteed a home with you.",NA,"501",NA
"The Greens will commit $30 million to properly fund tenancy advocacy services, to provide free and independent information, advice and advocacy to people who rent.",NA,"504",NA
"We’ll pay for this by winding back the unfair Capital Gains Tax handout and phasing out negative gearing over five years.",NA,"504",NA
"THE BENEFITS OF OUR PLAN:",NA,"H",NA
"Let you live with your pet",NA,"501",NA
"No more unfair rent increases",NA,"403",NA
"Hang a picture and make minor changes without unfair consequences",NA,"201.1",NA
"Longer leases for better security",NA,"504",NA
"You can’t get kicked out of your home without justification",NA,"504",NA
"ABOLISH UNFAIR TAX RULES",NA,"H",NA
"Right now, wealthier people are claiming tax deductions on their second, third or fourth house while young people, young families and those on lower incomes may never own a home.",NA,"503",NA
"The Greens have a plan to ease the market lock-out for first home buyers by ending the tax breaks that make it easier to buy your fifth home than your first.",NA,"503",NA
"Decades of Labor and Liberal tax policies have rigged the housing market in favour of their big donors: property investors who can afford to play the housing market and big banks who profit from mountains of mortgage debt.",NA,"403",NA
"By reforming our tax system, we can build a fairer housing system where an affordable home is a reality for everyone.",NA,"503",NA
"The Capital Gains Tax (CGT) discount is an unfair tax break that has encouraged wealthy investors to gamble on future price rises and has done very little to encourage the building of affordable homes.",NA,"403",NA
"Negative gearing has encouraged speculation by wealthy homeowners into the housing market, and stamp duty is an inefficient tax that raises the upfront cost of homes.",NA,"403",NA
"By backing these policies for decades, the major parties have made it easier for investors to buy their fifth property than for a young person to buy their first.",NA,"503",NA
"We will dismantle the rigged tax system by winding back the CGT discount and phasing out negative gearing over five years, prohibiting negative gearing on all future investment properties.",NA,"403",NA
"Phasing out the Capital Gains Tax discount and reforming negative gearing will raise $5.8 billion.",NA,"403",NA
"Under our plan, this money will be redirected to fund affordable housing, protect renters rights and support crisis services.",NA,"504",NA
"THE BENEFITS OF OUR PLAN:",NA,"H",NA
"Easier to buy your first home",NA,"504",NA
"No unfair advantages for investors",NA,"403",NA
"More affordable homes",NA,"504",NA
"Fewer investors to compete with",NA,"403",NA
"FUND CRISIS HOUSING SERVICES",NA,"H",NA
"We all deserve a comfortable and secure place to call home.",NA,"504",NA
"Without this security, it is hard to go to work, raise a family, be healthy, or be part of a local community.",NA,"504",NA
"Around 300,000 people seek assistance for homelessness every year, including thousands of people fleeing domestic violence.",NA,"504",NA
"Rather than ensuring that everyone has a place to live, the Government has sought to criminalise and vilify people who are experiencing homelessness.",NA,"504",NA
"Our approach will be one based upon compassion and care for people doing it tough.",NA,"504",NA
"In addition to tackling the housing crisis by building new community and public homes, the Greens will commit $500 million per year to crisis services, which represents a significant increase in funding.",NA,"504",NA
"This extra funding will be guaranteed for ten years to provide certainty and security.",NA,"504",NA
"We’ll pay for this by winding back the unfair Capital Gains Tax handout and phasing out negative gearing over five years.",NA,"504",NA
"Our plan is to make secure housing the start of the solution, rather than the result of it.",NA,"504",NA
"This is what’s worked in Finland, where the same approach has led to homelessness falling by 35% and the need for crisis services dramatically reducing.",NA,"504",NA
"THE BENEFITS OF OUR PLAN:",NA,"H",NA
"No one left without a roof over their head",NA,"504",NA
"More funding to help more people",NA,"504",NA
"Ten year funding guarantee provides security for support workers",NA,"701",NA
"More compassion, less stigma",NA,"504",NA
"Support for all people, no matter who you are, including people fleeing domestic violence, young LGBTIQ+ people kicked out of home, people experiencing relationship breakdown and older Australians struggling to find work",NA,"503",NA
"JOBS AND TRAINING FOR THE FUTURE",NA,"H",NA
"Planning for the future of work and protecting people as our industries change.",NA,"701",NA
"All of us should have access to meaningful, secure work so we don’t struggle to make ends meet and we have the freedom to do more of the things we love.",NA,"701",NA
"And while most of us have to work to live, we should never be living just to work.",NA,"701",NA
"Employment in Australia is changing rapidly.",NA,"701",NA
"Some of us are stuck working too many hours, while many of us can’t find enough work.",NA,"701",NA
"Jobs are less secure, wages are flatlining",NA,"701",NA
"and small businesses are getting squeezed by big business and their mates in the government.",NA,"403",NA
"We live in a wealthy country where advances in technology could be making everyone’s lives better, but instead, economic inequality is the highest it has been for 70 years in Australia.",NA,"503",NA
"We know an increase in automated technology will have a huge impact on many industries and we need to start planning for it now",NA,"411",NA
"creating the jobs of the future,",NA,"701",NA
"so no one is left behind.",NA,"503",NA
"But the major parties are doing the bidding of their big corporate donors instead of planning for the rest of us.",NA,"304",NA
"The Labor and the Liberal parties have taken over $100 million from big corporates since 2012, and both major parties have sided with those corporations to cut award conditions,",NA,"304",NA
"keep wages down,",NA,"412",NA
"restrict our ability to protect our rights at work",NA,"701",NA
"and ignore small business.",NA,"403",NA
"The Greens have a plan to educate, up-skill and protect people as our industries change.",NA,"701",NA
"We will protect workers’ rights,",NA,"701",NA
"support small business and the industries of the future,",NA,"403",NA
"create jobs,",NA,"701",NA
"close the gender pay gap",NA,"503",NA
"and plan for the future of work.",NA,"701",NA
"OUR PLAN FOR THE FUTURE OF WORK:",NA,"H",NA
"Increase wages and protect workers’ rights by rewriting our workplace laws",NA,"701",NA
"A Future of Work Commission to plan for the future",NA,"411",NA
"Invest in science, research and innovation",NA,"411",NA
"Close the gender wage gap and better support working parents",NA,"503",NA
"Grow the creative economy and support the contribution art and artists make to our society",NA,"502",NA
"FIGHTING FOR YOUR RIGHTS AT WORK",NA,"H",NA
"For many people, work is insecure, unfulfilling and low paid.",NA,"701",NA
"Despite decades of uninterrupted economic growth, the changing nature of work means life is harder than it used to be for many of us.",NA,"701",NA
"So even though people are working hard, wages are flatlining and too many people – especially young people – aren’t getting the hours of work they need to live a decent life.",NA,"701",NA
"Job insecurity is on the rise and people are in record levels of personal debt because of unaffordable housing and the rising cost of living.",NA,"701",NA
"And yet, one in four people living in poverty are also working full-time.",NA,"701",NA
"The system is rigged.",NA,"701",NA
"Under Labor and Liberal governments, labour laws were rewritten to restrict people’s rights to organise, cutting away at awards and repressing wages growth.",NA,"701",NA
"The minimum wage has fallen to the point where even working full-time is no longer a guarantee of security.",NA,"701",NA
"Our Fair Work Act now breaches international law.",NA,"701",NA
"Giant corporations are wrecking our planet and making record profits while employers use labour laws to cut wages, conditions and workplace rights.",NA,"701",NA
"REJECT THE TPP",NA,"H",NA
"The Labor and Liberal parties even joined together to sell out Australian workers by supporting the Trans-Pacific Partnership (TPP)– one of the most shocking trade agreements in a generation.",NA,"406",NA
"The only winners out of the TPP are the giant corporations looking to exploit workers for their own super-profit.",NA,"406",NA
"The Greens voted against the TPP and will always vote against unfair trade deals that undercut labour laws.",NA,"406",NA
"CHANGE THE RULES",NA,"H",NA
"Right now, something has to give.",NA,"701",NA
"Our industrial relations laws are broken.",NA,"701",NA
"The Greens are the only party that has formally endorsed the #ChangeTheRules campaign.",NA,"701",NA
"The Greens stand for: Labour laws that reduce inequality, including increasing the minimum wage to a living wage, stronger awards, ending employers’ ability to terminate agreements during bargaining, restoration of penalty rates and paid family and domestic violence leave",NA,"503",NA
"Equal pay for equal work, including equal pay for gig economy and",NA,"503",NA
"labour hire workers, ending the gender pay gap, tackling wage theft, abolishing work for the dole, and stopping contracting out of minimum conditions",NA,"701",NA
"Tackling job insecurity and giving workers more control, including restricting casualisation and contracting out, and the right to work fewer hours if you want",NA,"701",NA
"The right to engage in industrial action, including abolishing the ABCC and Registered Trade Organisation Commission, restoring the right to strike, bargaining at whatever level workers consider appropriate, not just within an enterprise",NA,"701",NA
"Creating jobs and tackling unemployment, including large-scale government investment in services, infrastructure and industry support, and returning essential services to public ownership",NA,"701",NA
"No more unfair trade deals that undercut labour laws",NA,"701",NA
"PREPARING FOR THE FUTURE OF WORK",NA,"H",NA
"Work is changing all around us.",NA,"411",NA
"From temporary or freelance work through to manufacturing, advancements in technology and science represent an exciting opportunity for all of us.",NA,"411",NA
"But we must plan for the transition for those whose jobs may be replaced by automated technologies within the next twenty years.",NA,"701",NA
"We need to plan for the future, right now.",NA,"411",NA
"For younger and older workers alike, job security has been significantly reduced in today’s economy.",NA,"701",NA
"But this issue has proven too big for the old parties to even acknowledge – they are too beholden to the industries of the past, instead of thinking about the industries they could be creating for our future.",NA,"411",NA
"FUTURE OF WORK COMMISSION",NA,"H",NA
"Under our plan, we will establish a specialised, independent Future of Work Commission.",NA,"411",NA
"The Commission will examine the impacts of technological innovation and develop long-term strategies for jobs.",NA,"411",NA
"It will find ways to overcome the threat of insecure work, casualisation and automation, as well as the new opportunities technological advancement creates.",NA,"411",NA
"It will model a four day work week without loss of pay, and explore the prospect of introducing an Australian Universal Basic Income.",NA,"504",NA
"INVEST IN SCIENCE, RESEARCH AND INNOVATION",NA,"H",NA
"The Greens will also invest in the science, research and innovation that will transform our economy and make Australia a global leader in new technology.",NA,"411",NA
"THE BENEFITS OF OUR PLAN:",NA,"H",NA
"More secure, long term jobs",NA,"701",NA
"More time doing the things we love",NA,"701",NA
"No one left behind as our industries change",NA,"503",NA
"More money for science, technology and innovation",NA,"411",NA
"CLOSING THE GENDER WAGE GAP",NA,"H",NA
"Everyone has the right to equal pay for equal work.",NA,"503",NA
"But right now, across Australia, women continue to be paid much less than men.",NA,"503",NA
"The Greens believe all women should receive equal pay for work of equal value and unpaid caring responsibilities should be acknowledged and properly valued throughout our lifetime.",NA,"503",NA
"The Greens have a plan to begin legal, workplace and economic reforms to address the root causes of women’s income inequality.",NA,"503",NA
"We support women’s rights to financial security and will focus on creating family-friendly, caring-friendly and flexible workplaces for everyone, including flexible working hours and the possibility of working from home.",NA,"503",NA
"The Greens are working towards equality for all women in all aspects of life, and are committed to seeing these values reflected in our laws and society.",NA,"503",NA
"THE BENEFITS OF OUR PLAN:",NA,"H",NA
"No more gender pay gap",NA,"503",NA
"Easier to work and be a mum",NA,"503",NA
"Caring work and family caring responsibilities are more valued",NA,"503",NA
"More superannuation available in retirement",NA,"504",NA
"INVESTING IN AUSTRALIAN CREATIVITY",NA,"H",NA
"Everyone deserves the opportunity to participate in a vibrant and thriving arts sector.",NA,"502",NA
"The arts form the foundation of who we are as a culture, a society and as individuals.",NA,"502",NA
"We should all be free to explore the arts and have our contributions valued.",NA,"502",NA
"Artists make a significant contribution to Australian cultural life.",NA,"502",NA
"But, thanks to years of funding cuts by Labor and Liberal governments, they are forced to operate part-time and often for no pay at all.",NA,"502",NA
"The average Australian artist lives below the poverty line and works multiple jobs - sometimes even taking unemployment payments in order to keep the lights on.",NA,"502",NA
"98% of Australian artists received Newstart between 2010 and 2015.",NA,"502",NA
"The arts are too valuable to be a part-time contribution.",NA,"502",NA
"The Greens recognise that art and culture make a valuable contribution to the nation’s economy and we recognise that support to the arts represents an important economic, as well as a social, investment.",NA,"502",NA
"We have a plan to support a creative and innovative Australia by establishing a Creativity Commission to provide oversight, advice and structural support to help grow the arts sector, by investing in local content production and by reinstating funding to the independent Australia Council for the Arts so that it can provide security and confidence to the sector.",NA,"502",NA
"THE BENEFITS OF OUR PLAN:",NA,"H",NA
"Grow the creative economy, an industry which Australians love",NA,"502",NA
"Better support for artists and greater depth of creativity",NA,"502",NA
"A thriving local screen content sector",NA,"502",NA
"More secure jobs for people working in the creative sector",NA,"502",NA
"A FAIRER, MORE EQUAL COMMUNITY",NA,"H",NA
"Better together: protecting diversity, championing equality and promoting peace.",NA,"503",NA
"All of us deserve to feel safe and to have equal opportunities in life, no matter our cultural background, ability, gender, sexuality, income or postcode.",NA,"503",NA
"To ensure a safe, equal world for all, we can’t let a few powerful voices turn us against each other or divide us based on where we come from, who we love or what we look like.",NA,"503",NA
"Both Liberal and Labor governments have cynically pitted members of our community against each other.",NA,"503",NA
"They’ve introduced and aggressively championed policies that exclude or vilify people just because of who they are - divisive policies like allowing schools to discriminate against gay teachers, unbelievably cruel policies like locking refugee children up in offshore detention indefinitely, or discriminatory policies that result in First Nations children locked up in jail at ten times the rate of non-Indigenous children.",NA,"503",NA
"They’ve eroded everyone’s fundamental rights, including our right to privacy and digital freedoms.",NA,"201.2",NA
"It doesn’t have to be this way.",NA,"503",NA
"The Greens will always advocate for our rights, champion diversity and call out discrimination, bias and bigotry.",NA,"503",NA
"We will make sure that everyone has the opportunity to live a good life, free from discrimination.",NA,"503",NA
"The Greens understand that everything is connected, which is why we need to be good global citizens.",NA,"503",NA
"We recognise that this always was, and always will be, Aboriginal land and that sovereignty was never ceded.",NA,"607.3",NA
"It’s long past time for treaties, healing, justice and truth for our First Nations Peoples.",NA,"607.3",NA
"OUR PLAN TO CREATE A MORE DIVERSE, EQUAL AND PEACEFUL FUTURE:",NA,"H",NA
"Work with First Nations Peoples, to establish a path for sovereignty and treaties and to close the gap",NA,"607.3",NA
"Close offshore detention and create a safe pathway for people who seek our help",NA,"602.2",NA
"Champion diversity in our communities",NA,"607.1",NA
"Enure equality for women in all aspects of society, including at work",NA,"503",NA
"Stamp out systemic racism and hate speech",NA,"202.1",NA
"Make Australia accessible and fully fund the NDIS",NA,"503",NA
"Ensure LGBTIQ+ people have full equality under the law and in our communities",NA,"503",NA
"Create a charter of rights",NA,"201.2",NA
"Make Australia a good global citizen, by supporting peace",NA,"106",NA
"and demilitarisation",NA,"105",NA
"JUSTICE FOR FIRST NATIONS PEOPLES",NA,"H",NA
"The Australian Greens acknowledge that First Nations Peoples are the Traditional Owners and Custodians of the land we call Australia.",NA,"607.3",NA
"We know this land was stolen and that sovereignty was never ceded and that Australia has unfinished business.",NA,"607.3",NA
"We pay our respects to elders, past, present and future.",NA,"607.3",NA
"Despite living in a wealthy nation, First Nations Peoples still experience entrenched disadvantage with health, education and life expectancy outcomes more common in the developing world.",NA,"607.3",NA
"Liberal and Labor governments have not listened to First Nations Peoples, and their paternalistic, punitive approaches have failed First Nations communities.",NA,"607.3",NA
"A PATH TOWARDS TREATIES",NA,"H",NA
"Self-determination is a key part of justice and healing for First Nations Peoples, and to closing the gap and addressing intergenerational trauma.",NA,"607.3",NA
"Any plan for justice must be led by First Nations Peoples.",NA,"607.3",NA
"First Nations Peoples must be the key decision makers in policies and programs that affect their communities.",NA,"607.3",NA
"We must start by addressing Australia’s unfinished business through implementing a constitutionally enshrined Voice to Parliament and establishing a path to treaties.",NA,"607.3",NA
"The Australian Greens support the Uluru Statement from the Heart in full.",NA,"607.3",NA
"ADDRESS INDIGENOUS INCARCERATION RATES",NA,"H",NA
"Twenty-seven years after the final report into the Royal Commission into Aboriginal Deaths in Custody, there are still too many First Nations Peoples incarcerated",NA,"607.3",NA
"and over 407 First Nations people have died in custody since the release of the Royal Commission report.",NA,"607.3",NA
"Australia-wide, First Nations Peoples are eleven times more likely to be imprisoned than non-indigenous Australians.",NA,"607.3",NA
"The Greens will adopt the Change the Record campaign recommendations to reduce the rate of incarceration of First Nations Peoples",NA,"607.3",NA
"as well as promoting a Justice Reinvestment approach that prioritises the services that we know keep people out of jail.",NA,"607.3",NA
"FEWER FIRST NATIONS KIDS IN OUT-OF-HOME CARE",NA,"H",NA
"There are currently more than 15,000 First Nations children in out-ofhome care across Australia.",NA,"607.3",NA
"The Greens will fund a system that focuses on keeping children out of the care system in the first place and focuses on early intervention and support for children and their families, including trauma and healing services.",NA,"607.3",NA
"THE BENEFITS OF OUR PLAN:",NA,"H",NA
"Addressing unfinished business through truth, justice and healing",NA,"607.3",NA
"Genuine treaty or treaties",NA,"607.3",NA
"Justice reinvestment, not jails",NA,"607.3",NA
"First Nations Peoples’ voices heard in our parliament",NA,"607.3",NA
"Genuine progress to Close the Gap",NA,"607.3",NA
"CLOSE THE CAMPS",NA,"H",NA
"All of us, including people who are fleeing persecution or war-torn countries, have a right to live free from danger, to be treated with dignity and compassion and to be given help when we need it.",NA,"602.2",NA
"Australians are compassionate and fair.",NA,"606.1",NA
"Looking out for others is at the very core of who we are.",NA,"606.1",NA
"But our values are being betrayed by both the major parties, who, in an attempt to win your vote, have spent years locking up women, men and children in indefinite detention, separating families who have turned to Australia for help.",NA,"602.2",NA
"Labor created offshore indefinite detention and the Liberals doubled-down on it.",NA,"602.2",NA
"Both the Labor Party and the Liberals support the indefinite detention of people in deliberately cruel and torturous conditions.",NA,"602.2",NA
"They support turning around boats at sea and returning people to face persecution.",NA,"602.2",NA
"People have died, been assaulted and endured psychological torment because of the choices of the old parties.",NA,"602.2",NA
"Labor and the Liberals have refused to act with basic humanity and compassion and people who need our help are suffering.",NA,"602.2",NA
"The Greens are the only party to have always stood against indefinite offshore detention.",NA,"602.2",NA
"We believe the Manus Island and Nauru detention centres must be closed, and every single man, woman and child detained there should be brought to Australia.",NA,"602.2",NA
"Our plan will create a system that fairly and quickly helps people find safety, rebuild their lives with dignity and doesn’t punish them for seeking our help.",NA,"602.2",NA
"THE BENEFITS OF OUR PLAN:",NA,"H",NA
"An end to offshore detention",NA,"602.2",NA
"Faster, more efficient processing times",NA,"602.2",NA
"Refugees living in our community, not in detention",NA,"602.2",NA
"Assistance for those who need our help",NA,"602.2",NA
"We meet our international obligations",NA,"602.2",NA
"SUPPORTING MULTICULTURAL AUSTRALIA",NA,"H",NA
"Australia is one of the most culturally diverse countries on earth and we are a stronger nation because of this.",NA,"607.1",NA
"This country is home to generations of migrants and refugees who are valuable members of our communities, and we should be celebrating what makes us all different.",NA,"607.1",NA
"The Greens have a plan to address the needs and aspirations of Australians from diverse cultural and linguistic backgrounds, and reflect this diversity in policy.",NA,"607.1",NA
"DELIVER THE FEDERAL MULTICULTURAL ACT",NA,"H",NA
"Most states have legislation to protect and value multiculturalism, however there are no such laws at a federal level.",NA,"607.1",NA
"This has led to multiculturalism being used as a political football on the national stage by conservative politicians and media outlets, promoting fear and dividing communities.",NA,"607.1",NA
"The Greens have introduced a Federal Multicultural Act to Parliament, which will create a framework for multiculturalism and establish clear guiding principles for Australian society to embrace cultural and religious diversity, and we will continue fighting for it to be legislated.",NA,"607.1",NA
"PROMOTING DIVERSITY IN FEDERAL PARLIAMENT",NA,"H",NA
"Half of all Australians are either born overseas or have a parent who was born overseas.",NA,"607.2",NA
"But currently, Australians with dual nationality cannot sit as MPs in our Federal Parliament.",NA,"607.2",NA
"The Greens believe this should change.",NA,"607.2",NA
"Diversity in our political leadership means more innovation, better policy outcomes and a Parliament which is reflective of our society and its values.",NA,"607.2",NA
"Our plan will ensure that multicultural Australians can run for Federal Parliament and keep their dual citizenship, by calling a referendum to amend section 44 of our Constitution.",NA,"204",NA
"MORE FAMILY REUNION VISAS",NA,"H",NA
"The Greens recognise how prohibitively expensive and difficult it is for migrants to bring their family members to Australia, particularly with some visa categories imposing a 30-50 year wait list.",NA,"607.1",NA
"THE BENEFITS OF OUR PLAN:",NA,"H",NA
"Everyone feels safe in our community",NA,"607.1",NA
"Everyone has an equal opportunity to achieve their goals and live fulfilling lives",NA,"607.1",NA
"More diversity in our Federal Parliament",NA,"607.2",NA
"Thousands more families reunited in Australia",NA,"607.1",NA
"EXTEND THE NATIONAL ANTI-RACISM CAMPAIGN",NA,"H",NA
"Despite anti-discrimination law, racism and discrimination remain prevalent within our society.",NA,"503",NA
"In many cases, racism is a result of unconscious bias, and education is key to addressing this.",NA,"503",NA
"The Greens’ plan will extend the current national anti-racism strategy, delivered by the Australian Human Rights Commission, to deliver programs in schools, workplaces, sporting organisations and media institutions.",NA,"503",NA
"TACKLING RACISM AND FAR-RIGHT EXTREMISM",NA,"H",NA
"In the wake of the Christchurch massacre we must act to stem the rising tide of Islamophobia, anti-Semitism, racism and bigotry.",NA,"503",NA
"Enough is enough.",NA,"503",NA
"The Greens are shoulder to shoulder with the overwhelming majority of Australians, united against hatred and the hate-speech that has dominated our politics and our public spaces for far too long.",NA,"503",NA
"We have a plan for a united, respectful and decent society that welcomes and celebrates difference.",NA,"607.1",NA
"STOP POLITICIANS SPEAKING HATE",NA,"H",NA
"Too often politicians attack and dehumanise minority communities.",NA,"503",NA
"This has to stop.",NA,"503",NA
"The Greens have proposed a Code of Conduct to establish a set of rules governing federal politicians, requiring them to represent public office in a manner consistent with Australian values of respect and inclusion.",NA,"202.1",NA
"COUNTER VIOLENT EXTREMISM",NA,"H",NA
"Tackling racism and extremism will take a commitment from all levels of government, and the support of community-led organisations.",NA,"503",NA
"In many cases, racism is the result of unconscious bias.",NA,"503",NA
"We know that education is the key.",NA,"503",NA
"The Greens will extend the current anti-racism strategy, commit $10 million each year to counter violent extremism, and empower communities to prevent it.",NA,"503",NA
"MAKE HATE SPEECH ILLEGAL",NA,"H",NA
"Left unchecked, hate speech will often lead to hate crimes, yet there is currently no criminal prohibition of hate speech at federal level.",NA,"605.1",NA
"We believe Australia needs an effective legal framework to handle hate speech, while also balancing freedom of expression.",NA,"605.1",NA
"So we have a plan to protect everyone, by introducing a Charter of Rights.",NA,"605.1",NA
"STRENGTHEN GUN CONTROL",NA,"H",NA
"It is estimated there are 260,000 weapons in the illicit firearms market in Australia.",NA,"403",NA
"This puts the whole community at risk.",NA,"605.1",NA
"And at the same time, the gun lobby is becoming more active in its push to weaken gun laws.",NA,"403",NA
"The Greens will ban all political donations",NA,"304",NA
"and prohibit the possession of semi-automatic guns in the community.",NA,"403",NA
"THE BENEFITS OF OUR PLAN:",NA,"H",NA
"A society that welcomes and celebrates diversity",NA,"607.2",NA
"Members of Parliament held to account for the way they behave towards all communities",NA,"202.1",NA
"A coordinated strategy to counter violent extremism",NA,"605.1",NA
"Greater respect for diversity is promoted through a national anti-racism campaign",NA,"607.2",NA
"Improved community safety through stronger gun laws",NA,"605.1",NA
"EQUALITY FOR WOMEN",NA,"H",NA
"The Greens believe that women should enjoy equality with men in all aspects of their lives and in our society.",NA,"503",NA
"We believe that all women, including LGBTIQ+, First Nations, and women of culturally and linguistically diverse backgrounds, have the right to live free from harassment, fear, violence, abuse and discrimination.",NA,"503",NA
"Right now, we are in the midst of a national security crisis, with one in three women experiencing family and domestic violence in their lifetime and, on average, one woman killed by her partner or former partner every week.",NA,"605.1",NA
"These rates of domestic violence have not reduced, despite significant public attention.",NA,"605.1",NA
"Women also still face systemic discrimination in many areas of their life.",NA,"503",NA
"Older women represent the largest growing cohort of homeless people, with huge increases in the number of women seeking housing and homelessness support services.",NA,"503",NA
"In the workplace, women continue to be paid much less than men.",NA,"503",NA
"Women also face greater barriers to healthcare, with abortion, for example, remaining a criminal offence in NSW.",NA,"604",NA
"The Greens are committed to achieving equality for women by building housing, financial, and workplace security.",NA,"503",NA
"We have a plan to ensure women are safe, valued and treated as equals in private and public life, and we will put in place legal, workplace and economic reforms that directly address the key causes of inequality for women in Australia and around the world.",NA,"503",NA
"THE BENEFITS OF OUR PLAN:",NA,"H",NA
"Safety for women, in the home, workplace and in the community",NA,"503",NA
"Gender pay gap is abolished",NA,"503",NA
"Abortion is safe, legal, accessible and free for all women",NA,"604",NA
"Equality is promoted for women",NA,"503",NA
"AN ACCESSIBLE AUSTRALIA",NA,"H",NA
"The Australian Greens believe that a healthy, functioning society embraces diversity and removes barriers to provide for equitable access and participation by all.",NA,"503",NA
"We believe that all people have a right to independence, self-determination and choice in their lives.",NA,"503",NA
"Disability policy and law is a matter of human rights, as well as individual health and well-being.",NA,"201.1",NA
"Disabled people continue to fall through the cracks, to be locked out of the community and denied the same rights as other Australians.",NA,"503",NA
"Failings of successive Labor and Coalition governments have perpetuated this discrimination, often denying disabled people access to inclusive education, meaningful employment, adequate services and the support they need.",NA,"503",NA
"Disabled people are so often shut out of our communities through outdated, discriminatory planning regulations.",NA,"503",NA
"We must do better. It’s time to talk about disability differently.",NA,"503",NA
"It’s time to build our places and spaces differently.",NA,"503",NA
"It’s time to change attitudes and realise that we are all different and unique, and that an inclusive society is a better society for everyone.",NA,"503",NA
"The Greens also recognise that it is not enough to deliver services for people, we must work with them to ensure they are the right services.",NA,"503",NA
"We see that decisions that profoundly shape the lives of disabled people are currently being made without their genuine involvement.",NA,"503",NA
"THE BENEFITS OF OUR PLAN:",NA,"H",NA
"Better access to public transport, events, shops and other public spaces",NA,"503",NA
"More jobs and more opportunities",NA,"503",NA
"Easily accessed, adequately funded and staffed NDIS",NA,"503",NA
"Disabled Australians enjoy more control over their own lives",NA,"503",NA
"LGBTIQ+ EQUALITY",NA,"H",NA
"The Greens believe that all people are equal, have fundamental human rights",NA,"201.2",NA
"and are entitled to live their life with equal protection under law and without any discrimination, including on the basis of sex, sexual orientation, gender identity or intersex status.",NA,"503",NA
"The Greens celebrate the diversity in our society and value the contributions of LGBTIQ+ members of our community.",NA,"503",NA
"We recognise that people have the right to self-identify their gender.",NA,"503",NA
"All too often LGBTIQ+ communities are shut out of decisions that affect them.",NA,"503",NA
"The Greens are very proud to continue to be strong allies of the LGBTIQ+ community.",NA,"503",NA
"As the first party to support and actively campaign to remove discrimination in marriage, we are so proud of what a strong and united community campaign can do to make positive change.",NA,"503",NA
"We congratulate all those who have celebrated love through marriage since the reforms.",NA,"503",NA
"But there is so much more to be done.",NA,"503",NA
"The Greens have a plan to continue to work with the LGBTIQ+ community to achieve equality for all of us.",NA,"503",NA
"THE BENEFITS OF OUR PLAN:",NA,"H",NA
"End sexual orientation and gender identity conversion efforts (commonly referred to as ‘gay conversion therapy’)",NA,"503",NA
"Everyone is free to love who you want to love",NA,"503",NA
"Everyone is safe in our community",NA,"503",NA
"Everyone has equal opportunities in all areas of life",NA,"503",NA
"Free healthcare that is respectful and appropriate for you",NA,"503",NA
"A CHARTER OF RIGHTS",NA,"H",NA
"Australia is the only western democracy that does not protect the basic rights and freedoms of its people in either legislation or the Constitution.",NA,"204",NA
"So many of our freedoms have been hard won, and others are still being fought for.",NA,"201.1",NA
"The Greens have a plan to protect everyone’s rights in law by introducing a Charter of Rights.",NA,"201.2",NA
"Without a Charter of Rights it is too easy for the Liberals, Labor and big corporations to take freedoms away.",NA,"201.1",NA
"We have seen this in the gagging of media and criminalising of whistleblowers, passing of anti-protest laws, restrictions on association and expression, and the acquisition and pollution of private property, agricultural land and water tables by governments and corporations.",NA,"201.2",NA
"We believe that the rights of people are far more important than the rights of huge corporations, that’s why we want to protect the economic, employment, civil, cultural and environmental rights of every Australian.",NA,"201.2",NA
"A Charter of Rights for Australia would tip the balance back in favour of people",NA,"201.2",NA
"and the environment rather than corporations and the faceless men and women of governments.",NA,"501",NA
"This Charter would include civil and political rights, including expression, privacy, association, equality, movement, and presumption of innocence.",NA,"201.2",NA
"It will include economic, social and cultural rights, including our right to housing, education, healthcare, employment, and participation in cultural life.",NA,"201.2",NA
"And, crucially, it will also protect our environmental rights including clean air, water and climate.",NA,"501",NA
"A Charter of Rights will give us all the opportunity to shape our own lives and to help us to live with dignity and self-respect.",NA,"201.2",NA
"THE BENEFITS OF OUR PLAN:",NA,"H",NA
"Protection of our digital freedoms and privacy",NA,"201.1",NA
"Freedom to protest",NA,"201.2",NA
"Guaranteed access to essential services no matter who you are",NA,"201.2",NA
"Freedom of religion and cultural expression",NA,"201.2",NA
"Rights for the environment",NA,"501",NA
"AUSTRALIA: A GOOD GLOBAL CITIZEN",NA,"H",NA
"Everyone has the right to live in peace.",NA,"201.2",NA
"We know that the vast majority of Australians want peace",NA,"106",NA
"and global prosperity,",NA,"408",NA
"not more weapons",NA,"105",NA
"and war.",NA,"106",NA
"The Coalition government, supported by Labor, is intent on making Australia a top 10 global arms exporter, continues to blindly support the US, and is focused on arming our nation rather than supporting those in need across the world.",NA,"105",NA
"Our government has shamefully committed almost $4 billion to assist arms exporters to do deals with human rights abusers like Saudi Arabia.",NA,"105",NA
"The Greens’ plan will immediately abolish the Defence Export Facility, and introduce legislation that prohibits Australia from exporting weapons to human rights abusers.",NA,"105",NA
"Under our plan, we will immediately sign and ratify the Nuclear Weapons Ban Treaty, substantially increase our development budget and limit our role as a global arms dealer.",NA,"105",NA
"The Greens believe Australia’s foreign policy should be based on dialogue, diplomacy and cooperation, not aggression.",NA,"106",NA
"The Greens are committed to peaceful and non-violent solutions locally, nationally and internationally.",NA,"106",NA
"We know that trying to prevent or counter violence with violence itself will not work.",NA,"106",NA
"Genuine security rests on parliamentary scrutiny,",NA,"202.1",NA
"international cooperation,",NA,"107",NA
"and respect for human rights.",NA,"201.2",NA
"Unquestioning support for the US and more machines of war is not the right path.",NA,"102",NA
"Instead of buying a whole lot more big and expensive equipment, we should be preparing our defence force to provide humanitarian support in our region.",NA,"107",NA
"Our plan would give Parliament the power to decide if we go to war, not just the Prime Minister, and would renegotiate the increasingly unstable alliance we have with the United States.",NA,"107",NA
"THE BENEFITS OF OUR PLAN:",NA,"H",NA
"Money for overseas development, not weapons",NA,"107",NA
"A defence force that it fit-for-purpose in a warming world",NA,"501",NA
"Less risk of nuclear disaster",NA,"105",NA
"Fewer senseless wars",NA,"106",NA
"PAYING FOR OUR PLANS",NA,"H",NA
"If everyone paid their fair share of tax, we’d all get a fair go at living a decent life.",NA,"503",NA
"The Greens are building a world where everyone has what they need for a decent life, where essentials are either free or low-cost,",NA,"503",NA
"our jobs are meaningful,",NA,"701",NA
"our environment is protected and restored back to its proper health.",NA,"501",NA
"Our economic plan is based on a few simple premises. That: A strong economy is a sustainable economy, built on a healthy environment",NA,"416.2",NA
"It’s the shape of our economy, not simply its size, that determines our nation’s wealth",NA,"416.2",NA
"Our economy should work for us, not the other way around",NA,"416.2",NA
"Right now our economy doesn’t work for us.",NA,"416.2",NA
"Big corporations are using their influence and their political donations to gain more and more for themselves, while many people across our communities are struggling to afford a roof over their head or to put food on the table.",NA,"503",NA
"Since 2012, both Liberal and Labor governments have taken over $100 million from big corporates and in return, they’ve sold our public assets to those vested interests, protected their record profits",NA,"304",NA
"and left big loopholes in our tax system, to the point where 1 in 3 of the biggest corporations pay no tax at all.",NA,"403",NA
"That’s not good economic management.",NA,"403",NA
"That’s economic injustice.",NA,"403",NA
"It doesn’t have to be this way.",NA,"403",NA
"Being a good economic manager should mean that your plan works for people and communities, not solely for enormous private profit.",NA,"403",NA
"It means you share the enormous wealth in our society by prioritising investment in public services for everyone – in world class accessible social services, education, healthcare and affordable homes.",NA,"504",NA
"OUR PLAN TO MAKE OUR ECONOMY WORK FOR ALL OF US, AND PUT BILLIONS OF DOLLARS BACK INTO PUBLIC SERVICES:",NA,"H",NA
"Introduce a super profits tax on the oil, gas and mining giants that operate in uncompetitive markets and with huge tax advantages",NA,"403",NA
"End the billions in corporate handouts from government",NA,"403",NA
"Make big corporations pay for their pollution, instead of getting government handouts",NA,"403",NA
"Close the tax avoidance system, to stop giant multinationals dodging their tax bill",NA,"403",NA
"Reverse the big tax cuts to shareholders and the super wealthy",NA,"403",NA
"A TAX ON SUPER-PROFITS",NA,"H",NA
"The mining, oil and gas industries exploit our environment for their own super-profits",NA,"501",NA
"and an unfair tax system means many don’t pay for these natural resources.",NA,"403",NA
"The result: less money for the public services we all need to live a good life.",NA,"504",NA
"Companies in some industries make super profits not because of their skill, innovation or hard work but because government sets the regulatory and tax settings in their favour.",NA,"403",NA
"Australia is now the world’s biggest gas exporter.",NA,"501",NA
"These offshore gas companies will make billions over the next 40 years but never pay a cent in royalties and may never pay a cent in tax either.",NA,"403",NA
"They get our gas resources completely free and the major parties won’t change that arrangement because they have received millions in donations from these companies.",NA,"304",NA
"The rules have been rigged in favour of big business and it’s one of the major contributors to the rapidly growing gap between the super-rich and the rest of us.",NA,"503",NA
"The Greens would set royalties for gas extraction",NA,"403",NA
"and wind back the staggering $367 billion worth of tax credits they are sitting on.",NA,"403",NA
"For mining companies, we would implement the recommendations of the Henry Tax Review by introducing a 40% super-profits tax on very profitable mining ventures to ensure more wealth is shared with the community.",NA,"403",NA
"Our plan would reclaim those super-profits from the mining and gas industries to invest directly in improving public services",NA,"504",NA
"and infrastructure.",NA,"411",NA
"THE BENEFITS OF OUR PLAN:",NA,"H",NA
"End the free ride these giant companies enjoy",NA,"403",NA
"Tax super profits for the benefit of society, not just shareholders",NA,"503",NA
"Encourage investment in more productive areas of our economy",NA,"402",NA
"Total raised: $18.7 billion",NA,"000",NA
"1 Financial implications prepared by the independent Parliamentary Budget Office are costed and current as at 2018-19 Mid Year Economic and Fiscal Outlook.",NA,NA,NA
"ENDING CORPORATE HANDOUTS FROM THE GOVERNMENT",NA,"H",NA
"We can build a future for all of us, and create a truly sustainable economy",NA,"416.2",NA
"with quality public services,",NA,"504",NA
"but only if we reverse decades of terrible decisions by Labor and Liberal governments that reward industries which are causing social",NA,"503",NA
"and environmental damage.",NA,"501",NA
"Government subsidies to mining companies make it more profitable for them to run their operations and pollute our environment.",NA,"403",NA
"Subsidies to destructive industries cost the economy billions each year - money that could be spent on schools, hospitals and other public services.",NA,"504",NA
"These handouts are a reward to the big corporate donors of the two major parties.",NA,"403",NA
"The Greens also have a plan that will take on the vested interests in health insurance and the military, cutting unnecessary spending and investing billions into the public services everyone relies on.",NA,"504",NA
"Tax-Free Fuel Rebate: The Greens plan scraps the tax-free fuel rebate for mining companies.",NA,"403",NA
"This is the government’s 17th biggest expenditure item, just below funding for public schools and has given an enormous benefit to some of our largest and dirtiest companies.",NA,"403",NA
"Private Health Insurance Subsidies: We would remove the public subsidies that line the pockets of private health companies yet do nothing to take pressure off the public health system.",NA,"403",NA
"This disproportionately benefits those who can afford private health insurance, while taking money out a system which is available to all of us.",NA,"503",NA
"The Greens will reinvest this $6.5 billion a year back into the public health system to pay for our plan for health, including the expansion of Denticare.",NA,"504",NA
"Weapons Exports: Our plan cuts back the billions the government hands over to weapons exporters and those who make money from war and misery.",NA,"105",NA
"Billions of dollars have already been thrown at our military and weapons manufacturers with almost no scrutiny and for no overriding purpose.",NA,"105",NA
"And still the Liberals, supported by Labor, are intent on making Australia a top 10 global arms exporter.",NA,"105",NA
"Our government has shamefully committed almost $4 billion to assist arms exporters to do deals with human rights abusers like Saudi Arabia.",NA,"105",NA
"THE BENEFITS OF OUR PLAN:",NA,NA,NA
"Make renewables cheaper and dirty energy more expensive",NA,"416.2",NA
"Redirect funding going to private health companies into the public health system",NA,"503",NA
"Stop weapons exports ending up in the hands of human rights abusers.",NA,"105",NA
"Total raised: $55.6 billion",NA,"000",NA
"2 Financial implications prepared by the independent Parliamentary Budget Office are costed and current as at 2018-19 Mid Year Economic and Fiscal Outlook.",NA,NA,NA
"TAXING POLLUTION",NA,"H",NA
"A green economy is one where we tax pollution and use that revenue to support households and transform our energy sector to renewables.",NA,"416.2",NA
"Our biggest polluters are so profitable because they get to pollute for free.",NA,"416.2",NA
"Macquarie University calculates that this looting has totalled a staggering $9.5 trillion of corporate profits since 1995, with communities forced to clean up the mess left by these big polluters.",NA,"416.2",NA
"The Greens support a carbon price as the simplest, fairest, most effective way to reduce emissions, drive a transition in renewables and reduce household costs.",NA,"416.2",NA
"Under our plan, we will legislate to re-introduce an economy-wide carbon price on direct emissions from facilities which emit more than 25,000 tonnes of CO2-e per year.",NA,"416.2",NA
"THE BENEFITS OF OUR PLAN:",NA,"H",NA
"Reduce pollution and fast-track more renewable energy",NA,"416.2",NA
"Unleash innovation in smart, clean technologies",NA,"416.2",NA
"Make polluters pay for the damage they are doing to our environment",NA,"501",NA
"Total raised: $12.8 billion",NA,"000",NA
"3 Financial implications prepared by the independent Parliamentary Budget Office are costed and current as at 2018-19 Mid-Year Economic and Fiscal Outlook.",NA,NA,NA
"END TAX AVOIDANCE",NA,"H",NA
"Profits made by multinational corporations in Australia are soaring.",NA,"403",NA
"These enormous businesses get so much out of our society, but many are not giving anything back.",NA,"403",NA
"They use every method available to avoid paying their fair share of tax, if they pay any at all.",NA,"403",NA
"We don’t have a tax system anymore, we have a tax avoidance system - and Australians are sick of it.",NA,"403",NA
"They’ve had enough of multinational companies and the super rich treating tax as an optional extra.",NA,"403",NA
"That’s why the Greens have a comprehensive plan to stop the $11 billion a year tax avoidance industry.",NA,"403",NA
"We’ll focus on enforcement, changes to our tax laws, public disclosure and global action.",NA,"605.1",NA
"Trusts and Transparency: Our plan cracks down on the tricks of tax avoidance, like income splitting through trusts, and reduces the threshold for public reporting to $50 million to provide greater transparency over the tax affairs of the biggest companies in the country.",NA,"403",NA
"Buffet Rule: Under our plan, a Buffet Rule will be introduced so the super rich will have to pay a baseline amount of tax, no matter how many deductions they use.",NA,"403",NA
"With this Buffet rule in place, we can make serious inroads in eliminating poverty and economic inequality.",NA,"503",NA
"Every year, we hear news stories about the millionaires in Australia who paid accountants to reduce their tax bill to zero - so they don’t even pay the Medicare Levy.",NA,"403",NA
"Our plan is to cap those deductions so that someone earning above $300,000 a year - the richest 0.5 percent of the workforce - could no longer deduct to a level below 35 cents in every extra dollar earned.",NA,"403",NA
"Resource the ATO: The Greens would also resource the Australian Tax Office (ATO) so they can do their job well.",NA,"701",NA
"We would re-create the 4,400 ATO positions taken away by Labor and Liberal governments since 2012.",NA,"701",NA
"Our plan would also require accurate and timely reporting on tax avoidance, including a settlements register to detail any arrangement reached with the ATO.",NA,"605.1",NA
"BENEFITS OF OUR PLAN:",NA,"H",NA
"No more tax loop-holes",NA,"403",NA
"Restore faith in our tax system",NA,"403",NA
"Everyone pays their fair share",NA,"403",NA
"Total Raised: $12 billion",NA,"000",NA
"4 Financial implications prepared by the independent Parliamentary Budget Office are costed and current as at 2018-19 Mid-Year Economic and Fiscal Outlook.",NA,NA,NA
"REVERSE UNFAIR TAX-CUTS",NA,"H",NA
"Everyone should pay their fair share of tax in order to contribute to a fairer, more equal society.",NA,"503",NA
"Our taxes pay for the things we all need, like schools, hospitals, public transport and infrastructure.",NA,"504",NA
"No one should be above contributing to a fairer society for all of us.",NA,"403",NA
"Both the Liberals and Labor have passed tax cuts to top income earners and big business in this term of Parliament.",NA,"403",NA
"The Liberals want to go further after the election and Labor have said they will support big business tax cuts when Australia’s surplus reaches 1% of GDP.",NA,"403",NA
"The tax cuts which have already passed the Parliament will turbocharge economic inequality and wipe out our progressive tax system - for example, a graduate nurse on $41,000 will pay the same rate of tax as a financial adviser on $200,000.",NA,"403",NA
"We can create new jobs by reversing these unfair tax cuts",NA,"701",NA
"and investing in the public services we want and need.",NA,"504",NA
"Company tax cuts for banks and mining companies will do nothing to help ordinary Australians as public services deteriorate.",NA,"504",NA
"And because of Australia’s dividend imputation system, company tax cuts will only benefit foreign investors.",NA,"403",NA
"The ‘trickle down’ approach to economics has failed for thirty straight years.",NA,"409",NA
"These giant businesses don’t need a tax cut, they need to start paying tax so government can pay for the services that we all need to live a good life.",NA,"403",NA
"The Greens will reverse any company tax cuts for businesses earning more than $10 million per annum by restoring the tax rate to 30%.",NA,"403",NA
"Small businesses would still keep their current tax rate.",NA,"403",NA
"Only the Greens will unequivocally oppose further tax cuts to big corporations and the wealthiest Australians.",NA,"403",NA
"We should be sharing the enormous wealth in our society by investing in public services, not handing out tax cuts.",NA,"504",NA
"BENEFITS OF OUR PLAN:",NA,"H",NA
"More money for essential services, like schools and hospitals",NA,"403",NA
"Bigger corporations pay more tax than small businesses",NA,"403",NA
"New jobs directly created instead of hoping that ‘trickle-down’ jobs eventually arrive",NA,"701",NA
"Total raised: $16.8 billion",NA,"000",NA
"5 Financial implications prepared by the independent Parliamentary Budget Office are costed and current as at 2018-19 Mid-Year Economic and Fiscal Outlook.",NA,NA,NA
"GET INVOLVED WITH THE FASTEST GROWING POLITICAL PARTY IN AUSTRALIA",NA,NA,NA
"JOIN THE MOVEMENT GREENS.ORG.AU @Greens @Australian.Greens FOLLOW · SHARE · TAKE ACTION",NA,NA,NA
