"text","text_en","cmp_code","eu_code"
"WE ARE IN A CLIMATE EMERGENCY",NA,NA,NA
"Introduction from Greens Leader Adam Bandt",NA,NA,NA
"There can be no climate justice without First Nations justice.",NA,NA,NA
"We can’t heal the land without the contributions and leadership of the people whose culture has sustained it for more than 60,000 years.",NA,NA,NA
"As custodians of this land, First Nations people understand that the health of the community is only as strong as the health of our environment.",NA,NA,NA
"When we don’t show genuine care for the Country that nurtures us, we all suffer.",NA,NA,NA
"In the last 34 years, since 1988, humans have released more heat trapping carbon and methane than in all of the 60,000 years before.6",NA,NA,NA
"We have to reverse and exceed that 34 year legacy within the next 28 years, with the heavy lifting in this critical decade.",NA,NA,NA
"It is time to confront the climate crisis.",NA,NA,NA
"We’ve just got to get it done.",NA,NA,NA
"What this plan shows is that acting on the climate emergency doesn’t require any personal sacriﬁce or change in our standard of living.",NA,NA,NA
"In fact if we do it right, our energy bills will come down",NA,NA,NA
"and hundreds of thousands of jobs will be created.",NA,NA,NA
"Beneﬁts will happen immediately, but the legacy of it will last for generations.",NA,NA,NA
"Instead, Australia is experiencing a climate crisis from ﬂoods in Lismore and Ballina to ﬁres in Mallacoota and Cobargo; and it is caused by mining and burning coal and gas.",NA,NA,NA
"Both Liberals and Labor back more coal and gas.",NA,NA,NA
"They take millions in donations from coal and gas billionaires and big corporations.",NA,NA,NA
"Net zero by 2050 is an empty slogan for ‘someone else’s problem’.",NA,NA,NA
"We don’t have another three years to waste.",NA,NA,NA
"We need to kick the Morrison Government out.",NA,NA,NA
"But a Labor government on its own won’t do what is necessary to stop the mining and burning of coal and gas that is driving the climate emergency.",NA,NA,NA
"Both parties are captured by the donations and inﬂuence of coal, oil and gas companies with $11.9 million in political donations received since 2012.7",NA,NA,NA
"Labor’s climate policy position is the worst it has been in a decade and not by accident.",NA,NA,NA
"Labor won’t act meaningfully on climate without the Greens to push them.",NA,NA,NA
"6   https://billmckibben.substack.com/p/glasgow-where-climate-wreckage-began",NA,NA,NA
"7 Democracy for Sale reports that the Liberals received $4.7m from coal and gas companies from 2012 to 2018, and that Labor has received $3.5m http://democracyforsale.net",NA,NA,NA
"And creating a climate-focussed Parliament with Greens in the balance of power is closer than you think.",NA,NA,NA
"If just a few hundred people changed their vote from the last election, the Greens would be in the balance of power and we will push the next government to go further and faster on the climate crisis,",NA,NA,NA
"stopping new coal and gas mines",NA,NA,NA
"and creating tens of thousands of jobs right across the country as we establish the industries of the future and become a clean energy exporting powerhouse.",NA,NA,NA
"Powering Past Coal and Gas is our fully costed, sector-by-sector plan of how we create these jobs,",NA,NA,NA
"transform our old industries and create new ones.",NA,NA,NA
"This is what can be achieved if Australian voters do what Germany, Scotland, New Zealand and Austrian voters have recently done and put the Greens into a power-sharing Parliament.",NA,NA,NA
"Australia is the sunniest continent on earth with amazing wind resources and smart,  adaptive and innovative minds.",NA,NA,NA
"These resources and huge opportunities are being wasted as each year passes.",NA,NA,NA
"Imagine what could be achieved if Australia’s energy is effectively free.",NA,NA,NA
"Manufacturing could return to our shores again and we could make green products here instead of exporting the raw materials overseas.",NA,NA,NA
"Transporting ourselves, our food and our parcels with clean electricity instead of imported oil would reduce the cost of everything and enhance our security.",NA,NA,NA
"This future can happen if we rapidly transition to a clean economy powered by renewable energy and export the rest of it to the world.",NA,NA,NA
"POWERING PAST COAL AND GAS",NA,"H",NA
"Executive Summary",NA,"H",NA
"The climate and environmental crisis threatens to overwhelm Australia, the world’s economy and society.",NA,"416.2",NA
"We face civilisational collapse unless we keep global warming below 1.5 degrees.",NA,"416.2",NA
"Australia has an international, economic and environmental imperative to recognise the climate emergency and to act.",NA,"416.2",NA
"While we need profound action, such actions are largely “no regrets” policies that will repower our economy and offer prosperity and well-being to our people and nation.",NA,"410",NA
"The general outline of what is required is quite simple.",NA,"416.2",NA
"Shift electricity generation to renewables and storage.",NA,"416.2",NA
"Increase electricity production to allow the electriﬁcation of all households, businesses, transport and industry.",NA,"416.2",NA
"Soak up the remaining emissions and move to negative emissions by protecting our forests and landscapes",NA,"501",NA
"and reform our agriculture to drawdown carbon from the atmosphere, so we can start to return to a safe climate.",NA,"501",NA
"Critical to this task is not only the removal of fossil fuel production from our domestic economy,",NA,"416.2",NA
"but also to phase out our exports of coal and gas.",NA,"416.2",NA
"This will be a signiﬁcant but manageable structural adjustment to our economy and some regional communities.",NA,"416.2",NA
"That is why support for affected workers and their communities to shift to employment in other mining sectors or new industries is vital.",NA,"701",NA
"The Greens are the only party putting forward a set of policies and a comprehensive climate and energy plan that matches the international, economic, scientiﬁc and environmental imperatives.",NA,"416.2",NA
"Liberal and Labor both have inadequate climate reduction targets that are not science based and their explicit policy is to keep the mining, burning and export of coal and gas going.",NA,"305.1",NA
"Their policies will not protect Australians or our environment",NA,"501",NA
"and will not enable us to reap the economic rewards of comprehensive action.",NA,"410",NA
"But this plan does.",NA,"305.1",NA
"Not only will it create 805,000 jobs,",NA,"701",NA
"but it will improve the budget bottom line by $51.9 billion over the decade as we remove handouts for coal, oil and gas industries",NA,"414",NA
"and make them pay for the damage they are causing.",NA,"501",NA
"The Greens climate targets are for a 75% reduction on 2005 levels by 2030 and for net-zero emissions by 2035.",NA,"416.2",NA
"We then go further and aim to be a net-negative emissions economy with over 100 million tonnes of net drawdown every year by 2050.",NA,"416.2",NA
"Critical to our plan is the phase out of coal and gas, not only from our domestic economy, but also for export.",NA,"416.2",NA
"This is why our goal of reaching 700% renewables is critical as it will allow us to become a renewable energy superpower developing new export and manufacturing industries such as green hydrogen,",NA,"416.2",NA
"direct transmission of renewable energy",NA,"416.2",NA
"and the production of green metals.",NA,"416.2",NA
"The Greens’ Powering Past Coal and Gas climate and energy plan outlined in this document will enable these goals and targets to be met.",NA,"416.2",NA
"The plan will also mean 805,000 new jobs, with 162,000 direct jobs and 643,000 indirect jobs created across the country, particularly in areas most affected by the transformation that will be needed to reach net-zero in the next 13 years, like heavy industrial centres and deepwater ports.",NA,"701",NA
"Unlike Liberal and Labor’s plan, the Greens plan is realistic about what needs to be done.",NA,"416.2",NA
"It doesn’t rely on magical unicorns or technology yet to be invented or unrealistic offsets so polluters can keep on polluting.",NA,"416.2",NA
"8 2030 targets are taken from Party commitments of 26-28%/43%/75% below 2005 levels - for the Greens a linear trajectory was assumed from 2030 to 2035 net-zero, and then to a net drawdown target of 100 Mt per annum by 2050, for the Liberals a linear trajectory was assumed between a 2030 target and 2050 target of 94 Mt CO2e (as per the modelling for the Government’s Long Term Emissions Reduction Plan), for Labor a linear trajectory was assumed between 2030 and a 2050 net-zero target.",NA,NA,NA
"Key Elements",NA,"H",NA
"The expansion of Commonwealth-owned Snowy Hydro to become Clean Energy Australia and retasking to build 25 gigawatts of renewable energy and storage in the next eight years.",NA,"416.2",NA
"Plans for the proposed Kurri Kurri gas plant will be scrapped.",NA,"416.2",NA
"A $25 Billion FutureGrid fund to enable the rewiring of Australia, upgrading and building new publicly owned transmission lines and interconnectors linking up renewable energy zones in line with the market operator’s Integrated System Plan.",NA,"416.2",NA
"A job-for-job guarantee for coal workers affected by the transition to ensure they get good jobs at the same pay, by enabling their new employers to receive a wage subsidy of up to half the workers' former wage for up to 10 years.",NA,"701",NA
"Older workers will receive the payment until they reach retirement age.",NA,"701",NA
"The transition will be overseen by a national commission and ﬁve regional development authorities to drive new jobs and investment in coal communities.",NA,"701",NA
"A moratorium on new coal, oil and gas projects in line with International Energy Agency requirements and the introduction of a clear schedule for coal plant closures and a levy on coal mining to fund the transition as coal exports are phased out by 2030 (2040 for metallurgical coal).",NA,"416.2",NA
"A $15 billion “Made in Australia” Bank and manufacturing fund to support the transformation of existing industries such as steel, aluminium and other minerals and metals processing and our manufacturing industries to participate in the global zero-carbon economy.",NA,"416.2",NA
"Ending the $98 billion of handouts to corporations that encourage them to burn fossil fuels",NA,"416.2",NA
"and redirecting that money into creating new jobs and industries.",NA,"701",NA
"Subsidies to households and businesses to electrify heating, cooking and to install batteries.",NA,"416.2",NA
"A doubling of energy productivity by 2030 with a national energy eﬃciency scheme",NA,"416.2",NA
"and an economy-wide price on carbon.",NA,"416.2",NA
"A $50 a tonne price ﬂoor for farmers engaged in carbon farming to help them transform their businesses through guaranteed returns for their carbon credits (ACCUs).",NA,"416.2",NA
"Support for the development of a green hydrogen and renewable export industries.",NA,"416.2",NA
"THE CLIMATE CRISIS AND AUSTRALIA",NA,"H",NA
"The effects on Australia of going above 1.5 degrees",NA,"H",NA
"Every generation has prided itself on handing down a better quality of life for the next one coming through.",NA,"601.1",NA
"But right now we are on track for this intergenerational pact coming undone for the ﬁrst time in human history.",NA,"501",NA
"Unless we act decisively.",NA,"501",NA
"The climate and environmental crisis threatens to overwhelm Australia and the global economy.",NA,"416.2",NA
"We face civilisational collapse unless we keep global warming below 1.5 degrees.",NA,"416.2",NA
"Australia has an international, economic, scientiﬁc and environmental imperative to recognise the climate emergency and to act.",NA,"416.2",NA
"According to the world’s scientists, if the world doesn’t at least halve global pollution by 2030, our climatic system is at serious risk of tipping over into spiraling chain reactions.",NA,"416.2",NA
"Once set off, humans will no longer be able to control the climate breakdown.",NA,"416.2",NA
"No area of our lives would be untouched by this climate deterioration; from our food supply sending prices sky high, our hospital services being overrun, construction workers exposed to elevated temperatures, and infrastructure damage from sewerage systems to ﬂooding cities, to the loss of our iconic sand beaches.",NA,"416.2",NA
"But climate damage is not some far off, distant threat, we are already experiencing a shifting climate with 100-year bushﬁres and ﬂoods every few years.",NA,"501",NA
"Government agency Australian Bureau of Agricultural and Resource Economics and Sciences (ABARES) has calculated that each Australian farmer has already lost $29,200 in reduced income from climate change.9",NA,"416.2",NA
"While we need profound action, such actions are largely “no regrets” policies that will repower our economy",NA,"416.2",NA
"and offer prosperity and well-being to our people and nation.",NA,"416.2",NA
"Ending Coal, Oil and Gas: The International Energy Agency",NA,"H",NA
"The biggest cause of global heating is the mining, transporting and burning of fossil fuels - coal, oil and gas.",NA,"416.2",NA
"The phase out of fossil fuels is the number one task to halt our planet cooking.",NA,"416.2",NA
"According to the historically conservative International Energy Agency (IEA), not one new coal or gas project can proceed if we are to stay below 1.5 degrees.",NA,"416.2",NA
"Indeed, IEA has said that to meet even the net zero by 2050 commitment, not a single piece of new fossil fuel infrastructure can be built.",NA,"416.2",NA
"Despite this, both Liberal and Labor’s climate and energy plans envisage more coal, gas and oil projects.",NA,"416.2",NA
"Both major parties claim their policies will keep coal power stations open longer.",NA,"416.2",NA
"They pledge that more renewables won’t lead to less coal.",NA,"416.2",NA
"The government’s Chief Economist has identiﬁed 114 new coal and gas projects in the investment pipeline,10 all of them supported by Labor or Liberal governments.",NA,"416.2",NA
"In the Northern Territory, the Labor government backed by the Federal Liberal government and the Federal Labor party is opening up the vast Beetaloo Basin to gas and oil drilling.",NA,"416.2",NA
"In Western Australia, the Labor government has given the go ahead to Woodside’s giant Scarborough gas project.",NA,"416.2",NA
"In QLD, the Labor government has approved four new coal mines in the last year alone and is allowing fracking for the ﬁrst time in some of the world’s last free-ﬂowing desert river systems.",NA,"416.2",NA
"In Victoria, the Labor government is allowing oil and gas exploration next to the world famous Twelve Apostles.",NA,"416.2",NA
"9https://www.abc.net.au/news/rural/2021-07-29/abares-climate-change-costs-30k-per-farm/100331680#:~:text=Far",NA,NA,NA
"mers%20have%20been%20losing%2C%20on,the%20challenges%20of%20climate%20change",NA,NA,NA
"After Glasgow: Global Outcomes and Obligations",NA,"H",NA
"The Paris Agreement and the recent Glasgow Pact both signed by Australia set a clear goal of keeping global warming to 1.5 degrees and the halving of global emissions by 2030.",NA,"416.2",NA
"Australia is required to set out its “Nationally Determined Contribution” to this goal, including targets for emission reductions by 2030 with the expectation that Australia will update its target later this year with an increased ambition.",NA,"416.2",NA
"Critical to both agreements is the recognition that countries have “common but differentiated responsibilities” and “respective capacities”.",NA,"416.2",NA
"In other words, big historical and current polluters, such as Australia, have greater responsibility to take action to reduce emissions, and as a rich country we also have greater capacity to act.",NA,"416.2",NA
"In a nutshell, Australia’s emission targets should be much greater than the global average required to limit global warming, not less.",NA,"416.2",NA
"This is why Australia has a legal, economic and moral obligation to set much higher targets than the government’s reduction target of 26% below 2005 levels and Labor’s (updated and lowered) target of 43% below 2005 levels.",NA,"416.2",NA
"Australia’s independent Climate Targets Panel, using the same methodology as the most recent target assessment by the government’s Climate Change Authority, has determined that Australia’s 2030 reduction target must be at least 74% below 2005 levels.11",NA,"416.2",NA
"As the world’s third largest supplier of fossil fuels behind Saudi Arabia and Russia, we have an obligation that goes beyond this target: to stop exporting our dangerous products to the world and phase out the mining and export of coal and gas.",NA,"416.2",NA
"You only have a plan for the climate crisis if you have a plan for coal and gas.",NA,"416.2",NA
"10    https://www.industry.gov.au/data-and-publications/resources-and-energy-major-projects-2021",NA,NA,NA
"The Greens Plan for Net-Zero Emissions by 2035 and beyond",NA,"H",NA
"What is required to keep Australians safe is quite simple.",NA,"416.2",NA
"Shift electricity generation to renewables and storage.",NA,"416.2",NA
"Increase electricity production to allow the direct and indirect electriﬁcation of all energy used by households, businesses, transport and industry.",NA,"416.2",NA
"Soak up the remaining emissions and move to negative emissions by protecting our forests and landscapes, and reforming our agriculture to drawdown carbon from the atmosphere.",NA,"416.2",NA
"This will be a signiﬁcant but manageable structural adjustment to our economy and some regional communities.",NA,"416.2",NA
"That is why support for affected workers and their communities to shift to employment in other mining sectors or new industries is vital.",NA,"701",NA
"But it is also a huge economic opportunity for Australia’s land managers.",NA,"703.1",NA
"The Greens are the only party putting forward a set of policies and a comprehensive climate and energy plan that matches the international, economic, scientiﬁc and environmental imperatives.",NA,"305.1",NA
"Liberal and Labor both have inadequate climate reduction targets that are not science based and their explicit policy is to keep the mining, burning and export of coal and gas going.",NA,"416.2",NA
"Their policies will not protect Australians or our environment",NA,"501",NA
"and will not enable us to reap the economic rewards of comprehensive action.",NA,"410",NA
"The Greens climate targets are for a 75% reduction on 2005 levels by 2030 and for net-zero emissions by 2035.",NA,"416.2",NA
"We then go further and aim to be a net-negative emissions economy with over 100 million tonnes of carbon drawdown every year by 2050.",NA,"416.2",NA
"Critical to our plan is the phase out of coal and gas, not only from our domestic economy, but also for export.",NA,"416.2",NA
"This is why our goal of reaching 700% renewables is so critical as it will allow us to become a renewable energy superpower by a seven fold increase in electricity generation to allow us to develop new export and manufacturing industries such as green hydrogen, direct transmission of renewable energy and the production of green metals.",NA,"416.2",NA
"This goal has begun to be outlined in the Hydrogen Superpower Scenario of the latest Integrated System Plan developed by the Australian Energy Market Operator.12",NA,"416.2",NA
"With legislated targets and a reformed Climate Change Authority resourced to develop sectoral emission reduction plans, signiﬁcant cuts will be able to be made over the next decade reaching net-zero by 2035 and then continue to reduce gross emissions to deliver net drawdown out to 2050 and beyond.",NA,"416.2",NA
"The Greens Powering Past Coal and Gas climate and energy plan outlined in this document will enable these goals and targets to be met.",NA,"416.2",NA
"11    https://www.climatecollege.unimelb.edu.au/australias-paris-agreement-pathways",NA,NA,NA
"12 Hydrogen Superpower Scenario, 2022 Draft Integrated System Plan:",NA,NA,NA
"https://aemo.com.au/-/media/ﬁles/major-publications/isp/2022/draft-2022-integrated-system-plan.pdf",NA,NA,NA
"Proposed sectoral emission reductions",NA,NA,NA
"SECTION ONE: CLIMATE LEADERSHIP",NA,"H",NA
"The Greens will restore climate leadership to Australia, ﬁrstly by legislating climate targets for a 75% reduction on 2005 levels and net-zero by 2035, and set a goal of 100% renewables by 2030 and long-term goal of 700% renewables.",NA,"416.2",NA
"We will then establish the machinery of government needed to implement action on these targets and restore integrity to government decision making by removing the inﬂuence of the fossil fuel lobby.",NA,"304",NA
"Finally, the Greens will move Australia from climate laggard and saboteur to climate leader on the international stage using our diplomatic resources to ﬁght for global action.",NA,"107",NA
"National Climate Action Taskforce",NA,"H",NA
"Responding to the climate crisis requires a whole-of-government plan for Australia to achieve net zero emissions by 2035 and manage carbon drawdown afterwards.",NA,"501",NA
"The focus, resources, partnerships and effort to achieve a 75% reduction by 2030 are huge.",NA,"501",NA
"Just in the way that all of society mobilised to keep us safe in World War II and more recently during the COVID-19 global pandemic, we must bring the same urgency and dedication to stop global heating spiralling out of control.",NA,"501",NA
"The Powering Past Coal and Gas plan calls for the establishment of a standing National Climate Action Taskforce to achieve a coherent, whole of government, Australia-wide response over this critical decade.",NA,"501",NA
"This National Climate Action Taskforce will be advised by a well resourced Climate Change Authority (CCA), with its current former coal and gas executives removed.",NA,"416.2",NA
"They will conduct a national security assessment of the impacts of the climate crisis on Australia’s economy and society,",NA,"416.2",NA
"advise the National Climate Action Taskforce on eight net zero plans for each sector of the economy,",NA,"416.2",NA
"and develop a negative emission drawdown program post-2035.",NA,"416.2",NA
"Finally, the CCA will be tasked with preparing for the impacts of the climate crisis that we cannot avoid as a result of the warming that has already occurred and is baked into earth’s climatic systems.",NA,"416.2",NA
"International Action",NA,"H",NA
"The Greens will also support the hosting of a UN Framework Convention on Climate Change Conference of the Parties in Australia and the restoration of the role of Climate Ambassador.",NA,"501",NA
"We will ensure Australia becomes a signatory to the Global Methane Pledge and the Fossil Fuel Non-Proliferation Treaty.",NA,"416.2",NA
"Australia will also join the Powering Past Coal Alliance and the Beyond Oil and Gas Alliance.",NA,"416.2",NA
"Australia will resource and align our international diplomatic efforts closely with the Alliance of Small Island States who have led the world on commitments to keep global warming below 1.5 degrees as they are the countries which are under immediate existential threat from the climate crisis.",NA,"107",NA
"Integrity in government",NA,"H",NA
"It is time to remove the inﬂuence and power of coal and gas corporations over the Liberal, National and Labor parties.",NA,"304",NA
"Their stranglehold comes from donations, access through fundraising dinners, private jets carrying Ministers alongside gas CEOs, offering Ministers and their staff executive level jobs after leaving Parliament, while gas lobbyists get appointments to government advisory roles or into the Prime Minister’s Oﬃce as senior advisers and chief-of-staff.13",NA,"304",NA
"If either the Coalition or Labor form government on their own, climate policy will continue to be written by coal and gas companies protecting their interests.",NA,"304",NA
"But in a power-sharing Parliament, the next government will be forced to listen to the Greens and Independents instead.",NA,"304",NA
"Lobbyists hate power-sharing parliaments because they can’t simply secure backroom deals with government Ministers and Parliament ceases to be the government’s rubber stamp.",NA,"304",NA
"The Greens will take the necessary steps to begin cleaning up our political system, including:",NA,"304",NA
"Capping donations at $1,000 a year, so inﬂuence can no longer be bought;",NA,"304",NA
"Introducing a national anti-corruption body to investigate politicians, public servants and third party businessmen who have ﬁnancially beneﬁted through undue inﬂuence;",NA,"304",NA
"For a period of ﬁve years, preventing Ministers from leaving Parliament and working for the same industries that they presided over.",NA,"304",NA
"13",NA,NA,NA
"https://www.theaustralian.com.au/business/margin-call/former-minerals-council-ceo-brendan-pearson-appointed-to-s",NA,NA,NA
"cott-morrisons-pmo/news-story/d1007cc1335d053374ca4ed0c749f56a",NA,NA,NA
"SECTION TWO: PHASING OUT COAL AND GAS WHILE LOOKING AFTER COAL COMMUNITIES",NA,"H",NA
"No New Coal, Oil and Gas",NA,"H",NA
"In an emergency, the very ﬁrst action we have to take is to immediately remove whatever is causing the damage.",NA,"416.2",NA
"For the climate emergency, that means keeping all untapped coal, oil and gas ﬁelds in the ground.",NA,"416.2",NA
"Renewable energy helps replace coal and gas, but renewable energy alone isn’t what stops climate change.",NA,"416.2",NA
"Keeping fossil fuels in the ground is what will halt the climate crisis.",NA,"416.2",NA
"So long as the Coalition and Labor have no plan for coal, oil and gas, they have no plan for climate change.",NA,"416.2",NA
"For oil and gas projects in Commonwealth waters, the government can - without legislation - prevent the issuing of all new exploration permits.",NA,"416.2",NA
"Similarly, the Federal Parliament can override all fracking in the Northern Territory and put an end to the Beetaloo gas climate bomb.",NA,"416.2",NA
"For everywhere else, the Federal Government could use their Constitutional powers (either the corporations power or the external affairs power) to override the States to cancel all coal, gas and oil exploration leases",NA,"416.2",NA
"and prevent the renewal or expansion of existing projects.",NA,"416.2",NA
"According to the independent Parliamentary Budget Oﬃce, the expected lost revenue from preventing all expansion of coal and gas projects is a manageable $3.8 billion over the decade.",NA,"410",NA
"Coal Closure Timeline",NA,"H",NA
"In order to keep coal in the ground and ensure that workers have ﬁnancial security while governments and clean energy companies have clear guidance for investment of how much power needs to be built where, and by when, a staged closure of coal stations is crucial.",NA,"416.2",NA
"A planned coal closure framework will create a jobs boom in renewable energy construction that won’t end in a bust, but ensure a steady continuation of employment right around the country for the next two decades.",NA,"701",NA
"Based on the coal closure timeline below, a staggering 1.24 billion tonnes of pollution can be avoided.",NA,"416.2",NA
"That is the equivalent of two and a half years of annual emissions for the entire country.",NA,"416.2",NA
"In combination with a job-for-job guarantee for coal workers and a funded plan for coal communities to diversify with ongoing ﬁnancial stability, we can ensure coal workers aren’t abandoned to the whims of company boardrooms like they currently are.",NA,"701",NA
"The management of the coal closure timeline would be undertaken by the energy market operator, AEMO, who have already charted how Australia can build this future.14",NA,"416.2",NA
"Below is the timeline of closure that a 1.5 degree climate budget requires.",NA,"416.2",NA
"Job-for-Job Guarantee: Looking after coal communities",NA,"H",NA
"Late last year Australia’s energy market operator said that half of the existing coal ﬂeet will close by 2030, and coal plants are bringing forward their closure dates at a rapid rate, yet there is still no plan for workers and communities.15",NA,"701",NA
"Coal workers know they are being lied to by Liberal and Labor politicians who say coal will stay in the system for decades.",NA,"701",NA
"They know they are going to get screwed over by coal corporations; they just want a clear pathway that will ensure their ﬁnancial security and keep their communities in place.",NA,"701",NA
"No coal worker should suffer the anxiety and ﬁnancial insecurity that comes from losing their job suddenly.",NA,"701",NA
"With a planned transition, we can assure workers that they will continue in gainful employment until retirement, and that their children will have jobs in the region that they love, long after coal mines and coal plants have closed.",NA,"701",NA
"We owe coal workers a debt of thanks for powering our country.",NA,"701",NA
"We don’t need to choose between taking urgent climate action and supporting coal communities.",NA,"701",NA
"We can do both.",NA,"701",NA
"A job-for-job guarantee program will secure new jobs for coal workers, including in mining and energy, without loss of pay.",NA,"701",NA
"A generous ﬁnancial support package to support coal workers move to new industries was a central component of the successful strategy employed by Germany to phase out their coal industry without a single worker losing their job.16",NA,"701",NA
"The Job-for-Job Guarantee package will provide 50% of a coal worker's wage for a decade, provided as a wage subsidy to employers who provide an equivalent paying job.",NA,"701",NA
"Workers over 55 will be able to receive the wage subsidy for up to 12 years as they transition to retirement.",NA,"701",NA
"Workers who cannot ﬁnd alternative work can receive the subsidy directly.",NA,"701",NA
"Local economies will be supported by local Authorities.",NA,"301",NA
"Members will be drawn from across unions, business, academia, NGOs, First Nations and government to develop local tailored plans to secure their economic transition.",NA,"405",NA
"These local Authorities will be overseen by a national commission responsible for the administering the $2.8 billion Diversifying Coal Communities Fund, which will approve and fund the local plans across the nation",NA,"701",NA
"while also developing industry wide job pooling to work with regional employers to share those remaining jobs,",NA,"701",NA
"support older workers",NA,"701",NA
"and hold communities together.",NA,"701",NA
"Further ﬁnancial support for new jobs and new industries will be provided through the Manufacturing “Made in Australia” Bank, the Green Steel Fund, Green Aluminium and Green Hydrogen Fund, as well as free reskilling under TAFE and university courses.",NA,"701",NA
"15 Step Change Scenario (voted most likely outcome by those engaged in AEMO’s consultations) shows 14GW of the current 23GW of coal ﬁred power will be removed. 2022 Draft Integrated System Plan, page 44:",NA,NA,NA
"https://aemo.com.au/-/media/ﬁles/major-publications/isp/2022/draft-2022-integrated-system-plan.pdf",NA,NA,NA
"16https://www.abc.net.au/news/2020-02-18/australia-climate-how-germanyis-closing-down-its-coal-industry/1190288",NA,NA,NA
"4",NA,NA,NA
"End Handouts for Coal, Oil and Gas Corporations",NA,"H",NA
"The Morrison government’s priority focus during the Covid-induced recession was not on securing vaccines and building purpose quarantine facilities to keep Australians safe.",NA,"305.1",NA
"Instead it was on a “gas ﬁred recovery” and shovelling even more money at fossil fuel donors.",NA,"416.2",NA
"A staggering $20,000 is handed over every minute of every day from the government to support the burning of coal, oil and gas.17",NA,"416.2",NA
"To stay below 1.5 degrees - or even achieve net zero by 2050 - the world’s climate budget cannot accommodate one single new coal or gas machines or infrastructure,18 yet Federal and State Liberal and Labor governments are actively pouring money into opening up new coal, oil and gas projects.",NA,"416.2",NA
"By stopping the handouts that encourage the use and development of fossil fuels, we can free up a staggering $98.4 billion over the decade to redirect from these sunset industries to reinvest in the sunrise jobs and industries of the future.",NA,"416.2",NA
"17  https://australiainstitute.org.au/post/australian-fossil-fuel-subsidies-hit-10-3-billion-in-2020-21",NA,NA,NA
"18https://www.theguardian.com/environment/2021/may/18/no-new-investment-in-fossil-fuels-demands-top-energy-ec",NA,NA,NA
"onomist",NA,NA,NA
"Make the Polluters pay for the damage they are doing",NA,"H",NA
"In 2010, when the Greens shared power to push the Labor party to go further and faster on climate change we established the carbon pricing mechanism that saw the greatest reduction in emissions ever recorded in Australia.",NA,"501",NA
"The Greens want a carbon price to pick up where it was heading before it was trashed by Tony Abbott;",NA,"501",NA
"linked to the European carbon market for the beneﬁt of Australian farmers",NA,"703.1",NA
"and driving innovation, clean investment and emissions reductions right across the entire economy, while limiting international offsets to drive these new industries here in Australia.",NA,"416.2",NA
"Not only does a carbon price change the investment decisions of heavy industry, gas exporters and energy companies,",NA,"416.2",NA
"but it creates a new revenue source for farmers who can sell abatement on their land.",NA,"703.1",NA
"SECTION THREE: POWERING PAST COAL WITH 100% RENEWABLE ELECTRICITY BY 2030",NA,"H",NA
"The ﬁrst step on our pathway to 700% renewables is transforming our electricity generation and transmission system.",NA,"416.2",NA
"The planning work has already been done by the Australian Energy Market Operator (AEMO), and there are no technological or economic barriers to Australia achieving 100% clean energy by 2030.19",NA,"416.2",NA
"The only barriers are political.",NA,"304",NA
"By phasing out coal and gas power plants, investing in offshore and onshore wind, solar and energy storage and rewiring Australia with a 21st century electricity grid we can repower our economy and society with clean energy.",NA,"416.2",NA
"By shifting to renewable energy and “electrifying everything” we not only drive carbon pollution to zero,",NA,"416.2",NA
"but we can lower home energy bills and industry costs",NA,"403",NA
"while creating jobs around the country.",NA,"701",NA
"Clean Energy Australia: a Publicly Owned Power Generation Company",NA,"H",NA
"Australia already has a publicly owned generation company, the historic Snowy Hydro Corporation.",NA,"416.2",NA
"But instead of tasking it with investing in the renewables boom, the Government has provided $600 million to Snowy to build a new gas-ﬁred power station, we will change that.",NA,"416.2",NA
"The Greens’ Powering past coal and gas plan means a big build of renewables, through an expansion of Snowy Hydro and creating two new entities from it: Clean Energy Australia, a wholesale clean energy generator;",NA,"416.2",NA
"and Power Australia, a not-for-proﬁt electricity retailer.",NA,"416.2",NA
"Clean Energy Australia will be supplied with $40 billion of equity over the next six years, supporting it to build over 25 gigawatts of wind, solar, batteries and off-river pumped hydro capacity by the end of this critical decade to replace existing coal capacity.",NA,"416.2",NA
"This public investment would also require local and green supply chains, increasing procurement from Australian-based companies and companies using innovative low emission technologies.",NA,"416.2",NA
"This construction will only impact the ﬁscal balance by $0.2 billion over the decade, given the proﬁtability of these investments.",NA,"414",NA
"19 Yes, it is entirely possible for Australia to phase out thermal coal within a decade (theconversation.com), see also Hydrogen Superpower scenario in AEMO’s 2022 Draft Integrated System Plan.",NA,NA,NA
"FutureGrid: Rewiring Australia’s Energy System",NA,"H",NA
"To rapidly deploy the clean energy required to electrify everythingand export our sun and wind energy overseas, we have to urgently upgrade and build new transmission networks - the poles and wires - so that we can open up our sunniest and windiest areas on our land and in our oceans for new jobs and investment.20",NA,"416.2",NA
"By enmeshing our grid and linking up these Renewable Energy Zones, we will unlock new construction and jobs right around the country with a guaranteed connection to the best renewable resources available.",NA,"701",NA
"However, these transmission lines have become the most expensive component of our electricity.",NA,"416.2",NA
"Privatisation of essential services has been a failure, with proﬁts gouged through electricity bills where they need not be.",NA,"416.2",NA
"We need a publicly-owned build of those key transmission projects identiﬁed by AEMO to open up access to Australia’s renewable hotspots.",NA,"416.2",NA
"As a public infrastructure project, our FutureGrid plan will keep power prices down by only seeking to recoup costs rather than seek ongoing proﬁts from households and businesses for decades, like our current privatised market model allows.",NA,"416.2",NA
"That is why a new government transmission company FutureGrid will deliver essential services by purchasing key interconnectors and opening up new Renewable Energy Zones, with $25 billion of equity available to FutureGrid to build this transformation by 2027.",NA,"416.2",NA
"20",NA,NA,NA
"https://www.theguardian.com/australia-news/2019/feb/19/renewables-urgent-investment-australia-transmission-bott",NA,NA,NA
"lenecks",NA,NA,NA
"Solar on Schools: putting solar on public buildings",NA,"H",NA
"A $5 billion, eight year program will be rolled out to utilise the energy from the roofs of all public schools, TAFEs and public universities to allow for retroﬁtting and refurbishment of existing facilities to be green, accessible, and sustainable.",NA,"416.2",NA
"In addition to creating lots of installation jobs right around the country, putting solar on schools will lower the day to day operating costs of our public education institutions, freeing up more money for them to spend on students, classrooms, and school grounds.",NA,"506",NA
"Other public buildings such as libraries, hospitals, and council buildings will be able to apply to the Australian Renewable Energy Agency (ARENA) for $240 million in grants to improve their energy productivity and install renewables.",NA,"416.2",NA
"Greens policies will mean electricity generation will reach 100% renewables by 2030 and emissions will be zero.",NA,"416.2",NA
"Electricity demand will continue to grow in the coming decades, with a goal of  reaching seven times the current demand to underpin the electriﬁcation of transport, homes, business and industry;",NA,"416.2",NA
"underpinning new energy intensive investment such as metals processing, manufacturing and data processing;",NA,"416.2",NA
"and new export industries in hydrogen and,",NA,"416.2",NA
"direct exports to the Asia-Paciﬁc region via undersea cables.",NA,"416.2",NA
"Locally Owned Community Renewables",NA,"H",NA
"A $100 million First Nations Communities fund to be administered by ARENA, would be established to power communities with cheap, clean power.",NA,"607.3",NA
"In addition, a new Commonwealth Agency - Australian Local Power Agency (ALPA) will establish 70 local power hubs to support renewable energy projects in regional communities.",NA,"607.3",NA
"This is similar to the proposal put forward by the Independent Member for Indi, Helen Haines, where each hub would be provided $500,000 a year for 5 years for establishment and administration costs.",NA,"607.3",NA
"Each hub would distribute seed grants and forgivable loans for small-scale renewable energy and storage projects that are community-driven, have broad local support, and deliver tangible beneﬁts to the region.",NA,"607.3",NA
"The new Agency would also underwrite community owned renewable energy generation and storage projects for up to 10,000 gigawatt hours each year for 10 years in order to guarantee ﬁnancial and project stability.",NA,"607.3",NA
"The Community Renewable Investment Scheme (CRIS) would require any new large-scale renewable development to offer 20 per cent of the project equity to local communities within 30 kilometres of the project.",NA,"607.3",NA
"To administer this scheme, the ALPA would be provided on-going funding to develop guidelines for the scheme, assess whether developers meet those guidelines, and award approvals once developers have completed co-investment funding rounds.",NA,"607.3",NA
"21 These policies draw on the Local Power Plan originally proposed by Helen Haines, the independent MP for Indi.",NA,NA,NA
"SECTION FOUR: REPLACING COAL AND GAS EXPORTS WITH A 700% RENEWABLES INDUSTRY",NA,"H",NA
"Australia’s biggest contribution to the climate breakdown is coal exports.",NA,"416.2",NA
"We are the world’s biggest exporter of coal.22",NA,"416.2",NA
"Approximately 80 per cent of the coal we dig up is exported.",NA,"416.2",NA
"All our coal damages our country no matter where it is burned.",NA,"416.2",NA
"The policies of the Labor and Liberal parties’ don’t deal with the climate disaster because they won’t touch the mining and exporting of coal.",NA,"416.2",NA
"Meanwhile, Japan and South Korea — two of our biggest energy importers,23 have lifted their climate targets and told the world that they are phasing out coal and gas imports to substitute it with green hydrogen.24",NA,"416.2",NA
"The clean energy export economy is ours to make.",NA,"416.2",NA
"It requires developing hydrogen and ammonia export infrastructure and international underwater cables for direct transmission.",NA,"416.2",NA
"22     https://www.weforum.org/agenda/2018/01/these-are-the-worlds-biggest-coal-producers",NA,NA,NA
"23     https://www.australianmining.com.au/features/where-does-australias-coal-go-infographic",NA,NA,NA
"24   https://www.chiefscientist.gov.au/wp-content/uploads/HydrogenCOAGWhitePaper_WEB.pdf",NA,NA,NA
"Phasing out gas exports and retroﬁtting gas terminals for hydrogen and ammonia exports",NA,"H",NA
"Gas that is fracked and extracted from below the land (called unconventional gas), has to constantly have new wells drilled into the ground because the gas reserves deplete very quickly.",NA,"416.2",NA
"The Greens policy of keeping all remaining gas reserves in the ground means that the LNG exports out of Gladstone Port will begin to decline by a rough rate of 50% by 2030 and 95% by 2040.",NA,"416.2",NA
"Rather than accepting this stranded asset, the Greens plan will dedicate funding from the mid-2020s to retroﬁt these export terminals for hydrogen.",NA,"416.2",NA
"While hydrogen will require substantial upgrading of pipelines, port infrastructure, and compression or transformation technology, the existing major LNG exports hubs in Gladstone, Darwin, and the Pilbara have an excellent infrastructure base on which to build hydrogen export hubs with our $4.5 billion Green Hydrogen Australia fund.",NA,"416.2",NA
"In order to ensure a stable and predictable transition away from gas, existing offshore gas reserves, while not being able to expand, will be able to deplete their reserves to meet the declining demand in Asia.",NA,"416.2",NA
"The north-west shelf will run out of reserves by 2028 followed by Wheatstone in 2033 while Prelude and Darwin LNG will expire in 2044 and Ichthys, Gorgon, and Pluto will ﬁnish in 2049 at the very latest.25",NA,"416.2",NA
"To ensure Australian homes and businesses don’t get caught without gas, a massive fuel switching program will occur for Australian homes and businesses (page 41-42), combined with a nationwide energy-eﬃciency program (page 46).",NA,"416.2",NA
"Coal Exports Levy",NA,"H",NA
"80% of the coal Australia extracts is exported overseas, just like their proﬁts.",NA,"416.2",NA
"Coal companies are proﬁting from driving climate-fuelled natural disasters while the rest of us have to pay to clean up the damage their products are causing.",NA,"416.2",NA
"To align a coal phase out plan for both energy and steelmaking coal, with the necessary price signals according to their value, each tonne of thermal coal exported would have a levy of $1 per tonne and $3 for coking coal before rising by a further $1-3 per year.",NA,"416.2",NA
"We will also place an export cap on thermal coal exports, using tradable permits issued by the Commonwealth to decrease the maximum allowable annual thermal coal exports from 230 million tonnes in 2023 to 0 by 2030.",NA,"416.2",NA
"The $21.7 billion raised over this decade of phase out would go towards two key priorities: Paying for their damage by covering the costs and creating the new jobs,",NA,"701",NA
"in preparing Australian homes and protecting communities from the unavoidable impacts of climate change (see pages 52-54);",NA,"411",NA
"Research and Development support for the replacement of coking coal into green hydrogen for the steel making process to be established in multiple locations around the country (see page 37);",NA,"416.2",NA
"25    https://www.afr.com/companies/energy/lng-exports-risk-going-from-hero-to-zero-20211115-p598xk",NA,NA,NA
"Make Gas Exporters Pay Taxes and Royalties",NA,"H",NA
"The Australian Tax Oﬃce has named gas companies “systemic non-payers of tax”.26",NA,"403",NA
"Despite Australia’s gas exporters earning more than $50 billion in exports, the Tax Oﬃce expects that no signiﬁcant revenue will be paid under the existing tax system “until the mid 2030s”, a decade later than expected.27",NA,"403",NA
"Qatar and Australia export the most LNG in the world.",NA,"403",NA
"While we export around the same amount of gas, Qatar raises $20 billion a year in gas taxes,28 and Australia earned just $0.88 billion from gas companies last year.29",NA,"403",NA
"Not only do we barely collect any tax, but we give away gas in Commonwealth waters completely free, no royalties are paid.",NA,"403",NA
"No royalties, no taxes, very few jobs, but gas companies continue to have a complete stranglehold over our political parties.",NA,"304",NA
"To pay for the climate transition",NA,"416.2",NA
"and fund essential services the community needs,",NA,"504",NA
"the Greens propose to ﬁx the broken regimes regime for petroleum rent taxes by: Charging royalties to extract the gas in Commonwealth waters;",NA,"403",NA
"and Immediately wiping the $282 billion backlog of ‘tax avoidance’ credits gas companies have built up (which go up in value every year by 5-15% above inﬂation).30",NA,"403",NA
"26     https://www.afr.com/politics/federal/oil-gas-systemic-non-payers-of-tax-20191211-p53iys",NA,NA,NA
"27 Second Commissioner of the ATO, Jeremy Hirshborn at Senate Economics Legilsation Comittee, Estimates Hearing on 27 October 2021.",NA,NA,NA
"28https://theconversation.com/in-the-midst-of-an-lng-export-boom-why-are-we-getting-so-little-for-our-gas-131461",NA,NA,NA
"29https://www.abc.net.au/news/2021-12-10/companies-multinationals-corporate-tax-transparency-ato-covid19/10068",NA,NA,NA
"7574",NA,NA,NA
"Doing this will raise $92.2 billion from these gas giants over this critical decade.",NA,"403",NA
"Greens policies for a moratorium on new coal, oil gas and to phase out existing coal, oil and gas extraction will see fugitive emissions from fossil fuel production decline to very low levels by 2035.",NA,NA,NA
"Fugitive emissions from some remnant metallurgical coal and gas production will be cancelled out by negative emissions in the LULUCF (Land Use, Land-Use Change and Forestry) sector.",NA,NA,NA
"30 ATO 2018-19 Taxation Statistics PRRT carry forward credits.",NA,NA,NA
"Building Clean Energy Export Infrastructure: Restoring ARENA’s funding cuts",NA,"H",NA
"Wind and solar can be turned into emissions-free hydrogen through electrolysis and exported overseas within ammonia, as ‘bottled wind and sunlight’.",NA,"416.2",NA
"Similarly, we can build massive underwater transmission cables that extend into Asia, something a project called ‘Suncable’ is working on right now out of the Northern Territory.",NA,"416.2",NA
"To turn these opportunities to make 700% renewables into reality",NA,"416.2",NA
"and help our neighbours reduce their emissions too,",NA,"416.2",NA
"we have to invest in bringing down production, logistics costs and put market infrastructure in place in order to prove our supply chain will be the smartest and most eﬃcient in the world.",NA,"416.2",NA
"This is a role perfectly suited to ARENA, working in partnership across government and industry.",NA,"416.2",NA
"At the beginning of the previous Parliament, the Liberal and Labor parties teamed up to strip half a billion dollars out of ARENA’s budget.31",NA,"416.2",NA
"The Greens will reinstate ARENA funding, investing $500 million in the ﬁrst year of the forward estimates, with the sole purpose of building up Australia’s clean energy export capability.",NA,"416.2",NA
"The Greens will also revise the mandate of the Export Finance and Insurance Corporation and Clean Energy Finance Corporation to facilitate support for the development of renewable energy exports and High Voltage DC transmission cables and hydrogen fuel exports into Asia.",NA,"416.2",NA
"31",NA,NA,NA
"https://www.theguardian.com/australia-news/2016/sep/13/labor-accused-of-being-clean-energy-charlatans-after-dea",NA,NA,NA
"l-to-cut-500m-from-arena",NA,NA,NA
"SECTION FIVE: REFURBISH OUR INDUSTRIAL HUBS AND CREATE A MANUFACTURING RENAISSANCE",NA,"H",NA
"The biggest winners of the transformation to a hydrogen superpower are existing deepwater ports co-located with heavy industry and offshore wind resources.",NA,"416.2",NA
"That means places like Gladstone in Queensland, the Hunter and Illawarra in NSW, and LaTrobe Valley/Southern Gippsland in Victoria will come out on top.",NA,"410",NA
"This is because hydrogen is large, heavy, and expensive to transport long distances, which means the best use for hydrogen is for it to be used nearby (either for steel making and other industrial uses, or to convert into ammonia and fertilisers for export).",NA,"416.2",NA
"With 40,000GW of wind potential in Australian waters (by way of reference, Australia’s entire energy grid is around 55GW of capacity), the creation of hydrogen in deepwater industrial centres connected to our offshore wind resources gives Australia a massive global advantage.",NA,"416.2",NA
"But it won’t happen without serious public investment from an entrepreneurial state working with Australian and global industry.",NA,"410",NA
"Manufacturing “Made in Australia” Bank",NA,"H",NA
"Clean, cheap abundant energy from our vast sun and wind resources will be Australia’s competitive advantage in net zero global trade, but only if we seize it.",NA,"416.2",NA
"With such abundance of sun and wind energy, we can drive energy costs close to zero, which will see the return of manufacturing to our shores.",NA,"402",NA
"Australia’s Manufacturing renaissance can occur in those select areas we know we could have an advantage in a zero carbon economy, from manufacturing electrolysers, heat pumps and battery technologies.",NA,"402",NA
"But it can also extend to medical equipment and pharmaceuticals, food and packaging products.",NA,"402",NA
"There are also great opportunities in supply chains for electric vehicle components, wind towers and public transport infrastructure made with emissions free steel.",NA,"402",NA
"A $15 billion ‘Made in Australia’ manufacturing bank would support manufacturing, innovation, industrial decarbonisation and re-localisation of supply chains.",NA,"402",NA
"It would have a similar structure to the existing Clean Energy Finance Corporation (CEFC) in terms of the Commonwealth balance sheet and provide direct grants, equity investment, ﬁnancing and concessional loan options depending on the corporate structure of applicants.",NA,"402",NA
"However $3 billion in direct grants would also be available for co-investment.",NA,"402",NA
"Industrial process emissions are generated by a wide variety of industrial activities, such as manufacturing.",NA,"416.2",NA
"Policies like the ‘Made in Australia Bank’ will support the decarbonisation of Australian manufacturing",NA,"416.2",NA
"and lead to signiﬁcant emissions reductions in industrial processes.",NA,"416.2",NA
"Remaining emissions will be cancelled out by negative emissions in the LULUCF sector.",NA,"501",NA
"The “Made in Australia Bank” would target small businesses, worker’s cooperatives, green not-for-proﬁt and social enterprises that are engaged in innovative production, research and development.",NA,"402",NA
"The bank would manage $12 billion of equity and concessional loan investments with loan repayments, returns on equity and earnings reinvested.",NA,"402",NA
"The total impact on the ﬁscal balance would be $5.1 billion over the critical decade.",NA,"410",NA
"A Green Future for heavy industry and deepwater ports",NA,"H",NA
"To secure the future of Australia’s heavy industry in a world without emissionns, a series of sector-specific agencies and funds will be created to protect and modernise existing heavy industries,",NA,"410",NA
"and focus on areas of future clean exports like hydrogen through ammonia and green steel.",NA,"416.2",NA
"A Green Steel Fund and Green Metals Australia will support using Australia’s vast iron ore deposits to create Green Steel from hydrogen, to export value added products to the world again, instead of just being a quarry with jobs and export value lost to our overseas customers.",NA,"410",NA
"Green Metals Australia will be funded with $3.5 billion of capital over the next ten years and an additional $500 million for Green Steel development speciﬁcally.",NA,"410",NA
"Complementing that will be Green Hydrogen Australia, with $4.5 billion over the critical decade to ensure those crucial markets like Japan and South Korea get their green hydrogen from Australia instead of competitors in the Middle East or South America.",NA,"416.2",NA
"This fund will ensure that Australia becomes a leader in green ammonia and other value chains for zero carbon fuels and feedstocks.",NA,"416.2",NA
"Green Aluminium Australia will start out with $150 million over the critical decade to modernise and secure its emissions free future.",NA,"416.2",NA
"In addition, Snowy Hydro will seek to acquire the Portland Smelter and retroﬁt its potlines with additional capital grants of $212 million, so it acts as a giant energy demand management centre in Australia’s smart electricity network.",NA,"416.2",NA
"The very hard-to-abate sector of cement will also receive a dedicated $200 million for research & development to reduce emissions in production and electriﬁcation processes.",NA,"501",NA
"The Clean Technology Program that was axed by Tony Abbott, will be reinstated to co-invest with industry in capital equipment that will help electrify everything and replace gas use and gas feedstocks.",NA,"501",NA
"It will have its previous funding doubled to $1.6 billion between 2022-23 and 2028-29.",NA,"501",NA
"$200 million will also be provided to reinstate the Clean Technology Food and Foundries Investment Program that was also axed.",NA,"501",NA
"That will help manufacturers in the food and foundries industries to invest in energy eﬃcient capital equipment, shift off gas and emissions intensive fertilisers,",NA,"501",NA
"and ﬁnally the Clean Technology Innovation Program will be allocated $400 million to support research that would reduce greenhouse gas emissions.",NA,NA,NA
"Policies to restore funding for the Clean Technology Program, fund R&D in the cement industry, and Green Metals Australia will ensure that manufacturers are able to invest in emissions-free technologies.",NA,NA,NA
"Stationary energy emissions are the result of energy generation for manufacturing, commercial and construction sectors, and the negative emissions in the LULUCF sector will mitigate the remaining stationary energy emissions.",NA,NA,NA
"R&D for Shipping, Aircraft and New Technologies",NA,"H",NA
"Shipping and aviation are very hard sectors to reduce emissions in.",NA,"416.2",NA
"A combination of electriﬁcation, bio-fuels derived from (non-forestry) waste and hydrogen-based fuels is what will be needed to get their emissions to zero.",NA,"416.2",NA
"$100 million will be allocated to drive the research and uptake of replacement fuels and technologies for international travel and shipping.",NA,"416.2",NA
"More funding will be allocated to pursue speciﬁc policy or further research outcomes that come out of the initial allocation.",NA,"416.2",NA
"Making Electric Vehicles in Australia",NA,"H",NA
"Supporting an electric vehicle (EV) manufacturing industry will mean thousands of jobs for Australians",NA,"701",NA
"It will have ﬂow on beneﬁts supporting research, development, and manufacturing across the country in other industries.",NA,"410",NA
"The Greens will provide $1.2 billion in support to the manufacturing of electric vehicles and their components here in Australia, including a national plan, coordination with major buyers including state and territory governments.",NA,"402",NA
"These grants will operate similarly to the Automotive Transformation Scheme that the Morrison Government underspent by hundreds of millions of dollars, with grants that can cover up to 15% of the cost of eligible plant and equipment and 50% of eligible research and development investments.",NA,"402",NA
"Eligible companies would include not only electric vehicle manufacturers, but electric vehicle component manufacturers such as producers of lithium-ion batteries, electric motors and EV charging equipment.",NA,"402",NA
"We will also secure the demand pipeline for Australian-made vehicles, with our First EV Grant providing a 50% loading for Australia made cars and light commercial vehicles, pushing down the comparative price of an Australia made EV compared to imported models.",NA,"402",NA
"A Circular Economy",NA,"H",NA
"Building a circular economy that works means creating a whole-of-government approach.",NA,"416.2",NA
"We will invest $500 million over ﬁve years into infrastructure and programs to reboot recycling",NA,"416.2",NA
"and support the growth of a robust, jobs creating, waste and recycling system.",NA,"701",NA
"We will also use this investment to support local councils with grants and other assistance to make the transition to a circular economy.",NA,"416.2",NA
"We will amend legislation to make the Australasian Recycling Label mandatory.",NA,"416.2",NA
"The Greens will also empower community action and incentivise manufacturers to include recycled content in their products by introducing a Made with Australian Recycled Content label.",NA,"416.2",NA
"We have the opportunity to be a major driver of research, development, and entrepreneurship.",NA,"410",NA
"The Greens will support leadership in Australia’s research efforts into avoiding, reducing and replacing plastic waste, cleaning up our oceans and ﬁnding end-markets for recovered plastic, through a Plastics Co-operative Research Centre (CRC) or other appropriate means.",NA,"501",NA
"Federal funding of $50 million over ten years would be provided.",NA,"501",NA
"Our policies to create a circular economy, including rebooting recycling,",NA,NA,NA
"incentivising manufacturers to include recycled content in their products,",NA,NA,NA
"and funding research and development to avoid and reduce plastic waste will drive emissions reductions in the waste sector.",NA,NA,NA
"SECTION SIX: SAVING AUSTRALIAN HOMES AND BUSINESSES MONEY BY ELECTRIFICATION",NA,"H",NA
"What has become clear is that acting on climate change doesn’t require personal sacriﬁce or higher costs of living, in fact many essential services will come down in price.",NA,"501",NA
"It is not acting on the climate crisis that will cost us the earth.",NA,"501",NA
"The below section of policy measures are designed to drive down Australia’s emissions rapidly,",NA,"501",NA
"but they also have the effect of lowering the ﬁnancial pressures of daily living,",NA,"409",NA
"from electricity and heating use,",NA,"416.2",NA
"to personal transport",NA,"408",NA
"and businesses operating costs.",NA,"410",NA
"The section below on adapting for climate impacts will also lower the costs of insurance premiums and health costs,",NA,"504",NA
"while also creating jobs in building the social infrastructure we need to keep us safe from increasingly intense natural disasters.",NA,"701",NA
"PowerAustralia: A not-for-proﬁt government owned retailer",NA,"H",NA
"Privatisation of essential energy production has been a disaster and has hit lower income households the hardest.",NA,"413",NA
"Energy retailers have done nothing to improve the quality of our lives by spending our money mercilessly advertising back to us.",NA,"413",NA
"It’s time to end this failed experiment.",NA,"413",NA
"The Greens’ Powering Past Coal and Gas plan reorients Snowy Hydro as a publicly-owned retailer,",NA,"413",NA
"with a new mandate to work in the public interest to deliver low cost energy and drive competition, rather than being just another market player scooping up super-proﬁts.",NA,"403",NA
"Our plan will push electricity bills down by around $50 a year.32",NA,"403",NA
"Getting Homes and Businesses off the Gas",NA,"H",NA
"Gas is as dirty as coal and when it is tapped directly into our homes, it’s responsible for 12% of childhood asthma.33",NA,"416.2",NA
"To improve our health and lower our power bills, the Greens plan would provide grants and loans to households and small businesses to help them disconnect from gas.",NA,"416.2",NA
"Not only does removing gas from your home improve children's health and help the planet,",NA,"504",NA
"it will set Australians on the path to save $6,000 a year in energy costs.34",NA,"403",NA
"For households to power past gas, a grant of up to $10,000 and low interest loans of up to $20,000 will be offered to replace gas-ﬁred boilers, water heaters and cooktops with electric alternatives.",NA,"416.2",NA
"For small businesses, including the thousands of retail and commercial businesses who currently rely on gas for space heating, water heating and appliances, we would offer grants of up to $25,000 for small businesses and low-interest loans of up to $100,000.",NA,"416.2",NA
"The grant component is limited to 20% of the total cost of the replacement project, but can be increased to 50% for a household or business if it agrees to disconnect from the gas grid entirely within six months.",NA,"416.2",NA
"The Greens will also work with state and territory governments to ban gas connections for new housing developments.",NA,"416.2",NA
"With dwindling gas ﬁelds in the south of Australia, reducing gas demand will create far more jobs",NA,"701",NA
"and local economic activity than the alternative of building networks of gas pipelines or energy hungry LNG terminals, both of which will lock in higher gas prices for decades to come.",NA,"410",NA
"Powering Up: Battery Storage for Homes and Businesses",NA,"H",NA
"To meet our future needs, we need to boost our ability to store clean energy so that it’s available when we need it.",NA,"416.2",NA
"Not only would Clean Energy Australia drive a lot of the grid scale investment,",NA,"411",NA
"but a ﬁnancing storage scheme would be established using both grants and loans for household level storage.",NA,"416.2",NA
"The scheme would be uncapped and open to everyone.",NA,"416.2",NA
"For homes, grants of up to $5,000 will be available to install household storage technology.",NA,"416.2",NA
"They would be limited to 50 per cent of the total cost of the upgrade.",NA,"416.2",NA
"Low interest loans of up to $10,000 would also be available to any Australian household to install household storage technology.",NA,"416.2",NA
"Grants of up to $10,000 would be available to any Australian small business with a turnover below $10 million to install a battery at their business site.",NA,"416.2",NA
"Grants would be limited to 50 per cent of the total cost of the upgrade.",NA,"416.2",NA
"Meanwhile, low interest loans of up to $50,000 would be available to any Australian small business to install a battery at their business site",NA,"416.2",NA
"Loans would be offered at the Reserve Bank of Australia (RBA) overnight cash rate with a maximum ten‐year ﬁxed term.",NA,"416.2",NA
"This program is expected to cost $7,024 million and deliver storage units to around 968,692 homes across the country.",NA,"416.2",NA
"The Community Renewables Program (see page 29) will also be able to support community storage programs where the amount of emissions saved will be well in excess of the 1 million tonnes of abatement over the decade, as promised by the Labor party.",NA,"416.2",NA
"32 ACCC Inquiry into the National Electricity Market November 2021 Report",NA,NA,NA
"33https://www.nationalasthma.org.au/living-with-asthma/resources/patients-carers/factsheets/gas-stoves-and-asthm",NA,NA,NA
"a-in-children",NA,NA,NA
"34https://www.abc.net.au/news/2021-10-04/rewiring-australian-households-could-save-up-to-6000-per-year/10051202",NA,NA,NA
"8",NA,NA,NA
"Getting Electric Vehicles onto the Road",NA,"H",NA
"Electric vehicles are transforming the world and millions are now being sold globally each year.",NA,"416.2",NA
"The global percentage of all new vehicles which are electric, is growing at a rapid rate to reach 10.8% of global sales.35",NA,"416.2",NA
"However in Australia they are just 1.6%.36",NA,"416.2",NA
"But Australia is falling behind, with both Liberal and Labor parties refusing to implement the vehicle CO2 and eﬃciency standards that exist in almost every other car market in the world.37",NA,"416.2",NA
"This means that EV automakers have an incentive to sell their cars in those markets instead, making electric models harder to ﬁnd and more expensive for Australians.",NA,"403",NA
"The Greens do not want this future.",NA,"305.1",NA
"To ensure EVs are sold in Australia, we want to join nations like the United Kingdom, Sweden, and the Netherlands by ensuring that all new car sales are electric or other zero emission vehicles from 2030.",NA,"416.2",NA
"By introducing a light vehicle emissions standard, the Greens will require all major car companies to increase the proportion of their annual sales of vehicles to be zero emissions vehicles between now and 2030.",NA,"416.2",NA
"To get electric vehicles onto the road, we have to speed up their affordability, similar to the way we did with rolling out solar panels onto Australia rooftops.",NA,"416.2",NA
"To achieve this, the Greens will introduce the First EV Rebate.",NA,"416.2",NA
"35    https://www.bloomberg.com/news/articles/2021-12-09/peak-oil-demand-is-coming-but-not-so-soon",NA,NA,NA
"36 https://electricvehiclecouncil.com.au/wp-content/uploads/2021/08/EVC_annual_report_-V3-Aug-13th-1.pdf",NA,NA,NA
"37https://www.smh.com.au/politics/federal/labor-to-dump-fuel-emissions-plan-in-next-step-on-climate-20211130-p59",NA,NA,NA
"dkj.html",NA,NA,NA
"The First EV Rebate would provide up to $15,000 for your ﬁrst electric vehicle,38 with the total maximum grant size declining over the coming years as EV uptake increases and phasing out entirely after 2.5 million vehicles have been rebated under the scheme as per the below timetable:",NA,"416.2",NA
"Eligible Buyers Total Rebate (Import vs Australia Made)",NA,NA,NA
"First 100,000 $10,000 / $15,000",NA,NA,NA
"Next 200,000 $7,500 / $11,250",NA,NA,NA
"Next 200,000 $5,000 / $7,500",NA,NA,NA
"Next 500,000 $3,000 / $4,500",NA,NA,NA
"Next 500,000 $2,000 / $3,000",NA,NA,NA
"Next 1,000,000 $1,000 / $1,500",NA,NA,NA
"The total maximum rebate that an individual purchaser is eligible to receive is up to 20% of the total cost of the vehicle, or 30% if the vehicle is Australian made.",NA,"416.2",NA
"In addition, the Commonwealth would provide all recipients of the First EV Rebate with an opportunity to utilise the First EV Loan.",NA,"416.2",NA
"This First EV Loan would dramatically reduce the interest paid for those who need ﬁnancing to afford their vehicle, seeing the Commonwealth ﬁnance up to $50,000 of the remaining price of the vehicle at concessional rates well below the market standard.",NA,"416.2",NA
"The Greens will also provide $2 billion over the next two years to FutureGrid, our proposed publicly owned electricity transmission and distribution company, to build new electric vehicle charging infrastructure.",NA,"416.2",NA
"This funding will be prioritised for fast charging stations that allow drivers to get to 80% charge in approximately 15-30 minutes, with a focus on installing over 30,000 fast chargers at critical points all across the country, ensuring that everyone will have access to the electric vehicle revolution.",NA,"416.2",NA
"Finally, the Commonwealth has over ten thousand cars in its ﬂeet.",NA,"416.2",NA
"The Greens will make sure that all new Commonwealth vehicles are electric by 2025, contributing to the decarbonisation of the Commonwealth’s own energy use, and injecting a large number of EV’s into the secondhand market at the end of the Commonwealth leasing period.",NA,"416.2",NA
"38 Each individual would be eligible for up to one rebate, with a register to be kept by the Clean Energy Regulator on receipt of the rebate. Given low uptake of electric vehicles to date, this would be the ﬁrst electric vehicle for most individuals, however existing electric vehicle owners who have not yet received a rebate would also be eligible.",NA,NA,NA
"Affordable and reliable Public Transport",NA,"H",NA
"Australia’s very high transport emissions, at nearly 20 per cent of our total pollution,39 means we need to use our clean energy to power a transport revolution.",NA,"416.2",NA
"By shifting to electric vehicles and expanding our public transport networks, getting freight on rail, and supporting walkable and bike friendly cities, we drive down our transport emissions rapidly.",NA,"416.2",NA
"Our policies to support the uptake of electric vehicles,",NA,NA,NA
"invest in public transport,",NA,NA,NA
"electrify bus and train networks",NA,NA,NA
"and create walkable and bike-friendly cities will drive down transport emissions, a major contributor to Australia’s total emissions.",NA,NA,NA
"The negative emissions from the LULUCF sector will cancel out any remaining transport emissions.",NA,NA,NA
"To ensure stable jobs for the years to come and to push up wages through full employment, the Greens plan involves a steady pipeline of new public and active transport projects, including High Speed Rail to link up our east coast capital cities, as well as rail, bus and active transport infrastructure to connect places together.",NA,"701",NA
"In addition to this indexed $3 billion a year for nation-building projects, an additional capped $3 billion fund is needed to help states electrify their bus and train networks in order to reduce reliance on fossil fuels to run public transport systems.",NA,"416.2",NA
"High speed rail between Australia’s eastern mainland cities would be a transformative project that will link up regional cities with our capitals and will be central to the shift to a clean economy.",NA,"501",NA
"Building high speed rail would provide a sustainable alternative to domestic ﬂights between Sydney, Melbourne, Canberra, Brisbane, and connecting regional cities.",NA,"416.2",NA
"Rather than leaving the project to private developers, the Greens will build this project with public funds in the public interest.",NA,"411",NA
"The Greens will set up the Australian High Speed Rail Authority and provide $17.7 billion in funding to cover the ﬁrst four years of expenses to ﬁnally get High Speed Rail moving.",NA,"411",NA
"39 Pre-pandemic levels. The latest accounts still include dampened transport and travel during lockdowns and border closures.",NA,NA,NA
"Energy Eﬃciency Target Scheme",NA,"H",NA
"Cleaning up our energy system means using energy smarter.",NA,"416.2",NA
"Our goal is to double energy eﬃciency by 2030 – this means signiﬁcantly reducing the electricity and gas we currently use to achieve the same results.",NA,"416.2",NA
"The most effective way to do this is through the National Energy Eﬃciency Target Scheme which will place an obligation on energy retailers to drive energy eﬃciency improvements across households and businesses.",NA,"416.2",NA
"The scheme will work in tandem with existing state-based schemes which will eventually be ‘absorbed’ into the national scheme upon their expiration.",NA,"416.2",NA
"The target will be set using forecasting from the AEMO to establish a trajectory for the energy eﬃciency target.40",NA,"416.2",NA
"To stimulate innovation and investment in the building industry to deliver higher energy performance in buildings at lower cost, the Greens will also mandate strong energy eﬃciency targets for new buildings in the National Construction Code of 22-60 per cent by 2030.41",NA,"416.2",NA
"Setting effective energy eﬃciency standards could also reduce energy bills by up to $27 billion,",NA,"416.2",NA
"cut energy network costs by up to $7 billion",NA,"416.2",NA
"and deliver at least 78 million tonnes of savings by 2050.42",NA,"501",NA
"40 Developed in consultation with Green Energy Markets and the Energy Savings Industry Association",NA,NA,NA
"41 This target is in line with recommendations in the Built to Perform report",NA,NA,NA
"https://www.asbec.asn.au/research-items/built-perform",NA,NA,NA
"42 Australian Sustainable Built Environment Council (ASBEC) and ClimateWorks Australia, Built to Perform: An Industry Led Pathway to a Zero Carbon Ready Building Code. July 2018",NA,NA,NA
"SECTION SEVEN: CLIMATE REPAIR - RESTORING THE LAND AND CARBON DRAWDOWN",NA,"H",NA
"Getting to net-zero emissions will stop making the climate crisis worse, but it won’t end the damage caused by global warming.",NA,"501",NA
"Greenhouse gases can stay in the atmosphere for decades, centuries, and millennia, so unless we go beyond net-zero and return our atmosphere to safe levels of gases — the climate damage will continue.",NA,"501",NA
"Scientists estimate a safe climate to be somewhere between 300-350 ppm of CO2, this means we need to reduce atmospheric CO2 concentrations in the atmosphere by approximately 100 ppm.",NA,"501",NA
"This means removing approximately 1600 GigaTonnes CO2 from the atmosphere.",NA,"501",NA
"That is why the Greens climate targets are for a 75% reduction on 2005 levels by 2030 and net-zero emissions by 2035, we will then go further and aim to be a net-negative emissions economy with over 100 million tonnes of net drawdown every year by 2050.",NA,"501",NA
"With the right policies we estimate that we can drawdown this 100 million tonnes a year of emissions through land use change and protecting our land and our forests.",NA,"501",NA
"At ﬁrst this drawdown will be needed to support our goal of net-zero and cancel out remnant emissions that are hard to eliminate quickly.",NA,"501",NA
"Over time as we move to net-negative emissions, this drawdown can start to contribute to the goal of returning the world to a safe climate.",NA,"501",NA
"The Greens are the only Australian political party with a policy for carbon drawdown and climate repair.",NA,"305.1",NA
"Labor and Liberal’s aspiration for net-zero envisages the continued use of fossil fuels which must be “netted” out with negative emissions.",NA,"305.1",NA
"They have no plan for drawing down carbon pollution beyond net zero and assisting in the return to a safe climate.",NA,"305.1",NA
"Their policies are a recipe for continued climate damage from ongoing sea level rise, high temperatures and extreme weather.",NA,"305.1",NA
"The Greens' drawdown policies will ensure Australia can lead the world in facing up to the challenge of moving beyond net-zero and returning the planet to a safe climate, with a massive global drawdown effort.",NA,"501",NA
"Improved Agriculture",NA,"H",NA
"Currently agriculture is responsible for 15 per cent of Australia’s emissions,43 but there are huge opportunities for Australian farmers and land managers to change their practices,",NA,"703.1",NA
"regenerate their land,",NA,"703.1",NA
"and turn Australia’s landscape from a carbon source into a carbon sink.",NA,"501",NA
"There is already signiﬁcant action being taken across the agricultural sector.",NA,"501",NA
"Meat and Livestock Australia, for example, has a carbon neutral target by 2030.44",NA,"501",NA
"Australian land managers and farmers can create new revenue streams by selling abatement secured into the land.",NA,"703.1",NA
"This could be done through international carbon markets (like Australia’s carbon market which was set to join the EU before it was scrapped by the Coalition), or it can be done by selling abatement directly to the Government.",NA,"703.1",NA
"A new income stream for farmers",NA,"H",NA
"The only option currently available to land managers is to sell to the Government through their Emissions Reduction Fund.",NA,"501",NA
"This requires farmers to spend money assessing opportunities, then bid into an auction with the hope of securing a measly $16 a tonne of abatement.45",NA,"501",NA
"Unsurprisingly, land owners aren’t interested in joining such a high risk, low reward program.",NA,"703.1",NA
"Had the carbon price remained in place, Australian farmers could be selling abatement into Europe for between $80 to $100 a tonne at the moment.",NA,"703.1",NA
"Land-sector emissions reductions are needed to get us below zero after 2035.",NA,"501",NA
"Australian Carbon Credit Units (ACCUs) are needed to support large-scale drawdown",NA,"501",NA
"and reduce the amount of greenhouse gases in the atmosphere rather than just balancing fossil fuel emissions.",NA,"416.2",NA
"After a review and reforms to ensure the integrity of ACCUs, The Greens will enable the Clean Energy Regulator to set a price ﬂoor on the carbon market by becoming a ﬁxed purchaser of Australian Carbon Credit Units (ACCUs) at $50 a tonne, giving farmers conﬁdence, when it comes to adopting new practices or altering land-use patterns, they will get a guaranteed price.",NA,"416.2",NA
"A ﬂoor price will also force companies to pay more than $50, separating out those companies that are genuine about emissions reductions against those that just want to greenwash their brand.",NA,"416.2",NA
"The abatement acquired by the government would not be traded or sold to companies seeking to offset their emissions.",NA,"416.2",NA
"This policy is about drawdown, not covering up for the damage caused by expanding the coal, oil and gas industry.",NA,"416.2",NA
"This would crowd out the market for coal and gas companies to buy cheap offsets and keep polluting as normal so that pollution in the atmosphere stays the same.",NA,"416.2",NA
"The PBO estimates take up of this program would see $10.8 billion of public money distributed out to land managers reducing emissions over the decade.",NA,"501",NA
"The Greens will also initiate an independent review of current ACCU methodologies, removing discredited CCS,",NA,"416.2",NA
"ensuring sequestration methodologies are more robust,",NA,"416.2",NA
"and de-emphasising emissions avoidance methodologies which are questionable and diﬃcult to assure.",NA,"416.2",NA
"Finally, the Greens will also restore the Carbon Farming Futures program of $25 million per annum, which the Coalition Government axed in 2016.",NA,"501",NA
"These grants saw over $139 million go into over 200 projects across the country.",NA,"501",NA
"By restoring funding to this program, we can see hundreds more carbon reducing projects get off the ground.",NA,"416.2",NA
"With the government owning these land sector reductions and emissions being driven below zero, we can begin the epic intergenerational task to restore the planet to a safe climate.",NA,"501",NA
"Policies such as restoring the Carbon Farming Futures Program, and setting a carbon price ﬂoor will give farmers the conﬁdence to actively pursue emissions reductions and carbon drawdown activities.",NA,NA,NA
"Remaining emissions will be cancelled out by negative emissions in the LULUCF sector.",NA,NA,NA
"43 Quarterly Update of Australia’s National Greenhouse Gas Inventory: June Quarter 2021.",NA,NA,NA
"44    https://www.mla.com.au/research-and-development/Environment-sustainability/carbon-neutral-2030-rd/cn30",NA,NA,NA
"45  http://www.cleanenergyregulator.gov.au/ERF/auctions-results/april-2021",NA,NA,NA
"Protecting our Forests",NA,"H",NA
"The easiest and cheapest way to prevent further global heating is keeping our forests exactly as they are.",NA,"501",NA
"Our climate plan requires ending the destructive logging that is destroying wildlife habitat,",NA,"501",NA
"water catchments,",NA,"501",NA
"carbon stores,",NA,"501",NA
"the beauty of our forests,",NA,"501",NA
"and opportunities for tourism and recreation.",NA,"410",NA
"This also requires protecting all native forests on public land, including the takayna/Tarkine in Tasmania, Great Forest and Emerald Link in Victoria, key koala habitats in NSW, all remaining Karri and Jarrah forests in the south west of Western Australia, and native forests elsewhere around the country.",NA,"501",NA
"To end all exports of woodchips from native forests",NA,"501",NA
"and all industrial scale clearfelling and woodchipping of native forests, funding will be established to negotiate the end of native forest logging with states and territories,",NA,"501",NA
"and provide $10 million to research and plan a strategy on how the forestry sector could sustainably support Australia’s transition to net zero emissions.",NA,"416.2",NA
"A further $20 million over four years would be provided to fund the research and development of sustainable wood products",NA,"416.2",NA
"and $40 million over four years to provide support for farm forestry through the regional farm forestry hubs.",NA,"703.1",NA
"The LULUCF sector is instrumental in achieving net zero by 2035.",NA,NA,NA
"The Greens’ policies such as supporting carbon drawdown,",NA,NA,NA
"protecting native forests",NA,NA,NA
"and moving to a more sustainable forestry industry - will ensure the LULUCF sector emissions will reach negative emissions.",NA,NA,NA
"This will offset emissions in other sectors to meet net zero by 2035.",NA,NA,NA
"National Centre for Climate Repair",NA,"H",NA
"Climate change has already done enormous damage to our ecosystems and our planet.",NA,"501",NA
"Without action to repair our climate, the damage risks spiralling out of control.",NA,"501",NA
"To date, climate policy and research has been understandably focused on slowing and preventing increased emissions.",NA,"416.2",NA
"However as we move to net zero, increasing attention will need to be given to identifying actions that can begin to repair the damage to our climate.",NA,"501",NA
"A Centre for Climate Repair will research and develop ways to start to repair the climate from large scale drawdown to improved air quality in our cities.",NA,"501",NA
"The Centre will have a particular focus on how to protect the Antarctic regions under Australia's responsibility, as the collapse of the Antarctic ice sheets, if not prevented, will drive multi-century sea level rise.",NA,"501",NA
"SECTION EIGHT: WEATHERING THE COMING STORM - ADAPTING TO AN ALREADY CHANGING CLIMATE",NA,"H",NA
"Munich Re, the insurer of insurance companies, has documented the rise in catastrophic climate events.",NA,"501",NA
"In the 1980s, such events averaged 292 a year.",NA,"501",NA
"In the last decade 730 events occurred each year, with a record 980 in 2020.46",NA,"501",NA
"The ﬁrst responsibility of any government is to keep its citizens safe.",NA,"605.1",NA
"As the residents of Cobargo, Lismore and Ballina would agree, the Morrison Government has failed in that duty.",NA,"305.1",NA
"Without Greens in balance of power, Labor will also leave us in harm’s way.",NA,"305.1",NA
"Australia is more exposed to climate damage than pretty much any other country.",NA,"501",NA
"When Brisbane was ﬂooded in 2011, everyday people were asked to pay $5.6 billion in clean up costs  through an increase in the Medicare Levy.47",NA,"504",NA
"Under our plans, the companies that are proﬁting from driving the climate crisis will be made to pay to clean up after themselves.",NA,"416.2",NA
"The money raised from ending the suite of handouts that support burning coal, oil and gas is more than enough to cover the costs of creating the hundreds of thousands of jobs needed to achieve a safe climate.",NA,"701",NA
"46 https://www.munichre.com/en/risks/natural-disasters-losses-are-trending-upwards.html",NA,NA,NA
"47 https://www.smh.com.au/business/levy-to-pay-for-5-6b-ﬂood-bill-20110127-1a64x.html",NA,NA,NA
"Preparing for Climate Impacts",NA,"H",NA
"Our national infrastructure is already failing to cope with a radically changing climate.",NA,"411",NA
"We have built our cities and regions for a climate that is no longer with us.",NA,"411",NA
"The government established an Emergency Response Fund in 2019 to invest in infrastructure to keep communities safe.",NA,"411",NA
"But the government has prioritised earning investment returns for itself over investing in climate exposed communities.",NA,"305.1",NA
"Since its inception, the Fund has earned the government $836 million dollars,48 yet it has only spent $210 million on disaster recovery and just $100 million on mitigation infrastructure,49 leaving communities like Lismore and Ballina exposed while the government pockets the difference.",NA,"305.1",NA
"The Greens will change these investment restrictions so that $600m is spent per year until 2026-27, and $300m per year from 2027-28 on public infrastructure mitigation works.",NA,"411",NA
"This funding will allow communities to undertake much needed infrastructure upgrades that reduce the devastating impacts of the climate crisis.",NA,"411",NA
"Our plan will also push down the cost of insurance premiums as smart public infrastructure reduces the risk faced by properties exposed to speciﬁc types of natural disasters.",NA,"403",NA
"Without taking this action, insurance will become unaffordable for many people according to Australia’s regulator of insurance companies, APRA.50",NA,"403",NA
"Funding Emergency Services",NA,"H",NA
"Our emergency services are much bigger than ﬁreﬁghters, ambulances and police.",NA,"504",NA
"During natural disasters, the ABC brings communities lifesaving information, the Bureau of Meteorology and CSIRO study weather changes and send warnings to give ﬁrst responders the information they need.",NA,"504",NA
"The Greens plan funds hundreds of thousands of jobs to restore the public service,",NA,"701",NA
"and we will also double the current funding for Emergency Service operations, providing $5 billion in extra funding allocated to the States.",NA,"504",NA
"This funding will make sure our Emergency Services have the latest equipment and personnel they need to respond to natural disasters exacerbated by global heating.",NA,"504",NA
"48 https://www.ﬁnance.gov.au/emergency-response-fund",NA,NA,NA
"49 https://recovery.gov.au/emergency-response-fund",NA,NA,NA
"50 https://www.theguardian.com/australia-news/2021/mar/02/climate-change-could-put-insurance-out-of-reach-for-many-australians",NA,NA,NA
"Retrofitting homes as cyclones move south",NA,"H",NA
"As cyclones move south and ﬂood events increase, the Greens will also establish a separate fund to retroﬁt homes in Australia to be cyclone and ﬂood resilient.",NA,"504",NA
"Under the current government plan of doing nothing, households will be exposed to rapidly rising insurance prices.",NA,"504",NA
"Grants of up to $20,000 (with a 50% co-contribution requirement) will be provided to households in high risk areas to undertake cyclone and ﬂood mitigation works, like battening and house raising.",NA,"504",NA
"Similar programs in Queensland have seen insurance premiums reduced by an average of 8.63 per cent, saving people money",NA,"504",NA
"and keeping them safe.51",NA,"504",NA
"Our plan will also push down the cost of insurance premiums, as smart public infrastructure will reduce the risk faced by properties exposed to speciﬁc types of natural disasters.",NA,"403",NA
"Without taking this action, insurance will become unaffordable for many people according to Australia’s regulator of insurance companies, APRA.52",NA,"403",NA
"Climate Finance and supporting Paciﬁc Nations",NA,"H",NA
"The Green Climate Fund was established as part of the Paris Agreement for wealthy nations to help those less fortunate countries bearing the brunt of climate impacts.",NA,"107",NA
"Countries have committed billions to this fund, however the Australian government has withdrawn funding and have abandoned our obligations to the Paciﬁc Nations community.",NA,"101",NA
"Australia must provide climate ﬁnance commensurate with our historical and ongoing contribution to the climate crisis.",NA,"501",NA
"Our Paciﬁc neighbours are paying the heavy price of Australia’s refusal to tackle the climate crisis.",NA,"101",NA
"Communities face rising sea levels, annual destruction caused by tropical storms, the loss of arable land and drinking water, and the enormous social and economic challenges of displacement due to the climate crisis.",NA,"501",NA
"The Greens will renew and increase Australia’s commitment to the Green Climate Fund with $3 billion in funding from 2022 to 2025.",NA,"501",NA
"Our policy will also provide additional climate reparations of$1.5 billion over the next three years.",NA,"501",NA
"Importantly, this climate ﬁnance is in addition to the aid budget.",NA,"501",NA
"51 https://www.chde.qld.gov.au/   data/assets/pdf_ﬁle/0014/6242/ﬂyerhouseholdresilienceprogram.pdf",NA,NA,NA
"52",NA,NA,NA
"https://www.theguardian.com/australia-news/2021/mar/02/climate-change-could-put-insurance-out-of-reach-for-many-a ustralians",NA,NA,NA
"APPENDIX A:",NA,NA,NA
"The Jobs created by Powering Past Coal and Gas",NA,NA,NA
"Direct and indirect job creation, 2024-25, by State and Territory",NA,NA,NA
"NATIONAL NSW VIC QLD SA WA TAS NT ACT",NA,NA,NA
"DIRECT",NA,NA,NA
"Powering past coal with 100% Renewables by 2030",NA,NA,NA
"43,000",NA,NA,NA
"13,400",NA,NA,NA
"11,600",NA,NA,NA
"7,700",NA,NA,NA
"3,200",NA,NA,NA
"4,800",NA,NA,NA
"1,000",NA,NA,NA
"400",NA,NA,NA
"800",NA,NA,NA
"Replacing coal and gas exports",NA,NA,NA
"Land and Carbon Drawdown",NA,NA,NA
"Weathering the coming storm - Adapting to an already changing climate",NA,NA,NA
"4,400 1,400 1,200 800 300 500 100 100 100",NA,NA,NA
"Sub Total 162,000 50,000 44,000 29,000 12,000 18,000 4,000 2,000 3,000",NA,NA,NA
"INDIRECT",NA,NA,NA
"Powering past coal with 100% Renewables by 2030",NA,NA,NA
"200,100",NA,NA,NA
"63,700",NA,NA,NA
"51,800",NA,NA,NA
"40,500",NA,NA,NA
"13,800",NA,NA,NA
"20,800",NA,NA,NA
"4,200",NA,NA,NA
"1,900",NA,NA,NA
"3,400",NA,NA,NA
"Replacing coal and gas exports",NA,NA,NA
"Land and Carbon Drawdown",NA,NA,NA
"Weathering the coming storm - Adapting to an already changing climate",NA,NA,NA
"2,500 800 700 500 200 300 100 0 0",NA,NA,NA
"Sub Total 643,000  204,000 166,000 130,000 45,000 67,000 14,000 6,000 11,000",NA,NA,NA
"TOTAL",NA,NA,NA
"Powering past coal with 100% Renewables by 2030",NA,NA,NA
"243,100",NA,NA,NA
"77,100",NA,NA,NA
"63,400",NA,NA,NA
"48,200",NA,NA,NA
"17,000",NA,NA,NA
"25,600",NA,NA,NA
"5,200",NA,NA,NA
"2,300",NA,NA,NA
"4,200",NA,NA,NA
"Replacing coal and gas exports",NA,NA,NA
"Land and Carbon Drawdown",NA,NA,NA
"Sources: Parliamentary Budget Oﬃce costings, Budget Papers, ABS publications; and academic and industry sources.",NA,NA,NA
"APPENDIX B:",NA,NA,NA
"Financial implications of Powering Past Coal and Gas",NA,NA,NA
"Financial implications for measures prepared by the independent Parliamentary Budget Oﬃce and relate to the period 2021-22 to 2031-32. Figures presented on a ﬁscal balance basis.",NA,NA,NA
"SECTION",NA,NA,NA
"MEASURE FINANCIAL IMPACTS OVER THIS CRITICAL DECADE ($M)",NA,NA,NA
"Integrity in Government National Climate Action Taskforce -$324",NA,NA,NA
"Phasing out coal and gas while looking after No New Coal, Oil and Gas -$3,822",NA,NA,NA
"coal communities Looking after coal communities -$19,086",NA,NA,NA
"End Handouts for Coal, Oil and Gas Corporations $98,431",NA,NA,NA
"Powering past coal with 100%",NA,NA,NA
"Renewables by 2030 Clean Energy Australia: Publicly Owned Power Generation Company -$204",NA,NA,NA
"FutureGrid - Rewiring Australia's Energy System $238",NA,NA,NA
"Solar on Schools: Putting solar on public buildings -$5,000",NA,NA,NA
"Locally Owned Community Renewables -$1,135",NA,NA,NA
"Replacing coal and gas exports with a Coal Exports Levy $21,725",NA,NA,NA
"700% renewables industry",NA,NA,NA
"Make Gas Exporters Pay Taxes and Royalties",NA,NA,NA
"$92,250",NA,NA,NA
"Phasing out Gas Exports and Retroﬁtting Gas Terminals for Hydrogen and ammonia",NA,NA,NA
"-$2,289",NA,NA,NA
"Building Clean Energy Export Infrastructure: Restoring ARENA’s cut funding",NA,NA,NA
"-$866",NA,NA,NA
"Manufacturing Renaissance: “Made in Australia” Bank",NA,NA,NA
"R&D for Aviation and Shipping -$5,048",NA,NA,NA
"-$100",NA,NA,NA
"Circular Economy -$1,272",NA,NA,NA
"Saving Australian Homes and Businesses Money Getting Homes and Businesses off the Gas -$19,263",NA,NA,NA
"Powering up Battery Storage for Households and Businesses -$11,143",NA,NA,NA
"Getting Electric Vehicles onto the road -$17,569",NA,NA,NA
"Affordable and reliable Public Transport -$30,402",NA,NA,NA
"Finally Building High Speed Rail -$2,500",NA,NA,NA
"Climate Repair - Restoring the Land and Carbon Drawdown A new income stream for farmers -$10,800",NA,NA,NA
"Protecting our Forests -$148",NA,NA,NA
"Centre for Climate Repair -$248",NA,NA,NA
"Weathering the coming storm - Preparing for Climate Impacts -$7,340",NA,NA,NA
"Adapting to an already changing climate",NA,NA,NA
"Funding Emergency Services -$4,583",NA,NA,NA
"Retroﬁtting homes as cyclones move south",NA,NA,NA
"-$7,780",NA,NA,NA
"Climate Finance and Supporting Paciﬁc Nations",NA,NA,NA
"-$4,856",NA,NA,NA
"TRUTH, TREATY, VOICE",NA,"H",NA
"Together we get to build the future of the country we all want to live in",NA,"H",NA
"All of us need to understand the truth of Australia’s history and its ongoing impact on First Nations people before we can all move forward as a healed country.",NA,"607.3",NA
"A Treaty, or Treaties, between the Traditional Owners of the land – the oldest living cultures on earth – and the state that imposed its authority violently upon First Nations people without their consent, has never been negotiated.",NA,"607.3",NA
"In Australia, sovereignty from First Nations people was never ceded.",NA,"607.3",NA
"The Greens will work with First Nations people to develop a Treaty and begin the process of truth-telling and healing.",NA,"607.3",NA
"Any Treaty or Treaties must be built on telling the truth of our painful colonial past.",NA,"607.3",NA
"Together we need to explore, understand, and reckon with our past and the impact it continues to have on First Nations people and their cultures so we can build a future together.",NA,"607.3",NA
"THE GREENS WILL:",NA,NA,NA
"Contribute $250m for a national Truth and Justice Commission to investigate human rights abuses against First Nations people;",NA,"607.3",NA
"Begin the national, grassroots led consultation process about Treaty",NA,"607.3",NA
"PAYING FOR OUR PLAN",NA,"H",NA
"By making billionaires and big corporations pay their fair share of tax",NA,"403",NA
"and winding back handouts to big polluters, we can build a better life for all of us.",NA,"501",NA
"1 in 3 big corporations pays no tax and many big corporations and billionaires send their profits offshore tax free.",NA,"403",NA
"The Greens will tax billionaires with a new ‘billionaires tax’,",NA,"403",NA
"require big corporations making excessive profits to pay a ‘corporate super-profits tax’",NA,"403",NA
"and axe billions of dollars in handouts to the coal, oil and gas giants that are driving the climate crisis.",NA,"501",NA
"These measures have all been costed by the independent Parliamentary Budget Office.",NA,"414",NA
"When big corporations and billionaires pay their fair share, everyone can have the services they need for a better life.",NA,"504",NA
"TRUTH AND JUSTICE",NA,"H",NA
"Our journey to Treaty involves truth-telling and healing ﬁrst.",NA,"607.3",NA
"This means exploring, understanding, and reckoning with our painful past and the impact it continues to have on First Nations people and their cultures.",NA,"607.3",NA
"The Greens will begin our journey towards Treaty by contributing $250m to establish a national and independent Truth and Justice Commission.",NA,"607.3",NA
"The Truth and Justice Commission will be an independent body that investigates and reveals past wrongdoing to resolve ongoing and historical conﬂict and heal from it.",NA,"607.3",NA
"The Commission will have the powers of a Royal Commission and will investigate and reveal wrongdoing and human rights abuses perpetrated against First Nations people since colonisation to the present day.",NA,"607.3",NA
"The Truth and Justice Commission will lay the foundations for agreement making between governments and First Nations people,",NA,"607.3",NA
"as well as foster healing and national unity based on truth-telling.",NA,"607.3",NA
"The Commission’s work will be underpinned by the United Nations Declaration on the Rights of Indigenous Peoples and led by First Nations people.",NA,"607.3",NA
"JOURNEY TOWARDS TREATY",NA,"H",NA
"First Nations people never surrendered their homelands and waters.",NA,"607.3",NA
"Their Sovereignty and their authority to govern their own lives has never been extinguished.",NA,"607.3",NA
"The continued and ongoing legacy of colonisation has not yet fully recognised the Sovereignty of First Nations peoples across the continent.",NA,"607.3",NA
"A Treaty, or Treaties, would be an opportunity for us to tell the story of who we want to be as a country.",NA,"607.3",NA
"A Treaty will create a uniﬁed national identity that celebrates what unites us,",NA,"601.1",NA
"protects the rights of First Nations people and their cultures",NA,"607.3",NA
"while also acknowledging the ongoing and historical injustices of colonisation.",NA,"607.3",NA
"Our nation’s journey towards Treaty or Treaties with individual clans and nations is the unﬁnished business we must complete together.",NA,"607.3",NA
"Guided by the work of the Truth and Justice Commission, the next step in our journey towards a Treaty involves engaging and involving the community in developing the Treaty or Treaties.",NA,"607.3",NA
"The Greens will launch a nationwide consultation process to promote discussion, raise awareness, and promote engagement on Treaty or Treaties at a local, state and national level.",NA,"607.3",NA
"It is important that truth-telling about our history is coupled with a national debate and discussion about the needs for a Treaty or Treaties, and that this debate centres the experiences of First Nations people.",NA,"607.3",NA
"The Greens will make sure that the whole community can engage with and understand the need for a Treaty or Treaties and then develop them together.",NA,"606.1",NA
"Similar to the national, consultative engagement process that was undertaken by the Council for Aboriginal Reconciliation beginning in 1991.",NA,"606.1",NA
"A Treaty or Treaties could then inform how First Nations people are represented to Parliament, or in Parliament, and how their views, experiences, and wishes could be considered in all policy and decision making.",NA,"607.3",NA
"FIRST NATIONS HEALTH",NA,"H",NA
"For First Nations people, ‘health’ refers to the social, emotional and cultural wellbeing of the whole community and the environment, not just the physical person.",NA,"607.3",NA
"Whether you’ve been here for 5 years, 5 generations or 5 000 generations, everyone should enjoy the same access to healthcare in this country.",NA,"504",NA
"Decisions made by successive governments have resulted in health inequality.",NA,"504",NA
"COVID-19 has shown that many First Nations health centres need better resources to empower First Nations people to get what they need to be and stay well.",NA,"504",NA
"The Greens have a plan to balance the scales, so everyone can enjoy the same quality of care, treatment, and respect they need to live a good life.",NA,"504",NA
"THE GREENS WILL:",NA,"H",NA
"Provide $371m to self-determined, community-led First Nations health services to increase their capacity to care for their own communities",NA,"607.3",NA
"Ensure people have early access to preventative programs and provide funding of $1.07b to build First Nations owned healing places",NA,"607.3",NA
"Expand Gold Card access to First Nations Elders aged 60 and above, costing $5.06b",NA,"504",NA
"Grow the First Nations health and wellbeing workforce to provide culturally appropriate care to their communities",NA,"607.3",NA
"BOOSTING COMMUNITY-LED HEALTH SERVICES",NA,"H",NA
"50 years ago, when government health services were failing First Nations people so badly, First Nations people took the driver’s seat and set up Australia’s ﬁrst community health centres.",NA,"504",NA
"Today, First Nations services are some of the best community services in the country and many mainstream health, legal assistance and childcare services are modelled on First Nations services.",NA,"504",NA
"Successive governments have blocked First Nations people from accessing the services and resources they need to be healthy.",NA,"504",NA
"A lack of infrastructure, transport and culturally safe services have created poor health and wellbeing outcomes.",NA,"504",NA
"The Greens will provide $371m to community-led health organisations to boost their capacity to care for First Nations people and their communities.",NA,"504",NA
"This will include specialist services to address intersectional health needs, such as those of First Nations LGBTIQA+ people and those with disabilities.",NA,"504",NA
"When First Nations people are free to choose their own path, their physical and mental health improves.",NA,"504",NA
"PREVENTATIVE FIRST NATIONS HEALTH",NA,"H",NA
"The Greens will ensure that all First Nations people have early access to culturally safe preventative programs, like community-led health promotion, vaccines, early health screening, accessible and culturally safe primary care, maternal and child health services, suicide prevention, early mental health care and traditional healing practices.",NA,"504",NA
"We will also provide $1.07b to build a network of First Nations-owned and led healing places.",NA,"504",NA
"Healing places are dedicated First Nations community hubs for First Nations people to gather, connect, and heal from the ongoing trauma of colonisation",NA,"607.3",NA
"and access culturally safe support and practice traditional healing methods.",NA,"607.3",NA
"The Greens will provide $5.06b to expand access to the Gold Card to First Nations Elders aged 60 and above.",NA,"504",NA
"The Gold Card provides people with the treatment they need for all medical conditions as well as providing access to a range of services and support.",NA,"504",NA
"Including First Nations Elders in the Gold Card will ensure that they can access the healthcare, treatment, and services that they deserve as they age.",NA,"504",NA
"First Nations Elders are the keepers of knowledge, tradition, and culture so it is critical to make sure that they have the culturally safe care that they need, when they need it.",NA,"607.3",NA
"GROWING THE FIRST NATIONS HEALTH WORKFORCE",NA,"H",NA
"First Nations people are better off when they are free to set their own course.",NA,"607.3",NA
"In line with the right to health and to self-determination in the United Nations Declaration on the Rights of Indigenous Peoples we will resource, train and further develop the First Nations health workforce of the future.",NA,"504",NA
"We will resource the training of doctors, nurses, allied health and other health and community wellbeing professionals to provide culturally appropriate care to their communities in a safe and supportive way.",NA,"504",NA
"A COMPENSATION SCHEME FOR THE STOLEN GENERATIONS",NA,"H",NA
"It’s time for a nationally consistent scheme",NA,"H",NA
"The legacy of stolen generations continues today.",NA,"607.3",NA
"First Nations children were violently, forcibly and deliberately taken from their parents and their communities by governments, police, and church missions.",NA,"607.3",NA
"Many survivors are still not sure where they come from or who their families are.",NA,"607.3",NA
"The Greens will introduce a national compensation scheme, providing $200,000 to support survivors.",NA,"607.3",NA
"All children deserve to know who they are, and where they come from.",NA,"607.3",NA
"THE GREENS WILL:",NA,"H",NA
"Introduce a compensation scheme, providing $200,000 payments to support survivors of the Stolen Generation and their families",NA,"607.3",NA
"Will provide a range of services to support the emotional and mental health needs of survivors and their families",NA,"607.3",NA
"COMPENSATION FOR THE STOLEN GENERATIONS",NA,"H",NA
"As a result of racist government policy, children from the Stolen Generation were enslaved, trained as servants, abused, assaulted, or fostered into other families, resulting in incredible trauma.",NA,"607.3",NA
"Members of the Stolen Generations are more likely to experience a range of adverse outcomes, including poor health, especially mental health, including high incidences of anxiety, depression, PTSD and suicide, along with alcohol abuse.",NA,"607.3",NA
"This deep trauma also impacted the families and communities of members of the Stolen Generations.",NA,"607.3",NA
"Descendants of the Stolen Generations are twice as likely to have experienced discrimination in the last 12 months, 1.9 times more likely to have experienced violence in the last 12 months and 1.6 times as likely to be in poorer health compared to other First Nations people.1",NA,"607.3",NA
"Despite the Government’s apology to the Stolen Generations, there is still no national compensation scheme for survivors.",NA,"607.3",NA
"The Greens will establish a nationally consistent compensation scheme that will compensate each survivor with a $200,000 payment to support them and their families as they age and continue to heal, as well as a $7,000 payment for funeral expenses.",NA,"607.3",NA
"The Greens will also provide a range of services to support the emotional and mental health needs of survivors and their families as they continue to heal from the unbelievable trauma of being stolen by the government and its agencies, including by providing $371m to self-determined, community-led First Nations health services and $1.07 billion for the creation of 250 cultural healing spaces across the country.",NA,"607.3",NA
"1 https://healingfoundation.org.au/stolen-generations/stolen g enerationsreport",NA,NA,NA
"CARING FOR COUNTRY AND PROTECTING SACRED  SITES",NA,"H",NA
"For thousands of years, First Nations people cared for Country, we must follow their lead.",NA,"H",NA
"First Nations people have cared for lands and waters, including their totems, for tens of thousands of years.",NA,"607.3",NA
"But by disregarding First Nations science and land management we’ve seen a breakdown of ecological systems.",NA,"501",NA
"These breakdowns and harms to biodiversity have been linked to a disregard of First Nations environmental science, and the implementation of imported and harmful practices.",NA,"501",NA
"We need to learn from First Nations people.",NA,"607.3",NA
"The Greens will expand First Nations ranger programs",NA,"607.3",NA
"and Indigenous protected areas and sacred sites.",NA,"607.3",NA
"THE GREENS WILL:",NA,"H",NA
"Strengthen laws to protect First Nations cultural heritage, knowledge, and intellectual property",NA,"607.3",NA
"Contribute $767m over the forward estimates to expand First Nations ranger programs and Indigenous Protected Areas to heal Country by returning land to First Nations management",NA,"607.3",NA
"and providing long-term sustainable jobs",NA,"607.3",NA
"FIRST NATIONS RANGERS",NA,"H",NA
"First Nations ranger programs support First Nations people to use their science, knowledge and culture to care for and manage Country as they have done for thousands of years.",NA,"607.3",NA
"First Nations people caring for Country has clear beneﬁts to First Nations communities.",NA,"607.3",NA
"When First Nations people are able to care for Country they report better mental and physical health,",NA,"607.3",NA
"strengthening of culture,",NA,"607.3",NA
"and women’s empowerment.1",NA,"607.3",NA
"The Greens will triple the existing ranger program and employ more First Nations people to protect their lands, waters, rivers, lakes and the animals and plants that rely on them.",NA,"607.3",NA
"The Greens will also expand First Nations-led cultural burning programs to ensure First Nations people are involved in fuel and hazard reduction on Country which enhances the health of the land and its people.",NA,"501",NA
"1 https://www.countryneedspeople.org.au/what_are_indigenous_rangers",NA,NA,NA
"INDIGENOUS PROTECTED AREAS",NA,"H",NA
"Indigenous Protected Areas (IPAs) are areas of rich biodiversity that are owned, cared for, and managed by First Nations people.",NA,"501",NA
"There are currently 78 dedicated IPAs, which make up more than 46 per cent of the National Reserve System.",NA,"501",NA
"IPAs deliver more than environmental beneﬁts.",NA,"501",NA
"Through managing IPAs, First Nations communities don’t just protect the environment",NA,"501",NA
"but also protect the cultural values of their Country and create signiﬁcant health, education, economic and social beneﬁts.2",NA,"607.3",NA
"We will expand Indigenous Protected Areas to allow more First Nations people and communities to conserve and protect animals, plants, and sites of cultural signiﬁcance for all future generations.",NA,"607.3",NA
"PROTECTING CULTURE AND HERITAGE",NA,"H",NA
"Laws that are meant to protect First Nations heritage are fundamentally broken, with very few people or organisations held properly accountable for destroying First Nations heritage or desecrating their sites of signiﬁcance.",NA,"607.3",NA
"In line with the principles in the United Nations Declaration on the Rights of Indigenous Peoples, we will introduce strong laws that protect First Nations people’s tangible and intangible heritage, like sites of signiﬁcance, traditional knowledge and science, intellectual property, ancestral remains, totems, symbols, and artistic works.",NA,"607.3",NA
"The Greens will also legislate to grant environmental personhood to natural areas of First Nations signiﬁcance.",NA,"607.3",NA
"Environmental personhood is giving nature, or parts of nature (like mountains, rivers, and lakes) rights in the same way that humans have rights.",NA,"607.3",NA
"Environmental personhood recognises that for First Nations people nature is not a resource that can be owned, exploited or degraded but rather an interconnected ecosystem on which we all depend for our wellbeing.",NA,"501",NA
"2https://www.environment.gov.au/land/indigenous- protected-areas",NA,NA,NA
"HOW THE GREENS HAVE BEEN FIGHTING FOR YOU",NA,"H",NA
"In the last parliament, it was the Greens who: Successfully negotiated for an extension of the IPA programme, leading to its funding for another ﬁve years from 2018-19",NA,"607.3",NA
"Held the Liberal government accountable for their failure to protect irreplaceable First Nations cultural heritage like the 46,000 year old Juukan gorge caves",NA,"607.3",NA
"Defended the rights of First Nations people to decide what happens on Country",NA,"607.3",NA
"JUSTICE FOR ALL",NA,"H",NA
"It’s time to balance the scales.",NA,"H",NA
"Our legal system fails too many people.",NA,"503",NA
"It’s always failed First Nations people and the consequences can be a matter of life or death.",NA,"607.3",NA
"The system is too expensive, too hard to access and often, it’s simply racist.",NA,"503",NA
"We need to build stronger and better connected communities, not funnel people into the quicksand of the criminal legal system.",NA,"606.1",NA
"THE GREENS WILL:",NA,"H",NA
"Raise the age of legal responsibility to at least 14 years",NA,"605.2",NA
"Introduce independent policy and prison oversight mechanisms",NA,"605.2",NA
"Reform the criminal legal system so we can build communities not prisons",NA,"606.1",NA
"Enact a charter of human and environmental rights",NA,"201.2",NA
"Double the current funding for legal assistance services and provide an extra $310 million per year so that with $800 million a year, all people have access to legal help when they need it",NA,"504",NA
"Improve the family law system",NA,"606.1",NA
"RAISING THE AGE",NA,"H",NA
"Children do best when they are in loving and caring environments and have access to great healthcare, education and community support.",NA,"606.1",NA
"However, in Australia, children as young as ten are being jailed and often for low-level offences.",NA,"605.2",NA
"Having such a low age of legal responsibility is impacting First Nations children the most.1",NA,"607.3",NA
"Separating children from their families, communities, education and their cultures is causing lasting damage.",NA,"607.3",NA
"Research shows that when someone enters the criminal legal system, the system makes it incredibly diﬃcult to escape.2",NA,"605.2",NA
"The Greens will increase the age of legal responsibility from 10 to at least 14.",NA,"605.2",NA
"Instead of jailing children for minor crimes, our plan will support children to get back on the right path through culturally safe and supportive diversionary programs",NA,"606.1",NA
"as well as supportive bail and community corrections programs to divert people away from prisons.",NA,"606.1",NA
"These measures have all been costed by the independent Parliamentary Budget Office.",NA,"414",NA
"When big corporations and billionaires pay their fair share, everyone can have the services they need for a better life.",NA,"606.1",NA
"1",NA,NA,NA
"https://www.aihw.gov.au/reports/youth-justice/yo uth-justice-in-australia-2018-19/contents/summar y",NA,NA,NA
"2",NA,NA,NA
"https://www.griﬃth.edu.au/research/impact/keepi ng-children-out-of-prison",NA,NA,NA
"INDEPENDENT POLICE AND PRISON OVERSIGHT",NA,"H",NA
"As signatories to the Optional Protocol to the Convention against Torture, we have an obligation to implement a strong, culturally appropriate, and independent prison oversight system across the country.",NA,"201.2",NA
"Many years after we signed the Convention, this system hasn’t been properly set up.",NA,"201.2",NA
"The Greens will provide $382m, with an equal contribution of funding from the states and territories to set up this monitoring system so that all imprisoned people have their human rights respected and aﬃrmed while in custody.",NA,"201.2",NA
"We will also establish a country-wide Police Ombudsman system.",NA,"605.2",NA
"The Police Ombudsman would be a fully independent and impartial body to handle complaints about the conduct of police oﬃcers and take appropriate action.",NA,"605.2",NA
"The system we have now, where police investigate themselves when they are accused of wrongdoing, is completely inappropriate.",NA,"605.2",NA
"BUILDING COMMUNITIES",NA,"H",NA
"Our country needs a smarter, more ambitious approach to ﬁxing our criminal legal system.",NA,"605.2",NA
"First Nations people in particular are being disproportionately targeted by the system, often with devastating effects on people and their communities.",NA,"607.3",NA
"Ultimately, the best way to reduce crime is to prevent it.",NA,"606.1",NA
"The Greens will reform the criminal legal system by preventing people getting caught up in it in the ﬁrst place.",NA,"606.1",NA
"Prioritising strong communities over prisons and other punitive measures also known as justice reinvestment.",NA,"606.1",NA
"We will work with underserved communities and provide them the public funding they need.",NA,"606.1",NA
"The Greens will implement all of the recommendations from the Royal Commission into Aboriginal Deaths in Custody, in partnership with First Nations people, particularly the families left behind after a death in custody.",NA,"605.2",NA
"We will also implement the recommendations from the Australian Law Reform Commission’s Pathway to Justice report on how to end the over-imprisonment of First Nations people, including by establishing a justice reinvestment coordinating body.",NA,"607.3",NA
"We will work with affected communities to ensure the recommendations from the Royal Commission into the Detention and Protection of Children in the Northern Territory are also implemented.",NA,"605.2",NA
"A HUMAN RIGHTS CHARTER",NA,"H",NA
"Human rights are the tools we use to ﬁght for our basic dignities and freedoms.",NA,"201.2",NA
"These tools belong to all of us, and they ensure equality among all groups of people.",NA,"201.2",NA
"The Greens will enact a human rights charter, which also includes environmental rights, to ensure no one is stopped from asserting their rights and dignities.",NA,"201.2",NA
"Human rights and the rights of our environment cannot be separated.",NA,"201.2",NA
"All of us depend on our environment for our survival.",NA,"201.2",NA
"Countries that have environmental rights as part of their human rights charters have been able to strengthen and expand their environmental protection laws, safeguarding land, animals, Country, healthy water and clean air.",NA,"201.2",NA
"A charter will provide all of us the tools we need to demand that we are treated as equals in our society regardless of who we are or where we come from.",NA,"201.2",NA
"Environmental rights as part of a human rights charter will guarantee that we can protect and improve our environment for everyone, forever.",NA,"201.2",NA
"SUPPORTING LEGAL ASSISTANCE SERVICES",NA,"H",NA
"Having access to legal help and assistance is critical to enforcing and protecting our rights.",NA,"504",NA
"We will double the current National Legal Assistance Partnership (NLAP) funding for legal assistance services like Aboriginal and Torres Strait Islander Legal Services, community legal centres, women’s legal services, Family Violence Prevention Legal Services, and legal aid commissions, costing around $490 million per year.",NA,"504",NA
"We would also provide an additional $310 million a year to these services during the life of the NLAP so that they can clear the backlog in cases caused by the pandemic.",NA,"504",NA
"INDEPENDENT POLICE AND PRISON OVERSIGHT",NA,"H",NA
"As signatories to the Optional Protocol to the Convention against Torture, we have an obligation to implement a strong, culturally appropriate, and independent prison oversight system across the country.",NA,"605.2",NA
"Many years after we signed the Convention, this system hasn’t been properly set up.",NA,"605.2",NA
"The Greens will provide $382m over the estimates, with an equal contribution of funding from the states and territories to set up this monitoring system so that all imprisoned people have their human rights respected and aﬃrmed while in custody.",NA,"201.2",NA
"We will also establish a country-wide Police Ombudsman system.",NA,"605.2",NA
"The Police Ombudsman would be a fully independent and impartial body to handle complaints about the conduct of police oﬃcers and take appropriate action.",NA,"605.2",NA
"The system we have now, where police investigate themselves when they are accused of wrongdoing, is completely inappropriate.",NA,"605.2",NA
"IMPROVING THE FAMILY LAW SYSTEM",NA,"H",NA
"The family law system has been the subject of numerous inquiries and yet no action has been taken by the Government to implement the recommended reforms that would make the system fairer, quicker, easier and safer, particularly for survivors of domestic violence and their children.",NA,"605.1",NA
"The Greens will work with key legal assistance, court support and advocacy, family violence prevention and legal stakeholders to begin implementing the recommended reforms that the Government has allowed to gather dust.",NA,"605.1",NA
"Particularly those recommendations around training for court staff, expanding successful pilot projects, increased staﬃng and judicial oﬃcers, and providing adequate wrap-around support for people appearing before the courts.",NA,"605.1",NA
"The Greens will work with stakeholders and the community to repair and rebuild the family court system to restore specialisation, particularly in family law and family violence and to increase the safety of children and adult survivors of family violence.",NA,"605.1",NA
"GET COAL AND GAS MONEY OUT OF POLITICS",NA,"H",NA
"Our plan to ban coal and gas corporations and billionaires from corrupting politicians",NA,"H",NA
"In Australia, coal and gas corporations and billionaires have too much power over politicians.",NA,"304",NA
"In return they get too much special treatment.",NA,"304",NA
"Coal and gas corporations and billionaires are polluting our air and water, destroying farmland and culturally signiﬁcant sites, and fuelling the climate crisis.",NA,"304",NA
"We need to get their money out of politics, because it is corrupting politicians from the major parties.",NA,"304",NA
"The Greens will ban all political donations from the fossil fuel sector.",NA,"304",NA
"We will close the revolving door between politicians and the coal and gas industry",NA,"304",NA
"and we will establish a strong, independent National Integrity Commission to crack down on corruption.",NA,"304",NA
"Cracking down on donations from coal and gas corporations and other dirty industries will beneﬁt our whole community by improving our conﬁdence in government.",NA,"304",NA
"THE GREENS WILL:",NA,"H",NA
"Ban all political donations from the mining and resources sector (and other dirtyindustries) and cap all other donations at $1000 per year",NA,"304",NA
"Stop Resource Ministers and advisers from working for the fossil fuel industry within five years of leaving parliament",NA,"304",NA
"Publish a register of meetings between Ministers and mining lobbyists",NA,"304",NA
"Deliver a strong, independent national corruption watchdog",NA,"304",NA
"Deliver a Code of Conduct for all politicians and senior staff",NA,"304",NA
"PAYING FOR OUR PLAN",NA,"H",NA
"By making billionaires and big corporations pay their fair share of tax and winding back handouts to big polluters, we can build a better life for all of us.",NA,"503",NA
"1 in 3 big corporations pays no tax and many big corporations and billionaires send their profits offshore tax free.",NA,"403",NA
"The Greens will tax billionaires with a new ‘billionaires tax’, require big corporations making excessive profits to pay a ‘corporate super-profits tax’ and axe billions of dollars in handouts to the coal, oil and gas giants that are driving the climate crisis.",NA,"403",NA
"These measures have all been costed by the independent Parliamentary Budget Office.",NA,"414",NA
"When big corporations and billionaires pay their fair share, everyone can have the services they need for a better life.",NA,"503",NA
"ENDING THE INFLUENCE OF POLITICAL DONATIONS",NA,"H",NA
"The disproportionate inﬂuence of political donors on government decisions has stopped Australia from taking strong action to address the climate crisis, respect First Nations communities, or strengthen environmental laws.",NA,"304",NA
"Worryingly, the source of many donations remains hidden because they are below the disclosure threshold or fall into a category that is not counted as a ‘donation’.",NA,"304",NA
"In 2018-2019 alone, more than $100 million of donations made to political parties were undisclosed, allowing inﬂuence to be peddled under the radar.1",NA,"304",NA
"To curb this inﬂuence, the Greens will ban all political donations from the mining, development, tobacco, alcohol, gambling, banking, defence and pharmaceutical industries.",NA,"304",NA
"The Greens will also cap all other donations at $1,000 per year, require timely disclosure of donations,",NA,"304",NA
"introduce truth in political advertising laws,",NA,"304",NA
"and limit the amount that political parties and associated entities can spend on elections to prevent well-resourced parties and lobby groups skewing election outcomes by out-spending minor parties and not-for-proﬁt advocacy groups.2",NA,"304",NA
"These policies will help to ensure that elections are more democratic and representative and that elected governments will work for the people, not the highest bidder.",NA,"304",NA
"2 See  Cleaning Up Politics, Reviving Democracy",NA,NA,NA
"1 Centre for Public Integrity. 2021. “Hidden Money in Politics: What the AEC disclosures don’t tell us”. https://publicintegrity.org.au/wp-content/uploads/2020/06/Bri eﬁng-paper-Hidden-money-in-politics-2019.pdf",NA,NA,NA
"STOPPING THE REVOLVING DOOR",NA,"H",NA
"Hiring or employing people with the right connections is another way to ‘buy’ inﬂuence.",NA,"304",NA
"The ‘revolving door’ between policy and lobbying roles is a growing feature of the Australian political landscape.3",NA,"304",NA
"Nearly 40% of all lobbyists have previously been politicians, advisers, or government oﬃcials, and at least 70% of lobbying ﬁrms employ former politicians or advisers.4",NA,"304",NA
"Politicians and their staff securing cushy jobs post-Parliament should never come at the cost of the community and the planet.",NA,"304",NA
"The Greens will stop the revolving door between politics and industry by preventing politicians and advisers taking on post-politics for-proﬁt work for industries they previously regulated, for ﬁve years.",NA,"304",NA
"SHINING A LIGHT ON DODGY DEALS",NA,"H",NA
"Despite recommendations from the Australian National Audit Oﬃce to strengthen oversight of lobbyists5, the government continues to make deals with the mining industry behind closed doors.",NA,"304",NA
"The Greens will expose these dodgy deals by: requiring in-house lobbyists to be included on the Lobbyists Register",NA,"304",NA
"making it easier to access details of registered lobbyists and who they’ve been meeting with",NA,"304",NA
"requiring Ministers to regularly publish details of their meetings with for-proﬁt lobbyists",NA,"304",NA
"strengthening the Lobbying Code of Conduct to improve transparency and stop political favours being repaid with cushy mining industry jobs.",NA,"304",NA
"3 Grattan Institute. 2018. “Who’s in the room? Access and inﬂuence in Australian politics”.  p20",NA,NA,NA
"https://grattan.edu.au/wp-content/uploads/2018/09/908-Who- s-in-the-room-Access-and-inﬂuence-in-Australian-politics.pdf",NA,NA,NA
"4 Grattan Institute. 2018. Who’s in the room? Access and inﬂuence in Australian politics. p22",NA,NA,NA
"https://grattan.edu.au/wp-content/uploads/2018/09/908-Who- s-in-the-room-Access-and-inﬂuence-in-Australian-politics.pdf",NA,NA,NA
"5 Australian National Audit Oﬃce. 2020. Management of the Australian Governments Lobbying Code of Conduct: Follow-up Audit",NA,NA,NA
"https://www.anao.gov.au/work/performance-audit/manageme nt-the-australian-government-lobbying-code-conduct-follow-up",NA,NA,NA
"audit",NA,NA,NA
"STOPPING CORRUPTION AND DODGY CONDUCT",NA,"H",NA
"The Greens will establish a National Integrity Commission to hold politicians and public servants to account and to stop fossil fuel billionaires buying the political outcomes that favour them.6",NA,"304",NA
"The Greens Bill to establish a strong corruption watchdog has already passed the Senate and could be in place within 6 months if the government just brings it on for a vote in the House.",NA,"304",NA
"Unlike the government’s weak model, our corruption watchdog will have a broad scope to investigate corrupt behaviour and will have extensive investigation powers.",NA,"304",NA
"Importantly, it will be able to act on tip offs from the public, hold public hearings,",NA,"304",NA
"and offer strong protections for whistleblowers and journalists.",NA,"201.2",NA
"‘Corruption’ doesn’t capture every misuse of power or inappropriate behaviour by public oﬃcials.",NA,"304",NA
"The Greens will establish a statutory code of conduct requiring all politicians and senior staff to behave respectfully, to perform their roles seriously and with care, and avoid conﬂicts of interest and proﬁting from their positions.",NA,"304",NA
"Compliance with the Code would be overseen by an Independent Parliamentary Standards Commissioner, with the support of an Independent Parliamentary Adviser to provide conﬁdential advice to politicians and staff who suspect the code may have been breached.",NA,"304",NA
"6 See Cleaning Up Politics policy for more detail",NA,NA,NA
"HOW THE GREENS HAVE BEEN FIGHTING FOR YOU",NA,"H",NA
"The Greens will always put the public interest ahead of corporate greed.",NA,"304",NA
"In the last parliament, it was the Greens who: Passed through the Senate our bill for a National Integrity Commission: a strong, independent corruption watchdog, after ten years of moving for such a body",NA,"304",NA
"Consistently spoke out against the corrupting inﬂuence of donations from the fossil fuel sector and policy favours done for donor mates",NA,"304",NA
"Introduced a bill to ban dirty donations from the fossil fuel and other sectors to political parties, to stop democracy being for sale",NA,"304",NA
"Introduced a Parliamentary Standards Bill for an enforceable code of conduct for all politicians",NA,"304",NA
"Called for reform of lobbying rules, tightening of the Register of Interest disclosure rules, and genuine consequences for politicians and lobbyists who breach the rules.",NA,"304",NA
"CHEAPER, CLEANER POWER FOR HOMES AND BUSINESSES",NA,"H",NA
"Helping communities rapidly transition to address the climate emergency",NA,"H",NA
"Electricity in Australia is too dirty and expensive.",NA,"416.2",NA
"Gas in our homes is causing asthma, and power bills are through the roof.",NA,"416.2",NA
"The Greens will drive the renewable revolution, help households and small businesses get off gas",NA,"416.2",NA
"and create a not for proﬁt electricity retailer.",NA,"416.2",NA
"With cheap, clean power, everyone will have lower costs, and clean affordable power.",NA,"416.2",NA
"THE GREENS WILL:",NA,"H",NA
"Support households and small businesses to get off gas through grants of up to $25k and loans up to $100k",NA,"416.2",NA
"Kickstart a household battery boom, with grants of up to $10k and loans up to $50k",NA,"416.2",NA
"Work with state and territories to ban gas in new housing developments",NA,"416.2",NA
"Create a non-profit publicly owned retailer to push down power bills",NA,"403",NA
"GETTING HOMES AND SMALL BUSINESS OFF THE GAS",NA,"H",NA
"Natural gas is methane and a fossil fuel, and is Australia’s fastest growing source of greenhouse pollution.",NA,"501",NA
"When methane escapes the hundreds of thousands of kilometres of pipes, rather than be burned in power plants and boilers, it is nearly 100 times more polluting than carbon dioxide.1",NA,"501",NA
"Not only is gas more polluting than clean electricity, but it is increasingly more expensive too.",NA,"501",NA
"While gas in Australia used to be cheap (about $4 a GJ), the creation of the LNG export industry has permanently linked domestic gas prices with the international market.2",NA,"501",NA
"That’s why gas today has more than doubled in price and has spiked much higher in recent months.",NA,"501",NA
"Perhaps worst of all, gas in the home has been identiﬁed as being responsible for myriad health problems, including an appallingly high 12% of the health burden of childhood asthma.3",NA,"501",NA
"But alternatives exist.",NA,"501",NA
"It’s time to support homes and businesses to electrify.",NA,"501",NA
"The Greens will provide a series of grants and loans to households and small businesses to help them kick gas to the curb.",NA,"501",NA
"For households, we will offer a grant of up to $10,000 ($25,000 for small businesses) and low interest loans of up to $20,000 ($100,000 for small businesses) in order to replace gas-ﬁred boilers, water heaters and cooktops with electric alternatives.",NA,"501",NA
"The grant component is limited to 20% of the total cost of the replacement project, but can be increased to 50% for a household if it agrees to disconnect from the gas grid entirely within six months.",NA,"501",NA
"The Greens will also work with state and territory governments to ban gas connections for new housing developments.",NA,"501",NA
"1Climate Council - Kicking the Gas Habit (2021) https://www.climatecouncil.org.au/wp-content/uploads/2021/ 05/Kicking-the-Gas-Habit-How-Gas-is-Harming-our-Health.pdf 2Grattan Institute - Flame Out (2020)",NA,NA,NA
"https://grattan.edu.au/wp-content/uploads/2020/11/Flame-ou t-Grattan-report.pdf",NA,NA,NA
"3  Climate Council (2021)",NA,NA,NA
"LAUNCH A BATTERY BOOM",NA,"H",NA
"Australia is on the cusp of another renewable technology explosion.",NA,"416.2",NA
"Just as solar photovoltaic capacity increased by a scale of 100 over the 2010’s (0.2 GW in 2010 to over 20 GW today), household batteries will soon be a billion dollar industry.",NA,"416.2",NA
"Small-scale batteries provide a huge number of beneﬁts to their owners.",NA,"416.2",NA
"They allow more consumption of your own solar energy, they allow households to charge up cheap energy in the middle of the day and then avoid higher peak energy prices in the evening peak, and they can keep your home or business running during black and brown outs.",NA,"416.2",NA
"But just like solar, batteries will continue to need a degree of short-term support in order to reach that tipping point in price where subsidies are no longer needed.",NA,"416.2",NA
"The Greens will make batteries more affordable for homes and businesses by subsidising each battery by up to $5,000 for households ($10,000 for small businesses), and providing up to $10,000 further in low interest loans ($50,000 for small businesses), with the grant itself having a maximum value of 50% of the total cost of the installation.",NA,"416.2",NA
"With subsidies of this scale in place, a battery can then become a proﬁtable investment for millions of households and businesses,",NA,"416.2",NA
"kicking off a boom and creating thousands of jobs in battery installation and manufacturing.",NA,"701",NA
"CHEAPER POWER BILLS",NA,"H",NA
"Energy costs are one of the largest cost-of-living pressures experienced by households in Australia, and energy poverty is a lived reality for far too many.",NA,"409",NA
"We also know that the future of Australian business and industry will be rooted in having access to the cheapest zero carbon power in the world.",NA,"410",NA
"But for too long the big power companies have exploited their customers, relying on the complexity of the electricity market and limited competition to make massive proﬁts from their retail divisions.",NA,"403",NA
"As part of our vision for a transformed Snowy Hydro, the Greens will retool the retail division of Snowy to create Power Australia, a 100% publicly owned non-proﬁt electricity retail corporation.",NA,"413",NA
"Power Australia will offer all Australian businesses at-cost electricity, without the proﬁt seeking and wasted resources in marketing costs of the big retailers.",NA,"402",NA
"And while no one will be forced to contract with Power Australia, the fact that any household or business can move to the cheaper non-proﬁt Power Australia plan, will pressure the other big retailers to either demonstrate value to their customers or make cuts to their own costs too.",NA,"403",NA
"LOOKING AFTER COAL WORKERS",NA,"H",NA
"EMPOWERING COMMUNITIES TO BUILD THEIR OWN FUTURE",NA,"H",NA
"As the world moves quickly away from coal, people need secure jobs and coal communities need to attract new industries to sustain them.",NA,"701",NA
"Late last year Australia’s energy market operator said that half of the existing coal ﬂeet will close by 2030, and coal plants are bringing forward their closure dates at a rapid rate, yet there is still no plan for workers and communities.",NA,"701",NA
"Coal workers know they are being lied to by Liberal and Labor politicians who say coal will stay in the system for decades.",NA,"701",NA
"They know they are going to get screwed over by coal corporations; they just want a clear pathway that will ensure their ﬁnancial security and keep their communities in place.",NA,"701",NA
"The climate crisis is caused by coal corporations, not coal workers.",NA,"701",NA
"We are running out of time to tackle the climate crisis, meaning a large-scale, rapid transition is looming, so we need a big plan that looks after workers and communities.",NA,"701",NA
"As society makes this big switch, the Greens’ plan supports workers to shift out of coal into new industries by guaranteeing them employment at the same pay,",NA,"701",NA
"while also lifting income support for those unable to ﬁnd a new job.",NA,"701",NA
"The Greens will empower local communities to manage the change by developing and ﬁnancing plans to diversify away from coal",NA,"416.2",NA
"and create new jobs and industries as we act on global warming.",NA,"701",NA
"THE GREENS WILL:",NA,"H",NA
"Enact a Job-for-Job Guarantee that will guarantee new employment at existing pay rates for ten years where workers shift out of the coal industry.",NA,"701",NA
"Empower coal communities to develop tailored local transition plans that attract the jobs and industries they need so that their communities continue to thrive.",NA,"301",NA
"Establish a $2.8 billion Diversifying Coal Communities Fund to award and fund the plans that are developed and put forward by local communities.",NA,"606.1",NA
"Enable workforce pooling so that workers closer to retirement can continue working across to other coal employers while younger workers will be paid to reskill and shift to new opportunities.",NA,"701",NA
"PAYING FOR OUR PLAN",NA,"H",NA
"By making mining billionaires and big coal and gas corporations pay their fair share of tax, we will be able to support coal workers and their communities through the energy transition.",NA,"701",NA
"The Greens’ proposal to end public handouts to coal, oil and gas companies will raise $98b over the decade, more than covering the cost of this transition plan.",NA,"414",NA
"OUR PLAN",NA,"H",NA
"The Australian Energy Market Operator that plans and operates our electricity system has said the most likely scenario is that 14 gigawatts - half the current coal ﬂeet - will close in the next eight years.1",NA,"701",NA
"Meanwhile the government’s own forecasts show another 1-2 coal plants on top of all the recently announced coal closures will occur before 2030.",NA,"701",NA
"But the government won’t tell those coal communities which coal plants they are.",NA,"701",NA
"Right now there is no plan from Liberal or Labor parties to manage the change.",NA,"305.1",NA
"They are lying to coal communities, saying burning coal has a long future.",NA,"701",NA
"These communities will collapse unless plans are put in place now.",NA,"701",NA
"The Greens plan, costing $19 billion over the decade, will have three core components: Establish a job-for-job guarantee with workforce pooling to ensure stable and well paid employment continues into Australia’s pollution-free future.",NA,"701",NA
"Create local authorities that bring each coal community together to develop their plans for new employment; and",NA,"301",NA
"Finance those locally developed plans through an independent National Coal Communities  Commission.",NA,"301",NA
"1https://www.abc.net.au/news/2021-12-09/early-coal-exit-natio nal-electricity-market-renewables/100687644",NA,NA,NA
"JOB-FOR-JOB  GUARANTEE",NA,"H",NA
"Coal workers haven’t caused the climate crisis.",NA,"701",NA
"Workers are doing what they can to support themselves and their family.",NA,"701",NA
"The Greens want to preserve the contributions they have made into their communities over decades.",NA,"701",NA
"Previous industry collapses like steel in Newcastle and automotive manufacturing in Geelong and Adelaide have given us important insights of what we have to avoid.",NA,"701",NA
"Without transition plans in place at the time corporations announce plant closures, only a third of workers are able to ﬁnd full time employment again.",NA,"701",NA
"Another third can only ﬁnd insecure work while the ﬁnal third remain permanently unemployed.2",NA,"701",NA
"We can’t leave communities to face this alone.",NA,"701",NA
"A job-for-job guarantee would help those workers ﬁnd new employment in non-polluting industries without losing pay.",NA,"701",NA
"Employers outside of the coal, oil and gas sector would be eligible for a wage subsidy equal to 50 per cent of a full time worker in the coal mining sector.",NA,"701",NA
"The employee must receive a wage at least equal to the amount they received in their previous coal job for the employer to be eligible for the wage subsidy.",NA,"701",NA
"The guarantee would operate for ten years from leaving employment, but for workers over 55, it would be available for up to 12 years, until they reach retirement age.",NA,"701",NA
"If an employee is unable to ﬁnd a job that attracts the wage guarantee, they can claim the amount directly,",NA,"701",NA
"in addition to any Austudy or JobSeeker payments they are eligible for as they access free TAFE or University under the Greens platform.",NA,"701",NA
"FIVE LOCAL AUTHORITIES",NA,"H",NA
"Without a plan, communities whose economies are dependent on coal will face mass disruption when big corporations can no longer sell their destructive products.",NA,"701",NA
"The Greens will establish local authorities in four regions and boost ﬁnancing for the existing LaTrobe Valley Authority: The Hunter Valley Authority in NSW,",NA,"301",NA
"The Collie Authority in South West WA",NA,"301",NA
"Bowen Basin Authority",NA,"301",NA
"and Gladstone Authority in Queensland",NA,"301",NA
"These ﬁve authorities will be supported by a full time secretariat team with part time funding for up to 12 local representatives who will be drawn from across unions, business, academia, First Nations and government.",NA,"301",NA
"They will be tasked with developing local plans to secure their economic transition.",NA,"301",NA
"These authorities will create localised plans of how to attract the jobs and industries that these local communities want and submit them to the National Coal Communities Commission for funding approval.",NA,"701",NA
"2 Report of the Senate Select Committee into Jobs for the Future in Regional Areas page 35",NA,NA,NA
"THE DIVERSIFYING COAL COMMUNITIES FUND",NA,"H",NA
"The Fund administered by the National Coal Communities Commission will be initially credited with $2.8 billion to provide grants, loans and direct employment so that coal dependent regions can turn their plans into reality.",NA,"301",NA
"The fund can be used for attracting small businesses, co-investment for new industry start-ups, encouraging clean heavy industry that want to adapt the existing infrastructure or funding the new physical or social infrastructure that will encourage new jobs to the region.",NA,"701",NA
"In addition to the Diversifying Coal Communities Fund, the investment mandates of the Clean Energy Finance Corporation, the Northern Australia Infrastructure Facility and the Export Finance Australia will be amended to prioritise the ﬁnancing of the plans developed by local authorities.",NA,"301",NA
"The Greens have already announced a jobs-rich $40bn plan to convert Snowy Hydro into a massive renewables generator, with a big build of solar, wind and storage, creating over 110,000 jobs, many of which will be in current coal and gas areas.",NA,"701",NA
"The Greens will also announce further plans to grow new industries in coal and gas areas, including in manufacturing, steel and energy.",NA,"410",NA
"WORKFORCE POOLING",NA,"H",NA
"Workers need more power to be able to ﬁnd a well paid secure job in an alternative industry.",NA,"701",NA
"Coal and gas corporations have too much power, get too much special treatment and their avoidance of tax is given a wink and a nod.",NA,"403",NA
"In line with the agreed phase out timelines of 2030 for thermal coal and 2040 for steel-making coal, industry wide pooling of the workforce will occur.",NA,"701",NA
"This allows workers with the necessary skills to shift between employers and ensure the stability of employment.",NA,"701",NA
"This has worked with great success in Germany and Spain as those industries are actively phasing out their coal ﬂeet.",NA,"701",NA
"Younger workers will also be paid to reskill and retrain for new jobs through the Greens policies for free TAFE and University.",NA,"701",NA
"Middle-aged or skilled workers will be transferred between sites and employers, while older workers will be assured of job stability until retirement.",NA,"701",NA
"DRIVE AN ELECTRIC VEHICLE REVOLUTION",NA,"H",NA
"Our plan to boost uptake of electric vehicles in Australia, with infrastructure and incentives to support the transition",NA,"H",NA
"Australia has fallen behind the rest of the world in the transition to electric transport.",NA,"501",NA
"We are wasting a huge opportunity to clean up our skies, lower emissions, save households money,",NA,"501",NA
"create thousands of new jobs in advanced manufacturing",NA,"701",NA
"and reduce our economic dependence on foreign oil imports.",NA,"501",NA
"Instead, Liberal and Labor have increased taxes on electric vehicles (EVs) to make them more expensive,",NA,"501",NA
"and ruled out critical regulations like vehicle emissions standards that would help to lower emissions.",NA,"501",NA
"The Greens will make EVs cheaper.",NA,"501",NA
"We will ensure that all cars sold in Australia after 2030 are electric, or zero emissions.",NA,"501",NA
"We will invest in domestic electric vehicle manufacturing.",NA,"410",NA
"We will build the charging stations and infrastructure.",NA,"411",NA
"THE GREENS WILL:",NA,"H",NA
"Help you buy your first EV, reducing the cost of an electric vehicle by up to $15,000 and provide ultra-cheap finance for the balance",NA,"501",NA
"Legislate tough vehicle pollution standards to drive down emissions,",NA,"501",NA
"and end the sale of new petrol and diesel cars from 2030",NA,"501",NA
"Build a $2 billion publicly owned EV fast charging network, ensuring that you’ll always have a place to fuel up",NA,"411",NA
"Electrify the Commonwealth fleet by 2025, leading the way and driving the second-hand vehicle market",NA,"501",NA
"Provide $1.2b to manufacturers of electric vehicles and electric vehicle components in Australia, building the Australian EV manufacturing industry",NA,"501",NA
"REDUCE THE COST OF ELECTRIC VEHICLES",NA,"H",NA
"While electric vehicles are already cheaper to own than equivalent petrol cars, the up-front price remains higher.",NA,"416.2",NA
"Over time this is coming down as batteries get cheaper, but the Government has done nothing to help, instead actively opposing measures that would help make EV’s cheaper.",NA,"416.2",NA
"That is why the Greens will make zero emissions vehicles more affordable by the creation of a First EV Rebate and First EV Loan:",NA,"416.2",NA
"First EV Rebate",NA,"H",NA
"The First EV Rebate would provide up to $10,000 for your ﬁrst electric vehicle,1 with the total maximum grant size declining over the coming years as EV uptake increases and phasing out entirely after 2.5 million vehicles have been rebated under the schemev.",NA,"416.2",NA
"There would be a 50% loading for buying an Australian made vehicle, allowing for rebates up to $15,000 and providing a key incentive for the reboot of local automotive manufacturing.",NA,"402",NA
"Eligible Buyers Total Rebate (Import vs Australia Made)",NA,NA,NA
"First 100,000 $10,000 / $15,000",NA,NA,NA
"Next 200,000 $7,500 / $11,250",NA,NA,NA
"Next 200,000 $5,000 / $7,500",NA,NA,NA
"Next 500,000 $3,000 / $4,500",NA,NA,NA
"Next 500,000 $2,000 / $3,000",NA,NA,NA
"Next 1,000,000 $1,000 / $1,500",NA,NA,NA
"1 Each individual would be eligible for up to one rebate, with a register to be kept by the Clean Energy Regulator on receipt of the rebate. Given low uptake of electric vehicles to date, this would be the ﬁrst electric vehicle for most individuals, however existing electric vehicle owners who have not yet received a rebate would also be eligible.",NA,NA,NA
"First EV Loan",NA,"H",NA
"In addition, the Commonwealth would provide all recipients of the First EV Rebate with an opportunity to utilise the First EV Loan.",NA,"416.2",NA
"This First EV Loan would dramatically reduce the interest paid for those who need ﬁnancing to afford their vehicle.",NA,"416.2",NA
"The Commonwealth would ﬁnance up to $50,000 of the remaining price of the vehicle at concessional rates well below the market standard.",NA,"416.2",NA
"LEGISLATE TOUGH VEHICLE EMISSIONS STANDARDS",NA,"H",NA
"To reach net-zero emissions by 2035, we must transform how we transport people and goods.",NA,"416.2",NA
"Around the world, countries are announcing phase out dates for the sale of new internal combustion engine cars.",NA,"416.2",NA
"For example, the United Kingdom and many members of the European Union have agreed to phase out petrol cars by 2030.",NA,"416.2",NA
"Meanwhile, Australia is one of the few remaining countries in the OECD yet to implement CO2 emission standards.",NA,"416.2",NA
"By requiring the big automakers to sell lower emission cars (as they are required to do in the USA, Europe and Japan), the Australian Government has projected that households would save about $519 per year by 2025.",NA,"416.2",NA
"Because of the power of the oil lobby, this policy was scuttled by the Morrison Government and has now been abandoned by the Labor opposition, despite it saving drivers money and putting more EVs and fuel eﬃcient vehicles onto our roads.",NA,"305.1",NA
"To reach these targets the Greens will implement a light vehicle emissions standard of 105g/km by 2025, ratcheting down to 0g/km by 2030 and requiring 100% of sales to be electric, plug-in hybrid or fuel cell vehicles by 2030 (except for specialist vehicles).",NA,"416.2",NA
"$2 BILLION FOR FAST CHARGING  INFRASTRUCTURE",NA,"H",NA
"Using and charging electric vehicles should be simple and straightforward, no matter where you live.",NA,"411",NA
"The Greens will provide $2 billion over the next two years to FutureGrid, our proposed publicly owned electricity transmission and distribution company, to build new electric vehicle charging infrastructure.",NA,"411",NA
"This funding will be prioritised for fast charging stations that allow drivers to get to 80% charge in approximately 15-30 minutes, with a focus on installing over 30,000 fast chargers at critical points all across the country.",NA,"411",NA
"This will ensure that everyone has access to the electric vehicle revolution.",NA,"411",NA
"ELECTRIFY THE COMMONWEALTH FLEET",NA,"H",NA
"The Commonwealth has over ten thousand cars in its ﬂeet.",NA,"416.2",NA
"The Greens will make sure that all new Commonwealth vehicles are electric by 2025, not only contributing to the decarbonisation of the Commonwealth’s own energy use,",NA,"416.2",NA
"but injecting a large number of EVs into the second hand market at the end of the Commonwealth leasing period.",NA,"416.2",NA
"MAKE ELECTRIC VEHICLES HERE IN AUSTRALIA",NA,"H",NA
"Supporting an EV manufacturing industry will mean thousands of jobs for Australians.",NA,"701",NA
"It will have ﬂow on beneﬁts supporting research, development and manufacturing across the country in other industries.",NA,"410",NA
"The Greens will provide $1.2 billion in support to the manufacturing of electric vehicles and their components here in Australia, including a national plan and coordination with major buyers including state and territory governments.",NA,"410",NA
"These grants will operate similarly to the Automotive Transformation Scheme that the Morrison Government under spent to the tune of hundreds of millions of dollars - with grants that can cover up to 15% of the cost of eligible plant and equipment and 50% of eligible research and development investments.",NA,"410",NA
"Eligible companies would include not only EV manufacturers, but EV component manufacturers such as producers of lithium-ion batteries, electric motors and EV charging equipment.",NA,"410",NA
"We will also secure the demand pipeline for Australian-made vehicles, with our First EV Grant providing a 50% loading for Australia made cars and light commercial vehicles, pushing down the comparative price of an Australia made EV compared to imported models.",NA,"410",NA
"SCRAP STATE-BASED EV TAXES",NA,"H",NA
"State Labor governments in Victoria and Coalition Governments in New South Wales and South Australia have introduced or proposed the introduction of road-user charges that will only apply to electric vehicles.",NA,"416.2",NA
"In the middle of a climate emergency, such measures will only serve to slow the take up of cleaner modes of transport.",NA,"416.2",NA
"The Greens will use Commonwealth powers to override these state based EV taxes, ensuring that we transition to a new national system to replace the fuel excise that doesn’t disincentivise the switch to electric transport.",NA,"416.2",NA
"HOW THE GREENS HAVE BEEN FIGHTING FOR YOU",NA,"H",NA
"In the last parliament, it was the Greens who: Fought to stop Liberal and Labor governments imposing an unfair, environmentally disastrous tax on electric vehicles.",NA,"416.2",NA
"INVESTING IN MORE PUBLIC TRANSPORT AND HIGH SPEED RAIL",NA,"H",NA
"Our plan to make transport healthy and affordable for all",NA,"H",NA
"For years the Liberal Government has failed to plan ahead and meet the demands of our growing cities and regions.",NA,"411",NA
"Rather than investing in public transport, connecting our major cities and making active transport safe and accessible, our city and transport options are being decided by corporations.",NA,"411",NA
"The Greens will invest in public and active transport as well as high speed rail, and ensure that we choose transport options that will contribute to reducing our carbon emissions.",NA,"411",NA
"This will reduce traﬃc, get us where we want to go faster, cost us less, and clean up the air we breathe.",NA,"411",NA
"THE GREENS WILL:",NA,"H",NA
"Put an extra $2.5 billion into rail and bus services",NA,"411",NA
"and $500 million into making cycling and walking safe and accessible per year",NA,"411",NA
"Transform transport by supporting the electrification of bus and rail networks across Australia",NA,"411",NA
"Build high speed rail from Melbourne to Brisbane",NA,"411",NA
"Invest in getting freight onto rail and cleaning up our truck fleets",NA,"411",NA
"AN EXTRA $25 BILLION FOR RAIL AND BUS SERVICES",NA,"H",NA
"Our cities are clogged up and becoming impossible to move around, and our outer suburbs and regional towns are stuck without the connections that people need.",NA,"411",NA
"People have no choice but to travel by car, leading to traﬃc gridlock,",NA,"411",NA
"skyrocketing carbon pollution and poor health from polluted air.",NA,"501",NA
"A government that is serious about building the 21st century infrastructure for our cities and regions must put money on the table for public transport projects to give us the accessible, affordable, clean and connected cities and regions that people deserve.",NA,"411",NA
"Yet funding for roads still makes up more than 4 in every 5 dollars of federal government transport investment1 - this cannot continue.",NA,"411",NA
"The Greens will introduce a dedicated public transport investment fund of $25 billion over the next decade.",NA,"411",NA
"Investment of this scale is needed to restore Commonwealth infrastructure spending, and get critical public transport projects underway.",NA,"411",NA
"1 Budget 2020-21, Budget Paper 3: Federal Financial Relations",NA,NA,NA
"ELECTRIFY BUS AND RAIL NETWORKS",NA,"H",NA
"Turning our bus ﬂeets and rail networks electric can make our public transport systems cleaner and greener.",NA,"501",NA
"The Greens plan to electrify over 3,000 km of rail lines in ﬁve years, generating thousands of jobs,",NA,"701",NA
"and make regional rail faster and cleaner.",NA,"501",NA
"By providing incentives to state governments to buy electric buses, we can also rebuild our vehicle manufacturing industry here in Australia,",NA,"410",NA
"while reducing diesel pollution and making our streets quieter and cleaner.",NA,"501",NA
"BUILD HIGH SPEED RAIL CONNECTING MELBOURNE, CANBERRA, SYDNEY AND BRISBANE",NA,"H",NA
"In 1981 the ﬁrst model for high speed rail linking Australia’s eastern mainland capital cities was proposed.",NA,"411",NA
"We have waited long enough - it’s now time to bring the east coast High Speed Rail project to life.",NA,"411",NA
"High speed rail between Australia’s eastern mainland cities would be a transformative project that will link up regional cities with our capitals and will be central in the shift to a clean economy.",NA,"501",NA
"Building high speed rail would provide a sustainable alternative to domestic ﬂights between east coast major cities and regions.",NA,"501",NA
"Rather than leaving the project to private developers, the Greens will build this project in the public interest.",NA,"411",NA
"Whether it be the NBN, Inland Rail or the purchase of Snowy Hydro, we now have the ﬁnancing and equity models that prove the Federal Government can go it alone in funding large scale national infrastructure.",NA,"411",NA
"The Greens will set up the Australian High Speed Rail Authority and provide $17.7 billion in funding to cover the ﬁrst four years of expenses to ﬁnally get High Speed Rail moving.",NA,"411",NA
"$500 MILLION PER YEAR TO MAKE CYCLING AND WALKING SAFE AND ACCESSIBLE",NA,"H",NA
"Feeling unsafe while riding is the biggest reason people don’t cycle.",NA,"411",NA
"Investment in bikes and walking infrastructure is more cost effective than building roads, and will give people the freedom to choose riding or walking as a safe, easy option and leave their car at home.",NA,"411",NA
"Yet, neither Labor nor the Coalition Government have any vision for investment in critical active transport infrastructure.",NA,"305.1",NA
"We cannot leave this to State and Local Governments alone.",NA,"305.1",NA
"The current model leads to many areas missing out on critical infrastructure due to lack of funds and projects ending at Council borders.",NA,"411",NA
"The Greens will establish an Active Transport Fund worth $5 billion over the next ten years to invest in cycling and walking infrastructure in Australia.",NA,"411",NA
"This will include constructing and upgrading off-road paths and dedicated Copenhagen-style lanes.",NA,"411",NA
"By funding bike and walking infrastructure properly, our plan will reduce pollution,",NA,"501",NA
"unclog our roads, and encourage physical activity that makes us all healthier and happier.",NA,"411",NA
"HOMES FOR ALL",NA,"H",NA
"Our plan to build a million homes",NA,"H",NA
"In Australia, too many people can’t ﬁnd an affordable place to live.",NA,"401",NA
"An affordable home is a human right, but in Australia, Governments have locked people out - and it’s driving inequality.",NA,"401",NA
"The Greens will build one million affordable and high-quality homes to end homelessness,",NA,"504",NA
"slash housing waiting lists, provide housing options for people locked out of the housing market",NA,"401",NA
"and create tens of thousands of jobs.",NA,"701",NA
"So everyone has an affordable place to live.",NA,"504",NA
"THE GREENS WILL:",NA,NA,NA
"Build one million public and community homes that are high quality, sustainable and accessible.",NA,"504",NA
"Establish a shared ownership scheme to help people currently locked out of the market to own their first home",NA,"401",NA
"Create 45,000 new ongoing direct jobs and 90,000 new ongoing indirect jobs in construction and services to support Australia’s economic recovery",NA,"701",NA
"Provide $7b in capital grants over ten years to improve existing public housing",NA,"504",NA
"ONE MILLION HOMES",NA,"H",NA
"People wait for over a decade to access public housing in some parts of Australia, while hundreds of thousands of people seek help from homelessness services every year.",NA,"504",NA
"Women, especially older women, have been the fastest growing group of people experiencing homelessness.1",NA,"504",NA
"The Covid-19 pandemic has further deepened this crisis, with many thousands of women and children being forced to choose between returning to violent partners or becoming homeless.",NA,"504",NA
"A recent report revealed as many as 7,700 women a year were returning to violent partners and 9,120 women were being forced into homelessness because of a chronic shortage of affordable housing.2",NA,"504",NA
"The Greens will establish a Federal Housing Trust to build a million public and social homes across cities, towns, regions and remote areas over 20 years.",NA,"401",NA
"The scale of the build would obliterate social housing waiting lists and reduce homelessness, especially in groups like women and children facing domestic violence, First Nations people, and migrants and refugees who face higher rates of homelessness.",NA,"504",NA
"Building one million homes will reduce insecure housing and poverty,",NA,"504",NA
"place downward pressure on rents and house prices,",NA,"409",NA
"and stimulate the economy.",NA,"410",NA
"After decades of under-investment by successive governments, we’re facing a growing crisis in public and social housing.",NA,"504",NA
"The Australian Institute of Health and Welfare has found public and community housing has not kept pace with the growth in the overall number of households.",NA,"504",NA
"The proportion of social housing households has steadily declined.3",NA,"504",NA
"Access to secure, safe, accessible and affordable housing is fundamental to economic and social justice.",NA,"201.2",NA
"No one should have to wait to have a roof over their head or go from one type of crisis accommodation to another while they languish on public housing waiting lists.",NA,"201.2",NA
"This is why the Greens will establish a Federal Housing Trust to construct one million new environmentally sustainable homes in partnership with states, territories, local councils, community housing providers and First Nations community-controlled organisations.",NA,"401",NA
"Out of the one million homes the Trust will build over 20 years: h750,000 homes will be reserved for people on low incomes to slash public housing waiting lists and end homelessness;",NA,"401",NA
"125,000 will be shared ownership homes, which will allow ﬁrst-home buyers who are locked out of housing to buy a home in suburbs they want to live in for $300,000; and",NA,"401",NA
"125,000 will be public universal access rental homes to provide secure housing for more people and move towards universal housing.",NA,"401",NA
"1 Australian Human Rights Commission, Risk of Homelessness in Older Women",NA,NA,NA
"<https:/ humanrights.gov.au/our-work/age-discri mination/projects/risk-homelessness-older-wome n>",NA,NA,NA
"2 Everybody’s Home Campaign, Nowhere to go",NA,NA,NA
"<https:/ everybodyshome.com.au/report-social-ho using-keeps-women-safe-from-family-violence-ex pands-economy/>",NA,NA,NA
"3  Housing assistance in Australia, 30 June 2021. Online at Housing assistance in Australia, Summary - Australian Institute of Health and Welfare (aihw.gov.au)",NA,NA,NA
"A SHARED EQUITY OWNERSHIP SCHEME",NA,"H",NA
"In a property market rigged for investors, buying a home has become out of reach for an entire generation.",NA,"401",NA
"This is why the Greens will establish a Shared Equity Ownership Scheme to allow people who are currently locked out of owning a home to buy up to 75% equity in a Federal Housing Trust home for $300,000.",NA,"401",NA
"125,000 of the homes from the one million homes will be earmarked for the scheme.",NA,"401",NA
"To make sure there are as few barriers to entry as possible, participants will have stamp duty waived and can access a concessional Commonwealth loan with a 10% deposit to buy equity in one of 125,000 Trust homes in the Scheme.",NA,"401",NA
"Whether people are looking for a secure home for life or to build equity while saving for a deposit to enter the private market, the Scheme will help ensure access to a home for all.",NA,"401",NA
"The homes will be owner-occupied.",NA,"401",NA
"The Shared Equity Ownership Scheme won’t just give people a chance to own their home, it will ensure Trust homes remain in public hands forever by requiring equity is sold back to the Commonwealth at a fair rate when a resident leaves their home.",NA,"401",NA
"Tenants in the Trust’s rental tenancies will have the option of converting their tenancy to the Shared Equity Ownership Scheme at any time during their lease.",NA,"401",NA
"UNIVERSAL ACCESS RENTALS",NA,"H",NA
"Our plan includes 125,000 new public universal access rentals to be built focused on creating affordable housing for more people, and to move towards universal housing for all.",NA,"409",NA
"This plan will help people who have been priced out of where they need to live. Essential workers like teachers and nurses, as well as others, will be able to rent a home from the government.",NA,"409",NA
"These homes will allow people to live closer to work or their community.",NA,"409",NA
"CAPITAL GRANTS FOR PUBLIC HOUSING IMPROVEMENTS",NA,"H",NA
"The Greens will also create a Capital Grants Fund to give grants to states and territories to fund public housing improvements.",NA,"504",NA
"$1.5b per year in capital grants for three years, then $2.5b divided evenly over the next seven years will help clear maintenance backlogs and make sure everyone’s home is high quality, safe and accessible.",NA,"504",NA
"REBUILDING AUSTRALIA BY BUILDING HOMES FOR ALL",NA,"H",NA
"The level of government stimulus provided through the construction of one million new dwellings will create new employment opportunities on a large scale all across the country, from cities to regional and remote areas.",NA,"701",NA
"This will be a major boost to the economy as we recover from the pandemic",NA,"410",NA
"and provide guaranteed housing for all those in need.",NA,"504",NA
"The National Housing Finance and Investment Corporation, using data produced by the Australian Bureau of Statistics, estimates that 9 jobs (3 direct and 6 indirect) are created for every $1 million in spending for residential construction4.",NA,"701",NA
"With our Million Homes plan intending to construct 50,000 homes per year, for a total annual investment of $15 billion in new construction, this would produce 45,000 new ongoing direct jobs and 90,000 new ongoing indirect jobs according to the same methodology.",NA,"701",NA
"HOW THE GREENS HAVE BEEN FIGHTING FOR YOU",NA,"H",NA
"The Greens remain the only strong voice calling for a fair housing system in Parliament.",NA,"305.1",NA
"During the Covid-19 pandemic, the Greens successfully pushed for eviction bans and moratoriums on rent rises, preventing a rise in homelessness in a time of acute crisis.",NA,"412",NA
"The pandemic showed us that when there is political will, governments have the ability to prevent homelessness and house people ﬁrst.",NA,"401",NA
"4 National Housing Finance and Investment Corporation, 13 July 2020. Online at           https:/ www.nhﬁc.gov.au/media/1298/building-jo bs-how-residential-construction-drives-the-econo my-ﬁnal4.pdf",NA,NA,NA
"PUBLIC SCIENCE",NA,"H",NA
"Investing in the knowledge economy",NA,"H",NA
"Under the Coalition Government, funding for science, research and development in Australia has constantly fallen below the OECD average.",NA,"411",NA
"Our wellbeing, economy and ability to respond to major crises relies on science.",NA,"411",NA
"The Greens will invest in science and research, and foster a culture where innovation, invention and experimentation can ﬂourish to create a smarter, more prosperous Australia.",NA,"411",NA
"Investing in science creates jobs, makes our economy stronger, and allows Australia to overcome the challenges we face as a nation.",NA,"411",NA
"THE GREENS WILL:",NA,NA,NA
"Put Australia on a pathway to investing 4% of GDP in science, research and innovation",NA,"411",NA
"Establish a Parliamentary Office of Science and Technology to provide independent, scientific advice to Parliament",NA,"411",NA
"Invest $2.5 billion to make jobs for scientists and researchers more secure across universities, research agencies and the private sector",NA,"411",NA
"Provide $1.3 billion to CSIRO and other public research agencies",NA,"411",NA
"Make higher education free",NA,"506",NA
"TOWARDS 4% OF GDP IN SCIENCE, RESEARCH AND INNOVATION",NA,NA,NA
"Australia has a strong history of groundbreaking scientiﬁc and innovative advancements.",NA,"601.1",NA
"People all across the world have beneﬁted from discoveries made by Australia’s outstanding researchers, including during the pandemic.",NA,"601.1",NA
"The Greens believe we need a strong research sector in Australia to help move away from the polluting industries of the past",NA,"411",NA
"and deliver the jobs of the future.",NA,"701",NA
"Unfortunately, Australia’s innovations rankings are the lowest they’ve been in a decade, ranking 25th in the Global Innovation Index1.",NA,"411",NA
"Commonwealth Government investment in research and development is well below where it needs to be.",NA,"411",NA
"We need meaningful investment in science, research and innovation to supercharge our economy and make Australia a global leader in new and emerging research and technology.",NA,"411",NA
"The Greens will make the investment Australia needs. We have a comprehensive public funding road map to increase public and private investment in Research and Development (R&D) to 4% of GDP by 2030.",NA,"411",NA
"This will put Australia back on track to being a global leader in new and emerging research and technology.",NA,"411",NA
"Our plan includes signiﬁcant public investment across key areas.",NA,"411",NA
"As part of that plan, the Greens will boost funding for key research bodies, including: $5.5 billion in additional block grant funding for universities, to boost their roles as powerhouses of the research ecosystem",NA,"411",NA
"and to help improve job security for scientists working in universities;",NA,"411",NA
"$1.3 billion for key research bodies such as the CSIRO, Australian Nuclear Science and Technology Organisation, Australian Research Council, National Health and Medical Research Centre, Cooperative Research Centres;",NA,"411",NA
"$1 billion a year for a research translation fund to be managed by the Australian Research Council;",NA,"411",NA
"$175 million a year in additional funding for the National Collaborative Research Infrastructure Strategy; and",NA,"411",NA
"$119 million over the forwards to develop and implement a national open access publishing program for research.",NA,"411",NA
"1 Global Innovation Index 2021 https://www.wipo.int/edocs/pubdocs/en/wipo_pu b_gii_2021.pdf",NA,NA,NA
"ESTABLISH A PARLIAMENTARY OFFICE OF SCIENCE AND TECHNOLOGY",NA,NA,NA
"In an age of fake news, conspiracy theories and misinformation, now, more than ever we need trustworthy institutions to set the record straight and give us the scientiﬁc evidence we need to address the crises we’re facing - whether that’s a pandemic, the climate crisis, or future threats.",NA,"411",NA
"A new, independent Parliamentary Oﬃce of Science and Technology will provide independent, objective scientiﬁc advice to members of Parliament to help ensure decisions are informed and underpinned by science.",NA,"411",NA
"SUPPORT EQUITABLE AND ONGOING EMPLOYMENT FOR RESEARCHERS",NA,NA,NA
"Australia is losing key thinkers because far too often, research work is underpaid and insecure.",NA,"701",NA
"The Greens will spend over $2.5 billion to support equitable and ongoing employment opportunities, including: Establish an additional non-refundable tax offset of 20% for companies that hire science, technology, engineering and mathematics (STEM) PhD students or equivalent graduates in their ﬁrst three years of employment;",NA,"701",NA
"$50 million per year to improve diversity in science and research and development by funding programs that support women, First Nations peoples and LGBTIQA+ people in science;",NA,"503",NA
"$50 million per year for a Secure Work for Researchers fund, to help universities and research institutes transition their workers to secure employment;",NA,"701",NA
"$70 million per year in additional funding for the Australian Research Council’s Future Fellowships scheme to support mid-career researchers;",NA,"701",NA
"$41 million per year in additional funding for existing teacher training in STEM education; and",NA,"506",NA
"$20 million in capped funding for the public service to examine options to reduce upfront time commitment for grant applications.",NA,"701",NA
"WIPE STUDENT DEBT AND MAKE TAFE AND UNI FREE",NA,NA,NA
"Our plan for the biggest investment in tertiary education in Australian history",NA,"H",NA
"Liberal and Labor governments have cut funding and hiked fees to Universities and TAFEs.",NA,"506",NA
"Students are treated like customers who graduate with massive debts and education is treated like a commodity to proﬁt from.",NA,"506",NA
"The Greens are the ﬁrst and only party to commit to abolishing all outstanding student debt.",NA,"506",NA
"We will make TAFE and university free and guarantee a livable income for students.",NA,"411",NA
"We will ensure staff and students have a say in how their institutions are run.",NA,"506",NA
"The Greens will ensure free education for everyone, whether you are leaving school, changing careers, retraining later in life or looking to gain new skills and knowledge.",NA,"506",NA
"Education is a right, not a privilege reserved for just those who can afford to pay for it.",NA,"506",NA
"THE GREENS WILL:",NA,NA,NA
"Abolish all student debt",NA,"506",NA
"Fund lifelong free education for all",NA,"506",NA
"Guarantee every student a liveable income",NA,"506",NA
"Reverse the Liberals’ cuts and boost university funding by 10% to enable quality teaching, learning and research",NA,"506",NA
"Increase job security and slash casualisation at TAFE and uni",NA,"701",NA
"Invest in world class research",NA,"411",NA
"Democratise our universities by giving power back to staff and students on campuses",NA,"606.1",NA
"Make our public universities and TAFEs sustainable and accessible through the Green Education Infrastructure Fund",NA,"416.2",NA
"ABOLISH STUDENT DEBT",NA,NA,NA
"Many current MPs, including the Prime Minister, went to university when it was free, while now students are being saddled with tens of thousands of dollars in study debt that takes decades to repay.",NA,"503",NA
"In 2020-21, nearly three million people owed an average of $23,685 in study debt.",NA,"503",NA
"This is unsustainable and wholly unfair.",NA,"503",NA
"The cost of living and housing are skyrocketing and inﬂation is on the rise.",NA,"503",NA
"Student debt, when education should be free, should not be an added burden on people who are already struggling, especially after the impacts of the Covid-19 pandemic.",NA,"503",NA
"Cancelling student debt will help narrow the inequality gap.",NA,"503",NA
"Abolishing all student debt will have enormous positive impacts for millions of people who will be able to afford to live a better life.",NA,"503",NA
"The Greens will abolish all outstanding student debt.",NA,"503",NA
"Student Financial Supplement Scheme",NA,NA,NA
"Our plan will also wipe debt accrued under the extremely unfair Student Financial Supplement Scheme (SFSS)3 that continues to hurt some of the most vulnerable people.",NA,"503",NA
"Abolition of all existing student debt, and a fee-free future where none is accrued, is a hip-pocket win for students,",NA,"503",NA
"frees students from perverse incentives to study ‘cheap’ courses",NA,"503",NA
"and removes perceived barriers to access.",NA,"506",NA
"FREE TAFE AND UNIVERSITY",NA,NA,NA
"Students leaving university or TAFE now face greater pressures than ever before, including high youth unemployment and record housing and living costs.",NA,"701",NA
"No one should start their life with a huge loan hanging over their heads.",NA,"503",NA
"Free university and TAFE will give everybody a fair go, break the cycle of disadvantage and guarantee access.",NA,"503",NA
"For those who want to study, it’s our job to make that possible.",NA,"506",NA
"That is why the Greens will fully fund fee-free TAFE and university.",NA,"506",NA
"The Greens believe that TAFE should be the ﬁrst priority for all federal funding for Vocational Education and Training.",NA,"411",NA
"There should be no government funding for providers that operate for private proﬁt.",NA,"403",NA
"1 Mehreen Faruqi Outs LNP Politicians Who Beneﬁted From Free University. Online at Junkee: https://junkee.com/arts-degree-doubles-free-university/ 258393",NA,NA,NA
"2https://www.aph.gov.au/About_Parliament/Parliament",NA,NA,NA
"ary_Departments/Parliamentary_Library/FlagPost/2021",NA,NA,NA
"/November/HELP-2020-21",NA,NA,NA
"3 From the Guardian Australia: “The student ﬁnancial supplement scheme enticed students to take out",NA,NA,NA
"“low-cost” loans by trading in their entitlements to youth allowance, Austudy or pensioner education supplement. Every dollar of welfare a student gave up entitled them to",NA,NA,NA
"$2 in loan. The scheme was roundly criticised for pushing the lowest-paid students to give up their social security entitlements.”",NA,NA,NA
"h ttps://www.theguardian.com/australia-news/2017/jul/ 0 5/students-who-forfeited-welfare-under-unfair-loan-sc h eme-owe-government-21bn",NA,NA,NA
"10% UNI FUNDING BOOST",NA,NA,NA
"For too long governments have cut university funding, forcing them to do more with less and impacting on education and research.",NA,"506",NA
"The Greens will reverse the Government’s “Job-ready Graduates” changes which cut government funding for universities4.",NA,"506",NA
"We will further increase funding per-Commonwealth Supported Place student by 10%.",NA,"506",NA
"This  will deliver the funding universities need to improve learning and teaching conditions, reduce class sizes",NA,"506",NA
"and enable researchers to pursue solutions to the big problems of our time.",NA,"506",NA
"A LIVEABLE INCOME FOR ALL STUDENTS",NA,NA,NA
"The high cost of living remains a huge burden on students and can create a substantial barrier to accessing education.",NA,"506",NA
"It’s outrageous that one in seven students regularly goes without food and other necessities while studying and nearly a third of students work more than 20 hours a week.5",NA,"504",NA
"The Greens plan will support students by raising and expanding Youth Allowance, Austudy and Abstudy to guarantee that every young person receives an income they can live on.",NA,"504",NA
"By abolishing the independence test and simplifying the framework, all young people 18 and over would receive the same guaranteed income of $1,300 per fortnight (whether they are studying or looking for work).",NA,"504",NA
"Young people living away from home would no longer be subject to the parental means  test.",NA,"504",NA
"4 ‘The government would save $1 billion a year with proposed university reforms — but that’s not what it’s telling us’ https://theconversation.com/the-government-would-save-1-bill ion-a-year-with-proposed-university-reforms-but-thats-not-what",NA,NA,NA
"-its-telling-us-142256",NA,NA,NA
"5https://www.universitiesaustralia.edu.au/wp-content/uploads/201",NA,NA,NA
"9/06/180713-2017-UA-Student-Finance-Survey-Report.pdf",NA,NA,NA
"FUND WORLD CLASS RESEARCH",NA,NA,NA
"The Greens have fought against the Liberals’ cuts to research and against political interference in research grants.",NA,"411",NA
"We will make a massive investment in research: Boost block grant funding for universities by $5.5 billion",NA,"506",NA
"Invest $70 million per year in additional funding for the Australian Research Council’s Future Fellowships scheme to support mid-career researchers",NA,"506",NA
"Invest $50 million per year for a Secure Work for Researchers fund, to help universities and research institutes transition their workers to secure employment;",NA,"506",NA
"Invest an additional $1.3 billion in key research bodies such as the CSIRO, Australian Research Council, and National Health and Medical Research Centre.",NA,"411",NA
"Invest $1 billion a year for a research translation fund to turn ground breaking ideas into world changing applications;",NA,"411",NA
"Provide $50 million per year to improve diversity in science and research and development by funding programs that support First Nations peoples, women and LGBTIQA+ people in science;",NA,"503",NA
"SECURE WORK FOR STAFF",NA,NA,NA
"Staff working conditions inﬂuence student learning conditions.",NA,"506",NA
"For decades the employment security of university staff has been eroded.",NA,"701",NA
"In 2019, 65% of all staff in universities were employed in insecure casual and ﬁxed-term contracts.6",NA,"701",NA
"Years of funding cuts by governments and the ensuing corporatisation and marketisation of higher education has led to the rampant casualisation of TAFE and university staff.",NA,"701",NA
"Wage theft has become systemic in universities7.",NA,"701",NA
"Casualisation of staff and their underpayments are undeniably linked and have often been highlighted as the current business model of universities8.",NA,"701",NA
"The Greens will ensure universities provide secure, long term jobs for their staff by working with staff and their unions to link funding under the Commonwealth Grant Scheme to reduce the rate of insecure work in universities",NA,"701",NA
"and set targets for high rates of secure work with fair conditions.",NA,"701",NA
"DEMOCRATISE OUR UNIVERSITIES",NA,NA,NA
"As successive governments cut university funding, they also eroded university staff and students’ say in how universities are run by stacking governance bodies with external appointments and giving corporations inﬂuence over curriculum and research.",NA,"506",NA
"In order to ensure academic freedom and a safe learning environment, our universities must be well-funded, and decision making power must be handed back to the students and workers of the university.",NA,"506",NA
"The Greens will work closely with staff, students and their unions to democratise our universities, by: Capping Vice-Chancellor pay and making their positions elected",NA,"506",NA
"Boosting elected staff and student positions on university governing bodies and limiting corporate appointments",NA,"506",NA
"Supporting open access research and opening university libraries and spaces to the community",NA,"506",NA
"Funding student unionism",NA,"506",NA
"and ensuring student funds are allocated to democratic student organisations",NA,"506",NA
"Improving transparency of university operations and governance",NA,"506",NA
"6 NTEU 2021-22 budget submission, derived from “Selected Higher Education Statistics – 2020 Staff data,” https://www.dese.gov.au/higher-education-statistics/staff- data/selected-higher-education-statistics-2020-staff-data",NA,NA,NA
"7 Wage theft is ‘systemic’: 21 universities under investigation. See AFR",NA,NA,NA
"https://www.afr.com/work-and-careers/education/wage",NA,NA,NA
"-theft-is-systemic-21-universities-under-investigation-20 211020-p591kw",NA,NA,NA
"8 See above reference",NA,NA,NA
"INVEST IN SUSTAINABLE AND ACCESSIBLE  INFRASTRUCTURE",NA,NA,NA
"The Greens will make sure our unis, TAFEs and schools are sustainable and accessible through a four-year $5 billion Green Education Infrastructure Fund to support sustainable capital works, retroﬁtting and refurbishments.",NA,"506",NA
"HOW THE GREENS HAVE BEEN FIGHTING FOR YOU",NA,NA,NA
"In parliament and the community, the Greens are vocal and proud in our support for free public TAFE and university education.",NA,"506",NA
"We are the ﬁrst and only party to call for abolition of student debt",NA,"506",NA
"and continue to lead the ﬁght for better funded and universal higher education:",NA,"506",NA
"The Greens successfully pressured the Government to extend the $550 Coronavirus Supplement payment to hundreds of thousands of students on Youth Allowance, Austudy and Abstudy.",NA,"504",NA
"We lead the ﬁght against the Liberals’ university fee hikes and funding cuts that are pushing students into decades of debt.",NA,"506",NA
"The Greens are the only party to oppose political interference in research funding and have been leading on this issue through a parliamentary bill and a Senate inquiry to end political intervention.",NA,"304",NA
"We will continue to work with university staff to reveal the extent of wage theft at universities",NA,"701",NA
"and support casual staff to have their say on how this impacts them and what must be done to make change.",NA,"701",NA
"CREATING A CIRCULAR ECONOMY",NA,NA,NA
"Our plan to create jobs and clean up Australia",NA,NA,NA
"Investing in a circular economy provides beneﬁts far beyond improving recycling and waste management.",NA,"701",NA
"Australians are missing out on jobs, innovation and economic opportunities as we don’t take advantage of circular economy opportunities within Australia.",NA,"701",NA
"For every 10,000 tonnes of material recycled in Australia, 9.2 jobs are created1.",NA,"701",NA
"Additionally, circular economy principles promote localised resource capture, repair and re-manufacture which can create jobs",NA,"701",NA
"and enhance supply chain security.",NA,"104",NA
"Transitioning to circular economies could generate $175 billion in direct beneﬁt to the economy,",NA,"410",NA
"and save 16.7 million tonnes of CO2 in Australia by 20402.",NA,"416.2",NA
"The Greens will build a waste and recycling industry that makes the best use of our recycled goods,",NA,"416.2",NA
"will create thousands of jobs, and help us live more sustainably.",NA,"701",NA
"THE GREENS WILL:",NA,NA,NA
"Provide $1bn for a nationwide compostable processing scheme, supporting local councils to build industrial compostable facilities",NA,"501",NA
"Legislate a national approach to phasing out key single-use plastics by 2025",NA,"501",NA
"Legislate a national approach to container deposit schemes",NA,"501",NA
"Support a Global Plastic Treaty",NA,"501",NA
"Mandate national packaging targets in law",NA,"501",NA
"Invest $500 million over five years into infrastructure and programs to reboot recycling",NA,"416.2",NA
"Invest $50 million in waste avoidance and reduction research",NA,"416.2",NA
"Ban industrial incineration of solid waste",NA,"501",NA
"Support the Right to Repair to minimise e-waste",NA,"416.2",NA
"1       https://www.awe.gov.au/environment/protection/waste/publications/employment-waste-management-and-recycling",NA,NA,NA
"2 Building a More Circular Economy, PWC, March 2021, https://www.pwc.com.au/assurance/esg/building-a-more-circular-australia.pdf",NA,NA,NA
"BUILDING THE CIRCULAR ECONOMY",NA,NA,NA
"Building a circular economy that works means creating a whole-of-government approach.",NA,"405",NA
"We will invest $500 million over ﬁve years into infrastructure and programs to reboot recycling and support the growth of a robust, jobs creating waste and recycling system.",NA,"416.2",NA
"We will also use this investment to support local councils with grants and other assistance to make the transition to a circular economy.",NA,"416.2",NA
"Consumers should be able to make informed choices about the products they buy, with honest and clear labelling.",NA,"403",NA
"In addition to greater investment in composting infrastructure, a consistent national regulatory approach to avoidance and managing waste is much needed.",NA,"416.2",NA
"States and territories are currently going it alone on regulation and inconsistent regulatory frameworks are being implemented across jurisdictions.",NA,"302",NA
"At the forefront of this national approach, must be a national avoidance strategy supported with a national education campaign.",NA,"416.2",NA
"Australia cannot continue to overproduce and send millions of tonnes of food waste to landﬁll.",NA,"416.2",NA
"We will amend legislation to make the Australasian Recycling Label mandatory.",NA,"416.2",NA
"The Greens will also empower community action and incentivise manufacturers to include recycled content in their products by introducing a Made with Australian Recycled Content label.",NA,"416.2",NA
"Waste to energy incineration contributes to emissions pollution, and defeats the purposes of a sustainable zero waste management and circular economy agenda.",NA,"416.2",NA
"We will introduce legislation to ban incineration of general waste and plastic in Australia.",NA,"501",NA
"PHASING OUT PLASTICS",NA,NA,NA
"While educating people to avoid waste is a critical ﬁrst step, the Greens will impose a national ban on the most problematic single-use plastic items by 2025 to ensure a federally consistent approach across Australian jurisdictions.",NA,"501",NA
"The banned items will include straws, stirrers, lightweight carrier bags, cutlery, plates and bowls, microbeads, six-pack ring holders, cotton buds, balloon sticks and polystyrene food or beverage containers (with medical exemptions).",NA,"501",NA
"This is in line with the European Union Directive passed in 2019.",NA,"501",NA
"The Greens will review the provision of laws for managing plastic resin pellets (also referred to as ‘nurdles’), to ensure that they are being enforced as rigorously as possible.",NA,"501",NA
"Furthermore, the Greens will commit Australia to support international calls for plastic resin pellets to be classed as hazardous by the International Maritime Organization.",NA,"501",NA
"LEADERSHIP IN GLOBAL ACTION AND RESEARCH",NA,NA,NA
"Marine plastic pollution is a global problem that needs global solutions.",NA,"107",NA
"That is why the Greens will take a leadership role in committing Australia to signing a binding Global Plastics Treaty.",NA,"107",NA
"But Australia needs to be active locally too.",NA,"501",NA
"We have the opportunity to be a major driver of research and development, and entrepreneurship.",NA,"501",NA
"The Greens will support leadership in Australia’s research efforts into avoiding and reducing plastic waste,",NA,"501",NA
"cleaning up our oceans and ﬁnding end-markets for recovered plastic, through a Plastics Co-operative Research Centre (CRC) or other appropriate means.",NA,"501",NA
"Federal funding of $50 million over ten years would be provided.",NA,"501",NA
"MANDATORY PRODUCT STEWARDSHIP AND A NATIONAL CONTAINER DEPOSIT SCHEME",NA,NA,NA
"Critical to establishing a circular economy is compelling producer responsibility for the waste they generate, including making sure products are designed for end-of-life recycling or repurposing.",NA,"416.2",NA
"We will amend government legislation or introduce a private members bill to mandate voluntary packaging targets set by APCO.",NA,"416.2",NA
"The ﬁrst step the Greens will take is to make APCO a mandatory product stewardship scheme under the Recycling and Waste Reduction Bill.",NA,"416.2",NA
"After years of campaigning by the Greens and community groups, and resistance from the beverage industry, most states have now introduced container deposit schemes.",NA,"416.2",NA
"It is important that we have a federally coordinated approach and the Greens will legislate for a national scheme.",NA,"416.2",NA
"Even the beverage industry agrees with this.",NA,"416.2",NA
"The principle of container deposit schemes and other product stewardship schemes is to provide an incentive for people to recycle and for manufacturers to make recyclable products.",NA,"416.2",NA
"In effect, the cost of recycling is built into the cost of the product.",NA,"416.2",NA
"The Greens would introduce a suite of national product stewardship schemes under the Recycling and Waste Reduction Act to ensure that all states are covered and to ensure a consistent approach.",NA,"416.2",NA
"The Greens would also introduce mandatory product stewardship schemes for a range of problematic waste streams, including: All e-waste, including televisions, computers, mobile phones, ﬂuorescent lights and batteries",NA,"416.2",NA
"Tyres",NA,"416.2",NA
"Mattresses",NA,"416.2",NA
"Making sure that products last longer, and can be more easily repaired, is an important way of reducing the environmental footprint of appliances and electrical goods like washing machines and mobile phones.",NA,"416.2",NA
"Australia has lagged behind other countries when it comes to implementing adequate measures to help people repair their goods.",NA,"416.2",NA
"The Greens support the “right to repair”, helping households increase the usage time of products, and minimising waste.",NA,"416.2",NA
"We’ll amend product stewardship schemes to allow for reused e-waste to be counted in scheme targets,",NA,"416.2",NA
"and for support tracking of e-waste to ensure it is sent to the right facilities for managing waste.",NA,"416.2",NA
"BUILDING COMPOSTABLE RECYCLING",NA,NA,NA
"Organic waste is a major component of landﬁll in Australia, contributing to greenhouse gas emissions.",NA,"501",NA
"It is a valuable resource and right now, due to a lack of federal leadership, infrastructure and education, millions of tonnes are being sent to landﬁll.",NA,"501",NA
"Compostable packaging as an alternative for plastic is a growing headache for the recycling industry, with considerable national focus needed to combat potential greenwash.",NA,"501",NA
"The market for compostable packaging is expected to grow signiﬁcantly over the next decade, and the greens will make it a priority to make sure all compostable packaging is properly labelled and composted under this scheme.",NA,"501",NA
"We will fund $1 billion of start up costs so that councils will have ready access to industrial composting facilities, diverting millions of tonnes of waste from landﬁll",NA,"501",NA
"and reducing Australia’s greenhouse gas emissions.",NA,"501",NA
"The Greens will establish a Food Waste Working Group to provide independent advice by the end of 2022 to the Minister on the development of a national overarching policy framework to manage food waste in Australia",NA,"501",NA
"and also hold Australia’s ﬁrst National Food Waste Summit by the end of 2022.",NA,"501",NA
"Setting up infrastructure to recycle organic waste is costly and time consuming.",NA,"501",NA
"The Greens will provide support and funding for every Council to have ready access to commercial composting facilities, diverting millions of tonnes of organic waste from landﬁll, reducing greenhouse gas emissions and protecting our climate.",NA,"501",NA
"This funding would support the up-front capital costs of establishing the facilities.",NA,"501",NA
"HOW THE GREENS HAVE BEEN FIGHTING FOR YOU",NA,NA,NA
"The Greens have been at the forefront of driving change to tackle the waste crisis over the past decade.",NA,"501",NA
"In the last parliament, it was the Greens who: Introduced a Private Members Bill to mandate ineffective voluntary packaging targets in law,",NA,"501",NA
"impose a national ban on the most problematic single-use plastics",NA,"416.2",NA
"and legislate stronger labelling laws for harmful plastic products.",NA,"416.2",NA
"Led on policy initiatives for recycling infrastructure funding, innovation and green jobs.",NA,"416.2",NA
"CONSUMER RIGHTS",NA,NA,NA
"Our plan to protect right to repair and refunds",NA,"H",NA
"Consumers have rights to access good quality purchases, and access to competitive rates.",NA,"403",NA
"By limiting consumer rights to repair, businesses are curtailing the ability of consumers to achieve affordable services for damaged goods.",NA,"403",NA
"Travel costs during COVID have highlighted a limitation in how consumers can access refunds for travel that is cancelled, for reasons beyond their control.",NA,"403",NA
"Big businesses should not be able to withhold or delay refunds.",NA,"403",NA
"There are over 2 million small businesses1 in Australia, employing millions of workers.",NA,"403",NA
"They shouldn’t have to ﬁght for better rights when it comes to contracts.",NA,"403",NA
"The Greens will level the playing ﬁeld for small businesses.",NA,"403",NA
"1https://www.mybusiness.com.au/management/8348-are-there-really-2-3-million-small-businesses-in-austr alia",NA,NA,NA
"THE GREENS WILL:",NA,NA,NA
"Amend the Consumer and Competition Regulations to deliver a right to repair",NA,"403",NA
"Amend consumer law to bring consumers a right to refund",NA,"403",NA
"Amend copyright law to improve repairers access",NA,"403",NA
"RIGHT TO REPAIR",NA,NA,NA
"The Greens will amend the Competition and Consumer Regulations 2010 to include a new consumer guarantee for manufacturers to provide reasonable software updates for a reasonable time period after the product has been purchased, with no option to limit or exclude that guarantee.",NA,"403",NA
"In consultation with State and Territory Governments, the Greens will amend the Competition and Consumer Regulations 2010, to make it a contravention for suppliers and manufacturers who fail to provide a remedy to consumers when legally obliged to do so under the consumer guarantees.",NA,"403",NA
"We will empower the Australian Consumer and Competition Commission to seek pecuniary penalties, in addition to redress for affected consumers.",NA,"403",NA
"The Greens will conduct an independent public review of existing medical device regulations to assess whether they strike a balance between repair access and device safety that maximises community wellbeing.",NA,"403",NA
"RIGHT TO REPAIR",NA,NA,NA
"The Greens will amend the Competition and Consumer Regulations 2010, to require manufacturer warranties on goods to include text (located in a prominent position in the warranty), stating that entitlements to a remedy under the consumer guarantees do not require consumers to have previously used authorised repair services or spare parts.",NA,"403",NA
"We will amend the technological protection measures regime in the Copyright Act 1968 and Copyright Regulations 2017 to better facilitate repairers’ access to embedded information protected by TPMs necessary for issue diagnosis and repair.",NA,"403",NA
"The Greens will amend the Copyright Act 1968 to make unenforceable any part of an agreement restricting or preventing a use of copyright material permitted by copyright exceptions.",NA,"403",NA
"RIGHT TO REFUND",NA,NA,NA
"The Greens will make necessary changes to Australian Consumer Law to implement reforms that will make it easier for consumers to get refunds from service providers",NA,"403",NA
"and for travel agents to obtain refunds from service providers on behalf of their customers.",NA,"403",NA
"In order to make travel credits and vouchers fairer, we will mandate minimum requirements for travel vouchers/credits provided by travel and tourism businesses in lieu of a service.",NA,"403",NA
"The Greens will introduce a mandatory industry code applying to all airlines, large travel and tourism businesses taking money from Australian-based consumers.",NA,"403",NA
"Small travel businesses will have the option to sign on to the code.",NA,"403",NA
"We will introduce a mandatory information standard on the information that must be provided to consumers at the time they make a travel purchase.",NA,"403",NA
"This will include what refund a consumer will receive if a business is unable to provide a service, information on how to lodge a complaint and, for travel agents and intermediaries, a breakdown of fees and commissions.",NA,"403",NA
"GREEN  AUSTRALIA",NA,NA,NA
"Restore nature. Save our forests & animals. Green our cities & suburbs.",NA,NA,NA
"Our environment is in crisis.",NA,"501",NA
"Pollution, deforestation, and corporate greed are pushing our natural world to the point of collapse.",NA,"501",NA
"We are in the middle of a climate and extinction emergency.",NA,"501",NA
"To protect our environment and save our wildlife, we need to restore our landscape, protect our native forests, and clean up our rivers.",NA,"501",NA
"Australia is like nowhere else on earth.",NA,"601.1",NA
"It is home to between 600,000 and 700,000 species, many of which are found nowhere else in the world.1",NA,"601.1",NA
"But too many of our iconic species are facing extinction.",NA,"501",NA
"Australia’s iconic places – the Great Barrier Reef, the Murray Darling Basin, our beautiful forests, beaches, and rivers – are all under threat.",NA,"501",NA
"Big corporations are taking too many natural resources and leaving behind too much pollution.",NA,"501",NA
"The Greens understand that there are no jobs on a dead planet, and without clean air, water and soil for food, there is no future.",NA,"701",NA
"There is no strong economy without a healthy environment.",NA,"416.2",NA
"The Greens will introduce strong environmental laws,",NA,"501",NA
"and create jobs that protect and restore the environment, and green our cities and suburbs.",NA,"416.2",NA
"Our plan will create thousands of jobs restoring nature, protect habitat and halt the extinction crisis.",NA,"701",NA
"THE GREENS WILL:",NA,NA,NA
"Stop the extinction crisis – Zero extinction by 2030",NA,"501",NA
"Green Australia and restore wildlife habitat",NA,"501",NA
"End native forest logging",NA,"501",NA
"Save the Great Barrier Reef",NA,"501",NA
"Environment Protection Laws and Watchdog to enforce",NA,"501",NA
"Make our rivers swimmable by 2030",NA,"501",NA
"Save the koala from extinction",NA,"501",NA
"Save the Murray Darling from corporate greed",NA,"501",NA
"1 Department of Agriculture, Water and the Environment - https://www.awe.gov.au/environment/biodiversity/threatened",NA,NA,NA
"STOP THE EXTINCTION CRISIS– ZERO EXTINCTION BY 2030",NA,NA,NA
"Our biodiversity is in serious decline.",NA,"501",NA
"While climate change and pollution are putting huge stress on ecosystems like the Great Barrier Reef- habitat loss and the loss of plants and animals is making the impacts of the climate crisis even worse.",NA,"501",NA
"The mass extinction of our natural world is a threat to all of us.",NA,"501",NA
"The Greens are committed to a Zero Extinction target by 2030 – meaning no more species loss, restoring ecosystems and protecting habitat from land clearing and degradation.",NA,"501",NA
"Protection of the world’s land and sea is needed to halt the extinction crisis and ensure sustainable habitats for our native animals and plants.",NA,"501",NA
"The Greens are committed to the international goal of protecting at least 30% land and 30% sea by 2030 – 30x30.",NA,"501",NA
"To achieve Zero Extinction by 2030 the Greens will invest in a mass greening and restoration program, introduce strong environmental laws, end native forest logging, and ensure mines and big developments are assessed on their climate impacts before approval.",NA,"501",NA
"GREEN  AUSTRALIA",NA,NA,NA
"“'We must rewild the world. Rewilding the world is easier than you think. A century from now our planet could be a wild place again. We have to do what nature has always done. It worked out the secret of life long ago. As species can only survive when everything around it is surviving”",NA,"501",NA
"Nearly 2,000 Australian species are threatened with extinction.",NA,"501",NA
"Invasive species, mining, over-development, and land-clearing are killing our wildlife, native grasses and wildﬂowers.",NA,"501",NA
"The 2019 bushﬁres, fueled by climate change, threatened the survival of many of our animals and native plants even more.",NA,"501",NA
"To protect our wildlife and halt extinction, the Green Australia Plan will invest $24.4 billion over the decade to restore habitat, regenerate forest and bushland, coastal areas and rivers and reclaim green spaces in our cities and suburbs.",NA,"501",NA
"Our Green Australia Plan will: Protect all threatened wildlife and species and save them from extinction",NA,"501",NA
"Plant 2 billion trees by 2030",NA,"501",NA
"Restore bushﬁre ravaged forests and bushland",NA,"501",NA
"Clean up our rivers, lakes and beaches",NA,"501",NA
"Invest in our public parks and conservation areas",NA,"501",NA
"Stop invasive species and weeds",NA,"501",NA
"Fund local communities to restore nature spots, create green spaces and protect local wildlife",NA,"501",NA
"Support farmers and landowners to create and restore habitat on private land.",NA,"703.1",NA
"Green Australia will create 10,240 direct and 17,740 indirect new jobs,2",NA,"701",NA
"and protect the most precious parts of Australia’s ﬂora, fauna, land and sea, forever.",NA,"501",NA
"2  Job Calculation Methodology: A job is deﬁned as per existing ABS deﬁnition of employment, and as reﬂected in ABS data sources used to derive job multipliers. Job numbers are additional employment positions in 2024-25. The method for calculating direct jobs numbers was: (1) Derive a jobs multiplier for the relevant industry division or subdivision   from ABS 8155: Australian Industry by dividing ‘Sales and service income’ into employment. (2). Apply this jobs multiplier to the total administered or capital spend for the relevant policy component. The spend was sourced from the Parliamentary Budget Ofﬁce (PBO) costing for Green Australia. Note the PBO did not calculate the jobs ﬁgures.The primary source for indirect (supply chain) jobs was the Economic Policy Institute: Updated employment multipliers for the U.S. economy. Indirect jobs were calculated as a factor of direct non-public service jobs.",NA,NA,NA
"ENVIRONMENT PROTECTION LAWS",NA,NA,NA
"Australia’s environment laws are too weak and are failing to protect our environment and wildlife which is making the climate crisis worse.",NA,"501",NA
"Mining companies and big developers want even weaker regulations, so they can pollute more, clear more land, and make more proﬁt.",NA,"501",NA
"The Greens will introduce strong, national laws that protect nature, stop pollution, and stop the extinction crisis.",NA,"501",NA
"The Laws will have: An Independent Environment Protection Watchdog – to enforce the laws",NA,"501",NA
"Strong environmental standards",NA,"501",NA
"Climate and pollution assessments for all large projects before approval – the ‘climate trigger’",NA,"501",NA
"Ban on destroying koala habitat and the habitat of other threatened species",NA,"501",NA
"Logging operations operating under the same strong environment laws as other activities – scrapping the failed regional forest agreements",NA,"501",NA
"A climate trigger which would ensure mining, drilling and large-scale land clearing projects would need to be assessed on their climate impact.",NA,"501",NA
"While we work to reduce carbon emissions, we must stop making pollution worse.",NA,"501",NA
"Assessing the emissions of fossil fuel projects and tree-destroying developments is one of the easiest steps this Parliament could take to save the planet.",NA,"501",NA
"SWIM 2030 - MAKE OUR RIVERS AND LAKES SWIMMABLE AGAIN",NA,NA,NA
"Under the Green Australia plan Australia’s rivers and waterways will be restored and clean enough to swim in within the next decade.",NA,"501",NA
"Intensive environmental restoration, clean up and water management would see urban waterways like Adelaide’s Torrens River, Melbourne’s Yarra River and Canberra’s Lake Burley Griﬃn become swimmable,",NA,"501",NA
"creating jobs",NA,"701",NA
"and boosting tourism.",NA,"410",NA
"THE MURRAY-DARLING BASIN",NA,NA,NA
"Corporate greed and climate change are killing our nation’s largest river system.",NA,"501",NA
"Too much water is being taken for mega-irrigation by big corporations, leaving little for downstream communities and even less for the environment.",NA,"501",NA
"The climate crisis makes things even worse.",NA,"501",NA
"The Murray Darling Basin is Australia’s largest and most complex river system, spanning four states and one territory.",NA,"501",NA
"More than 2.2 million people live in the Basin, including people from more than 40 different First Nations.",NA,"501",NA
"It contains sixteen internationally recognised and protected wetlands, and provides a habitat for 120 waterbird species and more than 50 native ﬁsh species.",NA,"501",NA
"Despite billions of dollars spent on the Basin Plan, political interference, corruption, and corporate greed has derailed the objective of restoring enough water to the environment to sustain the River and save it from collapse.",NA,"501",NA
"The Greens will not sit by as Australia’s food bowl turns to dust.",NA,"501",NA
"We will: Put science - not corporate greed - at the centre of River management and water recovery targets",NA,"501",NA
"Get the Basin Plan back on track by reinstating water buybacks to recover water and deliver the plan in full and on-time",NA,"501",NA
"Purchase water to deliver the outstanding 450GL to South Australia",NA,"501",NA
"Suspend all federal government payments for programs that don’t return water to the environment and have no scientiﬁc basis",NA,"501",NA
"A Federal Royal Commission to clean up corruption and mismanagement, save the river system, and reinstate conﬁdence that science is at the centre of decisions",NA,"304",NA
"Complete a full audit of water licences and storage throughout the Basin including both domestic and internationally held licences",NA,"501",NA
"Work with state governments to ensure the 44 recommendations of the South Australian Royal Commission are implemented in full.",NA,"501",NA
"SAVE OUR GREAT BARRIER REEF",NA,NA,NA
"Following successive coral bleaching events, half of the coral cover of the Great Barrier Reef has died from climate change and poor water quality.",NA,"501",NA
"The Reef narrowly avoided an “In Danger” listing at the last World Heritage Committee meeting - the government has been given one last chance to take serious action to protect the Reef.",NA,"501",NA
"As one of the seven natural wonders of the world, an employer of 60,000 people and one of our greatest tourist attractions, we must take serious action to protect what’s left of our Reef.",NA,"410",NA
"The Greens will: Act rapidly on global warming with detailed plans to boost clean energy and ban new coal and gas, including stopping the proposed Adani mega coal mine",NA,"416.2",NA
"Improve Reef water quality with a $2 billion grant fund over 10 years available to scientists, governments and farmers to improve farming practices and repair reef catchments,",NA,"501",NA
"and setting legal caps on water pollution by catchment",NA,"501",NA
"Reclaim the balance of the $443 million grant made to the Great Barrier Reef Foundation, and reallocate the funds through an updated grants process for Reef funding",NA,"501",NA
"Strengthen the Reef’s champions, the Great Barrier Reef Marine Park Authority and the Australian Institute of Marine Science with $90 million in extra funding, greater independence and stronger powers including to regulate coastal development",NA,"501",NA
"Stop damaging coal and gas port expansions including at Abbot Point and pristine areas like the Fitzroy Delta and Cape York Peninsula",NA,"501",NA
"Ban all offshore dumping of dredge spoil - the Reef is not a rubbish dump",NA,"501",NA
"Address illegal ﬁshing and overﬁshing, including ending hammerhead shark ﬁshing",NA,"501",NA
"Make shipping safer for our Reef and seafarers with compulsory marine pilotage.",NA,"501",NA
"PROTECTING AND RESTORING NATIVE FORESTS",NA,NA,NA
"Australians love our native forests.",NA,"501",NA
"We love to escape the demands of everyday life to explore these unique and diverse places.",NA,"501",NA
"Native forests provide clean air and water and store enormous amounts of carbon.",NA,"501",NA
"They underpin local communities which rely on tourism to create jobs.",NA,"410",NA
"Despite Australia’s natural wealth and our love for nature, our environment is under threat like never before.",NA,"501",NA
"Logging of native forests is destructive, increases ﬁre risk and increases the devastation from ﬁre and global heating.",NA,"501",NA
"The Greens will: End the destructive logging that is destroying wildlife habitat, water catchments, carbon stores, the beauty of our forests,",NA,"501",NA
"and opportunities for tourism and recreation",NA,"502",NA
"Protect all forests on public land, including the takayna / Tarkine in Tasmania, Great Forest and Emerald",NA,"501",NA
"Link in Victoria, key koala habitats in NSW, all remaining Karri and Jarrah forests in the south west of Western Australia, and native forests elsewhere around the country",NA,"501",NA
"Immediately end all exports of woodchips from native forests and all industrial scale clearfelling and woodchipping of native forests.",NA,"501",NA
"SUPPORTING PLANTATIONS AND FARM FORESTRY AND REGIONAL JOBS",NA,NA,NA
"The Greens will ensure long-term sustainability of regional jobs and local wood products industries by completing the transition to 100% plantation and farm forestry sourced timber and ﬁbre.",NA,"703.1",NA
"Already almost 90% of Australia’s wood production comes from plantations.",NA,"703.1",NA
"The Greens will deliver a comprehensive plan to support plantations, farm forestry and forestry jobs in regional communities, including: $10 million for research and planning a strategy on how the forestry sector can sustainably support Australia’s transition to net zero emissions",NA,"501",NA
"$20 million to fund the research and development of sustainable wood products sourced from plantations and farm forestry",NA,"703.1",NA
"and greater use of recycled and alternative ﬁbres,",NA,"501",NA
"and to rapidly transition the remaining sawn timber production that is sourced from native forests to plantation, farm forestry and urban forestry timbers.",NA,"501",NA
"$40 million to provide support for farm forestry, including through the regional forestry hubs",NA,"703.1",NA
"Support for workers transitioning from native forest logging to jobs in the plantations, farm forestry and other sectors.",NA,"701",NA
"REGENERATIVE AGRICULTURE & NEW GREEN FARMING",NA,NA,NA
"Our plan to keep farms economically viable and environmentally healthy",NA,NA,NA
"Business as usual from the current government has left us facing a three-fold crisis for our climate, our biodiversity and our soil health.",NA,"501",NA
"But solutions exist.",NA,"501",NA
"Organic, biodynamic and regenerative agriculture can contribute to improving both farm and farmer resilience against extreme weather events, while keeping farms economically viable and our environment healthy.",NA,"703.1",NA
"Regenerative agriculture attempts to confront the adverse environmental effects caused by industrial agriculture, maintaining agriculture productivity while striving for sustainability.",NA,"703.1",NA
"THE GREENS WILL:",NA,NA,NA
"Restore the Carbon Farming Futures grants, providing $25m a year to support carbon farming",NA,"703.1",NA
"Create a $250m Green Agriculture Australia research centre, developing and deploying green aternatives for farmers",NA,"501",NA
"Reform organic labelling and support organic certification, protecting producers and consumers",NA,"403",NA
"Build an Australian hemp, cannabis and seaweed farming industry, creating thousands of sustainable jobs",NA,"703.1",NA
"SUPPORTING GREEN FARMING",NA,NA,NA
"To accelerate the transition, the Greens will create Green Agriculture Australia, a $250 million R&D centre that will invest in researching, developing and deploying sustainable farming solutions and supporting regenerative agriculture approaches, including helping to secure properties for state-wide training farms-centres, exhibitions, research and development.",NA,"501",NA
"This will include organic, biodynamic and regenerative agriculture, but also research into other novel technologies such as plant-based and synthetic meat and dairy alternatives, methane reducing feed supplements for livestock, precision agriculture and new biological solutions for increasing carbon drawdown.",NA,"501",NA
"We will also support organic farming by reforming organic labelling laws in Australia, so that consumers can be sure that the food they are buying is truly organic.",NA,"403",NA
"We will also invest $10 million in supporting states and territories to create Organic Advisory Services for farmers, which would support farmers in understanding organic alternatives and certiﬁcation requirements.",NA,"703.1",NA
"Australian farmers are hampered by authorised dealers networks and major manufacturers, limiting options for timely and cheaper repairs to extend the working life of farming equipment, and avoid costly losses from downed equipment.",NA,"703.1",NA
"The Productivity Commission recently called for a repair supplied obligation for agricultural manufacturing, and identiﬁed opportunities to give independent repairers greater access to repair supplies and enhance competition for services.",NA,"703.1",NA
"The Greens will support amending copyright laws to facilitate accessing and sharing of repair information (such as repair manuals and repair data).",NA,"703.1",NA
"We will also amend legislation and regulations as needed to require suppliers of agricultural machinery to provide access to certain repair supplies, reducing unnecessary barriers to farmers accessing these services.",NA,"703.1",NA
"Finally, the Greens will also restore the Carbon Farming Futures program of $25 million per annum, which the Coalition Government axed in 2016.",NA,"501",NA
"These grants saw over $139 million go into over 200 projects across the country.",NA,"501",NA
"By restoring funding to this program, we can see hundreds more carbon reducing projects get off the ground.",NA,"501",NA
"MARKET FOR HEMP, CANNABIS AND SEAWEED",NA,NA,NA
"Hemp has had multiple uses over thousands of years, including food, construction, fuels and ﬁbre.",NA,"703.1",NA
"Despite hemp containing less than 1% tetrahydrocannabinol (THC), industry growth has been stymied by the prohibition on cannabis (which is a different plant species variety).",NA,"703.1",NA
"In 2017, Australia legalised hemp for food, overturning a prohibition that had existed since 19371.",NA,"703.1",NA
"The global hemp market is forecast to grow from (USD)$3.5 billion to (USD)$26.6 billion by 20252, presenting signiﬁcant opportunities for Australian farmers and creating jobs.",NA,"703.1",NA
"To support jobs and farmers in regional Australia, the Greens will supercharge the growth of the hemp industry by fully funding research, development and extension for the Australian hemp industry, investing $20 million to support partners and research.",NA,"703.1",NA
"The Greens will work at all levels of Government to remove existing regulatory barriers to hemp production.",NA,"703.1",NA
"While medicinal cannabis exports are thriving, the domestic market is still under-utilised due to unnecessary restrictions.",NA,"703.1",NA
"The Greens will review and remove any unnecessary restrictions on patient access to medicinal cannabis.",NA,"504",NA
"Seaweed farming has such enormous potential for green jobs.",NA,"701",NA
"Seaweed can grow 30 times faster than crops onshore, and promotes a healthy environment by reducing emissions, and de-acidifying seawater.",NA,"501",NA
"The Greens will support increased investment in accessing seaweed in aquaculture, by funding a cooperative research centre with $50 million from the federal government.",NA,"703.1",NA
"1",NA,NA,NA
"https://www.foodnavigator-asia.com/Article/2019/12/11/Getti ng-the-hemp-Vegan-consumers-down-under-rapidly-making-th e-most-of-now-legal-seeds",NA,NA,NA
"2",NA,NA,NA
"https://www.businesswire.com/news/home/20190703005472 /en/Global-Industrial-Hemp-Market-to-Grow-from-4.6-Billion-in- 2019-to-26.6-Billion-by-2025-Recording-a-CAGR-of-34---Resear chAndMarkets.com",NA,NA,NA
"HEALTHY RIVERS, HEALTHY COMMUNITIES",NA,NA,NA
"Agricultural run-off from fertiliser and dairy farming eﬄuent into rivers has become a major problem and a signiﬁcant political issue.",NA,"501",NA
"However, despite known instances of river pollution from intensive dairy farming in places like north-west Tasmania, there has been a lack of attention given to better understanding and ﬁxing the problem in Australia.",NA,"501",NA
"While federal coordination for some limited farm testing programs has taken place through Dairy Australia, most water quality testing and monitoring programs are left to cash strapped state-local governments or farmers, and they lack transparency.",NA,"501",NA
"Furthermore, toxic ‘forever plastics’ called PFAS are a major concern for our waterways, potentially entering drinking water and the food chain.",NA,"501",NA
"Yet, Australia lacks a coordinated approach to monitor the levels of these toxic plastics in our rivers.",NA,"501",NA
"The Greens will review legislative and regulatory instruments available, working with state governments to coordinate consistent testing across Australia, such as developing a new or updated National Environmental Protection Measure.",NA,"501",NA
"In addition, the Greens will undertake a review of the outdated Australian River Assessment System, to ensure that it is comprehensive and effective for monitoring water quality.",NA,"501",NA
"CARING FOR ANIMALS",NA,NA,NA
"Our plan for a world without animal cruelty",NA,"H",NA
"More and more people are committing to ending animal cruelty.",NA,"501",NA
"Yet each day, animals are made to suffer in the name of gambling, entertainment and food.",NA,"501",NA
"The Greens believe we must properly care for animals and treat them with respect and compassion.",NA,"501",NA
"We will ﬁght to protect animals from cruelty and suffering and end harmful practises that put proﬁt ahead of the welfare of animals.",NA,"501",NA
"THE GREENS WILL:",NA,NA,NA
"Enact strong, national laws to end animal cruelty and protect the welfare of animals",NA,"501",NA
"Ban the live export of livestock for slaughter, consumption or profit",NA,"501",NA
"End inhumane, intensive factory farming with a just transition for workers employed in those industries",NA,"501",NA
"Shut down the racing of horses and greyhounds, and end the export of greyhounds for commercial purposes, including for breeding and racing",NA,"501",NA
"Tackle the cruel global shark fin trade by banning the import and export of shark fins",NA,"501",NA
"Establish an Independent Office of Animal Welfare",NA,"501",NA
"NATIONAL ANIMAL WELFARE LAWS",NA,NA,NA
"Animals are sentient beings, not commodities.",NA,"501",NA
"Yet every day their welfare is compromised in the name of corporate proﬁt, as they are made to suffer for gambling, entertainment and food.",NA,"501",NA
"For too long, governments have ignored animal cruelty.",NA,"501",NA
"The state-based laws that do exist lack teeth and are poorly enforced.",NA,"501",NA
"It's time for national animal welfare laws that can hold both corporations and individuals to account.",NA,"501",NA
"These wide-reaching laws will cover: Corporations, including animal farming, factory farming and puppy farms",NA,"703.2",NA
"Kangaroo slaughter for commercial purposes",NA,"501",NA
"Animals that are traded interstate or internationally, including live export of animals",NA,"703.2",NA
"Animals on Commonwealth land, including Commonwealth National Parks and Australian defence force bases",NA,"501",NA
"Animals covered by international agreements, such as the protection of migratory birds from duck hunting",NA,"501",NA
"By introducing credible penalties, enforceable by the AFP in co-operation with animal protection organisations, these laws would help reduce animal cruelty.",NA,"501",NA
"The Greens will establish an Independent Oﬃce of Animal Welfare out of existing federal funding to ensure animal welfare is never ignored again.",NA,"501",NA
"BAN LIVE EXPORT",NA,NA,NA
"The live export industry is one of cruelty and exploitation.",NA,"501",NA
"Australia, as one of the world’s largest exporters of sheep and cattle, has seen case after case of sheep and cattle experiencing terrible suffering and horriﬁc deaths aboard live export ships.",NA,"501",NA
"Live export is not just bad for animals, it affects Australian workers too.",NA,"501",NA
"We have seen wage theft, poor pay and stressful, unsafe conditions for workers aboard these ships.",NA,"701",NA
"The business model is fundamentally cruel and exploitative, and it is beyond time that it was shut down.",NA,"501",NA
"The Greens have long been calling for live export to be banned.",NA,"501",NA
"In the process of doing so, we will: Bring together governments and stakeholders to work with industry, farmers and relevant unions and ensure a best practice, just transition for workers in the industry",NA,"701",NA
"Introduce a $5 million Farmer Adjustment Assistance Package for farmers to adjust their ﬂocks towards local processing systems for chilled and frozen meats",NA,"501",NA
"Boost skills and retrain workers to transition to a domestic chilled and frozen meat processing industry in rural and regional areas, particularly Western Australia, by ensuring better targeted local skills and TAFE funding",NA,"411",NA
"Agree on new trade deals to remove trade distortions propping up the live export industry.",NA,"501",NA
"1 Find details of live export investigations here: https://www. animalsaustralia.org/investigations/live-export-investigations.p hp",NA,NA,NA
"2 Animals Australia <https://www.animalsaustralia.org/features/crew-animals-ﬂee- live-export-ship-cruelty.php>",NA,NA,NA
"END INHUMANE, INTENSIVE FACTORY FARMING",NA,NA,NA
"Factory farming is cruel, inhumane and unnecessary.",NA,"703.2",NA
"Poultry live short miserable lives in tiny cages or crowded buildings where they never see the light of day.",NA,"501",NA
"Intelligent mother sow pigs are trapped standing in sow stalls where they cannot move or interact with their piglets.",NA,"501",NA
"Cows are kept continually pregnant and suffer the trauma of their calves being taken away and killed at just a day old.",NA,"501",NA
"And all this happens just to raise proﬁts.",NA,"703.2",NA
"The Greens will put an end to the cruel practice of factory farming,",NA,"703.2",NA
"and will ensure that every worker is supported in a transition to a more humane industry.",NA,"701",NA
"We will do this by taking actions including: Banning cage egg production,",NA,"703.2",NA
"and ending sow stalls",NA,"501",NA
"and other cruel industrial animal farming practices",NA,"703.2",NA
"Enforcing genuine free range standards for all animals",NA,"501",NA
"Improving food labelling laws to help identify genuine free range and cruelty free products.",NA,"501",NA
"SHUT DOWN COMMERCIAL HORSE RACING",NA,NA,NA
"One horse dies every three days on Australian race tracks.3",NA,"501",NA
"Since 2013, 7 horses have been killed at the Melbourne Cup alone.4",NA,"501",NA
"Horses are killed in trials, and end up in abattoirs and knackeries as ‘wastage’ – sentient, intelligent beings discarded because they won’t turn a proﬁt on the track.",NA,"501",NA
"Over 75% of racehorses experience bleeding in the lungs and windpipes because of the immense pressure of racing.",NA,"501",NA
"It’s beyond clear that the gambling-fuelled horse racing industry is built on suffering and exploitation.",NA,"501",NA
"Yet the major parties, addicted to gambling revenues and beholden to the gaming and racing lobbies, refuse to lift a ﬁnger.",NA,"501",NA
"The Government is even dragging its heels on funding a national horse register, after the Greens forced them to commit to one in 2019.",NA,"501",NA
"The Greens know that the horse racing industry cannot be ﬁxed – it must be shut down and this is why we have a fully costed transition plan to be funded through a betting levy.",NA,"501",NA
"As part of the Horse Racing Transition Plan, we will: Establish a Horse Racing Transition Taskforce to coordinate and manage the shut down of the horse racing industry",NA,"501",NA
"Introduce a Horse Betting Levy of 1% of betting turnover related to commercial horse racing to ﬁnance transition activities",NA,"501",NA
"The Horse Racing Transition Taskforce would design and plan all key aspects of the industry shutdown, including the national ban on horse racing;",NA,"501",NA
"transitioning racing facilities to open green spaces;",NA,"501",NA
"planning for workers currently employed;",NA,"701",NA
"assisting in rehabilitation and rehoming of horses;",NA,"501",NA
"and implementing the betting levy.",NA,"501",NA
"The Taskforce would be housed in the Department of Agriculture, Water and the Environment for a period of 4 years, costing $10.1 million over that period, with the possibility of more funding and extension.",NA,"501",NA
"The Horse Betting Levy of 1% of betting turnover is projected to raise $494 million over its ﬁrst two years.",NA,"501",NA
"This money would fund activities decided by the taskforce, including retraining programs for workers, rehoming schemes for animals, and redeveloping racecourses.",NA,"501",NA
"3 Horse Racing Kills, Deathwatch",NA,NA,NA
"https://horseracingkills.com/issues/deathwatch",NA,NA,NA
"4 News.com.au, How many horses have died in the Melbourne Cup? The real numbers",NA,NA,NA
"<https://www.news.com.au/sport/superracing/punters-life/how-m any-horses-have-died-in-the-melbourne-cup-the-real-numbers/new s-story/5f7e29011a7fbf3da9e0611e902d1ee6>",NA,NA,NA
"END GREYHOUND RACING AND EXPORTS",NA,NA,NA
"The gambling-fuelled and cruel greyhound racing industry is responsible for the deaths of between 13,000 and 17,000 healthy dogs each year.5",NA,"501",NA
"Greyhounds suffer catastrophic on-track injuries and are euthanised once they no longer turn a proﬁt.",NA,"501",NA
"Hundreds of greyhounds are exported to be raced and bred in overseas events, where they are subject to terrible cruelty and suffering.6",NA,"501",NA
"Although millions of Australians want to see greyhound racing and greyhound export banned, we have seen no commitment to any sort of action.",NA,"501",NA
"The Greens have long opposed the cruel greyhound racing industry in Australia; we must extend our advocacy to oppose the export of greyhounds for similar purposes.",NA,"501",NA
"As the Greens work at the state level to ban greyhound racing, at the federal level we will ban the export of greyhounds for commercial purposes, including for breeding and racing.",NA,"501",NA
"5 Greyhound Racing NSW",NA,NA,NA
"<https://www.grnsw.com.au/news/clariﬁcation-of-wastage-ﬁgures>",NA,NA,NA
"6 SBS, Australian greyhounds ending up in China",NA,NA,NA
"<https://www.sbs.com.au/news/australian-greyhounds-ending-up-i n-china>",NA,NA,NA
"TACKLING THE GLOBAL SHARK FIN TRADE",NA,NA,NA
"Shark ﬁnning involves cutting off a shark’s ﬁns, often when it is still alive, then throwing it back into the ocean, where it is left to die.",NA,"501",NA
"Every year up to 100 million sharks are killed, many for their ﬁns and many of them being endangered species.",NA,"501",NA
"Shocking to many people, the shark ﬁn trade in this country is alive and well.",NA,"501",NA
"While shark ﬁnning is banned in Commonwealth-managed ﬁsheries and there is a patchwork of state and territory laws, at least 240,000 kg of shark ﬁn was imported to Australia and 30,000 kg exported between 2012 and 2019.",NA,"501",NA
"This represents millions of slaughtered sharks.",NA,"501",NA
"The Greens will ban the import and export of shark ﬁns, amending customs laws to do so.",NA,"501",NA
"It’s beyond time Australia stopped participating in this horriﬁc trade.",NA,"501",NA
"HOW THE GREENS HAVE BEEN FIGHTING FOR YOU",NA,NA,NA
"The Greens know Australians stand against animal cruelty in all its forms.",NA,"501",NA
"We have been successfully ﬁghting to make sure animals have a voice in parliament.",NA,"501",NA
"In the last parliament, it was the Greens who: Fought to ban the live sheep export trade, passing the Live Export bill through the Senate.7",NA,"501",NA
"Won a commitment to a National Horse Traceability Register to ensure no racehorse ends up in a slaughterhouse.",NA,"501",NA
"Played a signiﬁcant role in the banning of cosmetic testing on animals, meaning manufacturers can no longer use data from animal testing to prove their safety.8",NA,"501",NA
"Have been the sole voice in the Senate speaking up about the cruelty of commercial racing of horses and greyhounds.",NA,"501",NA
"7 SBS, Bill to ban live sheep exports trade passes the Senate",NA,NA,NA
"<https://www.sbs.com.au/news/bill-to-ban-live-sheep-exports-trad e-passes-the-senate>",NA,NA,NA
"8 Department of Health, Ban on the use of animal test data for cosmetics",NA,NA,NA
"<https://www1.health.gov.au/internet/main/publishing.nsf/Content",NA,NA,NA
"/ban-cosmetic-testing-animals>",NA,NA,NA
"Our plan to protect lutruwita / Tasmania’s forests",NA,NA,NA
"Lutruwita/Tasmania is home to millions of hectares of native forests full of unique beauty and ecology that is the envy of the world.",NA,"501",NA
"It’s critical that we care for Tasmania’s wild places, to protect our climate",NA,"501",NA
"and prevent irreversible extinctions.",NA,"501",NA
"Carbon stored in the vegetation, debris and soil of Tasmania’s native forests is estimated to be as much as 4,300 Mt CO2e, the equivalent of over a decade’s worth of all of Australia’s emissions from fossil fuels1.",NA,"501",NA
"These forests are also home to many of Australia’s most endangered and critically endangered species, like the swift parrot, Tasmanian devil and the wedge-tailed eagle.",NA,"501",NA
"The forests are intimately tied to cultural values and heritage.",NA,"501",NA
"These lands and waters have been cared for by First Nations for thousands of generations.",NA,"501",NA
"Our plan will protect First Nations heritage sites and allow Traditional Owners to maintain a connection with their Country.",NA,"607.3",NA
"The Greens have a plan to protect lutruwita/Tasmania’s forests and wild places,",NA,"501",NA
"safeguard culturally important heritage sites,",NA,"607.3",NA
"and end the native forest logging that is destroying wildlife habitat and carbon stores,",NA,"501",NA
"while providing new employment opportunities for forestry workers and long term investment in ecosystem restoration.",NA,"701",NA
"Ending native forest logging and protecting lutruwita/Tasmania’s vast, biodiverse carbon stores is key to Australia tackling climate change and part of the wider Greens policy package to protect the environment and protect our future2.",NA,"501",NA
"THE GREENS WILL:",NA,NA,NA
"Invest $1 billion over 10 years to create Ecosystem Restoration Fund",NA,"501",NA
"Nominate World Heritage listing for takayna/Tarkine",NA,"501",NA
"End the Tasmanian regional forest agreement",NA,"501",NA
"1  https://www.dpac.tas.gov.au/     data/assets/pdf_ﬁle/0007/172789/ForestCarbonStudy_Report.pdf",NA,NA,NA
"2      https://greens.org.au/platform/enviro",NA,NA,NA
"FIGHTING FOR OUR FORESTS",NA,NA,NA
"Lutruwita/Tasmania’s forests are of world signiﬁcance for their biodiversity and for their value for carbon, water, recreation, tourism and other forest resources including honey production.",NA,"502",NA
"Researchers have recently found that a notable drop in carbon emissions occurred in 2011, following a signiﬁcant reduction in native forest logging3.",NA,"501",NA
"This contributed to lutruwita/Tasmania becoming one of the ﬁrst jurisdictions in the world to become net carbon negative4.",NA,"501",NA
"To achieve further reduction through other means such as other carbon offsets or credits would cost $1 billion, so on carbon value alone a billion dollar grant to lutruwita/Tasmania to achieve this is money well spent.",NA,"501",NA
"The Greens will commit $1 billion, to be granted to lutruwita/Tasmania over 10 years to maintain, enhance and restore biologically diverse forests in lutruwita/Tasmania.",NA,"501",NA
"This money would be spent on: Forest management, including through joint management with traditional owners",NA,"501",NA
"Ecological restoration including rectifying failed and poor quality regeneration",NA,"501",NA
"Reforestation of biologically diverse forest, including creating connectivity between fragmented habitat",NA,"501",NA
"Fire management",NA,"501",NA
"Management of pest animals and weeds",NA,"501",NA
"Ecological research",NA,"501",NA
"The money would be granted to lutruwita/Tasmania on the basis that lutruwita/Tasmania ends all native forest logging immediately and protects all ecologically signiﬁcant forests including takayna/Tarkine, Styx and Krushka, amongst others.",NA,"501",NA
"To achieve a safe climate and keep the world below 1.5 degrees C of global heating we need to be stopping both the burning of fossil fuels and maintaining and increasing our carbon stores and the ability of the environment to soak up or sequester carbon.",NA,"501",NA
"We cannot afford to be trading one off against the other.",NA,"501",NA
"The carbon that would continue to be stored in these forests would be able to be ‘banked’ by lutruwita/Tasmania and Australia in carbon accounts, but would not be monetised or be able to be traded.",NA,"501",NA
"By providing a secure funding stream for new projects, the Greens will ensure that ecosystem restoration can become a core part of the Tasmanian economy,",NA,"501",NA
"diversify regional employment opportunities",NA,"701",NA
"and begin the work of undoing decades of damage to Tasmania’s wild places.",NA,"501",NA
"3",NA,NA,NA
"https://www.abc.net.au/news/2022-05-03/tas-c arbon-negative-emission-levels-credited-to-stop ping-logging/101032008",NA,NA,NA
"4",NA,NA,NA
"https://news.griﬃth.edu.au/2022/05/03/tasma",NA,NA,NA
"nia-ﬁrst-to-become-carbon-negative",NA,NA,NA
"WORLD HERITAGE LISTING FOR TAKAYNA/TARKINE",NA,NA,NA
"The takayna/Tarkine is home to Australia’s largest temperate rainforest, full of First Nations sites of signiﬁcance and enormous ecological value.",NA,"501",NA
"It’s a unique place that needs protecting from the threats of logging, mining and other industrial activities.",NA,"501",NA
"But despite recommendations from the Australian Heritage Council that it be listed for protection, previous governments have rejected this advice.",NA,"501",NA
"The Greens will ensure that takayna/Tarkine and its beauty, First Nations heritage, diverse habitats and carbon is protected for generations to come by pursuing its inclusion in the Tasmanian Wilderness World Heritage Area.",NA,"501",NA
"We will work closely with and be guided by Traditional Owners.",NA,"607.3",NA
"END THE TASMANIAN REGIONAL FOREST AGREEMENT",NA,NA,NA
"Through Regional Forest Agreements, native forest logging activities are currently exempted from our national environment laws - the Greens would end these exemptions.",NA,"501",NA
"Our national environment laws are designed to protect our threatened species, wetlands, World Heritage sites and other matters of national environmental signiﬁcance.",NA,"501",NA
"And while they are incomplete and need better governance (for example the Greens believe new national laws are needed to cover greenhouse gas emissions), no industry should be exempted from them.",NA,"501",NA
"Almost 400,000 hectares of old-growth, rainforest and other high conservation value native forest was set to be protected under the Tasmanian Forest Agreement secured by the state Greens/Labor Government.",NA,"501",NA
"But under the state Liberal government, these reserves were rezoned as “Future Potential Production Forest”, with the logging moratorium now lifted.",NA,"501",NA
"These forests need urgent protection, and the federal Greens will push for these areas to be made into national parks and other formal reserves.",NA,"501",NA
"5 Given the size of the proposed boundary adjustment to include takayna/Tarkine, the World Heritage committee would effectively regard this as a new nomination, and therefore requires a full 18 month assessment of heritage criteria and Outstanding Universal Value. It is through this process that a speciﬁc boundary would be determined",NA,NA,NA
"HEALTHY  OCEANS",NA,NA,NA
"Our plan to protect our oceans",NA,NA,NA
"Our oceans are under serious threat.",NA,"501",NA
"We must act if we are to protect our marine environment.",NA,"501",NA
"Most of our people, most of our populations, live on or near our coastlines.",NA,"501",NA
"Australians love our beaches, we love our coastlines, and they are such an important part of our culture.",NA,"501",NA
"The oceans are central to the spiritual and cultural well-being of First Nation Peoples.",NA,"501",NA
"Skills and knowledge gathered through activities such as ﬁshing and hunting have been passed down generations.",NA,"607.3",NA
"This ocean wisdom has helped First Nations Peoples manage coastal resources sustainably for millennia.",NA,"607.3",NA
"Despite dispossession and displacement caused by European colonisation, First Nations people maintain their connection to Country, waters, sky, songlines, language, totems and heritage areas along the ocean coasts.",NA,"607.3",NA
"Promoting and protecting healthy oceans will support First Nations to continue their stewardship.",NA,"607.3",NA
"The Greens will continue to ﬁght for healthy oceans and coastlines, supporting local communities, tourism and small business.",NA,"501",NA
"THE GREENS WILL:",NA,NA,NA
"Ban offshore exploration and seismic testing",NA,"501",NA
"Expand the network of Marine Protected Areas",NA,"501",NA
"Commit $50 million to wetlands and coastal restoration",NA,"501",NA
"Commit $20 million for Sea Country Indigenous Protected Areas",NA,"607.3",NA
"Extend the ban on super-trawlers to include 95 metre vessels",NA,"501",NA
"BAN OFFSHORE FOSSIL FUEL EXPLORATION",NA,NA,NA
"There is no excuse for our oceans, communities, and coastlines to be put at risk for the sake of a few proﬁt-driven fossil fuel interests.",NA,"501",NA
"We need to protect marine ecosystems and avoid irreversible changes to the Earth’s climate.",NA,"501",NA
"The Greens will amend the Offshore Petroleum and Greenhouse Gas Storage BIll 2021 to ban all new oil and gas exploration in our oceans.",NA,"501",NA
"SUPPORT MARINE PROTECTED AREAS",NA,NA,NA
"Marine Protected Areas are a vital complement of ocean conservation, helping to safeguard biodiversity and manage resilient areas of the oceans in the face of challenges like climate change and pollution.",NA,"501",NA
"Strengthening these areas, and expanding the network of protection are critical to maintaining healthy oceans.",NA,"501",NA
"We will re-establish the original network of marine parks and then expand the network,",NA,"501",NA
"and reform federal government ﬁsheries management using an ecosystem based approach; both will be based on updated science.",NA,"501",NA
"The Greens will support the establishment of three new Marine Park Authorities in the Southern Ocean around the Antarctic - East Antarctic, Weddell Sea and Antarctic Peninsula.",NA,"501",NA
"RESTORING WETLANDS AND COASTS",NA,NA,NA
"Coastal ecosystems are under signiﬁcant challenge from climate change, associated weather patterns and poor water quality.",NA,"501",NA
"The Greens will commit $50 million towards wetlands and coastal restoration projects.",NA,"501",NA
"SUPPORTING INDIGENOUS PROTECTED  AREAS",NA,NA,NA
"Indigenous protected areas play an important role in recognising traditional owner leadership to care for Country, they also play a critical role in protecting biodiversity.",NA,"607.3",NA
"Expanding marine sites will help manage priorities for safeguarding sacred and culturally signiﬁcant coastal areas.",NA,"607.3",NA
"The Greens will support Sea Country Indigenous Protected Areas by investing $20 million in creating new locations, and supporting existing areas.",NA,"607.3",NA
"IMPROVE FISHING SUSTAINABILITY",NA,NA,NA
"We will introduce a national seafood labelling system for country of origin and species, and introduce non-lethal measures for shark mitigation.",NA,"501",NA
"We will amend the Fisheries Management Act 1991 to extend the super trawler ban to include 95-metre vessels, to attain a proper permanent ban of super-trawlers in Australian waters.",NA,"501",NA
"We will also reform federal government ﬁsheries management using an ecosystem based approach, and based on updated science.",NA,"501",NA
"CLEANING UP POLITICS, REVIVING DEMOCRACY",NA,NA,NA
"Our plan to stop the rorts and corruption, improve representation and restore integrity to politics",NA,"H",NA
"Confidence in politics is incredibly low, and that’s not surprising.",NA,"304",NA
"Scandal after scandal has demonstrated that politicians from the major parties are representing the interests of themselves and their big donors, rather than the rest of us.",NA,"304",NA
"Without strong, independent and well-resourced bodies to shine a light on decisions and stamp out corruption, politicians and big corporations will keep doing the wrong thing.",NA,"304",NA
"Their time is up.",NA,"304",NA
"The Greens have a plan to clean up politics,",NA,"304",NA
"improve public participation in democratic processes,",NA,"202.1",NA
"and make politicians look out for the public interest, not their own.",NA,"304",NA
"THE GREENS WILL:",NA,NA,NA
"Deliver a strong, independent national corruption watchdog",NA,"304",NA
"Lift parliamentary standards with an enforceable Code of Conduct for all politicians and senior staff",NA,"304",NA
"Introduce truth in political advertising laws",NA,"304",NA
"Lock in funding for ANAO to audit government programs and stop rorting of public funds",NA,"304",NA
"Ban all political donations from dirty industries and cap all other donations at $1,000 per year",NA,"304",NA
"Protect the right to protest and public interest advocacy",NA,"202.1",NA
"Improve access to government documents",NA,"202.1",NA
"Set up a Public Interest Democracy Fund to support public engagement in politics",NA,"202.1",NA
"Make sure government bodies reflect the communities they represent",NA,"202.1",NA
"STOPPING CORRUPTION",NA,NA,NA
"After a never-ending series of scandals, people in Australia no longer trust the major parties to do what is best for the community instead of what’s best for their corporate mates.",NA,"304",NA
"The Greens will provide $119M to establish a strong, independent National Integrity Commission to hold politicians and public servants to account and to stop big corporations and the super rich from buying the political outcomes that favour them.",NA,"304",NA
"Our legislation for such a watchdog has already passed the Senate, but the Government refuses to bring the bill on for a vote in the House of Representatives - probably because they’re scared of the skeletons in their closet.",NA,"304",NA
"Unlike the weak model proposed by the government, our corruption watchdog will: have a broad remit to investigate potentially corrupt behaviour and extensive investigation powers",NA,"304",NA
"make politicians subject to the same investigation and enforcement powers as other public sector agencies",NA,"304",NA
"be able to act on tips off from the public",NA,"304",NA
"be able to investigate behaviour of politicians going back 10 years",NA,"304",NA
"hold public hearings, where it is in the public interest to do so",NA,"304",NA
"provide strong protections for whistleblowers and journalists",NA,"201.2",NA
"SHINING A LIGHT ON ELECTION SLUSH FUNDS",NA,NA,NA
"Since the 2019 election, the Australian National Audit Oﬃce has revealed the unprecedented scale of rorting of government funds and grants programs to beneﬁt the Coalition.",NA,"304",NA
"We’ve seen sporting grants, commuter car park grants, public safety grants and many more going to Coalition or marginal seats to try to stitch up election outcomes.",NA,"304",NA
"And we’ve seen the government use public funds to run campaign ads (like when the Liberal party logo was emblazoned on Greg Hunt’s vaccine promotion).",NA,"304",NA
"The Greens will end the rorting by: strengthening government advertising rules to prevent public funds being used to promote party political interests",NA,"304",NA
"locking in funding to ensure the ANAO can audit dodgy government spending",NA,"304",NA
"LIFTING THE STANDARDS",NA,NA,NA
"‘Corruption’ doesn’t capture every misuse of power or inappropriate behaviour by public oﬃcials.",NA,"304",NA
"The Greens will establish a statutory code of conduct requiring all politicians and senior staff to behave respectfully, to perform their roles seriously and with care, and avoid conﬂicts of interest and proﬁting from their positions.",NA,"304",NA
"Compliance with the Code would be overseen by an Independent Parliamentary Standards Commission, with the support of an Independent Parliamentary Adviser to provide conﬁdential advice to politicians and staff who suspect the code may have been breached.",NA,"304",NA
"The Greens will also strengthen Register of Interests reporting obligations so politicians cannot hide their interests behind complex trust arrangements.",NA,"304",NA
"ENDING THE INFLUENCE OF POLITICAL DONATIONS",NA,NA,NA
"The inﬂuence of political donors on government decisions has stopped Australia from taking strong action to address the climate crisis,",NA,"501",NA
"respect First Nations communities,",NA,"607.3",NA
"or strengthen environmental laws.",NA,"501",NA
"The Greens will ban all political donations from the mining, development, tobacco, alcohol, gambling, banking, defence and pharmaceutical industries, and cap all other donations at $1,000 per year to ensure that governments work for the people, not the highest bidder.1",NA,"304",NA
"We will also explore options to cap election spending to level the playing ﬁeld for independents and small parties and prevent well-resourced parties and lobby groups skewing election outcomes by out-spending minor parties and not-for-proﬁt advocacy groups.",NA,"304",NA
"PARLIAMENTARY SCRUTINY",NA,NA,NA
"Without the ability to scrutinise legislation, instruments, and other government decisions, the Parliament cannot effectively judge the policy basis or validity of proposed laws.",NA,"304",NA
"The Greens will continue to push back against the government’s misuse of delegated legislation and National Cabinet exemptions to avoid scrutiny.",NA,"304",NA
"1 See Getting Coal & Gas Money Out of Politics policy for more detail.",NA,NA,NA
"PROTECTING THE RIGHT TO PROTEST & ADVOCATE FOR CHANGE",NA,NA,NA
"The Coalition continues to threaten charities and not-for-proﬁt organisations that engage in political advocacy or publicly oppose government decisions.",NA,"202.1",NA
"Civil society must be supported to openly discuss, debate, and challenge policy decisions, without threats to their funding or unnecessary administrative burdens.",NA,"202.1",NA
"The Greens will defend the rights of charities and not-for-proﬁt groups to use their funds to advocate on important social issues.",NA,"202.1",NA
"We will oppose any future proposal to give the ACNC powers to deregister charities for minor offences during protest actions.",NA,"202.1",NA
"We will ensure that reforms to rules for political donations do not unduly restrict the fundraising capacity of public interest charities,",NA,"202.1",NA
"and overturn recent amendments to laws regulating ‘political campaigners’.",NA,"202.1",NA
"The Greens will introduce a national Charter of Rights that explicitly protects the right to protest.",NA,"201.2",NA
"REPRESENTATIVE VOICES",NA,NA,NA
"Politics cannot work for the people without listening to their voices.",NA,"202.1",NA
"Yet there is a strong sense in the community that diverse voices are not heard in the political process.",NA,"202.1",NA
"The Greens will legislate to ensure: government decision-making and advisory bodies better reﬂect the communities they represent",NA,"202.1",NA
"appointments to advisory bodies are merit-based",NA,"202.1",NA
"community consultation processes are meaningful, inclusive, and reﬂected in ﬁnal decisions.",NA,"202.1",NA
"We will establish a $2 million Public Interest Democracy Fund, to be administered by the Department of Parliamentary Services, to support trials of innovative programs and digital platforms to increase democratic participation, including:",NA,"202.1",NA
"citizen juries to complement Parliamentary processes on issues of public signiﬁcance",NA,"202.1",NA
"reforming question time to allow questions from the public",NA,"202.1",NA
"and more robust scrutiny of government decisions",NA,"202.1",NA
"allowing petitions with more than 5,000 signatures to trigger parliamentary debate on issues.",NA,"202.1",NA
"The Greens will also work to ensure parliament better reﬂects the people it represents, and the diversity of the Australian community.",NA,"202.1",NA
"We will: Support Constitutional reform to allow public servants and Australian citizens with dual nationality to run for parliament.",NA,"201.2",NA
"explore mechanisms to make parliamentary sittings more family-friendly, including increased remote attendance and shared roles",NA,"202.1",NA
"Implement all recommendations of the Australian Human Rights Commission’s Set the Standard review to ensure parliament is a safe and respectful workplace for everyone.",NA,"201.2",NA
"ACCESS TO INFORMATION",NA,NA,NA
"Democracy is healthiest when communities have access to information.",NA,"202.1",NA
"Greater transparency of government decisions leads to better decision-making.",NA,"202.1",NA
"But Australia’s current Freedom of Information (FOI) system is woefully underfunded and poorly implemented, leading to signiﬁcant delays and hurdles to accessing information.",NA,"202.1",NA
"The Greens will promote open government and ensure government agencies are resourced to provide timely, comprehensive access to documents.",NA,"202.1",NA
"We will continue to oppose government claims of Cabinet conﬁdentiality for National Cabinet documents and decisions.",NA,"202.1",NA
"We will review funding to the Australian Information Commissioner to ensure a dedicated FOI Commissioner is effective in reducing appeal times and providing training and support for government information oﬃcers.",NA,"202.1",NA
"HOW THE GREENS HAVE BEEN FIGHTING FOR YOU",NA,NA,NA
"The Greens will always put the public interest ahead of corporate greed.",NA,"304",NA
"In the last parliament, it was the Greens who: Passed through the Senate our bill for a strong, independent corruption watchdog",NA,"304",NA
"Introduced a Bill for an enforceable code of conduct for all politicians",NA,"304",NA
"Consistently spoke out against the corrupting inﬂuence of donations and policy favours done for donor mates",NA,"304",NA
"Called for an inquiry into government grants being used as election slush funds",NA,"304",NA
"Called for increased funding for the ANAO, Commonwealth Ombudsman and Information Commissioner to provide independent oversight of government spending and decision-making.",NA,"304",NA
"Supported charities to oppose changes that would make it harder for them to engage in public interest advocacy work",NA,"606.1",NA
"STRENGTHENING MEDIA DIVERSITY IN AUSTRALIA",NA,NA,NA
"Protecting Australia from the Murdoch Monopoly",NA,"H",NA
"From providing emergency information about bushﬁres, health information during the pandemic and asking the tough questions about government integrity, quality journalism is at the heart of a functioning democracy.",NA,"201.2",NA
"Right now, our ABC is under attack by powerful government ministers and unelected media moguls, and their fossil fuel mates set the agenda through the Murdoch media monopoly.",NA,"201.2",NA
"This leads to climate denialism, racist attacks and character assassinations.",NA,"201.2",NA
"The Greens will take on the Murdoch media monopoly and strengthen media diversity in a post-Murdoch Australia to protect our democracy and our communityv.",NA,"403",NA
"THE GREENS WILL:",NA,NA,NA
"Protect the independence of the ABC and SBS by restoring Coalition funding cuts, recovering jobs at the ABC and phasing out in-program advertising on SBS",NA,"502",NA
"Reinstate the Australia Network",NA,"502",NA
"Establish a Royal Commission in the Murdoch Media Monopoly looking into its market dominance and impact on democracy in Australia",NA,"605.1",NA
"Introduce a suite of measures to protect media diversity",NA,"201.2",NA
"Stop the spread of misinformation and hate by strengthening the powers of The Australian Communications and Media Authority",NA,"201.2",NA
"Protect press freedom by introducing a Media Freedom Act to protect the rights of journalists to do their work",NA,"201.2",NA
"SAVE THE ABC AND SBS",NA,NA,NA
"The ABC has been cut by almost 1,000 jobs and more than $783 million since Tony Abbott went to the 2013 election promising no cuts to the ABC.",NA,"502",NA
"We are seeing attacks on the independence of the ABC from political appointees.",NA,"201.2",NA
"Meanwhile, SBS is under attack from commercial stations trying to undermine its ability to serve its audience.",NA,"201.2",NA
"The ABC and SBS are cultural cornerstones of our national life.",NA,"201.2",NA
"That’s why the Greens will restore every dollar cut from the ABC’s budget by the Abbott-Turnbull-Morrison Government since 2013, and we’ll grow the ABC’s funding year-on-year to account for those years of chronic underfunding.",NA,"201.2",NA
"The Greens will make sure that funding for the ABC is done by hard law not handshakes.",NA,"201.2",NA
"We will amend the ABC Act to create a standing appropriation — funding of the ABC would be law, and not subject to the whim of the government of the day.",NA,"502",NA
"This will help recover the jobs lost",NA,"701",NA
"and restore and protect the news-breaking ability of our nation’s public media across the country.",NA,"201.2",NA
"We also explicitly rule out ABC iView and SBS On Demand being placed behind a paywall, as the commercial broadcasters are pushing for.",NA,"502",NA
"The Greens will also phase out advertising on SBS.",NA,"201.2",NA
"The Coalition Government has tried to expand the number of advertisements SBS can carry, as a pretext for cutting its funding.",NA,"403",NA
"But every advertisement makes it harder for SBS to fulﬁl its charter obligations.",NA,"201.2",NA
"It compromises the independence of the public broadcaster when it is forced to rely on commercial sponsorship to stay aﬂoat.",NA,"201.2",NA
"We will commit to phase out in-program advertising on the SBS, and reduce program break advertising by 80 per cent.",NA,"201.2",NA
"Public broadcasters shouldn’t rely on private income to keep the lights on.",NA,"201.2",NA
"AN INDEPENDENT ABC",NA,NA,NA
"The ABC is under attack from more than just funding cuts.",NA,"201.2",NA
"The politicisation of the board has never been more evident.",NA,"201.2",NA
"We need a clear, non-partisan process for selecting the board.",NA,"201.2",NA
"The Greens will secure the editorial independence of the ABC in legislation.",NA,"201.2",NA
"To do this we will: Protect the Nomination Panel by legislating a role for them rather than relying on protocol;",NA,"201.2",NA
"Require board nominees to come before the Senate Standing Committee on Environment and Communications in addition to being referred to the Minister;",NA,"201.2",NA
"Require the Minister to explain in-writing to the Standing Committee the rejection of any nominee recommended by the panel;",NA,"201.2",NA
"Give the Standing Committee power to recommend the Chair to the Minister; and in addition to a staff-appointed board member, introduce an audience-appointed board member, reﬂecting the role of ABC viewers as the critical stakeholder in our public broadcaster.",NA,"201.2",NA
"The new board processes will ensure that the board is independent and ﬁlled with the best candidates with relevant skills, experience and expertise.",NA,"201.2",NA
"REINSTATE THE AUSTRALIA NETWORK",NA,NA,NA
"Before being cut by the Abbott Government in 2014, the Australia Network broadcast quality Australian content around the world.",NA,"502",NA
"In doing so, it played a critical role in our diplomacy.",NA,"201.2",NA
"Unfortunately, since its disbandment, we have seen a sharp decline in our diplomatic relationships, particularly in the Asia-Paciﬁc region.",NA,"107",NA
"The Greens will fully restore funding to the Australia Network that was cut by the Abbott Government, to ensure we can share current affairs and Australian content to our regional partners in the Paciﬁc and beyond.",NA,"107",NA
"This is not only part of a strategy to ensure our public broadcaster is supported to continue making quality content,",NA,"201.2",NA
"but will play into the foreign affairs space, allowing us to share our independent journalism with our partners as a form of diplomatic outreach.",NA,"107",NA
"STRENGTHENING MEDIA DIVERSITY",NA,NA,NA
"Australia has one of the most concentrated media markets in the world.",NA,"201.2",NA
"We know that to have a healthy democracy we need a healthy media and ours is trending in the wrong direction.",NA,"201.2",NA
"The Greens will prioritise stronger media diversity with a comprehensive plan.",NA,"201.2",NA
"We will: Establish Royal Commission into the Murdoch media empire",NA,"605.1",NA
"Set up a properly independent media complaints body with increased powers",NA,"403",NA
"Establish a permanent Public Interest News Gathering (PING) fund to support public interest journalism through grants",NA,"201.2",NA
"Give deductible gift recipient (DGR) status to public interest news organisations",NA,"201.2",NA
"Create tax incentives for newspaper subscriptions, donations and purchases to all Australians",NA,"201.2",NA
"Strengthen the powers of ACMA to stamp out hate speech",NA,"201.2",NA
"ROYAL COMMISSION INTO MURDOCH MEDIA MONOPOLY",NA,NA,NA
"The Murdoch media monopoly has become a cancer on Australian democracy.",NA,"605.1",NA
"The Greens will take on Rupert Murdoch and News Corp by establishing a royal commission, or a judicial inquiry with the powers of a royal commission, into their dangerous and divisive role in Australia.",NA,"605.1",NA
"The Senate Inquiry into Media Diversity found that News Corp regularly engages in character assasination, climate denialism and hate-speech in Australia.",NA,"403",NA
"A royal commission would look at the market dominance and behaviour of Murdoch media businesses and the detrimental impact that they have on democracy in Australia as well as the regulatory framework for media in Australia.",NA,"403",NA
"MEDIA COMPLAINTS BODY WITH INCREASED POWERS",NA,NA,NA
"The Australian Press Council is the only complaints process for misleading or incorrect journalism in Australia.",NA,"403",NA
"The industry has lost faith in the Press Council and so have the public.",NA,"403",NA
"This has rendered the Press Council ineffective.",NA,"403",NA
"The Greens will establish a media complaints body with increased powers that is able to effectively enforce high standards of journalism.",NA,"403",NA
"ESTABLISH A PERMANENT PING FUND",NA,NA,NA
"The Public Interest News Gathering program (PING) has been an important source of funding for public interest journalism during a diﬃcult time.",NA,"201.2",NA
"The Greens will make this temporary COVID relief measure a permanent trust to ensure that grants are available to support public interest journalism into the future.",NA,"201.2",NA
"DEDUCTIBLE GIFT RECIPIENT STATUS (DGR) FOR PUBLIC INTEREST JOURNALISM",NA,NA,NA
"Many news organisations rely on philanthropic donations, but Australia’s rules around tax deductibility make it incredibly hard to attract these kinds of donations.",NA,"201.2",NA
"To combat this the Greens will introduce DGR status for organisations that meet the following criteria: A minimum of 75% of total spending over the past 12 months was on the production and dissemination of news,",NA,"201.2",NA
"public interest journalism or other fact-based editorial content;",NA,"201.2",NA
"A minimum of 75% of total revenue was derived from sales, subscriptions, advertising revenue or other individual or philanthropic donations;",NA,"201.2",NA
"A turnover of minimum $1 million in the past ﬁnancial year;",NA,"201.2",NA
"The primary business and dominant purpose is the production and distribution of news and editorial content that is in the public interest (this test excludes organisations producing content whose purpose is promotional, or for public relations or advocacy).",NA,"201.2",NA
"TAX DEDUCTIBLE NEWS FOR ALL AUSTRALIANS",NA,NA,NA
"We will also provide a tax incentive for Australians who want to engage with public interest journalism by extending the tax deductible status of news media subscriptions, donations and purchases to all Australians.",NA,"203",NA
"This will apply to news media organisations in Australia that adhere to appropriate standards of practice for public interest journalism.",NA,"201.2",NA
"COMMUNITY BROADCASTING",NA,NA,NA
"Community broadcasters play an important role in strengthening media diversity in Australia.",NA,"201.1",NA
"Despite this, they face a great deal of uncertainty thanks to short funding cycles.",NA,"201.2",NA
"This compromises their ability to deliver content and produce public interest journalism.",NA,"201.2",NA
"The Greens will provide additional surety for them by guaranteeing future funding for the community broadcasting sector beyond a 12-month funding cycle, locking in ﬁve years’ worth of funding so these broadcasters can plan adequately.",NA,"201.2",NA
"We will go further by supporting community radio with an indexed $1.4 million in funding for digital transmission, which will support the over 55 metro-wide community radio services across Melbourne, Sydney, Perth, Brisbane, Adelaide, Hobart, Darwin and Canberra.",NA,"201.2",NA
"STRENGTHEN THE AUSTRALIAN COMMUNICATIONS AND MEDIA AUTHORITY'S POWERS",NA,NA,NA
"The Australian Communications and Media Authority (ACMA) is Australia’s regulator for broadcasting, the internet, radio and telecommunications.",NA,"403",NA
"It works on a ‘co-regulatory’ model, where industry groups develop their own industry codes in cooperation with the ACMA, who then enforces the negotiated code.",NA,"403",NA
"The ACMA registers an industry code when it is satisﬁed that, among other considerations, the code provides appropriate community safeguards.",NA,"403",NA
"If a draft code is found to be lacking appropriate safeguards, the ACMA can direct the content of the code.",NA,"403",NA
"The deﬁnition of these safeguards has failed to keep pace with the times.",NA,"403",NA
"Broadcasters can now invite neo-Nazis and far-right extremists onto their programs for panel discussions without facing any penalty from the regulator.",NA,"403",NA
"This normalises extremist ideology in the mainstream and further emboldens hate speech, which puts public safety at risk.",NA,"403",NA
"The Greens support expanding the deﬁnition of community safeguards used by the ACMA to include the protection of the public from content that maligns a person or persons based on certain characteristics.",NA,"403",NA
"All news and commentary in Australia should maintain a high standard of truthfulness and journalistic ethics.",NA,"403",NA
"That’s why we also support the ACMA having greater powers over subscription and streaming services.",NA,"403",NA
"Subscription services like Sky News and online news streaming should not have a lower level of scrutiny, especially when they are broadcast in so many public spaces and so many people are moving to consuming their news online.",NA,"403",NA
"In the wake of the Christchurch terror attack the ACMA made the point that their powers do not allow them to monitor and regulate content made available or linked to on broadcasters’ websites.",NA,"403",NA
"This is a problem we’ve known about for some time.",NA,"403",NA
"Back in 2012 the Convergence Review made the point that, “content-speciﬁc, platform-speciﬁc and provider-speciﬁc rules are inconsistent, confusing and inﬂexible” and that “media content regulation should be technology neutral.”",NA,"403",NA
"We agree, that’s why we will grant the ACMA responsibility for handling Australian media across free-to-air, subscription and streaming services, ending the inconsistent treatment of complaints.",NA,"403",NA
"The ACMA’s enforcement mechanism will be strengthened so they are able to step in when the line is crossed to ensure hate speech does not inﬁltrate mainstream news, whatever medium it comes through",NA,"403",NA
"FIRST NATIONS MEDIA",NA,NA,NA
"Funding for First Nations media has remained largely stagnant for the last decade despite demand for funding more than doubling as the sector has grown.",NA,"607.3",NA
"The Greens recognise the importance of our First Nations media",NA,"607.3",NA
"and the signiﬁcance of having access to stories told by and for First Nations communities.",NA,"607.3",NA
"That’s why we will increase and index the annual funding for First Nations Media to $30 million per annum.",NA,"607.3",NA
"The Greens will also move to provide for a separate broadcaster licence category for First Nations broadcasting and to make the necessary regulatory changes for spectrum allocation and codes of practice.",NA,"607.3",NA
"This will prevent First Nations broadcasters from having to compete with community broadcasters for broadcast licences and support the rights of First Nations peoples to establish their own media.",NA,"607.3",NA
"ACCESS TO INFORMATION",NA,NA,NA
"Democracy is healthiest when communities have access to information.",NA,"201.2",NA
"Australia’s current Freedom of Information (FoI) system is woefully underfunded and poorly implemented, leading to a concerning lack of transparency in decision making.",NA,"201.2",NA
"The Greens will strengthen FoI laws and ensure agencies have an obligation and the necessary resources to provide timely, affordable and comprehensive access to documents and greater scrutiny of government processes.",NA,"201.2",NA
"PROTECT  PRESS FREEDOM",NA,NA,NA
"Over the past few years we have seen an unprecedented crack down on journalists doing their jobs in Australia.",NA,"201.2",NA
"The ABC newsroom was raided, as was the home of journalist Annika Smethurst, and ABC journalist Dan Oakes was threatened with prosecution.",NA,"201.2",NA
"Public interest journalism is essential to hold those who are in power to account.",NA,"201.2",NA
"The Greens will introduce a Media Freedom Act that will protect the rights of journalists to do their work",NA,"201.2",NA
"and importantly protect the rights of Australians to know what their government is doing.",NA,"201.2",NA
"The Media Freedom Act will: Ensure a contested warrants process, where law enforcement would need to apply to a judge to search a media outlet or access a journalist’s metadata;",NA,"201.2",NA
"Protect whistleblowers by introducing a public interest defence;",NA,"201.2",NA
"Put the onus on prosecutors to disprove public interest rather than journalists to prove it;",NA,"201.2",NA
"Overall, enacts shield laws to protect journalists from being forced to reveal their sources.",NA,"201.2",NA
"END THE INSECURE WORK CRISIS",NA,NA,NA
"Job insecurity is rife and it’s hurting people.",NA,"701",NA
"Insecure work makes it hard to plan your life, pay the bills and get a home.",NA,"701",NA
"Even if you have a job, it is no guarantee of ﬁnancial security.",NA,"701",NA
"Wages remain stagnant while it is harder and harder to afford the rising costs of living.",NA,"701",NA
"To tackle the country’s big problems and make people’s lives better, the Greens will outlaw insecure work",NA,"701",NA
"and establish a new minimum wage so that people are employed in secure, well paid jobs.",NA,"412",NA
"THE GREENS WILL:",NA,NA,NA
"End the insecure work crisis by prioritising job security",NA,"701",NA
"Establish a new minimum wage at 60% of the median wage",NA,"412",NA
"Give casual and contract workers access to protections and entitlements to protect the rights of all workers.",NA,"701",NA
"End the insecure work crisis",NA,NA,NA
"Too many people are employed in insecure work, with no guaranteed minimum hours, unstable income and no long-term job security.",NA,"701",NA
"The pandemic highlighted the dangers of insecure work.",NA,"701",NA
"Casual work left millions of people without paid sick leave resulting in workplace transmission as people were forced to choose between their livelihood and their health.",NA,"701",NA
"People employed in insecure jobs lost work eight times faster than those in permanent jobs,1 resulting in over 1 million people who didn’t have a job or enough hours of work.",NA,"701",NA
"In 2020 we saw the fastest growth of insecure work in Australia’s history with casual jobs accounting for around 60% of jobs created2.",NA,"701",NA
"Instead of encouraging permanent, secure work, the Liberal Government is championing labour laws which favour big corporations, allowing them to dictate the nature of work making it easier for insecure, low paid work to ﬂourish.",NA,"701",NA
"The Greens will put an end to the insecure work crisis and give working people the job security they deserve by establishing the presumption that all employment must be ongoing unless there is a case for genuine casual or contract employment.",NA,"701",NA
"Establish a new minimum wage",NA,NA,NA
"While billionaires increased their wealth by a third during the pandemic, and big corporations received over $1 billion in JobKeeper wage subsidy payments despite making a proﬁt and paying executive bonuses, working people continued to experience the slowest sustained wage growth since World War II3.",NA,"701",NA
"Now, instead of advocating for a genuine wage increase the Government is ﬁghting for wages to remain below inﬂation, a continuation of their policy to keep wages low.",NA,"701",NA
"The Greens will enshrine in law a new minimum wage by legislating to set the minimum wage at 60% of the full time median wage, a target already achieved by the UK’s Low Pay Commission.",NA,"412",NA
"The Fair Work Commission would be tasked with phasing the increase in.",NA,"701",NA
"1 Dan Nahum and Jim Stanford, Centre for Future Work, 2020 Year-End Labour Market Review: Insecure Work and the",NA,NA,NA
"Covid-19 Pandemic, December 2020",NA,NA,NA
"2 Dan Nahum, Centre for Future Work, Submission to the Senate Select Committee on Job Security, March 2021",NA,NA,NA
"Protect rights for all workers",NA,NA,NA
"Many working people, particularly casual and ‘gig economy’ workers, are not entitled to the same protections and minimum entitlements as permanent employees such as a minimum wage, annual leave, sick leave, superannuation and unfair dismissal protection.",NA,"701",NA
"The Greens’ will support workers to access these fundamental rights by legislating to give the Fair Work Commission (FWC) the power to extend minimum wages, entitlements and conditions from the Fair Work Act,",NA,"701",NA
"Modern Awards or enterprise agreements to contractors and casual employees so that all workers are protected, not exploited.",NA,"701",NA
"We would require the FWC to give effect to the principle that workers are entitled to the same minimum wages and conditions whether or not they are classiﬁed as employees.",NA,"701",NA
"Successive governments have undermined unions and workers' ability to protect and advance their rights at work.",NA,"701",NA
"This has resulted in Australia having some of the most restrictive labour laws in the world which have repeatedly breached international labour standards.",NA,"701",NA
"The Greens ‘1  0 Principles for Rewriting Our abour Laws’ sets out the approach we will take in the next Parliament to securing people’s rights at work.",NA,"701",NA
"3 Andrew Stewart, Jim Stanford, Tess Hardy, The Wages Crisis: Revisited, May 2022",NA,NA,NA
"REWRITE OUR LABOUR LAWS",NA,NA,NA
"The Greens’ 10 principles for rewriting our labour laws",NA,NA,NA
"For decades successive governments have grovelled to big corporations with little regard for workers, leaving too many people in low paid, insecure and unfulﬁlling work.",NA,"701",NA
"Long-term job security is a distant memory while insecure work ﬂourishes, billionaires increase their proﬁts as working people experienced the slowest sustained wage growth since the Great Depression and our labour laws continue to breach international law.",NA,"701",NA
"We need to rewrite our labour laws to protect and improve the lives and rights of working people and reduce inequality.",NA,"701",NA
"THE GREENS’ 10 PRINCIPLES:",NA,NA,NA
"1. Labour laws must reduce inequality in society",NA,"503",NA
"2. Workers should be paid and treated equally for the same kind of work",NA,"701",NA
"3. Everyone has the right to decent work",NA,"701",NA
"4. The rights of workers and unions should be protected",NA,"701",NA
"5. End the insecure work crisis",NA,"701",NA
"6. Workers should have more power to bargain",NA,"701",NA
"7. Migration laws and free trade deals should not be able to undercut local labour laws",NA,"701",NA
"8. The composition of the workforce must be reflective of the population",NA,"503",NA
"9. The government must not use the law to attack working people and their unions",NA,"701",NA
"10. There must be an independent workplace commission and an easy way of enforcing labour laws",NA,"701",NA
"1. Labour Laws must reduce inequality in society",NA,NA,NA
"The minimum wage is already leaving people in poverty as Australia experienced the slowest sustained wage growth since the Great Depression1 and it is expected to get worse with the Government’s budget forecasting wages will go backwards in real terms.",NA,"701",NA
"This is simply not good enough.",NA,"701",NA
"We must increase the minimum wage to a living wage of at least 60% of the full-time adult median wage so workers can afford to meet their basic needs.",NA,"412",NA
"Shockingly, our current modern award system does not require award conditions to improve the lives of working people.",NA,"701",NA
"We need an award system that keeps up with the changing and dynamic nature of work and improves and protects workers’ rights, pay and conditions.",NA,"701",NA
"10 days paid family and domestic violence leave must be available to all workers.",NA,"504",NA
"This will give employees the time and ﬁnancial independence to seek counselling, medical attention, legal advice, to relocate or any other activity associated with the experience of domestic violence.",NA,"504",NA
"Penalty rates are not a luxury.",NA,"701",NA
"Many low paid workers rely on penalty rates to make ends meet.",NA,"701",NA
"Penalty rates must be restored to at least pre July 2017 levels and protected in law.",NA,"701",NA
"All workers, regardless of their status, should be guaranteed leave to help deal with the challenges of the pandemic, including sick leave.",NA,"701",NA
"2. Workers should be paid and treated equally for the same kind of work",NA,NA,NA
"Many employers are misusing contractors and labour hire workers to avoid paying minimum wages and provide basic workers’ rights.",NA,"701",NA
"‘Gig economy’ and labour hire workers must receive the same minimum pay, conditions and protections as other employees.",NA,"701",NA
"All kinds of ‘workers’ should be put on an equal footing, as far as practicable.",NA,"701",NA
"Women get paid an average of 14.2%2 less than men.",NA,"503",NA
"This is inexcusable and it is long past time we stopped treating women as inferior in the workplace.",NA,"503",NA
"Achieving gender pay equity must be a stated object of labour laws, including applying to the making and reviewing of awards.",NA,"503",NA
"Our current federal laws and penalties do not deter employers from stealing from their employees.",NA,"701",NA
"Wage theft has become common practice and low paid workers are left with little recourse.",NA,"701",NA
"Swift and accessible enforcement mechanisms are needed.",NA,"701",NA
"Loopholes that allow employees to be paid less than the legal minimum wage must be closed.",NA,"701",NA
"Legal minimum rates of pay must not be discriminatory.",NA,"503",NA
"Minimum standards such as penalty rates, overtime, loadings and allowances must be protected to prevent them from being negotiated out of agreements.",NA,"701",NA
"Internships need to be properly regulated to stop exploitation.",NA,"701",NA
"To ensure workers’ wages are not stolen when a company goes into administration, insolvency laws must be reformed to ensure all outstanding wages are paid as the ﬁrst priority from a company’s remaining assets, ahead of both taxes and secured creditors.",NA,"701",NA
"3. Everyone has the right to decent work",NA,NA,NA
"People deserve more than jobs that pay low wages, don’t offer enough hours and are insecure, unfulﬁlling and in many cases dangerous.",NA,"701",NA
"The government needs to lead the way with employment-creating programs",NA,"701",NA
"and public-sector led initiatives to tackle the climate crisis",NA,"501",NA
"and assist workers and their communities to transition to new jobs and industries, supported by a jobs guarantee.",NA,"701",NA
"Australians are both overworked and underworked simultaneously.",NA,"701",NA
"Underemployment overtook unemployment in 2003 and hasn’t looked back3.",NA,"701",NA
"At the same time many full time workers want to work fewer hours.",NA,"701",NA
"Un-and-under-employment is too high, especially for young people.",NA,"701",NA
"We need to work towards full employment with an unemployment rate of 2%.",NA,"701",NA
"Abolish Work for the Dole and other discriminatory programs and help jobseekers ﬁnd meaningful employment.",NA,"701",NA
"As we face greater automation and digital disruption we need to ensure workers are involved in the implementation of technology within the workplace so it is used to make workers lives better, not worse.",NA,"701",NA
"When the government sends public money overseas to purchase goods and services that could be provided locally, it has the potential to undercut Australian businesses that provide proper wages and conditions.",NA,"701",NA
"The government should use its spending to create and support local jobs.",NA,"701",NA
"Work will be more fairly shared amongst people, more jobs will be created and wages will be lifted by moving towards a shorter working week without loss of pay.",NA,"701",NA
"1           https://www.theguardian.com/commentisfree/2021/apr/07/a-rise-in-the-minimum-wage-wont-hurt-australias-recovery-it-will-help-it",NA,NA,NA
"2 Workplace Gender Equality Agency, Australia’s Gender Pay Gap Statistics, 27 August 2021",NA,NA,NA
"4. The rights of workers and unions should be  protected",NA,NA,NA
"Workers should have the right to engage in industrial action, including the right to strike, consistent with international law and not limited to artiﬁcially restricted bargaining periods.",NA,"701",NA
"Legislation banning secondary boycotts and strike action should be repealed.",NA,"701",NA
"Unions should have enforceable rights to enter workplaces for legitimate purposes, to talk to members and potential members and to represent members.",NA,"701",NA
"Unions should have a role in advancing wages and conditions through the workplace commission, including through seeking changes to awards and creating new rights.",NA,"701",NA
"Training for union delegates and workplace safety delegates and time taken for related meetings should be held in work time and paid  for.",NA,"701",NA
"The rights of unions to organise and represent workers should be covered by law.",NA,"701",NA
"3 ABS Labour Force, November 2021",NA,NA,NA
"5. Insecure work must be outlawed",NA,NA,NA
"Secure employment is increasingly unobtainable, with employers allowed to hire workers as indeﬁnite casuals or on rolling contracts without any genuine obligation to provide long term job security.",NA,"701",NA
"We need to change our laws to tackle rising job insecurity and to ensure casuals and independent contractors are not used to undermine job security.",NA,"701",NA
"It is time to outlaw insecure work and establish a legislated presumption in favour of ongoing employment.",NA,"701",NA
"People need greater control over the hours and arrangements for their work, especially as the pandemic changes the way many people work.",NA,"701",NA
"We need to give workers and unions enforceable rights to create a better work-life balance for people.",NA,"701",NA
"Workers should be involved in decision making and the direction and governance of their workplace.",NA,"701",NA
"There needs to be a legislated requirement for corporations to have workers or their representatives on their boards to ensure the needs and views of working people are genuinely represented.",NA,"701",NA
"6. Workers should have more power to bargain",NA,NA,NA
"Workers should be free to collectively bargain at whatever level they consider appropriate and with whoever has real control over their work, whether at a workplace, industry, sector or other level.",NA,"701",NA
"Workers should be free to determine what matters relevant to their social, economic and environmental interests they want to bargain  about.",NA,"701",NA
"Employers are using their power to terminate agreements during bargaining as a weapon against workers, forcing them to accept inferior pay and conditions.",NA,"701",NA
"It is time to level the playing ﬁeld and remove the right to terminate agreements as a bargaining tactic.",NA,"701",NA
"Attempts by the government to extend the length of ‘greenﬁelds’ agreement should be opposed as it removes workers’ rights to bargain.",NA,"701",NA
"7. Migration laws and free trade deals should not be able to undercut local labour laws",NA,NA,NA
"Loopholes in free trade agreements that allow employers to circumvent local labour laws, which leads to systemic exploitation of temporary visa workers and local workers being denied job opportunities and training.",NA,"701",NA
"Australia must stop signing up to these unfair trade deals.",NA,"701",NA
"To overcome any labour shortages, skills training of local workers should be the priority.",NA,"701",NA
"Jobs should be advertised locally ﬁrst.",NA,"701",NA
"Temporary working visas should be restricted and used only to ﬁll genuine skill shortages or where international collaboration is important (such as research).",NA,"701",NA
"Temporary visa holders should not be automatically locked out of the permanent migration program.",NA,"201.2",NA
"And as we deal with the pandemic, it is vital that workers and their representatives be involved in setting the framework for guest workers: the system regulating the use of guest workers should be negotiated between unions, employer organisations and the federal government.",NA,"701",NA
"Established Australian rates of pay should be guaranteed.",NA,"701",NA
"Labour laws must be properly enforced to ensure that local legal standards are being applied everywhere, both for local workers and for guest workers.",NA,"701",NA
"8. The composition of the workforce must be reﬂective of the population",NA,NA,NA
"We need new laws to ensure greater employment in decent work with equal pay for people with disabilities, First Nations People, people from non-English speaking, refugee and migrant backgrounds as well as other disadvantaged groups.",NA,"503",NA
"9. The government must not use the law to attack working people and their unions",NA,NA,NA
"Parliament must abolish the Australian Building and Construction Commission (ABCC) and the Registered Organisations Commission (ROC)",NA,"701",NA
"and prioritise worker and community safety by reinstating the Road Safety Remuneration Tribunal (or equivalent).",NA,"701",NA
"10. There must be an independent workplace commission and an easy way of enforcing labour laws",NA,NA,NA
"Appointments to the commission should comprise an equal number of union and employer representatives.",NA,"701",NA
"It must also be easy and cheap to enforce labour laws, meaning the current system of enforcement must be overhauled.",NA,"303",NA
"ECONOMIC SECURITY FOR WOMEN",NA,NA,NA
"Boosting women’s wages, superannuation, proper parental leave and free childcare",NA,NA,NA
"Women aren’t paid enough for the amount of work we do.",NA,"503",NA
"Women are still paid a lot less than men, do more unpaid family work, and retire with a lot less superannuation.",NA,"503",NA
"Older women are increasingly at risk of homelessness.",NA,"503",NA
"The Greens will close the gender pay gap through reversing the unfair Stage 3 tax cuts that will disproportionately beneﬁt men, by raising wages, properly valuing care work, providing free universal childcare, investing in affordable housing, and reforming our unfair superannuation system.",NA,"503",NA
"These measures will provide a greater safety net to ensure no one is living in poverty or homeless.",NA,"503",NA
"THE GREENS WILL:",NA,NA,NA
"Invest $24.5 billion over ten years to make parental leave fairer and encourage shared care",NA,"504",NA
"Close the gender pay gap by",NA,"503",NA
"○ Increasing minimum wages and supporting stronger equal remuneration provisions in the Fair Work Act",NA,"503",NA
"○ Paying super on parental leave",NA,"503",NA
"○ Boosting superannuation for low-income earners with caring responsibilities and doubling low-income super offsets",NA,"503",NA
"○ Reversing unfair Stage 3 tax cuts",NA,"503",NA
"○ Extending penalties for employers who fail to close their gender pay gap",NA,"503",NA
"Invest $16 billion over the next three years to make high-quality early education and care free and universally available",NA,"504",NA
"Investigate long-term options to value unpaid care work",NA,"504",NA
"Support women-led businesses through low interest loans in regional areas, greater access to funding, and encouraging procurement targets for government agencies,",NA,"503",NA
"Build one million public and community homes so women can access safe, affordable, and appr priate homes throughout their lives",NA,"401",NA
"Require a Women’s Budget Impact Statement to consider the gendered impacts of budget allocations before they are made",NA,"503",NA
"Develop a National Gender Equality Strategy and require explicit analysis of the gendered impacts of policy decisions",NA,"503",NA
"Implement all recommendations of the Respect@Work and Set the Standard reports to ensure women are safe, equal, and respected at work",NA,"503",NA
"Fairer paid parental leave",NA,NA,NA
"Making paid parental leave available for both parents can foster a more equal division of caring responsibilities and set up habits for life.1",NA,"504",NA
"The workforce participation of mothers is considerably higher in countries with both a strong paid parental leave scheme and available, affordable childcare.2",NA,"504",NA
"Despite measures allowing fathers to take parental leave, only 1 in 20 fathers take parental leave beyond the legislated “dad and partner leave” entitlements.3",NA,"504",NA
"Studies have found that dedicated leave for both partners (‘use it or lose it’) is more effective in encouraging long-term sharing of care and household responsibilities than simply extending the overall leave available to parents.4",NA,"504",NA
"The Greens will invest $24.5 billion over ten years to reform the paid parental leave scheme and provide families with ﬂexibility to juggle their work and caring responsibilities in the way that works best for them.",NA,"504",NA
"To encourage more equitable care arrangements, the Greens will provide a 26 week parental leave package, to be shared between parents:",NA,"503",NA
"6 weeks to be taken exclusively by one parent",NA,"504",NA
"6 weeks to be taken exclusively by the other parent",NA,"504",NA
"14 weeks to be taken in whichever combination the family decides",NA,"504",NA
"Single parents are entitled to take the full 26 weeks themselves.",NA,"504",NA
"Parental leave will be paid at pro rata the parent taking leave’s existing wage (up to $100,000 p/a).",NA,"504",NA
"This parental leave scheme will complement employer-provided programs, not replace them.",NA,"504",NA
"The Greens will also ensure superannuation contributions are paid on parental leave.",NA,"504",NA
"Currently, where a birth mother earns more than the threshold amount, she is not able to transfer her leave entitlements to her partner, even where the partner’s wage is lower than the threshold.",NA,"504",NA
"For families where the other parent earns more than the threshold amount, this restriction does not apply.",NA,"504",NA
"As a result, many families where the birth mother is the higher-wage earner cannot choose to share leave entitlements.",NA,"504",NA
"The Greens will remove this restriction, allowing more families to access paid parental leave and greater ﬂexibility in shared care.",NA,"504",NA
"1 Grattan Institute. August 2020. Cheaper childcare: A practical plan to boost",NA,NA,NA
"female workforce participation, p44. https://grattan.edu.au/wp-content/uploads/2020/08/Cheap er-Childcare-Grattan-Institute-Report.pdf",NA,NA,NA
"2 See n15",NA,NA,NA
"3 Australian Institute of Family Studies. “Fathers and parental leave.”",NA,NA,NA
"https://aifs.gov.au/aifs-conference/fathers-and-parental-lea ve. In 2019-20, men accounted for",NA,NA,NA
"only 6.5% of primary carer leave taken in Australia (WGEA. 2020. Australia’s Gender Equality Scorecard)",NA,NA,NA
"4 See, for example, Ásdís Aðalbjörg Arnalds. 2019. “The fathers’ quota in Iceland for 19 years: Impact on work and care” - Presentation at The Australia Institute Nordic Policy Centre Roundtable on Paid Parental Leave. https://www.nordicpolicycentre.org.au/fathers_quota Sarah Duffy et al. August 2019. “Father’s days: increasing the ‘daddy quota’ in parental leave makes everyone happier”. The Conversation.",NA,NA,NA
"https://theconversation.com/fathers-days-increasing-the-da ddy-quota-in-parental-leave-makes-everyone-happier-12204 7",NA,NA,NA
"Flexible work",NA,NA,NA
"Availability of ﬂexible work is a critical factor for many parents in deciding whether to return to work.5",NA,"701",NA
"Covid has demonstrated that workers are able to work effectively from home, and that5 this makes a material difference to shared care.",NA,"701",NA
"The Greens will rewrite our labour laws to require employers to grant reasonable requests for family friendly working arrangements, including later start times, shared roles, or days working from home.6",NA,"701",NA
"Normalising ﬂexible working arrangements recognises the productivity beneﬁts of ensuring all workers can juggle family and work responsibilities.",NA,"701",NA
"4 in 5 Australian women with a child under 2 who have returned to paid work use some kind of ﬂexible working arrangement: ABS (2018b, Table 15).",NA,NA,NA
"Higher wages",NA,NA,NA
"Women make up 61% of workers being paid based on an award, and the majority of workers earning a minimum wage.",NA,"701",NA
"The Greens will rewrite labour laws to raise the minimum wage",NA,"412",NA
"and ensure women in part-time, casual and low income roles have greater economic security.7",NA,"503",NA
"Closing the gender pay gap also requires decisive, targeted policy changes in the wages paid in female dominated sectors.",NA,"503",NA
"Pushing a wheelchair is not inherently less valuable than pushing a wheelbarrow, yet average wages in care sectors remain lower than in construction.",NA,"701",NA
"The Greens will strengthen the 'equal remuneration' provisions of the Fair Work Act to achieve greater pay parity between roles",NA,"503",NA
"and require the Fair Work Commission to actively close the gender pay gap.",NA,"503",NA
"Workplace Gender Equality Agency data consistently shows that heavily female-dominated sectors such as health care, social assistance and education remain amongst the lowest paid.8",NA,"503",NA
"The Greens will increase award wages in these sectors by 0.5% above CPI each year for 10 years.9",NA,"412",NA
"Paying higher wages will improve economic security for individual women, attract and retain staff to these critical sectors, and close the gender pay gap by up to 4 percentage points.10",NA,"503",NA
"Addressing the parenting penalty for low income earners",NA,NA,NA
"Time out of the workforce to care for children signiﬁcantly reduces the retirement income of many women, particularly those on low incomes.",NA,"504",NA
"The Greens will contribute $500 per year to the superannuation accounts of low income earners who are primary carers for",NA,"504",NA
"one or more children under 6 years old",NA,"504",NA
"one or more children under 16 years old who have a disability requiring intensive care.",NA,"504",NA
"6  See our Rewrite labour Laws policy",NA,NA,NA
"7  See Better Rights, More Pay, Secure Jobs, https://greens.org.au/platform/jobs",NA,NA,NA
"8 WGEA, 2019, Gender Segregation in Australia’s Workforce www.wgea.gov.au/publications/gender-segregation-in-austr alias-workforce",NA,NA,NA
"9 Where the industry average wages growth rate exceeds CPI +0.5%, then this growth rate would be applied instead. 10 Economic Security 4 Women, 2021, “Women and The Future of Work” Recommendation Paper.",NA,NA,NA
"eS4W-Future-of-Work-Recommendation-Paper_20210430.p df (security4women.org.au)",NA,NA,NA
"For details of our policy on wages and conditions in the Aged Care sector, see Higher Quality Aged Care for All",NA,NA,NA
"Reversing Stage 3 tax cuts",NA,NA,NA
"The Morrison Government’s Stage 3 tax cuts will worsen the gender pay gap, giving men about $2 for every $1 women receive.11",NA,"503",NA
"The Greens will reverse these unfair cuts and ensure the tax system isn’t entrenching inequality.",NA,"503",NA
"Target the gender pay  gap",NA,NA,NA
"The gender pay gap in Australia is 13.8%, with men working full time taking home, on average, $25,800 more than women working full time each year.",NA,"503",NA
"The Workplace Gender Equality Agency estimates that it will be 26 years before this gap closes completely.12",NA,"503",NA
"To improve data collection and action on gender equality in the workplace, the Greens will invest $40 million over 10 years to extend workplace gender reporting obligations to the public sector and businesses employing more than 50 staff.",NA,"503",NA
"We will also work to: require large businesses to include gender pay gap data in annual reports",NA,"503",NA
"boost the Workplace Gender Equality Agency’s powers to take action against employers who do not take action to address gender pay gaps in their organisation, including making lagging companies ineligible for government grants and contracts.",NA,"503",NA
"We will also legislate to remove pay gag clauses that prevent women on contracts in the private sector talking about what they get paid.",NA,"503",NA
"11",NA,NA,NA
"www.theguardian.com/australia-news/2021/jul/29/tax-cuts",NA,NA,NA
"- backed-by-labor-will-give-men-2-for-every-1-women-get-gre ens-modelling-shows",NA,NA,NA
"12 WGEA. 2021. Gender Equity Insights 2021: Making It A Priority,",NA,NA,NA
"https://www.wgea.gov.au/publications/gender-equity-insigh ts-series",NA,NA,NA
"Boosting retirement savings for low income earners",NA,NA,NA
"Currently, 3 million Australians receive a Low Income Superannuation Tax Offset (LISTO) of up to $500 per year into their retirement savings account, 2 million of them are women.",NA,"503",NA
"The Greens will double the LISTO payment cap to $1,000, allowing millions of women on low incomes to save more for their retirement.",NA,"503",NA
"Valuing care work",NA,NA,NA
"The Greens are committed to valuing caring work, which is essential to society and as valuable as other forms of work.",NA,"504",NA
"Estimates suggest that the value of unpaid care work to the economy is $560 billion each year.13",NA,"504",NA
"Women continue to perform the bulk of caring responsibilities and unpaid domestic labour, which can affect their capacity to undertake paid work.",NA,"504",NA
"This division was further exacerbated during Covid.14",NA,"503",NA
"The Greens will task the Productivity Commission with investigating options to value unpaid caring work15.",NA,"504",NA
"We will use the Commission’s ﬁndings to develop a roadmap towards ensuring care work is properly recognised and compensated.",NA,"503",NA
"Free and universal early childhood education and care",NA,NA,NA
"Early childhood education is too expensive and too hard to access.",NA,"504",NA
"It’s holding kids back, limiting choices about care, holding women back from the workforce, and adding ﬁnancial pressure on families.",NA,"504",NA
"The Greens will invest $16 billion over the next three years to make childcare free for everyone;",NA,"504",NA
"we will expand access to early childhood education,",NA,"504",NA
"establish specialised cultural early education for First Nations children,",NA,"607.3",NA
"and phase out for-proﬁt early learning providers.16",NA,"504",NA
"13 PWC. 2017. Understanding the Unpaid Economy. https://www.pwc.com.au/australia-in-transition/publication s/understanding-the-unpaid-economy-mar17.pdf (this ﬁgure includes $410B in unpaid childcare)",NA,NA,NA
"14 ABS. Household Impacts of COVID-19 Survey, May 2021. https://www.abs.gov.au/statistics/people/people-and-com munities/household-impacts-covid-19-survey/may-2021",NA,NA,NA
"15 See End the Insecure Work Crisis & Deliver a Jobs Guarantee policy. The unpaid care work analysis may be delegated to the Productivity Commission.",NA,NA,NA
"Supporting women-led businesses",NA,NA,NA
"Businesses with female founders and executives employ, on average, six times as many women as other businesses.17",NA,"503",NA
"The Greens will help these businesses to grow and provide employment opportunities for more women.",NA,"503",NA
"Micro-ﬁnancing facility",NA,NA,NA
"The Greens will establish a $10 million micro-ﬁnancing facility to provide low and no interest loans up to $10,000 to women-led businesses who struggle to access traditional ﬁnance.",NA,"503",NA
"The micro-ﬁnancing scheme would also offer ﬁnancial training to borrowers, and refer businesses to the Boosting Female Founders Initiative for mentoring and support.",NA,"503",NA
"Procurement policies",NA,NA,NA
"The Greens will work with government agencies to introduce targets of 3% of their annual procurement budget with women-led businesses.",NA,"503",NA
"Setting minimum procurement targets for women-led businesses beneﬁts everyone in the supply chain and helps women-led businesses to grow.18",NA,"503",NA
"16 See Free and Universal Early Childhood Education and Care policy.",NA,NA,NA
"17 Economic Security for Women - Femeconomy presentation, June 2021",NA,NA,NA
"18  EY. June 2021. Advancing women-owned businesses in the COVID-19 recovery, p38",NA,NA,NA
"Access to Entrepreneurs Program",NA,NA,NA
"The Greens will help more women-led businesses to seek support under the existing capped-funding Entrepreneurs Program by: recognising women-led businesses as a Growth Sector, and reducing the turnover threshold for eligibility to $750,000 (in line with the threshold for rural and regional businesses).",NA,"503",NA
"Women’s Budget Impact Statement",NA,NA,NA
"As Minister for Women, Tony Abbott scrapped the long-held practice of preparing a Women’s Budget Impact Statement, which applied a gender-lens during budget development to consider the impacts on women.",NA,"503",NA
"In 2021-22, the Morrison Government released a post-facto Women’s Budget Statement - a collation of budget announcements targeted at women.",NA,"503",NA
"This is a step in the right direction, but still falls short of giving detailed consideration to the impacts on women of all policies during budget development.",NA,"503",NA
"The Greens will mandate development of a Women’s Budget Impact Statement to ensure that all Budget allocations consider the impacts on women’s safety and economic security.",NA,"503",NA
"Gender Equality Strategy",NA,NA,NA
"The Greens will develop a whole of government National Gender Equality Strategy to guide action to address inequality.",NA,"503",NA
"The Strategy will link to work being done by the APS, the development of respectful relationship education curriculum, and to the National Plan to End Violence Against Women, recognising that gender inequality is a key driver of gendered violence.",NA,"503",NA
"We will also require gender equality analysis of all new policies and legislation.",NA,"503",NA
"One million homes",NA,NA,NA
"People wait for over a decade to access social housing in some parts of Australia, while hundreds of thousands of people seek help from homelessness services every year.",NA,"401",NA
"Women, especially older women, have been the fastest growing group of people experiencing homelessness.19",NA,"401",NA
"The Greens will establish a Federal Housing Trust to build one million public and social homes across cities, towns, regions and remote areas over 20 years,",NA,"401",NA
"and a shared equity scheme to enable women to own their home and have greater security in retirement20.",NA,"504",NA
"The scale of the build would obliterate social housing waiting lists and reduce homelessness, particularly for vulnerable older women, women escaping violence, First Nations and migrant women.",NA,"504",NA
"19 Australian Human Rights Commission, Risk of Homelessness in Older Women",NA,NA,NA
"<https://humanrights.gov.au/our-work/age-discrimination/p rojects/risk-homelessness-older-women>",NA,NA,NA
"20 See One Million Homes policy",NA,NA,NA
"Safer workplaces",NA,NA,NA
"The National Sexual Harassment survey found that nearly 40% of women have been harassed at work, but many do not report the harassment for fear of reprisal or lack of conﬁdence that any action will be taken.21",NA,"701",NA
"The Australian Human Rights Commission’s comprehensive report, Respect@Work, provides a roadmap towards safer, non-discriminatory workplaces, but the government has failed to act on all its recommendations.",NA,"503",NA
"The Greens will implement all 55 recommendations in full, including: A positive duty on employers to prevent sexual harassment and sex-based discrimination in their workplace",NA,"503",NA
"Giving the AHRC powers to investigate systemic discrimination and harassment",NA,"503",NA
"Allowing class actions for sexual harassment and sex-based discrimination",NA,"503",NA
"$8 million per year to fund Working Women’s Centres in all States and Territories",NA,"701",NA
"To ensure that perpetrators are held accountable and sexual harassment is not swept under the carpet, we will also prohibit non-disclosure agreements unless requested by victims",NA,"605.1",NA
"and allow factual information about the outcome of harassment claims to be made public by the victim.",NA,"605.1",NA
"Parliament needs to lead by example and set the standard for gender equity and a no-tolerance approach to harassment and bullying at work .",NA,"503",NA
"The Greens will implement all 28 recommendations of the Australian Human Rights Commission’s Set the Standard report, including: Implementing gender equity and diversity strategies",NA,"503",NA
"Maintaining the new independent process for bullying and harassment complaints",NA,"701",NA
"Requiring all MPs and senior staff to undertake regular, comprehensive anti-bullying and harassment training",NA,"701",NA
"Introducing an enforceable Code of Conduct for all politicians and senior staff.",NA,"701",NA
"21 Australian Human Rights Commission. 2018. Everyone’s business: Fourth national survey on sexual harassment in Australian workplaces",NA,NA,NA
"HOW THE GREENS HAVE BEEN FIGHTING FOR YOU",NA,NA,NA
"In the last parliament, it was the Greens who: Pushed for gender equality reporting requirements to be extended to the public sector, and introduced a Bill to remove pay gag clauses.",NA,"503",NA
"Opposed the Stage 3 tax cuts, and pointed out that the vast bulk of savings will be enjoyed by wealthy men",NA,"503",NA
"Moved amendments to implement all 55 recommendations of the Respect@Work report, including positive duties on employers",NA,"503",NA
"Moved amendments to increase the minimum wage",NA,"412",NA
"and retain the increased rate of Jobseeker, disproportionately relied upon by women",NA,"701",NA
"Successfully maintained pressure on the government to remove the $450 superannuation contribution threshold to enable lower income workers, who are more likely to be women, to be paid super",NA,"503",NA
"Pushed the government to ensure COVID job losses did not impact paid parental leave entitlement",NA,"504",NA
"Creative Australia",NA,NA,NA
"Supporting our art, stories, and music",NA,NA,NA
"The arts, entertainment and creative industries have been some of the hardest hit by the COVID-19 crisis.",NA,"502",NA
"Overnight, many artists and crews lost their entire income.",NA,"502",NA
"We need to invest in our art, stories and music.",NA,"502",NA
"It’s who we are.",NA,"502",NA
"The Greens will invest in our culture, stories, arts and live music with long term funding arrangements, to create secure well paid  jobs.",NA,"701",NA
"We will invest in the creation of Australian stories for local audiences so we all get the chance to see ourselves reﬂected on our screens, stages and in our galleries.",NA,"502",NA
"Telling stories enriches our lives with meaning, and it’s critical we invest in the people to deliver it.",NA,"502",NA
"THE GREENS WILL:",NA,NA,NA
"Provide additional Covid recovery funding through the RISE fund",NA,"701",NA
"Establish a $1 billion Live Performance Fund to inject money into Australia’s festival, music and live performance sector.",NA,"502",NA
"Put an artist in residence in every school and library",NA,"502",NA
"Create an Artists Wage pilot program",NA,"701",NA
"Establish $1 billion ‘Australian Stories Fund’ to develop and grow local industry.",NA,"502",NA
"Regulate global streaming giants and require services to invest 20% of money earned from Australian subscribers to be spent on Australian content.",NA,"403",NA
"Establish multi-disciplinary Creativity Commission with $10 million a year fund.",NA,"502",NA
"Provide pandemic insurance for live events",NA,"502",NA
"Legislate a minimum performance fee to provide stability for live performers",NA,"701",NA
"Invest in arts education with the establishment of a new arts school",NA,"502",NA
"ONGOING SUPPORT TO DEAL WITH COVID IMPACTS",NA,NA,NA
"The Morrison Government has responded woefully to the needs of arts and entertainment workers during the pandemic - consistently failing to deliver the support required to keep the industry afloat.",NA,"502",NA
"The Greens will provide Covid recovery funding through the RISE Fund on an as needed basis rather than the tiny $200 million cap the Morrison Government has put in place.",NA,"502",NA
"The first round of RISE funding received over $176 million in requests for funding, for just $75 million allocated by the government.",NA,"502",NA
"This indicated the high level of need in the industry.",NA,"502",NA
"The Greens will fully fund all applications that meet the criteria of the RISE funding to help the arts and entertainment sector get back on its feet quickly.",NA,"502",NA
"LIVE PERFORMANCE FUND",NA,NA,NA
"The live performance sector is central to our culture and our economy and it is critical we invest in its recovery after being hit so hard by Covid lockdowns, and its growth into the future.",NA,"502",NA
"The Greens will establish a $1 billion Live Performance Fund to invest in Australia’s festival, music and live performance sector.",NA,"502",NA
"This fund is an opportunity to stimulate the economy",NA,"410",NA
"and put people back into work in an industry that is jobs rich,",NA,"701",NA
"and will reap benefits for communities across the country.",NA,"502",NA
"Local tourism, hospitality and retail also benefit greatly, along with local construction jobs for those projects that require infrastructure.",NA,"410",NA
"AN ARTIST IN RESIDENCE IN EVERY SCHOOL AND LIBRARY",NA,NA,NA
"Arts and creativity are an essential part of education and our communities.",NA,"502",NA
"The Greens will invest in putting an artist-in-residence in every school and library in the country.",NA,"502",NA
"This would enable young artists in particular, to engage their skills while helping to mentor young Australians and students.",NA,"502",NA
"Artists and authors would support schools or local councils to create community art projects in local areas, whether that is street art, theatre or music productions, local exhibitions and local stories.",NA,"502",NA
"This project is focused on job creation, community development and building an enhanced appreciation for creative industries.",NA,"502",NA
"CREATE AN ARTISTS WAGE PILOT PROGRAM",NA,NA,NA
"It is often hard for artists to access stable income, which was only made worse throughout the pandemic with the cancellation of live events across the country.",NA,"502",NA
"To provide stability for artists, the Greens will invest in a pilot program called the Artists Wage.",NA,"502",NA
"This program would provide $772.60 per week for up to 10,000 established or emerging artists for a full calendar year.",NA,"502",NA
"This wage will ensure artists are able to create without added pressures of living costs, and will give back to the economy through the work they create.",NA,"502",NA
"Versions of the Artists Wage are already operational in countries around the world.",NA,"502",NA
"Intermittence du Spectacle is the French wage guarantee and has been operational since 1936.",NA,"502",NA
"The Artists Wage recognises the foundational spirit of Intermittence de Spectacle, but is conceived largely around the new Irish version, a pilot program of fixed payments for artists called ‘Basic Income for the Arts’.",NA,"502",NA
"INVEST IN AUSTRALIAN STORIES ON OUR SCREENS",NA,NA,NA
"Covid lockdowns around the world have provided some exciting opportunities for Australia to host major international productions of movies and television.",NA,"502",NA
"This has often come at the expense of telling our own stories.",NA,"601.1",NA
"It has meant that lower budget local productions are competing with Hollywood scale productions for local crews, studio space and equipment.",NA,"502",NA
"The Greens will invest in the capacity of our local screen industry by establishing an $1 billion ‘Australian Stories Fund’ to fund the infrastructure, crew training and development needs of the local industry.",NA,"502",NA
"We will invest to ensure that once the Hollywood ‘sugar-hit’ is over, there is a robust and sustainable local industry able to keep creating high quality Australian content.",NA,"502",NA
"Under this plan the Greens will also invest in our local documentary industry to ensure that they can keep doing the important work of documenting our history, culture and stories to share both in Australia and around the world.",NA,"502",NA
"REGULATING THE GLOBAL STREAMING GIANTS",NA,NA,NA
"Australian stories on our screens are essential in shaping our national identity and reflecting the diversity of our community.",NA,"601.1",NA
"At the height of the Covid crisis, the Morrison Government reduced the requirements for free-to-air TV broadcasters to air Australian content, in particular children’s TV.",NA,"502",NA
"The Greens will legislate local content quotas on streaming video on demand services that operate in Australia.",NA,"403",NA
"Netflix, Amazon Prime, Stan and many other streaming services are growing in popularity in Australia and making hundreds of millions of dollars from Australian audiences.",NA,"403",NA
"As more people are getting their screen content online rather than through traditional broadcasting channels it is essential that we see Australian stories told on our screens.",NA,"601.1",NA
"The Greens will legislate to require streaming services to invest 20 per cent of the money they earn from Australian subscribers to be spent on the production of Australian content.",NA,"502",NA
"It’s incredibly important that our kids see themselves and their communities represented in the television that they watch.",NA,"502",NA
"The Greens will require a sub-quota of 20 percent of the local content created by streaming services to be for the production of children's content.",NA,"502",NA
"A PROPERLY FUNDED AND INDEPENDENT AUSTRALIA COUNCIL",NA,NA,NA
"The Australia Council, the peak government funding and advisory body for the arts has seen its funding dramatically reduced from pre-2013 levels by the Coalition Government.",NA,"502",NA
"This has disproportionately affected small and medium arts organisations.",NA,"502",NA
"Covid support has been provided through money handed out by the Minister’s office, rather than through the independent Council.",NA,"502",NA
"The Greens will double funding to the Australia Council to ensure that they are able to provide the strategic funding, advice and support for the arts and entertainment industry as it recovers from the widespread impacts of the Covid pandemic.",NA,"502",NA
"The Australia Council has been used as a political punching bag by successive Liberal arts ministers.",NA,"502",NA
"The Greens will ensure the independence of the Australia Council, free of political appointments and cronyism.",NA,"502",NA
"ESTABLISH A CREATIVITY COMMISSION",NA,NA,NA
"The future economy will require ‘soft-skills’ – that means we need a society equipped to understand and benefit from the creative sector.",NA,"502",NA
"With a $10 million a year fund, the Greens will establish a multi-disciplinary Creativity Commission to provide advocacy, advice and structural support to the creative sector and beyond.",NA,"502",NA
"The Creativity Commission will support the growth of the creative economy while also building our creative capacities and ideas to inform policy, initiatives and industry.",NA,"502",NA
"A Creativity Commission will help us transition from STEM thinking to STEAM thinking by integrating the creativity, usually reserved for the arts, throughout the economy and society.",NA,"502",NA
"The Greens understand that the future will require investment in creativity and innovation, not just ‘hard skills’ in science, technology, engineering and maths, and the Creativity Commission will help create and sustain those integrated pathways.",NA,"502",NA
"PANDEMIC & DISASTER INSURANCE FOR LIVE EVENTS",NA,NA,NA
"Until all Covid related restrictions are lifted, it will be difficult for the live performance industry to properly recover.",NA,"502",NA
"It is impossible for live events to get pandemic insurance to cover cancellations or reductions in venue capacity at short notice.",NA,"502",NA
"Over the past year we have seen the cancellation of hundreds of events from festivals to concerts and exhibitions.",NA,"502",NA
"As the climate crisis gets worse the Australian live events sector will continue to feel the brunt of extreme weather events like bushfire, heatwaves and flooding.",NA,"502",NA
"Much like the pandemic, these disasters create havoc and job losses unique to the arts sector - this requires a specific insurance response, underwritten by the federal government.",NA,"502",NA
"There is a market failure in the insurance industry and it’s up to the Government to step in and underwrite insurance for live events.",NA,"502",NA
"The Greens will set up a temporary business interruption fund for live events, similar to the model that has been operating successfully in the screen industry for more than a year now.",NA,"502",NA
"Under this fund, live events that are cancelled due to Covid will be eligible to have their costs covered by the fund.",NA,"502",NA
"This will bring certainty back to the industry",NA,"502",NA
"and allow the planning of live events without taking on huge financial risk.",NA,"502",NA
"INVEST IN OUR VIDEO GAME DEVELOPMENT INDUSTRY",NA,NA,NA
"Video games are significant culturally, artistically and economically.",NA,"502",NA
"They help shape young minds, tell stories, and form part of our artistic landscape, bridging and feeding into other artistic communities and mediums.",NA,"502",NA
"We must have Australian voices and stories conveyed through video games and invest in Australian artists for our industry to grow and thrive.",NA,"502",NA
"The video games industry is the fastest-growing entertainment industry in the world, worth $138 billion a year worldwide.",NA,"410",NA
"In Australia alone, this industry generates over $3 billion in retail revenue and Australian game development studios earn almost $120 million per year.",NA,"410",NA
"In 2013, a $20 million Australian Interactive Games Fund was introduced, which Tony Abbott subsequently cut in the 2014 Budget.",NA,"410",NA
"The Greens will commit $100 million to a new Games Investment & Enterprise Fund, to invest in game development projects",NA,"410",NA
"and to help successful games companies grow their businesses.",NA,"410",NA
"This fund will include initiatives for diversity and inclusion.",NA,"503",NA
"MUSICIAN’S MINIMUM PERFORMANCE FEE",NA,NA,NA
"COVID and the subsequent rolling lockdowns decimated the live music industry.",NA,"502",NA
"Not only did many musicians lose work, they were also largely ineligible for the JobKeeper payment.",NA,"502",NA
"The little federal government support provided under the RISE scheme is now being phased out and there is no additional funding or support provided in the recent federal budget.",NA,"502",NA
"To provide stability for musicians, the Greens will legislate a minimum performance fee for artists performing at publicly funded events.",NA,"502",NA
"This will ensure that live performers are recognised and remunerated for their work, and help provide some stability for artists who lost their entire income during the pandemic.",NA,"502",NA
"This fee reflects industry standards for payment as determined by industry bodies,",NA,"502",NA
"and supports the call from key stakeholder, including Musicians Australia and the Media, Entertainment and Arts Alliance for the Government to uphold the same standards.",NA,"502",NA
"A NEW ARTS SCHOOL FOR SOUTH AUSTRALIA",NA,NA,NA
"The Greens will establish a new, multi-disciplinary arts school in Adelaide, South Australia.",NA,"502",NA
"Arts education has been under threat for a long time.",NA,"502",NA
"Arts education institutions like Victorian College of the Arts and the Western Australia Academy of the Performing Arts provide a steady pipeline of practising artists in those states.",NA,"502",NA
"Despite being a creative state with a booming arts industry, South Australia currently doesn’t have a dedicated school for artistic practice.",NA,"506",NA
"The multidisciplinary school would offer courses in drama (theatre, tv, screen production), visual arts, dance, and music.",NA,"502",NA
"FUTURE OF WORK COMMISSION",NA,NA,NA
"The COVID pandemic has changed the way we work, accelerating many signiﬁcant transformations that were already underway.",NA,"701",NA
"Digitalisation and automation, remote working and work/life balance,",NA,"701",NA
"individual contracting, de-unionisition and insecure work are important issues that are not just restricted to the gig economy.",NA,"701",NA
"The current low unemployment ﬁgures mask the enormous problems of underemployment and wage stagnation.",NA,"701",NA
"The shift to a clean energy economy will also create incredible possibilities.",NA,"701",NA
"There are enormous opportunities and threats from some of these trends.",NA,"701",NA
"Digitalisation and remote work can offer greater ﬂexibility and work/life balance but they can also lead to increased exploitation.",NA,"701",NA
"Demand for more hours of employment can offer the opportunity for a rebalancing of working hours with a shift to a 4 day working week.",NA,"701",NA
"The Greens will establish a Future of Work Commission to examine these issues and provide advice to government, business, unions and communities on how to address the threats and problems of the transformation of work and make the most of the opportunities.",NA,"701",NA
"AN INDEPENDENT FUTURE OF WORK COMMISSION",NA,NA,NA
"As we recover from the pandemic we must build back better instead of simply going back to business as usual.",NA,"701",NA
"We have a unique opportunity to learn from our experiences and change the way we work for the better,",NA,"701",NA
"to give people more control over their working lives",NA,"701",NA
"and chart a path that prioritises working people instead of big business.",NA,"701",NA
"The Greens will establish a specialised, independent Future of Work Commission to examine the challenges we face and guide a pathway forward that both seizes new opportunities and ensures impacts on Australia’s workforce are tackled in a way that improves people's working lives.",NA,"701",NA
"One of the positives to emerge from COVID-19 are diverse working arrangements that support greater work/life balance such as working from home and ﬂexible working hours.",NA,"701",NA
"Research shows that remote working is here to stay with more than 40% of working people in Australia still regularly working from home1, and some businesses such as Atlassian adopting formal policies that only require staff to be in the oﬃce four times a year.",NA,"701",NA
"The future of work should be one that empowers working people to have greater ﬂexibility and control over their work/life balance.",NA,"701",NA
"Digitalisation has transformed our workplaces, provided the means for people around the world to shift to remote working overnight and allowed businesses to provide their services online.",NA,"701",NA
"It has led to greater, faster access to information and services, and increased eﬃciency and productivity.",NA,"701",NA
"But while there are beneﬁts, technology can also have negative impacts.",NA,"701",NA
"We have seen how corporations have used automation, digitalisation and other technology to cut down costs at the expense of their employees and job losses.",NA,"701",NA
"As the impact and role digitalisation will have on work continues to evolve, we must make sure that it doesn’t leave people behind and is used to improve the lives of working people.",NA,"701",NA
"The Commission will be tasked with investigating key issues facing the workforce including: How to enshrine work/life balance as a workplace right for employees, including working from home;",NA,"701",NA
"The impact of digitalisation and automation on employment, including how to ensure working people have control and input into the use of technology in their workplace so they are used to make people’s lives better, not worse;",NA,"701",NA
"A model for tackling underemployment by moving to a four day work week without loss of pay for full time workers in Australia;",NA,"701",NA
"How to address stress and burnout including if Australia’s current leave entitlements are adequate and whether workers should have increased minimum annual and personal leave;",NA,"701",NA
"How Australia can achieve full employment with a 2% unemployment rate while ending insecure work.",NA,"701",NA
"1  More than 40 per cent of Australians worked from home, ABS December 2021",NA,NA,NA
"REVITALISE AUSTRALIA’S PUBLIC SERVICE",NA,NA,NA
"Essential public services need to serve the public, not proﬁts",NA,NA,NA
"Successive governments have outsourced our essential public services.",NA,"303",NA
"When we outsource services, they become more expensive, lower quality, and harder to oversee.",NA,"303",NA
"When we outsource jobs, people get paid less, and they’re often employed with fewer conditions.",NA,"701",NA
"The Greens will turn the tide and reverse reliance on privatisation.",NA,"701",NA
"We will create secure, well paid jobs in the public service providing the services we all need, and make the Australian Public Service (APS) a diverse, inclusive employer of choice.",NA,"701",NA
"We want a thriving, innovative public sector with capacity to take on the challenges of our time and build the future.",NA,"701",NA
"Our policies will ensure we have higher quality services delivering a better deal for the public and for public sector workers.",NA,"701",NA
"THE GREENS WILL:",NA,NA,NA
"Restore the number of jobs in the Australian Public Service to match 2012 levels so the public service can meet the needs of this country",NA,"303",NA
"Lift APS level staff wages by 4% p/a over the next four years and pull wages up across the private sectors",NA,"704",NA
"Limit outsourcing to labour hire firms and the Big Four to 7.5% of an agency’s budget",NA,"303",NA
"Reform appointment processes to reduce politicisation",NA,"304",NA
"Ensure public servants can participate in public debate and run for election",NA,"201.2",NA
"Protect public sector whistleblowers",NA,"201.2",NA
"Require public sector agencies to report on, and address, their gender pay gap",NA,"503",NA
"Champion diverse and inclusive employment through targeted APS workforce strategies, including a quota for disabled employee representation",NA,"503",NA
"A public service providing the services we all need",NA,NA,NA
"For a decade the Coalition has dogmatically ignored the fact that paying private consultants, contractors and labour-hire to do the same work that public servants used to do is more expensive and less eﬃcient.",NA,"303",NA
"These private providers tell Ministers exactly what they want to hear, and they’ve donated a staggering $5.4 million back to the major parties in the past decade1.",NA,"304",NA
"The Coalition all but admitted that years of cuts, privatisation and dodgy outsourcing deals didn’t work when they recently relaxed their chokehold on public service staﬃng levels2.",NA,"304",NA
"The Coalition’s budget cash splash to increase some agencies’ staﬃng levels is not enough to undo a decade of ideologically driven cuts and outsourcing.",NA,"304",NA
"Australia needs its public sector to always be ready to deliver essential services to the community,",NA,"504",NA
"and to help drive the transition to a clean economy and sustainable future.",NA,"501",NA
"The Greens will restore staﬃng levels for the Australian Public Service to 2012 levels3.",NA,"504",NA
"Over a four-year period, employment in the public service will increase to over 153,000 people.",NA,"504",NA
"This will mean more people in the public sector to help meet the education, housing, health, social security, environmental protection and infrastructure needs of the country.",NA,"504",NA
"This initiative complements policies to increase funding to public science, health and research organisations, invest in public energy, manufacturing and housing, and establish Green Australia.4",NA,"504",NA
"After restoring staﬃng levels, the Greens will then increase the size of the public service at the same rate as the population.",NA,"504",NA
"Expecting the same number of public servants to serve more people and higher demands is not feasible or fair on those workers.",NA,"701",NA
"The Greens will end the average staﬃng level cap and so-called ‘eﬃciency dividends’ for government departments.",NA,"701",NA
"These arbitrary, ideologically motivated measures distort what should be a fundamental principle of government: funding for the public service should match the level required to ensure the delivery of public services.",NA,"701",NA
"Lift public sector wages",NA,NA,NA
"Before COVID-19, wage growth in Australia had already slowed to its worst sustained period since the Great Depression, growing at an annual average rate of under 2% since 20135.",NA,"701",NA
"The pandemic has only worsened this wages crisis; in real terms, wages went backwards in 20216.",NA,"701",NA
"One of the simplest and most effective things that the government can do to prompt wage rises is pay public servants more7.",NA,"701",NA
"Reserve Bank Governor, Philip Lowe, has warned that public sector pay caps are keeping wages low8.",NA,"701",NA
"The Greens will increase wages for APS level workers by 4% per annum over the next 4 years.",NA,"704",NA
"This sends a strong message that workers in the public sector are valued and respected, while also encouraging wage increases across into the private sector.",NA,"704",NA
"The Greens will work towards ending performance-based pay.",NA,"701",NA
"This is a failed experiment that has not improved performance.",NA,"701",NA
"It has eroded a sense of teamwork and it is inconsistent with the role and culture of the public service.9",NA,"701",NA
"The Greens will also reform the Remuneration Tribunal by appointing a worker representative to the Tribunal and determining wages without reference to the private sector.",NA,"701",NA
"Limit outsourcing to labour hire ﬁrms and the Big Four",NA,NA,NA
"The ﬂip side of governments slashing public sector employment is that the public money spent on outsourcing public sector work to contractors and consultants is out of control.",NA,"303",NA
"In 2021 alone the Government spent over $850 million on contracts with the Big Four of Deloitte, EY, KPMG and PwC, and well over $1 billion in contracts outsourcing what should have been public sector work10.",NA,"303",NA
"That money could have employed 12,000 APS staff.11",NA,"303",NA
"When Australia’s economy experienced its worst recession since the Great Depression in the 1930s, each of the Big Four maintained or grew their revenues in 2019 thanks to the Coalition’s lucrative government contracts12.",NA,"304",NA
"These consulting ﬁrms have become one of the largest sources of political donations in Australia13, collectively donating more than $5.6 million over the past decade.",NA,"304",NA
"It’s hardly surprising to see that generosity rewarded with more contracts.",NA,"304",NA
"The increasing use of consultants has not only cost the public billions, it has also contributed to a ‘hollowing out’ of public service capability and strategic policy-making.",NA,"304",NA
"This vicious circle further encourages an unhealthy reliance on outsourced policy advice, which experts have warned leads to increased risk of corruption and less accountability14.",NA,"304",NA
"The Greens will put an end to the gravy train for private consultants and contractors and put an end to the ‘brain drain’ from the public service to private companies.",NA,"304",NA
"We will limit consultancy and other contracts to 7.5% of an agency’s departmental appropriation.",NA,"303",NA
"This will save at least $13 billion over the decade that can be reinvested back into the public service.",NA,"303",NA
"Our plan also prohibits the use of labour-hire companies, except in exceptional circumstances, and unless approved by the Minister and reported to Parliament.",NA,"303",NA
"5 Andrew Stewart, Jim Stanford, and Tess Hardy. Australia, We",NA,NA,NA
"Have a Problem, The Wages Crisis in Australia Nov 2018.",NA,NA,NA
"6 ABS, Wage Price Index - December quarter, February 2022",NA,NA,NA
"7 Andrew Stewart, Jim Stanford, and Tess Hardy, Open letter on the beneﬁts of promoting faster wage growth, 19 March 2019.  8 David Marin-Guzman. “Lowe calls for 3pc pay rises for public sector.” AFR, 9 Aug 2019.",NA,NA,NA
"9 Allen Hawke, “What’s the most effective way to motivate staff?” 26 September 2019.",NA,NA,NA
"10 Doug Dingwall ‘Government agencies to spend $850m on new contracts with big four consultancies’ 1 Mar 2021.",NA,NA,NA
"11 The Australia Institute, Talk isn’t Cheap: Making consultants’ reports publicly available via Senate order, September 2021.",NA,NA,NA
"Fairer Appointment Processes",NA,NA,NA
"Australia needs a diverse, expert, and ﬁercely apolitical public service.",NA,"304",NA
"However, the culture of ‘frank and fearless advice’ has been undermined by political appointments to key roles within Departments and statutory oﬃces.",NA,"304",NA
"To ensure the independence of appointees, the Greens will : Require consultation with the Joint Committee of Public Accounts and Audit prior to the appointment of the Australian Public Service Commissioner;",NA,"304",NA
"Establish an advisory panel to make recommendations on the appointment of departmental secretaries and other statutory heads.",NA,"304",NA
"The panel will include the APS Commissioner, Secretary of the Department of Prime Minister & Cabinet, and a worker representative from the relevant department or agency.",NA,"304",NA
"The panel’s recommendations must be unanimous and reported to parliament.",NA,"304",NA
"The government must justify any appointment decision that is contrary to the panel’s recommendations.",NA,"304",NA
"The Greens will also clarify the roles and responsibilities the APS Commissioner and the Department of Prime Minister & Cabinet, in line with the Thodey Review15.",NA,"304",NA
"12 Edmund Tadros and Hannah Wootton ‘Big four consulting ﬁrm data tracker’ 23 April 2021.",NA,NA,NA
"13 Australian Electoral Commission https://transparency.aec.gov.au/AnnualDonor#",NA,NA,NA
"14 Bernard Keane ‘Corruption threat from surge in consultants,",NA,NA,NA
"hollowing out of public service’, 10 May 2021",NA,NA,NA
"15 APS Review: Priorities for change, 19 March 2019.",NA,NA,NA
"Closing the gender pay gap",NA,NA,NA
"To improve data collection and action on gender equality in the APS, the Greens will extend workplace gender reporting obligations to the public sector.16",NA,"503",NA
"Annual reports from all agencies will set out the gender pay gap for the agency and actions taken to close the gap.",NA,"503",NA
"A more diverse public service",NA,NA,NA
"The APS should reﬂect the community that it serves, and implement a range of strategies to attract, recruit and nurture a culturally diverse workforce.",NA,"503",NA
"The Greens will: Implement the APS Gender Equality Strategy 2021-2026 and encourage agencies to achieve and exceed the minimum standards for gender equality;",NA,"503",NA
"Implement the Commonwealth Aboriginal and Torres Strait Islander Workforce Strategy 2020-2024;",NA,"503",NA
"Working with the disability community, create a National Jobs Plan that includes a 20 per cent quota for full employment representation of disabled employees in the Australian Public Service by 203017;",NA,"503",NA
"Implement strategies to increase employment and representation of people from culturally and linguistically diverse backgrounds.",NA,"503",NA
"16 See Economic Security for Women policy",NA,NA,NA
"17 See Accessible Australia policy",NA,NA,NA
"Protecting  Whistleblowers",NA,NA,NA
"The Greens recognise that public servants can face considerable risks for revealing corruption or maladministration within their Departments.",NA,"304",NA
"The Moss Review highlighted the need to strengthen the Public Interest Disclosure Act and improve protections for whistleblowers.",NA,"201.2",NA
"The government has so far failed to act on the Moss recommendations.",NA,"201.2",NA
"The Greens will continue to demand reform.",NA,"201.2",NA
"The Greens’ Bill to establish a National Integrity Commission, which passed the Senate more than two years ago, includes a Whistleblower Protection Commissioner that will ensure appropriate support, advice, representation, and protection for people disclosing misconduct.",NA,"201.2",NA
"Protecting Freedom of Political Expression",NA,NA,NA
"Public servants have a right to freedom of political expression.",NA,"201.2",NA
"Dismissals and court cases have highlighted the inadequacy of existing protections in the digital age.",NA,"201.2",NA
"The Greens will legislate to protect the right of public servants in their private capacity to engage in political advocacy and activism, run for public oﬃce,",NA,"201.2",NA
"participate in their union,",NA,"701",NA
"and represent or be elected to activist organisations.",NA,"201.2",NA
"Public servants need to be conﬁdent that they can participate in public debate without risking their job.",NA,"201.2",NA
"The Greens will also support Constitutional reform to allow public servants to run for Federal parliament.",NA,"201.2",NA
"FULLY FUND PUBLIC HOSPITALS",NA,NA,NA
"Investing in a strong public hospital system that provides healthcare for everyone & clearing public hospital waiting lists",NA,NA,NA
"A strong public hospital system ensures everyone has access to high-quality care when they need it, whether it’s during a pandemic, a major accident, or a life-changing health crisis.",NA,"504",NA
"The Liberals have ripped billions from public hospitals, which has meant longer waiting times.",NA,"504",NA
"As the country has dealt with the pandemic, surgery waiting lists have grown, but there’s no plan to clear the backlog.",NA,"504",NA
"The Greens will clear the public hospital waiting lists, reinvest billions into the public system and ensure everyone can get the care they need when they need it.",NA,"504",NA
"THE GREENS WILL:",NA,NA,NA
"Stop the handouts to big private health corporations by abolishing the private health insurance rebate, freeing up $59.4 billion to reinvest into the public health system, slashing out of pocket costs, and improving public health",NA,"504",NA
"Clear public hospital surgery waiting lists with a one-off $875 million.",NA,"504",NA
"Invest an extra $8 billion by legislating equal 50/50 funding growth of hospitals between the Commonwealth and states, ensuring faster access and more services.",NA,"501",NA
"REINVEST PRIVATE PROFITS BACK INTO THE PUBLIC SYSTEM",NA,NA,NA
"The public props up the big private health insurance corporations to the tune of $7 billion every year through the private health insurance rebate.",NA,"504",NA
"Meanwhile, in 2019, almost a million people in Australia delayed seeing a doctor because of the cost1.",NA,"504",NA
"The Greens have a plan to stop the handouts to big private health corporations, reinvesting $59 billion of public money from the private health insurance rebate back into the public health system.",NA,"504",NA
"This will help reduce out-of-pocket costs, reduce waiting times, invest in a high-quality workforce, and improve access for people living in regional and remote areas.",NA,"504",NA
"We will stop public money from being used to subsidise private health insurers’ proﬁts.",NA,"504",NA
"No one should feel like they need to have private health insurance to be able to access top-quality care.",NA,"504",NA
"In addition to clearing waiting lists and lifting public hospital funding,",NA,"504",NA
"this money will go towards getting dental and mental health into Medicare,",NA,"504",NA
"strengthening the Medicare system generally, and other public health measures.",NA,"504",NA
"By redirecting the handouts back into the public system, we can build a world-class public health system where private health insurance is a choice rather than a necessity.",NA,"504",NA
"1https://www.abs.gov.au/statistics/health/health-services/patient-exper",NA,NA,NA
"iences-australia-summary-ﬁndings/latest-release",NA,NA,NA
"CLEAR PUBLIC HOSPITAL SURGERY WAITING LISTS",NA,NA,NA
"In 2013, the Coalition Government ripped billions of dollars out of our public hospitals which have never been returned.",NA,"504",NA
"This has caused public hospital waiting lists to grow and people needing access to health services to suffer.",NA,"504",NA
"The pause on elective surgeries experienced during the Covid pandemic further increased the length of time people wait for healthcare.",NA,"504",NA
"Our plan will clear public hospital surgery waiting lists over two years by providing a one-off payment to the states and territories.",NA,"504",NA
"All people in clinical urgency categories 1, 2, and 3 will be eligible.",NA,"504",NA
"Our package of healthcare policies will also ensure surgery waiting lists are kept clear in the future and people can get access to surgery as soon as they need it.",NA,"504",NA
"SAFEGUARD FUNDING FOR HOSPITALS",NA,NA,NA
"The Greens recognise the need to invest in public hospitals to ensure everyone has access to high-quality care when they need it.",NA,"504",NA
"We will boost federal investment in public hospitals, helping to undo years of underfunding by the Coalition Government.",NA,"504",NA
"The Greens will invest an extra $8 billion into our public hospitals by legislating for equal (50/50) funding growth of hospitals between the states and the Commonwealth.",NA,"504",NA
"People will get faster access to better care when they need",NA,"H",NA
"The Greens will also establish an independent Single Funding Agency to stop cost-shifting between the Commonwealth and states and territory governments.",NA,"504",NA
"The Agency will ensure that all levels of government work together to create a nationally uniﬁed but regionally responsive health system, which delivers integrated care and services based on people’s needs.",NA,"504",NA
"BRING DENTAL INTO MEDICARE",NA,NA,NA
"Our plan to make dental care free",NA,NA,NA
"Dental care is too expensive.",NA,"504",NA
"Too many people can’t afford to see a dentist.",NA,"504",NA
"In Australia, everyone can see a doctor using their Medicare card, and there’s no reason that it should be any different for your teeth.",NA,"504",NA
"The Greens secured free dental for kids into Medicare in 2012.",NA,"504",NA
"However, our healthcare system continues to prevent people from getting the care they need throughout their life, allowing treatable oral conditions to turn into serious illnesses.",NA,"504",NA
"The Greens will invest $77.6 billion over the decade to provide free dental care to everyone who is eligible for Medicare, ensuring everyone can visit the dentist when they need to.",NA,"504",NA
"THE GREENS WILL:",NA,NA,NA
"Invest $77.6 billion over the decade to provide Medicare-funded dental care for all.",NA,"504",NA
"Ensure that everyone with access to Medicare is eligible for the clinically relevant dental service they require, including general dental, orthodontics and restorative services.",NA,"504",NA
"Train the next generation of dentists through fee-free university courses to enable the expansion of dental care for all.",NA,"504",NA
"UNIVERSAL DENTICARE",NA,NA,NA
"Dental disease can be debilitatingly painful and have an enormous impact on your quality of life.",NA,"504",NA
"Each year 40% of Australians delay or don’t go to the dentist because of the cost1.",NA,"504",NA
"For those who go to the dentist, 58% of the cost is met directly by the person receiving the treatment.",NA,"504",NA
"This is signiﬁcantly higher than the out-of-pocket costs for medical primary care (11%) and prescriptions (12%)2.",NA,"504",NA
"This represents a fundamental failure in our healthcare system.",NA,"504",NA
"Why is the mouth treated differently to the rest of the body when it comes to healthcare?",NA,"504",NA
"The consequence of delaying or not treating dental disease can be signiﬁcant.",NA,"504",NA
"Poor dental health can lead to life-threatening infections, increased risk of heart disease3, and pregnancy complications4.",NA,"504",NA
"It can also lead to social isolation, poor diet, depression, and increased visits to the emergency department56.",NA,"504",NA
"The Australian Dental Association has estimated that the avoidable costs of poor oral health to Australia exceed $818 million per year.7",NA,"504",NA
"Hundreds of thousands of people are stuck on a waiting list for public dental treatment for years, depending on the treatment required.",NA,"504",NA
"Moreover, many parts of regional and remote Australia have no access to public dental services.",NA,"504",NA
"The Greens know we must move to a well-resourced, publicly provided, universal dental care system that tackles dental disease proactively.",NA,"504",NA
"Our plan would provide dental services for free to those who are eligible for Medicare.",NA,"504",NA
"It would move dental care to a prevention-based approach that will improve public health outcomes.",NA,"504",NA
"Under our plan, people will still be able to choose their dentist.",NA,"504",NA
"Routine and therapeutic dental services will be bulk-billed or rebated, including regular check-up and teeth clean, crowns, orthodontic treatment, oral surgeries, periodontics and prosthodontics.",NA,"504",NA
"The plan would allow practices to choose whether to bulk bill or offer Medicare-rebated services, as with GPs.",NA,"504",NA
"The full list includes: Diagnostic services (items 011–091)",NA,"504",NA
"Preventive, Prophylactic and Bleaching Services (items 111–171)",NA,"504",NA
"Periodontics (items 213–251)",NA,"504",NA
"Oral Surgery (items 311–399)",NA,"504",NA
"Endodontics  (items 411–458)",NA,"504",NA
"Restorative Services (items 511–597)",NA,"504",NA
"Prosthodontics  (items 611–779)",NA,"504",NA
"Orthodontics (items 811–881)",NA,"504",NA
"General Services (items 911–972)",NA,"504",NA
"Miscellaneous (items 981 - 999).",NA,"504",NA
"The plan has been costed by the independent Parliamentary Budget Oﬃce at $77.6 billion over the decade.",NA,"504",NA
"1https://www.aihw.gov.au/reports-data/health-conditions-disability-",NA,NA,NA
"deaths/dental-oral-health/overview",NA,NA,NA
"2 Health expenditure Australia 2016–17, Australian Institute of Health and Welfare, 2018",NA,NA,NA
"3Bristol University, Bleeding gums increase risk of heart disease, 2008,  http://www.bristol.ac.uk/news/2008/5880.html 4 Silk H, Douglass AB, Douglass JM & Silk L 2008. Oral health during pregnancy. American Family Physician 77:1139–44 5Department of Health, Final Report of National Advisory Council on Dental Health, 2012",NA,NA,NA
"6 Filling the gap: A universal dental scheme for Australia, Grattan Institute, 2019",NA,NA,NA
"7https://www.ada.org.au/ADHP",NA,NA,NA
"FREE UNIVERSITY TO TRAIN THE NEXT GENERATION OF DENTISTS",NA,NA,NA
"Our plan to expand and enable access to oral healthcare will necessitate an increase in the size of the dentistry workforce in Australia.",NA,"504",NA
"We will meet that growing demand for practitioners by guaranteeing access to fee-free university courses to train the next generation of dentists.",NA,"504",NA
"For more information about our plan to guarantee access to fee-free university and TAFE courses, check out our website: FreeTAFE and University (greens.org.au).",NA,"504",NA
"FREE MENTAL HEALTH CARE FOR ALL",NA,NA,NA
"Bring mental health into Medicare so everyone has access to the care and support they need, when they need it.",NA,NA,NA
"Before the pandemic, too many people were missing out on mental health care.",NA,"504",NA
"Now, following months of lockdowns, we have a mental health crisis.",NA,"504",NA
"The Greens will ensure everyone gets the mental health care they want and need.",NA,"504",NA
"We will change the rebate so psychology and psychiatry providers are able to access the Medicare rebate.",NA,"504",NA
"Whether it’s prevention and early intervention, targeted strategies to address those missing out, or addressing the social determinants of health.",NA,"504",NA
"So everyone can get the care they need, when they need it.",NA,"504",NA
"THE GREENS WILL:",NA,NA,NA
"Invest $4.8 billion over the decade to ensure mental healthcare is fully covered under Medicare",NA,"504",NA
"Make mental health care free by providing unlimited sessions with a psychologist or psychiatrist with no out of pocket fees.",NA,"504",NA
"Invest $2.6 billion over the decade to implement a national rollout of the Individual Placement and Support program",NA,"504",NA
"Increase the number of peer workers by 1,000 workers",NA,"504",NA
"Address the social determinants of health like economic and social security",NA,"504",NA
"ACCESSIBLE MENTAL HEALTH SERVICES",NA,NA,NA
"Mental ill-health is a huge challenge.",NA,"504",NA
"After chronic under-investment by successive governments, we have a system that can’t meet the needs of thousands of people.",NA,"504",NA
"The Greens want to ensure everyone who needs help, can access the treatment, care and support that they need to recover and live well.",NA,"504",NA
"We should all be able to receive the same healthcare for our physical health, as our mental health.",NA,"504",NA
"Our universal mental health care plan is designed to support people at every stage of their mental health journey.",NA,"504",NA
"UNIVERSAL MENTAL HEALTH CARE",NA,NA,NA
"Millions of people access mental health professionals through Medicare.",NA,"504",NA
"However, the Medicare rebate for mental health care doesn’t cover the full cost of seeing psychologists and psychiatrists.",NA,"504",NA
"Cost and location continue to remain signiﬁcant barriers for people trying to access mental health services.",NA,"504",NA
"At the same time, we have seen a growing cohort of people known as the “missing middle” who may be getting primary care but need specialist mental health care services and there are simply not enough available.",NA,"504",NA
"The length of mental health care can vary greatly depending on a person’s circumstances.",NA,"504",NA
"In recognition of this, we will permanently uncap the number of sessions available under Medicare so that Australians are able to access long-term, ongoing mental health care,",NA,"504",NA
"The Greens will commit $4.8 billion across the decade so that mental health care is affordable and available to everyone.",NA,"504",NA
"Mental health care providers have told us time and time again that the current Medicare rebate has not kept up with the cost of providing mental health care.1",NA,"504",NA
"The Greens will change the rebate so that psychology and psychiatry providers are able to access the Medicare rebate at two tiers.",NA,"504",NA
"The higher tier (pegged to hourly rates recommended by the peak medical associations) can be accessed by providers where they offer no-gap services.",NA,"504",NA
"Where a mental health care provider chooses to price above this increased rebate, they will still be able to access the current rebate level.",NA,"504",NA
"This will give mental health care providers a real avenue to providing no-gap mental health care.",NA,"504",NA
"The Greens will also reduce the minimum number of participants in group therapy from six people to four people and allow people to access unlimited group therapy sessions.",NA,"504",NA
"BEYOND CRISIS: PREVENTION AND EARLY INTERVENTION",NA,NA,NA
"Prevention and early intervention are key pillars of a strong mental health system.",NA,"504",NA
"We need to do more to help people before their mental health deteriorates and before they reach crisis point.",NA,"504",NA
"The Greens recognise that the pandemic has disproportionately affected many people across our communities.",NA,"504",NA
"For many young people with mental ill-health, ﬁnding and keeping work is harder than ever.",NA,"504",NA
"The Individual Placement and Support (IPS) program helps young people with poor mental health to ﬁnd stable work through individualised support.",NA,"504",NA
"The Greens will invest $2.6 billion to implement a national rollout and expand eligibility of the IPS program.",NA,"504",NA
"One of the best ways to prevent mental health issues is by addressing the social determinants of mental health such as unemployment, education, housing, poverty and income inequality.",NA,"504",NA
"We know that homelessness is on the rise, we know that people simply cannot live above the poverty line on current income support payments.",NA,"504",NA
"These fundamental social drivers lead to and exacerbate mental ill-health.",NA,"504",NA
"The Greens are committed to addressing the social determinants of mental health by raising the rate of income support payments to $83 a day, building 1 million homes for people on low incomes, and investing in free education from early childhood to TAFE and university.",NA,"504",NA
"1https://www.pc.gov.au/ data/assets/pdf_ﬁle/00",NA,NA,NA
"06/240999/sub387-mental-health.pdf",NA,NA,NA
"STRENGTHENING THE MENTAL HEALTH WORKFORCE",NA,NA,NA
"Our mental health workforce continues to bear the brunt of increased demand for services.",NA,"504",NA
"There are many ways we can strengthen the mental health workforce, including through the use of peer workers.",NA,"504",NA
"Peer workers are people with lived experience who provide peer support to others with mental ill-health.",NA,"504",NA
"Evidence shows that peer workers can deliver better outcomes by increasing participation in treatment.",NA,"504",NA
"The Greens are committed to signiﬁcantly increasing the peer workforce.",NA,"504",NA
"We will invest  $714 million to increase the number of peer workers by 1,000 workers, including First Nations peer workers, on an ongoing basis.",NA,"504",NA
"This will provide invaluable support for people throughout their recovery.",NA,"504",NA
"In any given year, at least 5 million Australians see their GP for assistance with their mental health.",NA,"504",NA
"It’s therefore essential that all primary care practitioners, including GPs, are component in treating mental health.",NA,"504",NA
"The Greens will continue to advocate for the development of specialised, ongoing mental health training for medical students and GPs",NA,"504",NA
"LEGALISE CANNABIS & SAFER DRUG USE",NA,NA,NA
"Our plan to reform drug laws to reduce harm and save lives.",NA,NA,NA
"The Greens will legalise and regulate cannabis, and adopt a health-based approach to drug use by introducing pill testing, expanding safe injecting rooms, funding drug and alcohol treatment, and fully funding opioid agonist therapy.",NA,"605.2",NA
"Our health approach meets the reality that many people in our community use drugs; and our plan ensures we minimise harm, save lives, and save money.",NA,"605.2",NA
"THE GREENS WILL:",NA,NA,NA
"Legalise, tax and regulate cannabis.",NA,"605.2",NA
"Fund pill testing at festivals and 14 new pill testing sites in the community",NA,"504",NA
"Invest $39.4 million to expand safe injecting facilities in each capital city",NA,"504",NA
"Double Commonwealth Alcohol and Other Drug Treatment funding to $900 million",NA,"504",NA
"Fully fund opioid agonist therapy",NA,"504",NA
"THE GREENS WILL:",NA,NA,NA
"Legalise, tax and regulate cannabis.",NA,"605.2",NA
"Fund pill testing at festivals and 14 new pill testing sites in the community",NA,"504",NA
"Invest $39.4 million to expand safe injecting facilities in each capital city",NA,"605.2",NA
"Double Commonwealth Alcohol and Other Drug Treatment funding to $900 million",NA,"504",NA
"Fully fund opioid agonist therapy",NA,"504",NA
"LEGALISE AND REGULATE CANNABIS",NA,NA,NA
"The Greens have a plan to regulate, tax and legalise cannabis for adults in Australia.",NA,"605.2",NA
"The prohibition model on cannabis has failed.",NA,"605.2",NA
"Millions of Australians use cannabis every year.",NA,"605.2",NA
"People are buying cannabis in an unregulated system where the strength and quality of the product is unknown, and many people do not feel able to seek health support if they need it.",NA,"504",NA
"Our plan recognises that prohibition causes more harm than good.",NA,"605.2",NA
"By legalising cannabis, a regulated industry can be established.",NA,"403",NA
"This will ensure adults are able to obtain cannabis of known quality,",NA,"403",NA
"and allow those who need support for intervention or problematic use are able to get the health support they need.",NA,"504",NA
"This will raise $4.4 Billion over the estimates period.",NA,"410",NA
"Our plan to legalise cannabis will: Allow growth of up to six plants at home for personal use for people aged over 18.",NA,"401",NA
"Establish an Australian Cannabis Agency to issue licenses for production and sale, and to act as the single wholesaler.",NA,"403",NA
"Establish cannabis retail shops where products of known quality will be sold in plain packaging to people over the age of 18.",NA,"403",NA
"Ban advertising of cannabis products.",NA,"403",NA
"Impose penalties for the unlicensed sale of cannabis.",NA,"605.1",NA
"FUND PILL TESTING",NA,NA,NA
"Large numbers of people in Australia choose to consume party drugs of unknown quality and content.",NA,"504",NA
"Many countries around the world run facilities where pills can be tested for risky and dangerous compounds – pill testing is saving lives and helping people to make informed choices.",NA,"504",NA
"The Greens are committing $20.3 million to establish free and accessible pill testing at music festivals and in the community.",NA,"504",NA
"Between 2022 and 2026, we will establish 14 new drug testing sites in capital cities and regional areas.",NA,"504",NA
"As part of this service, drug and alcohol workers will offer people consultations about the content of the drugs that have been tested.",NA,"504",NA
"We will also establish a new drug monitoring system that will tell people what is known about the contents of pills that are in the community and in the market.",NA,"504",NA
"We will continue to campaign for no more sniffer dog use at festivals.",NA,"504",NA
"FUND ALCOHOL AND DRUG TREATMENT",NA,NA,NA
"Fewer than half of all people who seek alcohol and drug treatment are able to access what they need.",NA,"504",NA
"To address this problem, we need to invest in treatment services and our workforce.",NA,"504",NA
"The Greens will double Commonwealth Alcohol and Other Drug (AOD) funding to $900 million over three years.",NA,"504",NA
"This will go some way towards ﬁxing the imbalance between expenditure on law enforcement and treatment services, and provide certainty to treatment providers.",NA,"504",NA
"We will also work in partnership with the Alcohol and Other Drugs sector to develop an updated National Alcohol and other Drug Workforce Development Strategy, with dedicated resources and governance structures to ensure its effective implementation and oversight.",NA,"504",NA
"EXPAND SAFE INJECTING FACILITIES",NA,NA,NA
"Safe injecting facilities are dedicated spaces where illicit drugs can be used in the presence of healthcare professionals.",NA,"504",NA
"These facilities are effective at reducing some of the harms of drug use.",NA,"504",NA
"There are currently safe injecting facilities in Sydney and Melbourne.",NA,"504",NA
"These facilities have saved lives, minimised injury and provided people with a path to health care and social services.",NA,"504",NA
"The Greens will invest $39.4 million to establish one new safe injecting facility in each capital city.",NA,"504",NA
"This will be informed by a scoping study to determine the areas of greatest need and suitable locations.",NA,"504",NA
"FULLY FUND OPIOID AGONIST THERAPY",NA,NA,NA
"Opioid dependency is a complex health condition that requires long-term treatment, support and care.",NA,"504",NA
"Opioid agonist therapy, including methadone, buprenorphine, and buprenorphine with naloxone, is an effective measure for supporting those who are recovering from problematic opioid use.",NA,"504",NA
"It can cost up to $4,000 a year for people to access these life-saving therapies.",NA,"504",NA
"Such high costs are a signiﬁcant barrier to accessing opioid agonist therapy.",NA,"504",NA
"Under our plan, the Commonwealth will provide $690 million over the forward estimates to the states and territories to cover the cost of dispensing fees for all patients.",NA,"504",NA
"By removing these ﬁnancial barriers, everyone who needs it can access this life saving treatment.",NA,"504",NA
"WOMEN'S HEALTH",NA,NA,NA
"Ensuring safe and affordable reproductive healthcare for all",NA,NA,NA
"The Greens will continue to support giving people choices over their bodies by ensuring access to safe and affordable sexual and reproductive healthcare,",NA,"504",NA
"gaining a clearer picture of people’s experience of maternal healthcare,",NA,"504",NA
"promoting Birthing on Country initiatives,",NA,"504",NA
"and supporting families experiencing stillbirth and miscarriage.",NA,"504",NA
"The Greens will also fund schools across Australia to provide period products for all students from 2022 to improve students’ health and wellbeing, reduce period stigma, and ensure that no student has to skip school during their period.",NA,"504",NA
"* The Greens recognise that trans, gender-diverse and people with variations of sex characteristics experience further discrimination in relation to reproductive healthcare. Our women’s health policies apply equally to gender diverse patients. See also LGBTQIA+ Equality policy",NA,NA,NA
"THE GREENS WILL:",NA,NA,NA
"Make access to abortion safe, accessible, legal, and affordable across Australia",NA,"504",NA
"Fund a national data collection regarding experiences of maternity care",NA,"504",NA
"Invest $130 million to support Birthing on Country projects to improve health outcomes for parents and babies",NA,"504",NA
"Invest $69M to provide free pads and tampons in all public schools",NA,"504",NA
"Explore options for reproductive health leave",NA,"504",NA
"MAKE ABORTION SAFE, ACCESSIBLE, LEGAL AND FREE",NA,NA,NA
"Access to affordable sexual and reproductive healthcare, including abortion and contraception, is part of everyone’s right to control their own body.",NA,"504",NA
"Despite decriminalisation, abortion can be expensive and diﬃcult to access, particularly for people in rural and regional areas.",NA,"504",NA
"The Greens will continue to work at federal and state levels to ensure abortion is safe, accessible, free and legal in all Australian states.",NA,"504",NA
"We will advocate for universal adoption of safe-zones, so that people accessing abortion are not subjected to harassment for undergoing medical procedures.",NA,"604",NA
"Everyone should have access to reproductive health and abortion services, including access to abortions in public hospitals within a reasonable distance of their homes.",NA,"604",NA
"The Greens will fully fund public hospitals to ensure they have capacity to provide the health services people need.1",NA,"504",NA
"We will also make telehealth services for reproductive healthcare a permanent feature of our Medicare system.",NA,"504",NA
"In some Australian states people are still forced to undergo counselling before they can terminate a pregnancy.",NA,"604",NA
"While the Greens support informed consent for all medical procedures, each person is the best, most knowledgeable expert about their own life -- including the decision on whether they need additional counselling.",NA,"604",NA
"Counselling should be made available to all who want it, but should never be mandatory and must always be unbiased and transparent.",NA,"604",NA
"The Greens will introduce a bill to parliament to mandate transparency in advertising for counselling services, and ensure that federal funding is strictly spent on unbiased counselling.",NA,"604",NA
"1 See Fully Fund Hospitals and Blitz Waiting Lists policy",NA,NA,NA
"UNDERSTANDING MATERNITY HEALTHCARE  EXPERIENCES",NA,NA,NA
"Health organisations estimate that one third of Australian birthing parents experienced trauma during pregnancy and childbirth.",NA,"504",NA
"Gaining a better understanding of these experiences is critical to improving healthcare for all parents and babies.",NA,"504",NA
"The Greens will invest $1.8 million in a national survey to better understand experiences of maternity care (antenatal, birth, and post-natal care), based on the International Consortium of Health Outcome Measures - Birth Satisfaction Survey.",NA,"504",NA
"The results of the survey will inform the development, implementation, and funding of measures to support feeding and those unable to breastfeed, counselling, pain management, continuity of care and access to midwives.",NA,"504",NA
"Data on hospital and clinician outcomes will be published to inform patient choices and decisions about maternity care.",NA,"504",NA
"ADDRESSING PERIOD POVERTY",NA,NA,NA
"Period products are a health essential.",NA,"504",NA
"Going through puberty can be a tough time.",NA,"504",NA
"No-one should face the indignity of being unable to access period products when they need them.",NA,"504",NA
"Yet for many students and their families, paying for pads and tampons is a ﬁnancial strain.2",NA,"504",NA
"The Greens will invest $69 million to provide free pads and tampons in all public schools for ten years from 2022.",NA,"504",NA
"This will improve students’ health and wellbeing, reduce period stigma,",NA,"504",NA
"and ensure that no student has to skip school during their period because they cannot afford period products.",NA,"504",NA
"Pads and tampons are not the most sustainable period products, but can be the easiest and most hygienic option for young people.",NA,"504",NA
"Providing free access to these products in schools should be supported by education about more sustainable options, such as period underwear and moon cups.",NA,"504",NA
"BIRTHING ON COUNTRY",NA,NA,NA
"Pregnant First Nations people living on Country across Australia are often forced to pack their bags and head to hospital to wait for the birth of their babies, far away from family, culture, community, and connection.",NA,"504",NA
"For those living in cities, culturally appropriate maternal healthcare can still be diﬃcult to access, leading to poor health outcomes for parents and babies.",NA,"504",NA
"Birthing on Country and Birthing in our Community (BiOC) initiatives recognise the beneﬁts of allowing First Nations parents to receive culturally appropriate birth care, especially by remaining on Country where possible.",NA,"607.3",NA
"BiOC initiatives have demonstrated signiﬁcant success in improving health outcomes.3",NA,"504",NA
"The Brisbane-based trial program halved pre-term births among parents attending the service over ﬁve years, increased breastfeeding rates, and improved access to antenatal care.",NA,"504",NA
"Implementing measures to support continuity of maternity care will improve physical and mental health outcomes for women and children, key measures for achieving Closing the Gap targets.",NA,"504",NA
"The Greens will invest $130 million to support the establishment, scaling up, and ongoing operation of permanent BiOC hubs in: Brisbane (Mater hospital)",NA,"504",NA
"Illawarra (Waminda Health Service)",NA,"504",NA
"Alice Springs and Tennant Creek (Congress Alukura)",NA,"504",NA
"East Arnhem Land (Galiwin’ku)",NA,"504",NA
"This initiative is additional to the Greens plan to provide $371M to community-led health organisations to boost their capacity to care for First Nations people and their communities.4",NA,"607.3",NA
"When First Nations people are free to choose their own path, their physical and mental health improves.",NA,"504",NA
"2 Knight, R. 2020. “Reducing Period Poverty in Australia”. The Australian Centre for Philanthropy and Nonproﬁt Studies, Queensland University of Technology,  Australia.",NA,NA,NA
"https://eprints.qut.edu.au/201306",NA,NA,NA
"3 Kildea, S. et al. 2021. “Effect of a Birthing on Country service redesign on maternal and neonatal health outcomes for First Nations Australians: a prospective, non-randomised, interventional trial”. The Lancet, 17 March 2021. https://www.thelancet.com/journals/langlo/article/PIIS2214-1 09X(21)00061-9",NA,NA,NA
"4 See First Nations Health policy",NA,NA,NA
"SUPPORTING FAMILIES AFFECTED BY STILLBIRTH",NA,NA,NA
"Despite increasing evidence that many stillbirths can be prevented, there has been little change in stillbirth rates in Australia in the past two decades.",NA,"504",NA
"The Greens support the roll-out of the National Stillbirth Action and Implementation Plan and will expedite efforts to adapt the Safer Baby Bundle and education programs to suit the needs of groups at high-risk of stillbirth, including First Nations and CALD families.",NA,"504",NA
"REPRODUCTIVE HEALTH LEAVE",NA,NA,NA
"Many workers, disproportionately women, experience serious pain or debilitation associated with periods, endometriosis, menopause, or fertility procedures and are forced to exhaust their sick leave, take leave without pay, or work while in pain.",NA,"504",NA
"Some private sector employers are already providing leave for these conditions.5",NA,"504",NA
"Reproductive health leave could remove the stigma of such conditions or procedures, and improve productivity by avoiding staff having to work while in pain.",NA,"504",NA
"The Greens will task the Fair Work Commission with assessing and recommending options for fair reproductive health leave and the ability to request reasonable changes to working arrangements to assist with pain management.",NA,"504",NA
"5 Future Super offers paid menstrual and menopause leave (https://womensagenda.com.au/latest/superannuation-introdu c es-creates-paid-menstrual-and-menopause-leave/) and the ACTU recently backed a claim for ﬁve days reproductive health leave",NA,NA,NA
"(https://www.theage.com.au/national/victoria/australia-s-ﬁrst-c laim-for-reproductive-leave-gets-actu-backing-20200910-p55u jq.html)",NA,NA,NA
"HOW THE GREENS HAVE BEEN FIGHTING FOR YOU",NA,NA,NA
"In the last parliament, it was the Greens who: Pushed the government to address inequities in support to families who experienced stillbirth",NA,"504",NA
"Regularly questioned oﬃcials regarding breastfeeding policies and continuity of care models",NA,"504",NA
"Called on the government to ensure abortion services and telehealth reproductive health services continued during Covid and beyond",NA,"504",NA
"Successfully advocated for reforms to ensure Aboriginal Community Controlled Health Organisations could access insurance to employ midwives",NA,"504",NA
"Called out the potential for the Religious Discrimination Bill to make it harder for women to access reproductive healthcare",NA,"604",NA
"TACKLING PANDEMICS",NA,NA,NA
"Our plan to keep people safe from infectious diseases",NA,NA,NA
"The costs of pandemics are all too familiar.",NA,"504",NA
"Large-scale outbreaks can claim countless lives, disrupt our society and ravage the economy – especially if we’re not adequately prepared, as was the case with Covid-19.",NA,"504",NA
"Covid-19 won’t be the last pandemic we face.",NA,"504",NA
"We need to establish a national framework for dealing with pandemics that ensures we can keep everyone as safe and healthy as possible.",NA,"504",NA
"The Greens will ensure we can produce enough of our own vaccines onshore for everyone.",NA,"411",NA
"We will establish a National Centre for Disease Control to lead a uniﬁed, apolitical health approach across the entire country, and we will build safe and effective quarantine facilities that are ﬁt for purpose in every state.",NA,"411",NA
"THE GREENS WILL:",NA,NA,NA
"Establish a National Centre for Disease Control with $246 million of funding.",NA,"411",NA
"Invest $250 million over the next two years into Covid-19 vaccine research",NA,"411",NA
"Build and operate a publicly-owned mRNA vaccine production facility",NA,"411",NA
"Use a boosted foreign aid budget to invest in COVAX to support global equitable vaccine access",NA,"411",NA
"NATIONAL CENTRE FOR DISEASE CONTROL",NA,NA,NA
"Australia is now the only country in the OECD that does not have a national authority on communicable disease control.",NA,"602.1",NA
"The Covid-19 pandemic has simply exposed the signiﬁcant gaps in our planning and response to infectious disease outbreaks.",NA,"411",NA
"There is no doubt that we will face pandemics in the future.",NA,"411",NA
"The threat of new and emerging communicable diseases will continue to be a global challenge – especially if the world continues to delay action on climate change, which we know has a deleterious impact on infectious disease transmission patterns.1",NA,"411",NA
"The Greens will invest $246 million over the estimates to establish a National Centre for Disease Control (CDC).",NA,"411",NA
"The CDC would be responsible for overseeing infectious disease policy and coordinating rapid responses to outbreaks like Covid-19.",NA,"411",NA
"It would also be established as a fully independent body at arm’s length from the government, ensuring our future responses to pandemics are based on science – not politics.",NA,"411",NA
"1World Health Organization (WHO), Climate Change and Infectious Diseases, https://www.who.int/globalchange/climate/en/chapter6.pdf",NA,NA,NA
"PUBLICLY-OWNED MRNA PRODUCTION",NA,NA,NA
"The mRNA technology used to make the Pﬁzer and Moderna vaccines is revolutionising the way we do medicine.",NA,"504",NA
"But the Commonwealth still hasn’t committed to investing in mRNA vaccine production onshore.",NA,"411",NA
"The Greens will invest to establish a publicly-owned mRNA vaccine production facility in Australia.",NA,"411",NA
"This will allow us to produce our own mRNA vaccines and medicines onshore, ensuring we are ready to ﬁght against Covid-19 variants and any future pandemics.",NA,"504",NA
"Having the capacity to produce mRNA medicines in Australia also allows us to invest in cutting-edge treatments for cancer and other genetic diseases.",NA,"504",NA
"VACCINE RESEARCH FUNDING",NA,NA,NA
"As well as investing billions of dollars in additional funding into science and research,",NA,"411",NA
"the Greens will commit funding to support further research into Covid-19 vaccines.",NA,"411",NA
"Increasing research funding will help us develop booster shots and next-generation vaccines to get ahead of emerging variants, ensuring we are fully protected against Covid-19 into the future.",NA,"411",NA
"HELPING OUR NEIGHBOURS",NA,NA,NA
"None of us are safe until all of us are safe.",NA,"107",NA
"Vaccine hoarding by wealthy countries leaves the rest of the world exposed and at signiﬁcant risk of generating dangerous mutations, as Delta, Omicron and other variants have demonstrated.",NA,"107",NA
"We have a moral obligation to help other countries access vaccines and prevent Covid-19 outbreaks – particularly our neighbours in the Paciﬁc region, which is falling dangerously behind the rest of the world on vaccination rates.",NA,"101",NA
"The Greens will ensure we produce enough vaccines to share with our neighbours.",NA,"107",NA
"We will also continue to actively support global access to vaccines by using a boosted foreign aid budget to commit an additional $250m in funding to the worldwide COVAX initiative, which enables low-to-middle income countries equitable access to the Covid-19 vaccine.",NA,"107",NA
"We will also continue to ﬁght to waive intellectual property rights on Covid-19 vaccines to allow other countries to manufacture and sell cheaper generic copies of the vaccine.",NA,"107",NA
"PRIORITISING PREVENTION",NA,NA,NA
"Our plan to invest in preventive health measures to improve the health and wellbeing of all Australians.",NA,NA,NA
"Preventive measures help people live long and healthy lives regardless of their income or postcode.",NA,"504",NA
"The Greens are committed to improving the health of every person in Australia at all life stages - not just when they become sick.",NA,"504",NA
"By prioritising prevention, we can reduce rates of preventable disease, poor health and avoidable hospital admissions.",NA,"504",NA
"THE GREENS WILL:",NA,NA,NA
"Invest $275 million to establish a National Preventative Health Commission to support research into prevention and roll out evidence-based prevention programs",NA,"504",NA
"Dedicate funding to tackle the impact of climate change on health",NA,"504",NA
"NATIONAL PREVENTATIVE HEALTH COMMISSION",NA,NA,NA
"Prevention is always better than cure.",NA,"504",NA
"With increasing rates of chronic disease, we need to ﬁnd ways to keep people healthier throughout their lives.",NA,"504",NA
"The Greens will invest $275 million to establish a National Preventative Health Commission to support research into prevention and roll out evidence-based prevention programs.",NA,"504",NA
"Examples of these programs could include combating obesity and tackling the harms of alcohol and tobacco.",NA,"504",NA
"Social, economic and cultural factors have a big impact on people’s health outcomes.",NA,"504",NA
"The National Preventative Health Commission will tailor prevention programs to different groups in the community who experience higher risks of preventable diseases.",NA,"504",NA
"CLIMATE AND HEALTH",NA,NA,NA
"Climate change poses the greatest threat to human health in the 21st Century.",NA,"504",NA
"Heatwaves, bushﬁres and droughts are already contributing to increased risks of infectious disease, cardiovascular disease, asthma, allergies, mental illness and poor nutrition.",NA,"504",NA
"We need urgent action to protect our communities and healthcare systems from the serious risks posed by climate change.",NA,"504",NA
"The Greens will tackle the health effects of climate change by dedicating funding to implement a national plan based on the National Strategy on Climate, Health and Wellbeing.",NA,"504",NA
"AGED CARE FOR ALL",NA,NA,NA
"High quality, safe and timely care",NA,NA,NA
"Currently, there’s not enough care for older people in our community.",NA,"504",NA
"We have an ageing population, big corporations are making millions, and the treatment isn’t good enough.",NA,"504",NA
"Aged care should not be run for proﬁt.",NA,"504",NA
"The Greens will provide older people with the level of care they need.",NA,"504",NA
"We will increase hours of care, improve the pay and conditions of staff, clear the waiting lists and keep them clear.",NA,"504",NA
"Respecting our older people beneﬁts our whole community.",NA,"504",NA
"THE GREENS WILL:",NA,NA,NA
"Provide $6 billion per year to: ○ Increase hours of care to 4 hours 18 minutes per resident per day",NA,"504",NA
"○ Introduce staff-to-resident ratios to ensure the best quality care",NA,"504",NA
"○ Increase wages for aged care workers by 25% and improve conditions and training",NA,"504",NA
"○ Phase out for-profit providers",NA,"504",NA
"○ Guarantee a human rights based approach to aged care and end physical and chemical restraints",NA,"201.2",NA
"Invest $260 million to keep the home care package waiting list clear",NA,"504",NA
"INCREASING HOURS OF CARE",NA,NA,NA
"Insuﬃcient care in residential facilities directly contributes to the neglect and abuse of older people.",NA,"504",NA
"On average, aged care residents are only provided with 2 hours and 50 minutes of care per resident per day1, this is inadequate.",NA,"504",NA
"Our plan will increase hours of care to the recommended 4 hours and 18 minutes of care per resident per day.",NA,"504",NA
"This is the minimum amount of care that must be provided to provide a safe environment and prevent premature deaths2.",NA,"504",NA
"It is estimated that more than half of aged care residents are living in facilities with unacceptable levels of staﬃng3.",NA,"504",NA
"Under-staﬃng is contributing to substandard care.",NA,"504",NA
"The Greens will introduce staff-to-resident ratios that enable high quality care, including a minimum of one Registered Nurse rostered on 24/7 in all residential aged facilities, and allow more staff to be employed.",NA,"504",NA
"BETTER CONDITIONS FOR AGED CARE WORKERS",NA,NA,NA
"Aged care workers are the backbone of a good aged care system.",NA,"504",NA
"Yet our aged care workforce is underpaid, under-trained, overworked and insecure.",NA,"504",NA
"Our aged care workers deserve better.",NA,"504",NA
"To immediately address workforce challenges, the Greens will increase pay for aged care workers by 25%.",NA,"504",NA
"We will also introduce minimum training requirements, including dementia training, alongside a national registration scheme for all personal care workers.",NA,"504",NA
"1 Willis, E et al., 2016, ‘National Aged Care Staﬃng and Skills Mix Project Report 2016’, Australian Nursing and Midwifery Federation, p15.",NA,NA,NA
"2 Willis, E et al., 2016, ‘National Aged Care Staﬃng and Skills Mix Project Report 2016’, Australian Nursing and Midwifery Federation, p9.",NA,NA,NA
"3 Aged Care Royal Commission Final Report page 8",NA,NA,NA
"h  ttps://agedcare.royalcommission.gov.au/sites/d  e fault/ﬁles/2021-03/ﬁnal-report-volume-1_0.pdf",NA,NA,NA
"PHASE OUT FOR-PROFIT PROVIDERS",NA,NA,NA
"Aged care should not be run for proﬁt.",NA,"504",NA
"As the Royal Commission showed, privatisation has been a disaster for older people and their families who need aged care.",NA,"504",NA
"Looking after our older citizens is a public service, not an opportunity for billionaires and big corporations to make super-proﬁts.",NA,"504",NA
"The Greens are committed to phasing out for-proﬁt providers and ensuring aged care is provided on a not-for-proﬁt basis.",NA,"504",NA
"A HUMAN RIGHTS BASED APPROACH TO AGED CARE",NA,NA,NA
"For too long, aged care services have been rationed in this country resulting in the neglect and abuse of older people.",NA,"504",NA
"The decisions of successive governments have cut more than $9.8 billion per year from the aged care budget.",NA,"504",NA
"The Greens will guarantee a human rights based approach to aged care, underpinned by a new Aged Care Act that enshrines the rights of older people who are receiving aged care.",NA,"201.2",NA
"Under a rights-based approach, older people will be guaranteed universal access to the level of care and support they are assessed as needing.",NA,"201.2",NA
"At a global level, the Greens will continue to advocate for a United Nations International Convention on the Rights of Older Persons.",NA,"201.2",NA
"ENDING PHYSICAL AND CHEMICAL RESTRAINTS",NA,NA,NA
"The use of physical and chemical restraints in aged care are harmful.",NA,"504",NA
"They rob older people of their dignity and autonomy and can result in serious physical and psychological harm.",NA,"201.1",NA
"We will end the use of physical and chemical restraints in aged care, except in cases where there is a genuine therapeutic purpose, through stronger regulations.",NA,"504",NA
"IMPROVED TRANSPARENCY AND ACCOUNTABILITY",NA,NA,NA
"Our aged care system has been underpinned by a lack of transparency and accountability and a culture of secrecy.",NA,"504",NA
"We don’t know how much aged care providers spend on food or care, but we do know that private companies are making billions from the provision of aged care.",NA,"504",NA
"We need a system that holds providers to account.",NA,"504",NA
"The Greens will ﬁght to improve governance, transparency and accountability in the aged care sector, starting with mandatory public reporting on how providers are spending Government funds.",NA,"504",NA
"We will ensure the Aged Care Quality and Safety Commissioner acts as an independent, strong regulator that resolves complaints in a timely manner.",NA,"504",NA
"NO ONE WAITS FOR HOME CARE",NA,NA,NA
"Many people want to receive care at home and don’t want to be forced into residential aged care prematurely.",NA,"504",NA
"Too many people continue to experience unacceptable wait times for home care at their approved level.",NA,"504",NA
"The Greens will invest $260 million over the forward estimates to ensure no one waits more than 30 days to receive their approved home care packages.",NA,"504",NA
"FREE AND UNIVERSAL EARLY CHILDHOOD EDUCATION AND CARE",NA,NA,NA
"Early childhood education is an essential public service",NA,NA,NA
"Early childhood education is too expensive for families and too hard to access.",NA,"504",NA
"It’s holding children and families back.",NA,"504",NA
"Childcare is an essential public service, and for children, the early years are the most important in their development.",NA,"504",NA
"The Greens will make childcare free for everyone; we will expand access to early childhood education,",NA,"504",NA
"establish specialised cultural early education for First Nations children,",NA,"607.3",NA
"and phase out for-proﬁt early learning providers.",NA,"504",NA
"All children deserve access to quality early learning and care.",NA,"504",NA
"It will remove barriers that limit choices for women, boost women’s capacity to engage in paid work and relieve ﬁnancial pressure on families.",NA,"504",NA
"THE GREENS WILL:",NA,NA,NA
"Invest $19bn over the forward estimates to ensure childcare is free and accessible for everyone",NA,"504",NA
"Extend universal access to early childhood education for all 3 and 4 year olds to 24 hours a week",NA,"504",NA
"Ensure early childhood educators have well paid, secure jobs",NA,"504",NA
"Strengthen early learning for First Nations children through support for Aboriginal community-controlled services",NA,"504",NA
"Phase out for-profit early learning and treat early learning as an essential service.",NA,"504",NA
"MAKE CHILDCARE UNIVERSAL AND FREE",NA,NA,NA
"Early learning costs in Australia are out of control.",NA,"504",NA
"High fees are a barrier to a child’s early learning and make our society less equal.",NA,"504",NA
"They limit choices for women, who have to give up study, career and work opportunities.",NA,"504",NA
"The Greens will invest $19 billion to make childcare and early learning free for every family and child.",NA,"504",NA
"It doesn’t matter where you live or how much you work or study - all families should have a right to free care and education for their children.",NA,"504",NA
"It doesn’t matter what type of care you access, whether it’s long day care, in-home care, family day care or out of school hours care, we will make it free.",NA,"504",NA
"This measure has been fully costed by the independent Parliamentary Budget Oﬃce.",NA,"504",NA
"Childcare was brieﬂy free during the pandemic.",NA,"504",NA
"There’s no reason we can’t have it permanently by making the billionaires and big corporations who made massive proﬁts during the pandemic pay their fair share of tax.",NA,"504",NA
"UNIVERSAL EARLY CHILDHOOD EDUCATION FOR 3 & 4 YEAR OLDS",NA,NA,NA
"The beneﬁts of early childhood education programs such as preschool for children are beyond doubt1.",NA,"504",NA
"The Greens will extend universal access to early childhood education to 24 hours a week for all four-year-olds and expand this access to three-year-olds.",NA,"504",NA
"Our commitment to extending early childhood education will genuinely ensure every child, everywhere in the country, has access to 24 hours a week of a quality, play-based learning program staffed by qualiﬁed professionals and resourced to give them the best possible start in life.",NA,"504",NA
"Under our plan, there will be no barriers for your child to access pre-school: it doesn’t matter what you earn, where you live, or how much you work or study - your child will get the care and education they need.",NA,"504",NA
"1 OECD (2021), Starting Strong VI: Supporting Meaningful Interactions in Early Childhood Education and Care, Starting Strong, OECD Publishing, Paris, <https://doi.org/10.1787/f47a06ae-en>",NA,NA,NA
"SUPPORT EARLY CHILDHOOD EDUCATORS AND CENTRES",NA,NA,NA
"The treatment of early childhood educators is a national shame.",NA,"602.1",NA
"Early childhood education was the ﬁrst sector to be taken off JobKeeper2, and educators continue to be paid well below what would be expected of those with their responsibility and skills.",NA,"504",NA
"The Greens will deliver and implement a proper workforce strategy with the early learning sector and unions to achieve higher, professional pay and better working conditions for workers.",NA,"504",NA
"Our plan will boost employment in the early childhood sector - ensuring demand is met, and quality is retained.",NA,"504",NA
"We will continue to give our full support to the Big Steps campaign and explore how expanded public provision of childcare services could improve conditions for workers, children and families3.",NA,"504",NA
"The Greens plan will further provide $200 million of grant funding to reduce waiting lists for community and non-proﬁt centres by increasing the number of spaces they offer.",NA,"504",NA
"Grants would assist with capital works or increased workforce, depending on the speciﬁc needs of individual centres.",NA,"504",NA
"This funding would be targeted towards high-need areas, where the gap in availability is greatest.",NA,"504",NA
"STRENGTHEN FIRST NATIONS EARLY  LEARNING",NA,NA,NA
"The Greens will deliver increased support for First Nations Community-Controlled Early Childhood Education and Care, ensuring First Nations children and families have increased and improved access to free, specialised cultural early learning and care.",NA,"607.3",NA
"EARLY LEARNING SHOULD NOT BE RUN FOR PROFIT",NA,NA,NA
"Education should not be a business.",NA,"504",NA
"That’s why for-proﬁt schools are basically non-existent in Australia.",NA,"504",NA
"But this is not the case for early childhood education and care.",NA,"504",NA
"Investors and corporations continue to proﬁt off families who want early learning and care for their children.",NA,"504",NA
"Some engage in dodgy business practices while doing so.",NA,"504",NA
"In 2020, the biggest for-proﬁt provider, G8 Education, admitted to owing up to $60 million in unpaid wages to around 27,000 staff.4",NA,"701",NA
"At the same time, a below average number of for-proﬁt services meet or exceed the National Quality Standard — a measure government and not-for-proﬁt services perform well above average on.5",NA,"504",NA
"The Greens will develop a plan to phase out for-proﬁt early learning to ensure every child has access to early learning and care from a high-quality government-provided or not-for-proﬁt service.",NA,"504",NA
"2https://www.abc.net.au/news/2020-06-09/childcare-changes-",NA,NA,NA
"to-disproportionately-affect-women/12333398",NA,NA,NA
"3 https://bigsteps.org.au",NA,NA,NA
"4https://www.smh.com.au/business/companies/childcare-provider -g8-education-in-underpayment-shock-20201208-p56li4.html    5 ACECQA, National Quality Framework snapshots, https://www.acecqa.gov.au/nqf/snapshot",NA,NA,NA
"PUBLIC SCHOOLS THAT MEET EVERYONE’S NEEDS",NA,NA,NA
"Our plan for free, world class public education",NA,NA,NA
"Liberal and Labor Governments have given billions to private schools.",NA,"305.1",NA
"At the same time, public schools are underfunded, and desperate for resources.",NA,"506",NA
"The Greens will ensure public schools are funded to meet every student’s needs.",NA,"506",NA
"The funding will support students and teachers, and upgrade and maintain infrastructure that’s sustainable and accessible.",NA,"506",NA
"Our plan will help our schools deliver free, world-class public education that meets everyone’s needs.",NA,"506",NA
"THE GREENS WILL:",NA,NA,NA
"Invest $49 billion to fully fund public schools and make them genuinely free for all students",NA,"506",NA
"Provide $400m a year to build safe and modern teaching and learning facilities for students and teachers",NA,"506",NA
"Make schools sustainable and accessible through the $5 billion Green Education Infrastructure Fund",NA,"506",NA
"End segregated education by 2030 with an initial $10 million over four years to co-design a National Inclusive Education Transition Plan",NA,"506",NA
"Provide $224.1 m for the installation of HEPA filters and CO2 monitors to improve air quality in schools",NA,"506",NA
"FULLY FUNDED PUBLIC SCHOOLS",NA,NA,NA
"With public money, public schools should come ﬁrst.",NA,"506",NA
"But under the Coalition Government, private schools have enjoyed special deals while billions have been cut from public school funding.",NA,"506",NA
"If we don’t make a big investment in public education, 99% of public schools won’t have the minimum Schooling Resource Standard (SRS) funding they need by 20231, while non-government schools are overfunded.",NA,"506",NA
"To make an unfair system worse, the Coalition has handed over billions in extra funding and support to private schools, but denied public schools desperately needed extra funding.",NA,"506",NA
"At the same time, 83% of public school teachers dip into their own pocket to buy essential school supplies to make up for the lack of government funding.2",NA,"506",NA
"Disappointingly, Labor has refused to support ending special deals and slush funds for private schools.",NA,"506",NA
"The Greens will make an unprecedented investment of $32 billion in our public schools over the next decade.",NA,"506",NA
"Under our plan, the Commonwealth contribution to the Schooling Resource Standard will increase to 25%, ensuring all public schools receive 100% of the funding needed to provide a quality education to their students by 2023.",NA,"506",NA
"We will remove the 4% capital depreciation tax in school funding bilateral agreements and work with states and territories to ensure they maintain their commitment to funding at least 75% of the Schooling Resource Standard.",NA,"506",NA
"This makes the Greens the only party with a plan to guarantee all public schools are fully funded to meet the needs of their students and teachers.",NA,"305.1",NA
"To make federal school funding truly equitable, we will abolish the Liberals’ $1.2 billion “Choice and Affordability” slush fund for private schools and end the special deals that are keeping private schools overfunded for most of this decade.",NA,"506",NA
"The Greens will also make Outside School Hours Care (OSHC) free and universal as part of our Early Childhood Education and Care plan.",NA,"504",NA
"1 The Schooling Resource Standard (SRS) is an estimate of how much total public funding a school needs to meet its students’ educational needs, and is based on Gonski recommendations.",NA,NA,NA
"2 AEU <https://www.aeufederal.org.au/news-media/media-releases/2020/september/four-out-ﬁve-public-school-teachers-spend-ow n-money-classroom-resources>",NA,NA,NA
"ABOLISHING OUT-OF-POCKET COSTS",NA,NA,NA
"With too little funding, public schools have hiked out-of-pocket costs for parents, with parents and guardians feeling pressured to pay hundreds—thousands, in some cases—of dollars in ‘voluntary’ fees.3",NA,"506",NA
"In some cases, parents are asked to fund classroom basics like paper and technology.4",NA,"506",NA
"Public schools should be genuinely free.",NA,"506",NA
"That’s why the Greens will add $16.9 billion to abolish out-of-pocket costs for public schools, which will increase recurrent funding above 100% of the School Resource Standard and cover the amount currently raised from families.",NA,"506",NA
"Our plan recognises that activities like art, sport and music are essential parts of going to school and should be funded as such.",NA,"506",NA
"The Greens overall increase of $49 billion in recurrent funding for fully funded and genuinely free public schools will give students the education they deserve, teachers the resources they need, and parents and guardians the peace of mind that surprise fees and charges are a thing of the past.",NA,"506",NA
"3",NA,NA,NA
"https://www.abc.net.au/news/2019-06-24/school-fees-at-austr alian-public-schools-concern-parents/11201804",NA,NA,NA
"4",NA,NA,NA
"https://www.dailytelegraph.com.au/news/nsw/nsw-public-school-funding-rules-changed-to-ensure-money-is-spent-on-stude nts/news-story/488a20b124683f9670fe8e7a6d7b8b65",NA,NA,NA
"WORLD-CLASS SCHOOL INFRASTRUCTURE",NA,NA,NA
"Public schools around the country are suffering from ageing and unsafe infrastructure all while enrolments are booming.",NA,"506",NA
"In New South Wales, playground space is being consumed by temporary demountables, and students and staff in Queensland are still sweltering through summers without air conditioning.5",NA,"506",NA
"The Liberals have deepened the school infrastructure by entirely excluding public schools from the Capital Grants Program offering which gives Commonwealth funding to private schools.",NA,"506",NA
"The Greens will increase Capital Grants Program funding to $400 million a year and make sure 80% of the Program’s funds—$320 million a year—are spent on projects in public schools.",NA,"506",NA
"The Greens will also do more than any other party to make sure students learn in sustainable and accessible environment, by including schools in the Green Education Infrastructure Fund, that will give $5 billion in grants over four years to support sustainable capital works, retroﬁtting and refurbishments in schools, TAFEs and universities.",NA,"506",NA
"5",NA,NA,NA
"https://www.smh.com.au/national/nsw/there-s-barely-space-for-kids-to-play-one-year-after-it-opened-this-sydney-school-has-13-dem ountables-20210211-p571nv.html; https://www.abc.net.au/news/2020-11-30/air-conditioners-in-quee nsland-schools-installed-but-unusable/12934176",NA,NA,NA
"INCLUSIVE EDUCATION",NA,NA,NA
"Disabled Australians have the right to a good education.",NA,"503",NA
"Article 24 of the Convention on the Rights of People with Disabilities makes clear that disabled people have a right to inclusive education.",NA,"506",NA
"It is time we make a serious plan to ensure disabled students in Australia can realise this right, by committing to a goal of eliminating segregated education by 2030.6",NA,"506",NA
"The Greens will transition to a fully inclusive education system by: Investing an initial $10 million over four years to co-design a National Inclusive Education Transition Plan with disabled people, families, disability representative organisations, teachers and their unions, and education experts;",NA,"506",NA
"Building inclusive education into tertiary qualiﬁcations and giving all pre-service and in-service teachers and principals the opportunity to train, retrain and regularly upskill in inclusive education practices by investing $400 million over four years.",NA,"506",NA
"6 This timeline is in line with the Australian Coalition for Inclusive Education’s Driving change: A roadmap for achieving inclusive education in Australia https://acie.org.au/2020/09/30/driving-change-a-roadmap-for- achieving-inclusive-education-in-australia",NA,NA,NA
"KEEPING OUR STUDENTS HEALTHY",NA,NA,NA
"As we transition away from lockdowns, we need to ensure that our classrooms are safe for students.",NA,"506",NA
"Poorly ventilated schools increase the risk of students contracting airborne infections like COVID-19, and can contribute to clusters forming at schools.7",NA,"506",NA
"In line with expert advice, the Greens will provide $224m for schools to install HEPA ﬁltration systems in all classrooms and communal indoor spaces.",NA,"506",NA
"Our policy will also provide schools with funding to install CO2 monitors.",NA,"506",NA
"PROTECTING AGAINST BUSHFIRE SMOKE",NA,NA,NA
"Climate change is resulting in more frequent and more severe bushﬁres in Australia.8",NA,"506",NA
"With the bushﬁres comes smoke.",NA,"506",NA
"During the 2019-20 summer, we saw air quality rise to hazardous levels around the country as smoke settled in our cities.9",NA,"506",NA
"Bushﬁre smoke can make it harder to breathe (particularly for those with pre-existing respiratory conditions) and irritate the throat and eyes.10",NA,"506",NA
"Longer-term exposure (several weeks to months) can increase the risk of lung cancer.",NA,"506",NA
"This is in addition to the mental impacts of exposure to bushﬁre smoke, like anxiety and stress.11",NA,"506",NA
"Installing air puriﬁers can help protect students from the increasing risk of smoke exposure.12",NA,"506",NA
"This is part of the Greens’ plan for preparing for natural disasters.",NA,"506",NA
"7",NA,NA,NA
"https://ozsage.org/media_releases/beware-the-air-you-share-o zsage-advice-on-safe-indoor-air-ventilation-for-australia-septe mber-6th",NA,NA,NA
"8",NA,NA,NA
"https://www.climatecouncil.org.au/not-normal-climate-change- bushﬁre-web",NA,NA,NA
"9",NA,NA,NA
"https://theconversation.com/how-does-bushﬁre-smoke-affect- our-health-6-things-you-need-to-know-130126",NA,NA,NA
"10",NA,NA,NA
"https://theconversation.com/how-does-bushﬁre-smoke-affect- our-health-6-things-you-need-to-know-130126",NA,NA,NA
"11",NA,NA,NA
"https:/ rsph.anu.edu.au/ﬁles/2020_Bushﬁre_Smok e_Fact.pdf",NA,NA,NA
"12",NA,NA,NA
"https:/ ozsage.org/media_releases/ozsage-respo nse-to-nsw-department-of-education-position-on- air-puriﬁers-in-schools",NA,NA,NA
"ACHIEVING LGBTIQA+  EQUALITY",NA,NA,NA
"Achieving equality for every person in the LGBTIQA+ community",NA,NA,NA
"Lesbian, Gay, Bisexual, Transgender, Intersex, Queer and Asexual (LGBTIQA+) people continue to face discrimination.",NA,"503",NA
"Whether it is a lack of autonomy over their bodies, access to holistic and comprehensive health services, or secure housing.",NA,"503",NA
"The Greens will appoint a Minister for Equality, tighten the anti-discrimination laws and make schools safer.",NA,"503",NA
"We will address the housing and homelessness crisis and end conversions.",NA,"504",NA
"So everyone is free from discrimination, and we actually achieve equality.",NA,"503",NA
"THE GREENS WILL:",NA,NA,NA
"Appoint a Minister for Equality and an LGBTIQA+ Human Rights Commissioner to make achieving equality a priority across government",NA,"503",NA
"Tighten anti-discrimination laws and introduce a Charter of Rights to protect LGBTIQA+ rights in law",NA,"503",NA
"Create a national LGBTIQA+ health and wellbeing action plan",NA,"504",NA
"Make schools safer by removing exemptions from anti--discrimination laws, funding inclusion training for teachers and redirecting funding from chaplains to inclusive secular programs",NA,"504",NA
"Address the crisis in housing and homelessness for LGBTIQA+ people",NA,"504",NA
"Intervene to stop the LGBTIQA+ conversion movement",NA,"503",NA
"Support the human rights of people with intersex variations",NA,"503",NA
"Support LGBTIQA+ people seeking asylum in Australia",NA,"503",NA
"MAKING EQUALITY A PRIORITY ACROSS  GOVERNMENT",NA,NA,NA
"LGBTIQA+ issues need to be heard at the highest levels of government and implemented across portfolios.",NA,"503",NA
"The Greens will: Appoint a Minister for Equality, to ensure issues affecting LGBTIQA+ communities are represented in cabinet.",NA,"503",NA
"Appoint an LGBTIQA+ Human Rights Commissioner, to ensure LGBTIQA+ people are protected from discrimination on the basis of sex, sexuality, gender identity and intersex variations.",NA,"503",NA
"The Greens will also establish a Ministerial Advisory Group to provide strategic advice to all ministers, and ensure decisions regarding LGBTIQA+ communities are made only after meaningful consultation.",NA,"503",NA
"The work of the group will be supported by working groups across departments that will ensure a whole of government approach to policy making.",NA,"503",NA
"PROTECT LGBTIQA+ RIGHTS IN LAW",NA,NA,NA
"Our anti-discrimination laws currently include an unacceptable exemption for religious organisations.",NA,"503",NA
"That means that a religious hospital can refuse to employ a gay doctor, a faith-based homelessness shelter can refuse to accept a transgender resident; and a faith-based school can sack a teacher who marries their same gender partner.",NA,"503",NA
"The Greens will remove these exemptions, and enshrine anti-discrimination in a comprehensive charter of rights.",NA,"503",NA
"Our anti-discrimination laws should apply to everyone.",NA,"503",NA
"A NATIONAL LGBTIQA+ HEALTH AND WELLBEING ACTION PLAN",NA,NA,NA
"LGBTIQA+ people have health care needs which are not always met by the current system.",NA,"504",NA
"The Greens will establish a national LGBTIQA+ health and wellbeing action plan, and provide $285m over four years in additional funding, to ensure all LGBTIQA+ people have access to holistic and comprehensive health services regardless of whether they live in a capital city or a rural town.",NA,"504",NA
"It will include national standards and training for health professionals to ensure they can provide world class care to LGBTIQA+ patients, particularly patients who are have intersex variations, or are transgender.",NA,"504",NA
"There are also signiﬁcant gaps and barriers for people trying to access gender aﬃrming healthcare.",NA,"504",NA
"The Greens will provide $15 million dedicated funding to cover the out of pocket costs experienced by trans and gender diverse people in accessing gender aﬃrming healthcare.",NA,"504",NA
"The Greens will end forced and coerceive medical interventions on people with intersex variations, eliminating harmful practices and ensuring that people with intersex variations have the right to autonomy that others take for granted.",NA,"504",NA
"The Greens will also adopt and fund in full the Australian Federation of AIDS Organisations’ Agenda 2025 to end HIV transmission in Australia.",NA,"504",NA
"This will include more than $53m a year in funding to improve prevention, testing, and treatment options, and reduce HIV stigma.",NA,"504",NA
"MAKING SCHOOLS SAFER",NA,NA,NA
"The mental health of LGBTIQA+ young people is among the poorest in Australia.",NA,"506",NA
"Education, support and acceptance improves the mental wellbeing and lives of LGBTIQA+ young people and whole school communities.",NA,"506",NA
"The Greens will make schools safer by removing provisions that enable discrimination in schools on religious grounds, and fund inclusion training for teachers.",NA,"506",NA
"The Greens will scrap the School Chaplains Program and invest the $61m a year in secular, inclusive support for students through counsellors and anti-bullying initiatives such as the Safe Schools Program.",NA,"506",NA
"ADDRESS THE CRISIS IN HOUSING AND HOMELESSNESS FOR LGBTIQA+ PEOPLE",NA,NA,NA
"Housing is a human right, but LGBTIQA+ people are at a particularly greater risk of homelessness than the general population, including facing greater risks of domestic violence.",NA,"504",NA
"The Greens will increase funding for general crisis and temporary housing services, including those for LGBTIQA+ people, to $550 million per year, and guarantee this funding for ten years to provide certainty to service providers.",NA,"504",NA
"The Greens will also allocate funding to research and develop an action plan to address speciﬁc standard of living issues, including housing and homelessness, that impact on LGBTIQ+ people as a result of stigmatisation and discrimination.",NA,"504",NA
"2 National LGBTIQ+ Health Alliance, The 2021 update, 2021, h ttps://www.lgbtiqhealth.org.au/statistics",NA,NA,NA
"3 ABC, Young LGBTIQ+ Australians who moved back home this year face domestic violence risk,",NA,NA,NA
"h ttps://www.abc.net.au/triplej/programs/hack/lgbti-dv-report/ 1 2935784; Star*Observer, Report shows 40% of LGBTQI Victorian Elders Experience  Homelessness,",NA,NA,NA
"h ttps://www.starobserver.com.au/news/report-shows-40-of-lg b tqi-victorians-experience-homelessness/197966",NA,NA,NA
"FULLY IMPLEMENT THE SOGICE SURVIVORS STATEMENT",NA,NA,NA
"We know from survivors that the LGBTIQA+ Conversion movement extends further than formalised ‘therapies’, and that sexual orientation and gender identity change efforts pervade some religious communities, faith-based organisations, schools and the counselling industry in dangerous ways.",NA,"504",NA
"The Greens will adopt and provide $125m over four years to fund the approach recommended in the Sexual Orientation and Gender Identity Change Efforts Survivor Statement, including funding for survivor groups, a national inquiry, a public health and awareness campaign, and work towards developing a redress scheme.",NA,"504",NA
"FULLY IMPLEMENT THE DARLINGTON STATEMENT",NA,NA,NA
"The Greens will support and protect the human rights of people with intersex variations, including adopting and providing $198m over ten years to fund the Darlington statement developed by advocates in Australia and New Zealand.",NA,"201.2",NA
"This will include funding for: Community based research,",NA,"503",NA
"Peer and family support services,",NA,"503",NA
"Training for health professionals,",NA,"503",NA
"Grants to empower community organisations, and;",NA,"503",NA
"Work to develop a redress scheme.",NA,"501",NA
"The Greens will work with states and territories to implement Australia’s human rights obligations on ending forced or coerced medical interventions on people with intersex variations without personal consent.",NA,"503",NA
"SUPPORTING LGBTIQA+ PEOPLE HERE IN AUSTRALIA AND AROUND THE WORLD",NA,NA,NA
"The Greens will ensure that we are striving for equality in immigration and foreign policy through changes in policy and boosting funding by $55.5m over four years.",NA,"503",NA
"That will include training for departmental staff assessing claims and a speciﬁc intake target for LGBTIQA+ refugees who have ﬂed persecution from their home countries because of their sexuality, gender identity or intersex variations, and support for resettlement here in Australia.",NA,"501",NA
"We will ensure Australia advocates for LGBTIQA+ rights in our region and around the world, including through speciﬁc aid funding.",NA,"503",NA
"ENDING VIOLENCE AGAINST WOMEN",NA,NA,NA
"Our plan to eliminate violence against women at home, at work, and in public",NA,NA,NA
"On average, one woman in Australia is killed each week by a current or former partner.1",NA,"605.1",NA
"Around 40% of women have experienced workplace harassment, women as young as 12 have reported sexual harassment in public, and 1 in 3 women experience abuse in their lifetime.2",NA,"605.1",NA
"First Nations women, women from culturally diverse backgrounds, women in regional areas, older women, LGBTIQ women, and women with a disability are even more likely to experience violence.3",NA,"605.1",NA
"This is a national crisis, and the Greens will take action towards the elimination of all gendered violence.",NA,"605.1",NA
"THE GREENS WILL:",NA,NA,NA
"Invest $12 billion over 12 years to support the National Plan for Ending Violence Against Women and Children, and a standalone National Plan for First Nations Women",NA,"605.1",NA
"Invest $477 million over 4 years to support the national rollout of Our Watch’s Respectful Relationships education in all public schools",NA,"506",NA
"Support those fleeing abusive relationships by providing 10 days paid domestic violence leave and $10,000 Survivor Grants",NA,"504",NA
"Fund innovative safety initiatives: ○ trial a national disclosure scheme to provide details of a partner’s violent history",NA,"605.1",NA
"○ fund the Illawarra Women’s Trauma Recovery Centre",NA,"504",NA
"Adopt all recommendations in the Respect@Work report, including a positive duty to prevent sexual harassment and funding for Working Women’s Centres",NA,"503",NA
"Adopt all recommendations in the Set the Standard report, to ensure all staff working in parliamentary workplaces are safe and respected",NA,"503",NA
"Close the gender pay gap, address the housing crisis, and provide women with more economic security",NA,"503",NA
"1 Australian Domestic and Family Violence Review Network. 2018. Data report 2018, Domestic Violence Death Review Team, Sydney; Australian Bureau of Statistics. 2017. Personal Safety Survey, Australia, 2016, ABS cat. no. 4906.0.",NA,NA,NA
"2 Australian Human Rights Commission. 2018. Everyone’s Business: Fourth national survey on sexual harassment in Australian workplaces, p.26",NA,NA,NA
"3 ABS. Personal Safety Survey 2016",NA,NA,NA
"Ensuring no one seeking help is turned away",NA,NA,NA
"Support services for victim-survivors are woefully underfunded and many services report regularly having to turn away people seeking help.4",NA,"504",NA
"More needs to be done to provide specialist services for diverse communities of at-risk women.",NA,"504",NA
"The Greens will implement a 12 year National Plan to End Violence Against Women and Children, funded at $1 billion per year to provide certainty for frontline response services in line with what the sector says is needed to meet demand.",NA,"504",NA
"This Plan will provide dedicated, secure, long-term funding for specialist family and domestic violence services across the country.",NA,"504",NA
"The plan will deliver outreach, crisis response, crisis accommodation, legal and ﬁnancial support, help to avoid surveillance by an ex-partner, advocacy and post-crisis support so that no woman seeking support is turned away.",NA,"504",NA
"We will ensure that all funding commitments in the 2022-23 Budget are maintained, with additional funding to be allocated in consultation with the sector.",NA,"504",NA
"In particular, the Plan will: be responsive to the particular needs of LGBTIQ+ people, migrants, young people, older women, and disabled people, and ensure women on temporary visas can access support",NA,"504",NA
"centre the voices and experiences of victim-survivors, and support recovery measures",NA,"504",NA
"provide long-term secure funding to Our Watch and ANROWS to develop and evaluate national primary prevention and cultural change programs",NA,"504",NA
"support targeted, best practice behaviour change and early intervention programs",NA,"504",NA
"support workforce development of expertise in prevention and early intervention",NA,"504",NA
"provide explicit measures for harassment (including street harassment), ﬁnancial abuse, technology-facilitated abuse, and coercive control",NA,"504",NA
"facilitate harmonisation of laws relating to consent, evidentiary burdens, and deﬁnitions of domestic, family and sexual violence",NA,"504",NA
"Implementation of the plan will be supported by doubling funding for legal assistance services like Aboriginal and Torres Strait Islander Legal Services, community legal centres, women’s legal services, Family Violence Prevention Legal Services, and legal aid commissions.",NA,"504",NA
"We will also support ongoing reform of the family law and criminal justice system, including training to ensure police and judges understand power dynamics, the signs of sexual, domestic and family violence, and the impacts of trauma.5",NA,"605.1",NA
"4 Curtis, K. “'Incredible pressure': Thousands of women turned away from domestic violence legal services”. Sydney Morning Herald, 22 September 2020.",NA,NA,NA
"Safety for First Nations Women",NA,NA,NA
"The Greens will ensure there is a National Plan to End Violence Against First Nations Women and Children that is self-determined by First Nations women and their community-controlled services and organisations.",NA,"607.3",NA
"First Nations leadership, expertise and solutions must be prioritised at all stages of the development and implementation of the Plan, commencing with a First Nations Women’s Summit.",NA,"607.3",NA
"Ending rape culture",NA,NA,NA
"In 2021, thousands of school students shared confronting stories of how common sexual assault is amongst young people.6",NA,"504",NA
"The highest rates of sexual assault occur amongst 15 – 19 year olds.7",NA,"504",NA
"An alarming number of people still disbelieve or victim-blame survivors of assault.8",NA,"504",NA
"We live in a rape culture: one that normalises sexual assault as ‘boys will be boys’.",NA,"504",NA
"Nationally consistent Respectful Relationships Education is a key primary prevention program to try to dismantle this persistent rape culture and ensure everyone understands that anything less than informed and enthusiastic consent means no.",NA,"506",NA
"ACARA has conﬁrmed that comprehensive consent education will be mandatory from prep to Y10 from 2023.9",NA,"506",NA
"The Greens will make sure that program is well-designed and well-delivered by allocating $477 million over four years to roll out Our Watch’s proven age-appropriate, evidence-based, whole of school programs in all public schools.10",NA,"506",NA
"Survivor Grants",NA,NA,NA
"Too often, women stay in violent situations because they can’t afford to leave, or worry that they won’t be able to guarantee their safety, or the safety of their children if they leave.",NA,"504",NA
"Lack of resources should not prevent anyone from escaping violence.",NA,"504",NA
"The Greens will invest $380 million over four years to strengthen the government’s Escaping Violence Payments to help survivors access immediate support to meet the costs of leaving an abusive relationship and starting a new life.",NA,"504",NA
"Grants of up to $10,000 will be available to cover expenses such as relocation costs and bond, food and clothing, medical expenses, strengthening personal security, and re-training and recruitment costs.",NA,"504",NA
"5 See Justice for All policy.",NA,NA,NA
"6 Contos, C. “Do they even know they did this to us?': why I launched the school sexual assault petition”. The Guardian. 15 March 2021.",NA,NA,NA
"7 Australian Institute of Health and Welfare. 2020. Sexual Assault in Australia.",NA,NA,NA
"8 Australia Talks survey data suggests only 55% of people agree that sexual assault allegations are almost always true. 9 Lisa Visentin & Natassia Chrysanthos, “Education: Consent",NA,NA,NA
"and coercion in sexual relationships to be part of national",NA,NA,NA
"curriculum”Sydney  Morning  Herald, 19 Feburary 2022  10 Our Watch. Evidence paper: Respectful Relationships Education in Schools.",NA,NA,NA
"https://education.ourwatch.org.au/resource/evidence-paper-re spectful-relationships-education-in-schools",NA,NA,NA
"Women’s safety initiatives",NA,NA,NA
"Disclosing past violence",NA,NA,NA
"Past violence is a key indicator of future risks, so having access to information about a partner’s history can save lives.",NA,"605.1",NA
"Based on the successful South Australian model, the Greens will invest $2.6 million to support other jurisdictions to implement a one year trial of a Domestic Violence Disclosure Scheme providing information about whether an applicant’s partner has a history of violence, subject to conﬁdentiality protections and support.11",NA,"605.1",NA
"Even where a search shows no history of violence, the fact that a request was made can raise attention to risk factors.",NA,"605.1",NA
"Anyone accessing the scheme will be supported with counselling and outreach services.",NA,"605.1",NA
"Illawarra Women’s Trauma Recovery Centre",NA,NA,NA
"Domestic and family violence is a complex issue.",NA,"605.1",NA
"The resulting trauma can have long-term impacts for women and their families, even after they leave, including health, legal and ﬁnancial diﬃculties and psychosocial challenges.12",NA,"504",NA
"The Illawarra Women’s Trauma Recovery Centre will be Australia’s ﬁrst trauma recovery space dedicated to survivors of sexual, family and domestic violence.13",NA,"504",NA
"The complex needs of recovering victim-survivors include counselling, social support, parenting support, ﬁnancial advice, health management, and legal support.",NA,"504",NA
"These services are best provided in one safe, accessible place by a team of trauma-informed professionals.",NA,"504",NA
"The Greens will invest $28.5 million for a ﬁve year pilot of the Illawarra Women’s Trauma Recovery Centre to:",NA,"504",NA
"demonstrate the effectiveness of an individualised and wrap-around service to assist victim-survivors",NA,"504",NA
"support research into response strategies for domestic and family violence",NA,"504",NA
"11 See",NA,NA,NA
"h  ttps://www.police.sa.gov.au/media/documents/forms/urls/d  o mestic-violence-disclosure-scheme",NA,NA,NA
"12 ANROWS, 2020. Constructions of complex trauma and implications for women’s wellbeing and safety from violence. Available at anrows.org.au",NA,NA,NA
"13 https://womenstraumacentre.wordpress.com",NA,NA,NA
"14 See 1 Million Homes policy",NA,NA,NA
"15 See Economic Justice Australia, Debt, Duress and Dob-Ins: Centrelink compliance processes and domestic violence, November 2021.",NA,NA,NA
"h  ttps://www.ejaustralia.org.au/wp/wp-content/uploads/EJA_F u ll-Report2021_DebtsDuressDobins-FINAL.pdf",NA,NA,NA
"Domestic and family violence leave",NA,NA,NA
"The existing right to ﬁve days of unpaid leave is wholly inadequate given the ﬁnancial burden and emotional toll of leaving a violent relationship.",NA,"504",NA
"The Greens will require employers to provide 10 days of paid leave to employees experiencing family and domestic violence so that no one has to choose between getting paid and being safe.",NA,"504",NA
"Addressing the housing crisis",NA,NA,NA
"Chronic lack of capacity in domestic violence shelters, crisis and transitional housing and social housing is killing women.",NA,"504",NA
"Without access to safe and secure housing, women are being forced to choose between staying in an abusive relationship or risking homelessness.",NA,"504",NA
"No one should have to make that choice.",NA,"504",NA
"The problem is even worse in regional areas, and older women are particularly vulnerable.",NA,"504",NA
"The Greens will fund crisis and transitional accommodation under the National Plan for Eliminating Violence Against Women,",NA,"504",NA
"and provide long-term affordable housing by investing in social housing to build 1 million new public and community homes.14",NA,"504",NA
"Financial security",NA,NA,NA
"The Greens will review the Commonwealth income support framework to make sure women can be assessed independently of an abusive partner once they leave.15",NA,"504",NA
"We also have a suite of measures to improve women’s overall economic position so more women have ﬁnancial security when making decisions.16",NA,"504",NA
"Safer workplaces",NA,NA,NA
"The National Sexual Harassment survey found that nearly 40% of women have been harassed at work, but many do not report the harassment for fear of reprisal or lack of conﬁdence that any action will be taken.17",NA,"503",NA
"The Australian Human Rights Commissions’ comprehensive report, Respect@Work, provides a roadmap towards safer, non-discriminatory workplaces, but the government has failed to act on all its recommendations.",NA,"503",NA
"The Greens will implement all 55 recommendations in full, including: A positive duty on employers to prevent sexual harassment and sex-based discrimination in their workplace",NA,"503",NA
"Giving the AHRC powers to investigate systemic discrimination and harassment",NA,"605.1",NA
"Allowing class actions for sexual harassment and sex-based discrimination",NA,"605.1",NA
"$8 million annually to fund Working Women’s Centres in all States and Territories",NA,"504",NA
"To ensure that perpetrators are held accountable and sexual harassment is not swept under the carpet, we will also prohibit non-disclosure agreements unless requested by victims and allow factual information about the outcome of harassment claims to be made public by the victim.",NA,"605.1",NA
"16 See Women’s Economic Security policy",NA,NA,NA
"17 Australian Human Rights Commission. 2018. Everyone’s business: Fourth national survey on sexual harassment in Australian workplaces",NA,NA,NA
"Taking  harassment seriously",NA,NA,NA
"The Government has committed to conducting a national sexual harassment survey every four years to measure progress on making workplaces safer for all staff and identifying areas where further work is required.",NA,"503",NA
"In addition to supporting this survey, the Greens will require the Prime Minister and the Minister for Women to formally respond to the survey results to ensure national attention.",NA,"503",NA
"Parliamentary  workplaces",NA,NA,NA
"A series of recent scandals and reports of past abuse have made clear that politicians aren’t fulﬁlling their obligations to make their workplaces safe.",NA,"503",NA
"The Australian Human Rights Commission’s Set the Standard report lays out how to change that.",NA,"503",NA
"To ensure that the Australian Parliament is a model workplace, and somewhere women aspire to work, the Greens will: Implement all 28 recommendations of theSet the Standard report",NA,"503",NA
"Lock in the new independent process for bullying and harassment complaints",NA,"503",NA
"Mandate that all MPs undertake regular, comprehensive anti-bullying and harassment training",NA,"503",NA
"Introduce an enforceable Code of Conduct for all politicians and senior staff",NA,"503",NA
"Implement strong measures to facilitate more diversity and inclusivity amongst MPs and the parliamentary workforce",NA,"503",NA
"HOW THE GREENS HAVE BEEN FIGHTING FOR YOU",NA,NA,NA
"In the last parliament, the Greens:",NA,NA,NA
"Moved amendments to the Respect@Work Bill to introduce positive duties on employers to provide safe and respectful workplaces",NA,"503",NA
"Passed motions forcing regular acknowledgement of the rising number of women killed by violence, and regularly spoke about violence against women in the media and parliament",NA,"605.1",NA
"Spoke up against Pauline Hanson’s damaging Family Law inquiry",NA,"503",NA
"Established a cross-party parliamentary group to advocate for action to reduce violence against women,",NA,"503",NA
"and a consistent national approach to coercive control",NA,"503",NA
"Called for an independent complaints process for parliamentary staff and an enforceable Code of Conduct for all politicians",NA,"503",NA
"Pushed for an independent inquiry into allegations of sexual assault against Christian Porter",NA,"503",NA
"Pushed for gender equality reporting to be extended to the public sector",NA,"503",NA
"Called for the urgent implementation of the full suite of Set the Standards recommendations to make parliamentary workplaces safe.",NA,"503",NA
"IMMIGRATION",NA,NA,NA
"A fair and humane migration program",NA,NA,NA
"The Greens recognise that Australia is a country of unceded First Nations lands, and except for First Nations people we are all migrants or descended from migrants.",NA,"607.3",NA
"Today, around 30 percent of our population was born overseas, and 20 percent of those born in Australia have at least one parent who was born overseas.",NA,"607.1",NA
"At the end of 2020 there were 82.4 million people around the world who had been forcibly displaced from their homes as a result of persecution, conﬂict, human rights violations or environmental disasters - 26.4 million of whom had been recognised as refugees.",NA,"602.2",NA
"As these numbers continue to increase, Australia has a responsibility to do more to respond.",NA,"602.2",NA
"Yet our annual humanitarian intake continues to decrease.",NA,"602.2",NA
"Many migrants, refugees and people seeking asylum live in Australia without adequate health and welfare safety nets.",NA,"602.2",NA
"Our treatment of people seeking asylum who arrived by boat remains a humanitarian calamity.",NA,"602.2",NA
"As a wealthy, multicultural country, we can, and should, do better.",NA,"602.2",NA
"THE GREENS WILL:",NA,NA,NA
"End offshore detention and support refugees and people seeking asylum in Australia",NA,"201.2",NA
"Abolish temporary protection visas and reintroduce permanent protection",NA,"602.2",NA
"Increase Australia’s humanitarian intake to 50,000 people per year",NA,"602.2",NA
"Abolish the Australian Border Force and Operation Sovereign Borders",NA,"602.2",NA
"Push for a faster, fairer, and more affordable family reunion visa system that actually reunites families",NA,"602.2",NA
"A COMPASSIONATE AND GLOBALLY RESPONSIBLE REFUGEE PROGRAM",NA,NA,NA
"Refugees and people seeking asylum have long contributed to Australian culture and society.",NA,"602.2",NA
"The Greens will end offshore detention, work towards a genuine regional solution, increase our humanitarian intake, better support refugees in Australia, and end temporary protection visas to meet our human rights obligations and provide a safe haven for those who need it.",NA,"602.2",NA
"Under our plan for a humane refugee program, the Greens will: end Australia’s cruel and unnecessary offshore detention regime;",NA,"602.2",NA
"offer resettlement in Australia to all refugees and people seeking asylum who were detained offshore in Nauru and Papua New Guinea;",NA,"602.2",NA
"increase Australia’s humanitarian intake to 50,000 people per year (Australia currently allocates 13,750 places per year, but only accepted 5,947 refugees into the program last year1);",NA,"602.2",NA
"provide an additional 20,000 permanent humanitarian places for people ﬂeeing conﬂict and persecution in Afghanistan,",NA,"602.2",NA
"and an additional 20,000 permanent humanitarian places for people ﬂeeing conﬂict and persecution in Ukraine;",NA,"602.2",NA
"reinstate a single statutory Refugee Status Determination (RSD) process with access to full and independent merits review;",NA,"602.2",NA
"abolish temporary protection visas (TPV) and safe haven enterprise visas (SHEV) and provide permanent protection for people, with the safety nets and opportunities that permanent visas provide, so that they can rebuild their lives in Australia for the long-term;",NA,"602.2",NA
"grant current TPV and SHEV holders with a Permanent Protection visa;",NA,"602.2",NA
"limit onshore held immigration detention for people seeking asylum to a maximum of 7-days to allow for health and security checks, unless otherwise ordered by a court for public order, public health, or national security concerns;",NA,"201.2",NA
"provide all refugees and people seeking asylum with access to adequate income support, work rights, health care, education, cultural and settlement services so they can live in our communities with dignity;",NA,"602.2",NA
"create a program to allow for the private sponsorship of 10,000 refugees per year in addition to our annual humanitarian intake, based on Canada’s Private Sponsorship of Refugees program2;",NA,"602.2",NA
"establish an internal target for LGBTIQ+ refugees - as Australia currently does for women at risk3 - and provide dedicated funding and appropriate support for refugees who are ﬂeeing persecution in their home countries based on their sexuality, gender identity, or intersex status, with $40 million over four years funding for local organisations and sponsor groups working on LGBTIQ+ refugee resettlement within the private sponsorship of refugees program;",NA,"602.2",NA
"provide $500 million over four years to support the UNHCR and partner countries in our region to assess people’s claims for asylum made from Indonesia and Malaysia in a timely fashion, and provide a ‘dignity package’ which would allow access to healthcare, education, English classes and work permits while people wait for their assessments and resettlement; and",NA,"107",NA
"provide $60 million to establish a Royal Commission into Australia’s onshore and offshore immigration detention facilities.",NA,"602.2",NA
"1Asylum Seeker Resource Centre 2022, Federal Budget a missed opportunity for fairness as refugees and people seeking asylum are once again left behind, ASRC, Melbourne",NA,NA,NA
"2Immigration, Refugees and Citizenship Canada 2009, Guide to the Private Sponsorship of Refugees Program, Government of Canada, Ottawa",NA,NA,NA
"3Department of Home Affairs 2021, Subclass 200, 201, 203 and",NA,NA,NA
"204 Refugee category visas, Australian Government, Canberra",NA,NA,NA
"ABOLISH THE AUSTRALIAN BORDER FORCE",NA,NA,NA
"The Australian Border Force is a quasi-military law enforcement agency responsible for customs functions, as well as immigration detention, both onshore and offshore, and boat turnbacks as part of Operation Sovereign Borders (OSB).",NA,"602.2",NA
"Returning people seeking asylum to the situations they were compelled to risk their lives to escape is not humane or responsible policy.",NA,"602.2",NA
"Boat turnbacks are inhumane and illegal4.",NA,"201.2",NA
"The Greens will abolish the Australian Border Force, and terminate all activities conducted speciﬁcally for Operation Sovereign Borders.",NA,"602.2",NA
"To protect our coastlines, oceans, environment, and economic activity, and for search and rescue of people in trouble in Australia’s waters, the Greens will create a dedicated civil maritime agency, the Australian Maritime Service (AMS).",NA,"104",NA
"Maritime operations regarding contraband (e.g. drug importation), piracy, robbery or violence at sea, and maritime terrorism will be shared between the ADF and police agencies, as appropriate.",NA,"104",NA
"This policy also includes the reestablishment of the Australian Customs Service to manage border traﬃc and trade measures.",NA,"605.1",NA
"4Moreno-Lax, V. 2017, The Interdiction of Asylum Seekers at Sea: Law and (mal)practice in Europe and Australia, UNSW, Sydney",NA,NA,NA
"FIXING A BROKEN FAMILY REUNION VISA SYSTEM",NA,NA,NA
"Australia has a rich history of welcoming migrants.",NA,"602.2",NA
"However, it can be expensive, diﬃcult, and time-consuming for people to bring their family members to Australia, with some family reunion visa applicants waiting for up to ﬁfty years5.",NA,"602.2",NA
"In addition to long waiting lists, family reunion visas require that the sponsor meet an income requirement, and a ‘balance of family test’ that requires at least half the applicant’s children to be living permanently in Australia6.",NA,"602.2",NA
"This includes children of unknown whereabouts or undetermined living status.",NA,"602.2",NA
"The current non-contributory parent visa has a waiting list of more than 30 years7.",NA,"602.2",NA
"This means many applicants have little to no chance of being accepted within their lifetimes.",NA,"602.2",NA
"The Australian Government applies Ministerial Direction 80 to effectively prevent people seeking asylum who arrived by boat from obtaining family reunion visas.",NA,"602.2",NA
"This has resulted in the punitive and arbitrary separation of families ﬂeeing conﬂict and persecution.",NA,"602.2",NA
"The current policy framework causes social and economic exclusion, and disproportionately impacts women, people with disabilities, low income families, and those with children living across multiple countries.",NA,"602.2",NA
"That is why the Greens initiated the recent inquiry into the eﬃcacy, fairness, timeliness and costs of the processing and granting of visa classes which provide for or allow for family and partner reunions8 by the Senate Legal and Constitutional Affairs Committee (the Senate Committee).",NA,"602.2",NA
"On 29 March 2022, after a 13-month long inquiry, the Senate Committee, which was composed of Liberal, Labor, and Greens members, delivered its report with recommendations that: as a matter of urgency, the Department of Home Affairs develops a long-term strategy to update its system for the processing of visas;",NA,"602.2",NA
"to improve its eﬃciency, to reduce its complexities, reduce waiting times substantially, and to provide greater transparency for applicants; and that",NA,"602.2",NA
"the Australian Government appropriately resources the Department of Home Affairs to undertake, urgently, the development of the strategy and its timely implementation, as outlined in Recommendation 1.",NA,"602.2",NA
"In balance of power the Greens will push to ensure the recommended urgent revision and reorienting of Australia’s family reunion visa system is conducted,",NA,"602.2",NA
"and negotiate to ensure the system is made faster, fairer, and more affordable than it currently is by adopting the Greens’ additional recommendations9 that:",NA,"602.2",NA
"the deﬁnition of family for the purposes of Australia's family reunion visa system be broadened to enable family reuniﬁcation beyond the nuclear family;",NA,"602.2",NA
"the discriminatory balance of family test be removed as a requirement for parent visa application;",NA,"602.2",NA
"the Government abandon its proposed reforms to English language requirements for partner visas;",NA,"602.2",NA
"the health requirement for people with disabilities be removed from the Migration Act 1958;",NA,"602.2",NA
"the Disability Discrimination Act 1992 be amended to remove the exemption it provides for provisions within the Migration Act 1958;",NA,"602.2",NA
"Temporary Protection Visas and Safe Haven Enterprise visas be abolished,",NA,"602.2",NA
"and the right for all refugees to a Permanent Protection visa as part of a single statutory Refugee Status Determination process with access to full and independent merits review be reinstated;",NA,"602.2",NA
"Ministerial Direction 80 be abolished;",NA,"602.2",NA
"Australia's family reunion visa quotas be increased suﬃciently that current backlogs are cleared,",NA,"602.2",NA
"and future applications can be processed in reasonable timeframes that are reﬂective of actual processing times;",NA,"602.2",NA
"contributory parent visas be abolished and non-contributory parent visas for all applicants be retained and processed in order of application;",NA,"602.2",NA
"the fee structure of Australia's family reunion visa system be reviewed to make fees more affordable, and in line with the actual administrative costs of processing; and",NA,"602.2",NA
"mandatory cancellation powers provided under the Migration Act 1958 be repealed.",NA,"602.2",NA
"These recommendations reﬂect many of the public submissions made to the Senate inquiry by expert stakeholders and migrant families alike.",NA,"602.2",NA
"To read more on the inquiry, and the Senate Committee’s ﬁndings, please visit: a ph.gov.au - inquiry on family and partner visas.",NA,"000",NA
"5Department of Home Affairs 2021, Submission to the Inquiry into the eﬃcacy, fairness, timeliness and",NA,NA,NA
"costs of the processing and granting of visa classes which provide for or allow for family and partner reunions, Australian Government, Canberra",NA,NA,NA
"6Department of Home Affairs 2020, Balance of family test, Australian Government, Canberra",NA,NA,NA
"7Department of Home Affairs 2021, Parent visas - queue release dates and processing times, Australian Government, Canberra",NA,NA,NA
"8Legal and Constitutional Affairs References Committee 2022, The eﬃcacy, fairness, timeliness and costs of the processing and granting of visa classes which provide for or allow for family and partner reunions, Australian Parliament House, Canberra",NA,NA,NA
"9Legal and Constitutional Affairs References Committee 2022, The eﬃcacy, fairness, timeliness and costs of the processing and granting of visa classes which provide for or allow for family and partner reunions: Additional comments from the Australian Greens, Parliament of Australia, Canberra",NA,NA,NA
"HOW THE GREENS HAVE BEEN FIGHTING FOR YOU",NA,NA,NA
"Generations of migrants and refugees have made Australia home, with every single one of us adding to the social, cultural and economic fabric of our nation.",NA,"602.2",NA
"Today, our communities are multicultural, enriched by the breadth of our experiences, hopes and aspirations.",NA,"607.1",NA
"The Greens will continue to celebrate our diversity and work to make Australia a more welcoming and inclusive nation for all of us.",NA,"607.1",NA
"We are a party that ﬁghts for families and communities, and against inequities and unfairness.",NA,"607.1",NA
"The Greens have also been the strongest voice in the Parliament ﬁghting to reunite families that had been indeﬁnitely separated by harsh COVID-19 border restrictions, including Australians onshore and migrants offshore separated from partners, spouses, and children, careers and incomes.",NA,"201.2",NA
"In the last parliament, it was also the Greens that: fought for adequate safety nets for temporary visa holders in Australia, including New Zealand citizens, affected by the COVID-19 pandemic;",NA,"602.2",NA
"fought to save the medevac laws that were introduced by the Greens and brought around 1,000 people to Australia for urgent medical treatment;",NA,"602.2",NA
"advocated for refugees and people seeking asylum who have been arbitrarily and indeﬁnitely detained in by the Australian Government in onshore and offshore detention facilities; and",NA,"602.2",NA
"travelled to PNG to bear witness to Australia’s inhumane offshore detention regime.",NA,"201.2",NA
"ACCESSIBLE AUSTRALIA",NA,NA,NA
"The Australian Greens plan for a more inclusive Australia",NA,NA,NA
"There are more than four million disabled people in Australia.",NA,"503",NA
"Just like everyone else, they have a right to be supported to live full and active lives.",NA,"503",NA
"But signiﬁcant barriers still remain in our society.",NA,"503",NA
"Disabled people continue to fall through the cracks and are often denied the same rights as everyone else.",NA,"503",NA
"Successive Liberal and Labor governments have perpetuated the discrimination of disabled people, often denying them access to inclusive education, meaningful employment, adequate services, and the support they need.",NA,"203",NA
"The Greens will remove the barriers that stop disabled people from living a good life, ﬁx the systems that are meant to support them, and eliminate the structural discrimination they face.",NA,"503",NA
"THE GREENS WILL:",NA,NA,NA
"Fully resource the NDIS so it meets the needs of disabled people, their families and carers",NA,"504",NA
"Make disabled people’s physical and digital worlds accessible, including by establishing a new $3 billion Accessible Infrastructure Fund",NA,"504",NA
"Champion inclusive education and employment by establishing a 20 per cent quota for full disabled employee representation in the Australian Public Service by 2030",NA,"503",NA
"Create more accessible housing and healthcare through co-designed planning, policies, and implementation of Liveable Housing Australia Silver Standard across the country",NA,"503",NA
"Ensure disabled people are at the centre of decision-making, policy and planning through a $30 million increase in Commonwealth funding for disability advocacy organisations over four years",NA,"503",NA
"An NDIS that works",NA,NA,NA
"The NDIS has the potential to transform the lives of disabled people, their families and carers.",NA,"504",NA
"But to transform lives, the scheme needs to work, deliver on its promises, and meet the needs of people.",NA,"504",NA
"The Greens are committed to creating a properly funded, staffed and resourced NDIS that is transparent, consultative and accountable.",NA,"504",NA
"The Greens will: Remove the staﬃng cap and ensure that staff receive high-quality, ongoing training and support;",NA,"504",NA
"Ensure the IT systems and interfaces for participants and service providers are ﬁt for purpose and fully accessible;",NA,"504",NA
"Ensure the NDIS Quality and Safeguards Commission is properly resourced to undertake its compliance and investigative capacity through an immediate investment of $300 million;",NA,"504",NA
"Push to remove the age limit that prevents people over 65 from being accepted in the NDIS;",NA,"504",NA
"Boost NDIS funding and reinvest into the NDIS the $160 million the Morrison Government committed to corporations as part of their failed attempt to roll out Independent Assessments.",NA,"504",NA
"Accessible transport, infrastructure and communications",NA,NA,NA
"The Greens will: Invest $1 billion over four years to boost accessible public transport across Australia;",NA,"503",NA
"Establish a new $3 billion Accessible Infrastructure Fund, including $30 million Accessible Nature Fund, available to state, territory and local governments to improve the accessibility of existing public places and infrastructure.",NA,"503",NA
"This includes increasing access to nature and tourism activities for disabled people;",NA,"503",NA
"Restore funding and invest $30 million to increase the availability of AUSLAN interpreters, relay and translation services, and expand the regulatory requirement for audio description and captioning services to commercial TV;",NA,"503",NA
"Provide $1.49 million over two years, followed by ongoing annual funding of $2 million indexed by the Consumer Price Index, to establish a National Disability Telecommunications Service, a national resource for communications product and services information, training and support;",NA,"503",NA
"Invest an initial $5 million to re-establish a safe, dedicated online platform for the promotion of discussion, debate, and cultural development within the disability community (similar to the ABC’s defunded Ramp Up).",NA,"503",NA
"Inclusive education and employment",NA,NA,NA
"Disabled Australians have the right to a good education and meaningful employment.",NA,"503",NA
"We know that disabled people experience poverty at a higher rate than the rest of the population, and have poorer employment outcomes due to a range of social barriers and discrimination.1",NA,"503",NA
"We need a plan to address this so that disabled people can have the things they need to live a good life.",NA,"503",NA
"Article 24 of the Convention on the Rights of People with Disabilities makes clear that disabled people have a right to inclusive education.",NA,"503",NA
"It is time we make a serious plan to ensure disabled students in Australia can realise this right, by committing to a goal of eliminating segregated education by 2030.2",NA,"503",NA
"The Greens will: Work with the disability community to create a National Jobs Plan that:",NA,"503",NA
"○ Sets a 20 per cent quota for full employment representation of disabled employees in the Australian Public Service by 2030;",NA,"503",NA
"○ Sets milestone targets, performance indicators and timeframes for increasing the workforce participation and retention for disabled people across all sectors;",NA,"503",NA
"○ Ends segregated employment, including the closure of Australian Disability Enterprises (ADE), and makes transitional arrangements for workers.",NA,"503",NA
"Transition to a fully inclusive education system by: ○ Investing an initial $10 million over four years to co-design a National Inclusive Education Transition Plan with disabled people, families, disability representative organisations, teachers and their unions, and education experts;",NA,"503",NA
"○ Building inclusive education into tertiary qualiﬁcations and giving all pre-service and in-service teachers and principals the opportunity to train, retrain and regularly upskill in inclusive education practices by investing $400 million over four years.",NA,"503",NA
"1 Australian Bureau of Statistics, Survey of Disability, Ageing and Carers, Australia, 2018 https://www.abs.gov.au/statistics/health/disability/disability-a geing-and-carers-australia-summary-ﬁndings/latest-release",NA,NA,NA
"2 This timeline is in line with the Australian Coalition for Inclusive Education’s Driving change: A roadmap for achieving inclusive education in Australia",NA,NA,NA
"h  ttps://acie.org.au/2020/09/30/driving-change-a-roadmap-for- a  chieving-inclusive-education-in-australia",NA,NA,NA
"Accessible housing",NA,NA,NA
"Housing is a fundamental human right.3",NA,"201.2",NA
"Disabled people have been locked out of affordable and accessible housing, leaving them with unacceptable options.4",NA,"503",NA
"The Greens will: Ensure the implementation of the Liveable Housing Australia (LHA) Silver standard now codiﬁed in the National Construction Code across all jurisdictions;5",NA,"503",NA
"Build one million fully accessible public and community homes under the Federal Housing Trust;",NA,"503",NA
"Invest in accessible housing solutions to ensure availability of high quality Specialist Disability Accommodation and transitional housing options to  ensure disabled people aren’t forced into residential aged care;6",NA,"503",NA
"Accessible healthcare",NA,NA,NA
"We have heard throughout the course of the Royal Commission into Violence, Abuse, Neglect and Exploitation of People with Disability that there remain signiﬁcant and fatal barriers to accessible healthcare.7",NA,"504",NA
"The Greens will: Fully fund and implement the National Roadmap for Improving the Health of People with Intellectual Disability, including the funding of a national centre of excellence, in the ﬁrst year of government;8",NA,"504",NA
"Invest $56 million over four years to fully roll out the Primary Health Enhancement Program across the 31 Primary Healthcare Networks;",NA,"504",NA
"Invest an initial $10 million over four years working with disabled people, disability representative organisations and educational institutions to develop model curricula for health professionals that focus on disability awareness in medical practice.",NA,"501",NA
"3 Article 19 of the United Nations Convention on the Rights of Persons with DIsabilities (CRPD) promotes and protects the right of disabled people to live independently in the community; Article 25 of the CRPD reobnigises the right to high standard of health without discrimination.",NA,NA,NA
"4 The University of Melbourne, Why housing is a major public health issue for people with disability https://pursuit.unimelb.edu.au/articles/why-housing-is-a-major",NA,NA,NA
"-public-health-issue-for-australians-with-disability",NA,NA,NA
"5 Building Minister’ Meeting: Communique April 2021 https://www.industry.gov.au/news/building-ministers-meeting- communique-april-2021",NA,NA,NA
"6  Summer Foundation Housing Policy",NA,NA,NA
"h  ttps://www.summerfoundation.org.au/policy-information-and resources/housing-policy/#solution1",NA,NA,NA
"7 Royal Commission into Violence, Abuse, Neglect and Exploitation of People with Disability, Healthcare for people with cognitive disability issues paper https://disability.royalcommission.gov.au/system/ﬁles/2020-0 7/Issues-paper-Health-care-for-people-with-cognitive-disability. pdf",NA,NA,NA
"8 National Roadmap for Improving the Health of People with Intellectual Disability | Australian Government Department of Health https://www.health.gov.au/resources/publications/national-roa dmap-for-improving-the-health-of-people-with-intellectual-disa bility ; The Council for Intellectual Disability “Our health counts” campaign Our health counts campaign - Council for Intellectual Disability (cid.org.au)",NA,NA,NA
"Disabled people in the legal system",NA,NA,NA
"Disabled people are overrepresented in the criminal legal system in Australia, and this is even more so for disabled First Nations peoples.9",NA,"503",NA
"We must urgently address this crisis through community-led solutions, and undo the racism and ableism that have led us here.",NA,"503",NA
"The Greens will: Work with communities to co-design justice reinvestment and diversionary programs to reduce the interaction disabled people have with the criminal legal system;",NA,"606.1",NA
"Ensure that disabled people in the criminal legal system, particularly in carceral settings, are able to access disability supports and reasonable adjustments and modiﬁcations, including the NDIS.",NA,"503",NA
"This includes the support in the lead up to any court proceedings and during the court proceedings themselves.",NA,"503",NA
"This will have the effect of ensuring that disabled people are provided all the necessary supports to be able to meaningfully participate throughout the entire process of their legal proceedings;",NA,"503",NA
"Ensure that disabled people interacting with the legal system are provided with appropriate support, including advocacy and legal support;",NA,"503",NA
"Ensure that all Australian jurisdictions that allow people to be imprisoned after a ﬁnding of unﬁtness to plead or to stand trial, or by verdict of not guilty due to impairment, impose effective limits on the total period of imprisonment that a person can be subject to.",NA,"503",NA
"9 Eileen Baldry et al, ‘‘It’s just a big vicious cycle that swallows them up’: Indigenous people with mental and cognitive disabilities in the criminal justice system’ (2016) 8(22) Indigenous Law Bulletin 10.",NA,NA,NA
"Empowering our community",NA,NA,NA
"For too long, disabled people have been shut out of decision-making and policy creation affecting the community.",NA,"503",NA
"This has perpetuated discrimination, violence, abuse, neglect and exploitation, and has seen devastating consequences.",NA,"503",NA
"The 2019/20 bushﬁres and the COVID-19 pandemic are two catastrophic events that placed disabled people at extreme risk.",NA,"503",NA
"We saw the Coalition government consistently fail to meaningfully respond to this, and to co-design inclusive and accessible solutions.",NA,"503",NA
"The Greens will always ensure that the disability community are not only included in but empowered to lead in policy, planning, and implementation.",NA,"503",NA
"The Greens will: Increase Commonwealth funding for disability advocacy organisations by $30 million over four years;",NA,"503",NA
"Implement all recommendations of the Royal Commission into Violence, Abuse, Neglect and Exploitation of People with Disability Public Report on the Experiences of People with Disability During the Ongoing COVID-19 Pandemic;10",NA,"503",NA
"Invest $15 million over the forward estimates to ensure our emergency responders and disaster relief services receive disability awareness training;",NA,"504",NA
"Establish an Oﬃce of Disability Strategy within the Department of Prime Minister and Cabinet, responsible for coordinating and monitoring progress of the National Disability Strategy.",NA,"503",NA
"HOW THE GREENS HAVE BEEN FIGHTING FOR YOU",NA,NA,NA
"In the last parliament, it was The Greens who: Successfully campaigned for a Royal Commission into Violence, Abuse, Neglect, and Exploitation of People with Disability;",NA,"503",NA
"Legislated changes to the Royal Commission’s Act to strengthen protections for people seeking to give conﬁdential evidence to the Disability Royal Commission;",NA,"503",NA
"Worked alongside the community to defeat the Morrison government’s plans to implement Independent Assessments in to the NDIS;",NA,"504",NA
"Campaigned to have audio description requirements legislated;",NA,"503",NA
"Secured support for Australia’s Thalidomide survivors.",NA,"504",NA
"10 Royal Commission in to Violence, Abuse, Neglect and Exploitation of People with DIsability public hearing 5 report Experiences of people with disability during the ongoing COVID-19",NA,NA,NA
"pandemichttps://disability.royalcommission.gov.au/system/ﬁle s/2020-11/Report%20-%20Public%20hearing%205%20-%20Ex periences%20of%20people%20with%20disability%20during%2 0the%20ongoing%20COVID-19%20pandemic.pdf",NA,NA,NA
"NO POVERTY IN A WEALTHY COUNTRY",NA,NA,NA
"A liveable income guaranteed for all",NA,NA,NA
"Too many people in this wealthy country are living in poverty.",NA,"701",NA
"While the rich get richer, it's harder for people to ﬁnd a secure well paid job",NA,"701",NA
"and harder for small businesses to keep their doors open.",NA,"403",NA
"Governments are meant to serve the people, yet millions of Australians aren’t able to afford basic living costs.",NA,"701",NA
"People are facing hunger, eviction, and illness, while billionaires get handouts and big corporations pay no tax.",NA,"503",NA
"In a wealthy country like Australia, everyone should be living above the poverty line.",NA,"503",NA
"We saw during the height of the pandemic that governments can end poverty and ensure a strong social safety net for when people need it.",NA,"504",NA
"We have an income support system that should be universal, but harsh and punitive measures have made it inaccessible to those who need it most.",NA,"504",NA
"The Liberals - and now Labor too - have given up on fairness.",NA,"503",NA
"The Greens will introduce a liveable income guarantee, ensuring support is there for everyone who needs it.",NA,"504",NA
"We will abolish punitive elements from our income support system so that everyone who needs income can get it,",NA,"504",NA
"raise rates above the poverty line to $88 a day,",NA,"504",NA
"and return provision of employment services back to the Commonwealth.",NA,"504",NA
"This sits side by side with our plans to build and create affordable homes,",NA,"401",NA
"increase wages,",NA,"701",NA
"and reduce the costs of essential services by making them free.",NA,"504",NA
"THE GREENS WILL:",NA,NA,NA
"Introduce a liveable income guarantee",NA,"504",NA
"Raise income support payment rates above the poverty line to $88 a day",NA,"504",NA
"Abolish punitive measures from our social security system, so it is genuinely and easily available to those who need it",NA,"504",NA
"LIVEABLE INCOME GUARANTEE",NA,NA,NA
"Our current social security system does not support those that need it.",NA,"504",NA
"Income inequality is out of control and the current rates of income support payments do not come close to covering the basic essentials.",NA,"504",NA
"In a wealthy country like ours, no-one should live in poverty.",NA,"504",NA
"The Greens will ensure everybody has the support they need to live truly independent lives and support themselves while studying, caring and looking for work.",NA,"504",NA
"We will ensure everyone is supported with a liveable income guarantee.",NA,"504",NA
"To ensure that no-one is living in poverty we need to: raise the rate of all payments above the poverty line;",NA,"504",NA
"ensure that payments are universally available to everyone that needs them and that no-one falls through the cracks;",NA,"504",NA
"Guarantee access to essential social services ensuring they’re available in the places people need them.",NA,"504",NA
"RAISE THE RATE TO $88 A DAY",NA,NA,NA
"All across Australia people are having to make impossible choices to ﬁgure out how to live on $45 a day.",NA,"504",NA
"Young people are barely scraping by on youth allowance, older people are increasingly becoming homeless, and it's harder than ever to access the Disability Support Pension.",NA,"504",NA
"The Greens will raise the rate of income support payments above the poverty line, currently set at $88 a day, to ensure no one lives in poverty.",NA,"504",NA
"Who will beneﬁt?",NA,NA,NA
"Young people (youth allowance)",NA,NA,NA
"A 21 year old, single, with no dependents, who needs to live away from home will be up to $347 a week better off under the Greens plan.",NA,"504",NA
"Jobseekers",NA,NA,NA
"People looking for work will be up to $290 a week better off under the Greens plan.",NA,"504",NA
"Disabled people",NA,NA,NA
"People receiving disability support pension will be up to $172 a week better off under the Greens plan.",NA,"504",NA
"Age Pensioners",NA,NA,NA
"Age pensioners will be up to $122 per week better off under the Greens plan.",NA,"504",NA
"Parenting Payment Single",NA,NA,NA
"A single parent, with a 6 year old child will be $170 a week better off under the Greens plan.",NA,"504",NA
"MAKE PAYMENTS UNIVERSALLY AVAILABLE TO EVERYONE WHO NEEDS THEM",NA,NA,NA
"Harsh rules prevent many people from getting the support they need.",NA,"504",NA
"Many tertiary students, for example, are deemed to be dependent on the parents, denying them the ability to live an independent, secure life.",NA,"504",NA
"Other measures like mutual obligations and the Targeted Compliance Framework also stop people getting the support they need, while costing the public money to implement.",NA,"504",NA
"Mutual obligations and conditionality don’t help people to ﬁnd paid work and have no place in our social security system.",NA,"504",NA
"The guiding principle of the ‘liveable income guarantee’ is that no-one will fall through the cracks and ﬁnd themselves without an income above the poverty line.",NA,"504",NA
"The ﬁrst big step towards this will be to remove measures like the parental income and asset test for those not living at home (those living at home would still be subject to it)",NA,"504",NA
"and lower the age of eligibility of Jobseeker to 18, ensuring support is universally available to everyone who needs it.",NA,"504",NA
"The Greens will also remove all punitive measures from our social security system including, mutual obligations and the targeted compliance framework, the Cashless Debit Card, Basics Card, Work for the Dole, ParentsNext, and exploitative youth employment programs like Youth Jobs PaTH.",NA,"504",NA
"These requirements serve no purpose except to punish people living in poverty.",NA,"504",NA
"Abolishing these programs will help generate the savings that can go to the services we need.",NA,"504",NA
"GUARANTEED ACCESS TO ESSENTIAL SERVICES",NA,NA,NA
"Access to essential services - such as social services, disability services, mental health, childcare and aged care - is the backbone of a fair society.",NA,"504",NA
"Yet not everyone is able to access the essential services they need to fully participate in society.",NA,"504",NA
"Funding and staﬃng pressures have resulted in signiﬁcant unmet demand for community services, especially in regional and remote areas.",NA,"504",NA
"The Greens have plans to bring dental and mental health into Medicare, build 1 million affordable homes and remove costs for education.",NA,"504",NA
"We need to ensure essential services are available to everyone regardless of their income or where they live.",NA,"504",NA
"We will work to identify and map the services and social infrastructure needed to meet the changing and diverse needs of communities.",NA,"504",NA
"We will invest $20 million over the forward estimates to establish a Commonwealth taskforce to work across the public service and the states to put in place community service guarantees.",NA,"504",NA
"The Greens will invest $4 billion to bridge immediate gaps in community service provision, determined in partnership with the community sector.",NA,"504",NA
"SUPPORTIVE EMPLOYMENT SERVICES",NA,NA,NA
"Our current employment services system, jobactive, is failing unemployed people.",NA,"701",NA
"The for-proﬁt sector continues to reap billions of dollars for implementing ineffective and punitive employment programs.",NA,"701",NA
"The Greens will return the delivery of employment services back to the Commonwealth over 5 years to ensure all unemployed people get the support they need to enter or re-enter the workforce.",NA,"701",NA
"Under our plan, employment services will be responsive, ﬂexible and tailored to an individual’s circumstances.",NA,"701",NA
"We will ensure not-for-proﬁt providers are funded to provide specialist and intensive wrap-around services for people needing extra support.",NA,"504",NA
"These services will be available for anyone facing signiﬁcant barriers to ﬁnding work including disabled people, young people, older people, and refugees.",NA,"504",NA
"ROYAL COMMISSION INTO ROBODEBT",NA,NA,NA
"Robodebt has caused hurt and harm to hundreds of thousands of people.",NA,"304",NA
"The Greens will invest $60 million to establish a Royal Commission into Robodebt to uncover who knew what, when and for how long, and to look into all debts.",NA,"304",NA
"We need to examine the full social and economic costs of this policy failure, so we can make sure failures on this scale don’t happen again.",NA,"304",NA
"HOW THE GREENS HAVE BEEN FIGHTING FOR YOU",NA,NA,NA
"The Greens remain as the only strong voice calling for a fairer system.",NA,"504",NA
"We stand by our record on opposing punitive measures and supporting increased payments etc.",NA,"504",NA
"In the last parliament, it was the Greens who: Ensured that Youth Allowance recipients received the Covid supplement",NA,"504",NA
"Were the only party to oppose Cashless Debit Card every time and successfully prevented the trial from being made permanent",NA,"504",NA
"Introduced a bill to increase income support payments above the poverty line",NA,"504",NA
"STRENGTHEN RENTERS’ RIGHTS",NA,NA,NA
"Our plan to protect renters’ rights and fund advocacy",NA,NA,NA
"Nearly a third of all Australian households rent their home.",NA,"403",NA
"Yet government after government has ignored renters’ rights in favour of landlord proﬁts.",NA,"403",NA
"As a result, rents for often-substandard and unsustainable homes have skyrocketed, and, in some states, the prospect of “no grounds” evictions constantly looms.",NA,"403",NA
"Renting is becoming more unaffordable and inaccessible by the minute.",NA,"403",NA
"Thirteen percent of private renters were in poverty in 2020; this increased to 20% after housing costs1.",NA,"403",NA
"What’s more, up to 1 million tenants are in rental debt, and only 9% of people receive a satisfactory rent reduction after losing income2.",NA,"403",NA
"The Greens know that owning your own home should not be the only way to guarantee a roof over your head for life.",NA,"403",NA
"Renting can offer many beneﬁts compared to a mortgage if regulations ensure that people who rent can have a secure and affordable home.",NA,"403",NA
"The Greens will protect renters’ rights by boosting and guaranteeing funding for tenants’ advocacy services by $30 million per year to improve access to independent information, advice and advocacy.",NA,"403",NA
"We will also establish a National Standard of Renters’ Rights to: Limit the amount and frequency of rent rises in private rental",NA,"403",NA
"Prohibit ‘no grounds’ evictions and give tenants the option of European Style long-term leases",NA,"403",NA
"Allow tenants to make minor changes without permission from their landlord",NA,"403",NA
"Prohibit blanket ‘no pets’ clauses in leases",NA,"403",NA
"Ensure appropriate tenancy protections for victims of domestic violence in all states and territories",NA,"403",NA
"Enforce disability access, energy eﬃciency and environmental sustainability standards for rental homes.",NA,"403",NA
"1 Household, Income & Labour Dynamic Australia survey 2020,",NA,NA,NA
"<https:/ melbourneinstitute.unimelb.edu.au/hilda/ publications/hilda-statistical-reports>",NA,NA,NA
"2 Better Renting Report 2020,",NA,NA,NA
"<https:/ d3n8a8pro7vhmx.cloudfront.net/betterre nting/pages/315/attachments/original/16063840 96/Til_Debt_Do_Us_Part_v3.2.pdf?1606384096>",NA,NA,NA
"HOW THE GREENS HAVE BEEN FIGHTING FOR YOU",NA,NA,NA
"The Greens remain the only strong voice calling for a fair housing system in Parliament.",NA,"403",NA
"During the Covid-19 pandemic, the Greens successfully pushed for eviction bans and moratoriums on rent rises, preventing a rise in homelessness in a time of acute crisis.",NA,"403",NA
"The pandemic showed us that when there is political will, governments have the ability to prevent homelessness and house people ﬁrst.",NA,"305.1",NA
"PAYING FOR OUR PLAN",NA,NA,NA
"By making billionaires and big corporations pay their fair share of tax and winding back handouts to big polluters, we can build a better life for all of us.",NA,"403",NA
"1 in 3 big corporations pays no tax and many big corporations and billionaires send their profits offshore tax free.",NA,"403",NA
"The Greens will tax billionaires with a new ‘billionaires tax’,",NA,"403",NA
"require big corporations making excessive profits to pay a ‘corporate super-profits tax’",NA,"403",NA
"and axe billions of dollars in handouts to the coal, oil and gas giants that are driving the climate crisis.",NA,"501",NA
"These measures have all been costed by the independent Parliamentary Budget Office.",NA,"414",NA
"When big corporations and billionaires pay their fair share, everyone can have the services they need for a better life.",NA,"504",NA
"FULLY-FUND HOMELESSNESS SERVICES",NA,NA,NA
"Australia faces an acute crisis of homelessness, where over 100,000 people are without a roof over their head on any given night.",NA,"504",NA
"This is shameful and entirely preventable.",NA,"504",NA
"The Greens will tackle homelessness by building one million public and community homes over 20 years and by fully-funding frontline homelessness services so they do not have to turn away anyone seeking shelter and support.",NA,"504",NA
"THE GREENS WILL:",NA,NA,NA
"Tackle the homelessness crisis through a fivefold increase to funding for homelessness support services, with a boost of $550 million per year and indexed to CPI to ensure it never falls behind again.",NA,"504",NA
"Guarantee the increased homelessness funding for ten years so service providers can have certainty",NA,"504",NA
"Develop a National Housing and Homelessness Strategy",NA,"504",NA
"We are in a homelessness crisis that disproportionately harms older women, survivors of domestic violence, First Nations and LGBTQIA+ people, and refugees and migrants.",NA,"504",NA
"Hundreds of thousands of people seek support from specialist homelessness services each year and the numbers of people being turned away are increasing.",NA,"504",NA
"In 2020–21, Specialist Homelessness Services provided support to almost 278,300 people.1",NA,"504",NA
"A third of people who needed assistance from these services were told there were not enough beds.2",NA,"504",NA
"The situation is bad and getting worse, fast.",NA,"504",NA
"Older women are the fastest growing group of people experiencing homelessness, with homelessness in women over 55 growing by 31% in the last census.3",NA,"504",NA
"The number of older women seeking Specialist Homelessness Services has also risen steadily in the last decade4 and most women report being on Government support payments when they seek specialist support5.",NA,"504",NA
"We know homelessness and housing insecurity are not inevitable, but the result of deliberate public policy choices made by governments.",NA,"504",NA
"During the COVID-19 pandemic, we saw hundreds of thousands of people lifted out of poverty overnight, thanks to the JobSeeker COVID supplement.",NA,"504",NA
"Similarly, governments mobilised across the country to provide people sleeping rough with safe, secure places to sleep, and implemented protections for people suffering rental and mortgage stress.",NA,"504",NA
"This shows when there is political will to end homelessness, we can and will be able to house everyone safely.",NA,"504",NA
"The Greens plan will build one million new sustainable, accessible and affordable homes,",NA,"504",NA
"and increase funding to provide specialist homelessness services, more beds for people experiencing crisis, or in need of respite or supported transitional housing.",NA,"504",NA
"The Greens will: Increase base funding for homelessness services through the National Housing & Homelessness Agreement (NHHA) by $550m a year, which will be indexed.",NA,"504",NA
"This is more than a ﬁvefold increase per year to the dedicated Commonwealth funding for homelessness services in the NHHA, which was only $129m in 2020-21.6",NA,"504",NA
"Develop a National Housing and Homelessness Strategy aimed at ensuring everyone’s right to a home and assuring appropriate support, including providing early intervention programs for people who are at risk of homelessness.",NA,"504",NA
"Build one million new publicly-owned, affordable, accessible, high-quality and sustainable homes over 20 years that will obliterate projected public housing waiting  lists.",NA,"401",NA
"Strengthen renters’ rights with nationally consistent standards to prohibit no-grounds evictions, cap rent increases, ensure appropriate tenancy protections for victim-survivors of domestic violence in all states and territories, and boost funding for tenancy advocacy services with $30m per year.",NA,"403",NA
"In addition to these measures, the Greens will address the systemic drivers of homelessness through a guaranteed livable income, tackling the gender pay and superannuation gaps, earlier access to the Age Pension, and preventing family and domestic violence.",NA,"504",NA
"1 Australian Institute of Health and Welfare, Specialist Homelessness Services: Annual Report 2020-21",NA,NA,NA
"<https://www.aihw.gov.au/reports/homelessness-services/specialist-homelessness-services-annual-report/contents/summary>",NA,NA,NA
"2 A total of around 114,000 people were turned away when they approached services for assistance in 2020–21, which is 18,700 more than in 2019–20. See Australian Institute of Health and Welfare, Specialist Homelessness Services: Annual Report 2020-21",NA,NA,NA
"3 ABS, 2018",NA,NA,NA
"4 Australian Association of Gerontology (2018) Background Paper: Older women who are experiencing, or at risk of, homelessness. https://www.aag.asn.au/documents/item/2234",NA,NA,NA
"5 “A high proportion (79.5 %) of women 15 years of age and over who accessed Australian Specialist Homelessness Services in 2016-17",NA,NA,NA
"reported that their main source of income was government payments, including Newstart allowance (22.4 %), Disability Support Pension (12.3 %), and the age pension (2.4 %)” - See https://www.aag.asn.au/documents/item/2234",NA,NA,NA
"6 See the National Housing and Homelessness Agreement | Department of Social Services, Australian Government (dss.gov.au) https://www.dss.gov.au/housing-support-programs-services-homelessness/national-housing-and-homelessness-agreement",NA,NA,NA
"BUILDING AN ANTI-RACIST AND GENUINELY MULTICULTURAL AUSTRALIA",NA,NA,NA
"Tackling racism and strengthening our community",NA,NA,NA
"Racism is widespread in Australia and far-right extremism and racist hatred are increasing.",NA,"503",NA
"Australia’s leaders have legitimised and encouraged extremism and racism, by blaming migrant communities for social problems.",NA,"503",NA
"The Greens plan to build an anti-racist and genuinely multicultural country.",NA,"607.1",NA
"Racism causes immense direct harm to communities and the visceral forces of racism and sexism join to multiply these harmful impacts on women of colour and Blak women.",NA,"503",NA
"Everyone has the right to live without fear of racial violence, abuse and discrimination.",NA,"503",NA
"THE GREENS WILL:",NA,NA,NA
"Mandate anti-racism training for all Federal MPs and Commonwealth employees",NA,"503",NA
"$50 million to deliver a fully funded national anti-racism strategy that centres First Nations and racial minorities",NA,"503",NA
"Make hate speech illegal and strengthen existing protections",NA,"503",NA
"Provide $10 million to develop a national hate crimes database and better data collection on racial disparities and discrimination.",NA,"503",NA
"Build a genuinely multicultural country by establishing a Commonwealth Government Multicultural Commission and creating a Federal Multicultural Act",NA,"503",NA
"Build diversity in the Parliament by establishing a referendum to amend section 44 of the Constitution so that dual citizens can run for Federal office",NA,"503",NA
"ANTI-RACISM TRAINING",NA,NA,NA
"The Greens will mandate anti-racism training for all Federal Members of Parliament and Commonwealth employees.",NA,"503",NA
"There is currently no such training requirement for MPs, and while some Commonwealth employees undergo broader diversity training, targeted anti-racism training will differ signiﬁcantly in purpose and content.",NA,"503",NA
"Anti-racism training will challenge white privilege and white fragility, and reveal ingrained prejudices.",NA,"503",NA
"It will focus on Australia’s racist history and ways to tackle ongoing systemic racism.",NA,"503",NA
"It must be delivered by organisations run by First Nations people and people of colour and will be funded through existing departmental budgets and parliamentary allowances.",NA,"503",NA
"Since white people in Australia hold most of the political, institutional, and economic power, they receive advantages that nonwhite groups do not.",NA,"503",NA
"These beneﬁts and advantages, of varying degrees, lead to white privilege.",NA,"503",NA
"First Nations people and racial minorities, on the other hand, whether migrants, refugees or those born here, face everyday racism and systemic discrimination.",NA,"503",NA
"This includes systems like the justice system, healthcare, disability services, education, housing and more.",NA,"503",NA
"There is growing evidence that racial abuse, hatred and discrimination impact women more than others.",NA,"503",NA
"Islamophobia is deeply gendered with over 80% of in person victims of anti-Muslim hate being women.",NA,"503",NA
"A report from the Workplace Gender Equality Agency found that Indigenous women were 20 times more likely to hear racial or ethnic slurs in culturally unsafe workplaces2.",NA,"503",NA
"The anti-racism training will: Unpack white privilege and white fragility, in the context of personal, professional and community spaces;",NA,"503",NA
"Challenge the notion that Australian institutions and services, such as the health or justice system, are colour blind;",NA,"503",NA
"Discuss how racial discrimination and harassment manifest in parliaments, work environments and service delivery and how tackling racism will improve government service delivery, and;",NA,"503",NA
"Urge MPs and Commonwealth employees to commit to personal and professional practices that discourage hate speech, challenge racism",NA,"503",NA
"and improve Commonwealth engagement with and service delivery for First Nations people and people of colour.",NA,"503",NA
"1 Muslims in Australia experienced surge of hate after Christchurch massacre, report reveals | The Guardian https://www.theguardian.com/australia-news/2022/ma r/15/muslims-in-australia-experienced-surge-of-hate-aft er-christchurch-massacre-report-reveals",NA,NA,NA
"2 Australian-ﬁrst research on Indigenous women’s working lives reveals Aboriginal and Torres Strait Islander mums and carers most at risk at work. See WGEA",NA,NA,NA
"https://www.wgea.gov.au/newsroom/gari-yala-research",NA,NA,NA
"-released",NA,NA,NA
"A NATIONAL ANTI-RACISM STRATEGY",NA,NA,NA
"Racism and discrimination cause immense direct harm to people of colour.",NA,"503",NA
"Whether it’s Islamophobia or antisemitism, anti-Asian hate or systemic racism against First Nations people, racial discrimination damages the physical, psychological, and social wellbeing of our community.",NA,"503",NA
"COVID-19 prompted a signiﬁcant upsurge in racist attacks against people of colour.3",NA,"503",NA
"Far-right racist extremism now constitutes up to 50% of ASIO’s counter-terrorism case load.4",NA,"503",NA
"As a ﬁrst step towards an anti-racist future, we need a well funded national anti-racism strategy that tackles racist hate at its core, including a new, coordinated plan to counter far-right extremism.",NA,"503",NA
"The Greens will fully fund a national anti-racism strategy by allocating $50 million to the Australian Human Rights Commission (AHRC) over 4 years from 1 July 2022, which will include:",NA,"503",NA
"$40 million in grants to community organisations and local governments to deliver programs that tackle structural racism, create awareness and empower communities to prevent racism;",NA,"503",NA
"$5 million for national anti-racism campaigning; and",NA,"503",NA
"$5 million to staff and deliver the strategy at the AHRC.",NA,"503",NA
"3COVID-19 exacerbates existing racial hatred experienced by Australian Asian communities, report ﬁnds' - ABC News",NA,NA,NA
"https://www.abc.net.au/news/2021-07-23/covid-19-ra cism-australia-report-racial-hatred-pandemic/1003161 84",NA,NA,NA
"4 Mr Mike Burgess, Director-General of ASIO in a statement to the Senate Committee on Legal and Constitutional Affairs Senate Legal and Constitutional Affairs Estimates | Australian Security Intelligence Organisation (asio.gov.au)",NA,NA,NA
"EMPOWERING COMMUNITIES TO TACKLE RACISM",NA,NA,NA
"Grassroots community groups and expert non-government organisations play a central role in tackling racism, discrimination and violent extremism but federal funding for community-led programs in Australia is often uncertain, short term and too little.",NA,"606.1",NA
"The Greens’ plan includes $10 million per year in funding for community-led programs to be administered as grants by the AHRC.",NA,"606.1",NA
"This sustained funding will help community organisations and local government authoritities empower people to challenge racism and tackle the structural causes of race discrimination.",NA,"503",NA
"Programs could be delivered in community settings including schools, workplaces, sporting organisations and media institutions, and might include: Workshops on identifying and resisting far-right extremism,5",NA,"606.1",NA
"Countering systemic bias and discrimination in organisations, and",NA,"606.1",NA
"Practical bystander anti-racism training.",NA,"503",NA
"The Greens will also support greater community education on the cultures and history of First Nations people.",NA,"607.3",NA
"We support Reconciliation Australia’s call for initiatives to eliminate racism from our health system as well as our education system, and ensure that experiences of individual and systemic racism faced by First Nations people are recognised and culturally appropriate care provided, led ﬁrst and foremost by First Nations-led community health organisations.",NA,"607.3",NA
"5 E.g., All Together Now, ‘Countering Far Right Extremism Training’, <Far-Right Extremism Training (alltogethernow.org.au)>.",NA,NA,NA
"A NATIONAL ANTI-RACISM EDUCATION CAMPAIGN",NA,NA,NA
"Celebration of diversity does not always deliver an anti-racist message, so the Greens plan includes $5 million for an explicitly anti-racist national public education campaign to drive home messages on practical ways to challenge everyday racism, tackle institutional racism at its core",NA,"503",NA
"and to create awareness about the dangerous prevalence of white supremacy and far-right extremism.",NA,"503",NA
"This campaign will empower all Australians to call out racism and create safe and welcoming communities for people of colour.",NA,"607.1",NA
"MAKE HATE SPEECH ILLEGAL",NA,NA,NA
"Racism is fuelled by hatred and bigotry.",NA,"605.1",NA
"Left unchecked, hate speech can lead to hate crimes.",NA,"605.1",NA
"Politicians and prominent public ﬁgures in Australia often engage in racist hate speech that has gone from dog whistling to fanning the ﬂames of racial conﬂict.",NA,"605.1",NA
"There is currently no criminal prohibition of hate speech at the federal level.",NA,"605.1",NA
"The Criminal Code Act 1995 (Cth) merely makes it an offence for a person to intentionally urge another person or group to use force or violence against particular groups or individuals based on characteristics such as their race, religion, nationality, or national or ethnic origin6.",NA,"605.1",NA
"The Australian Greens will address this by adding hate speech to the Criminal Code Act and legislate that where an offence is motivated by hate or prejudice against a particular group, the courts consider that an aggravating circumstance when sentencing.",NA,"605.1",NA
"TRACKING HATE CRIMES AND RACIAL DISPARITIES",NA,NA,NA
"Currently, there is no national data on incidences of racial discrimination, racist abuse and hate crimes.",NA,"503",NA
"This lack of information presents a real challenge in addressing the prevalence of racism and preventing extremist violence.",NA,"503",NA
"There is a also dearth of data about different cultural groups’ experiences of discrimination and disparities in their experiences of government service provisions.",NA,"503",NA
"The Greens will establish a task force at the federal level to work with relevant agencies to address the gaps in data collection on these disparities in areas such as health, education and justice.",NA,"503",NA
"The Greens plan includes funding to plug this gap in data collection, providing: $10 million to establish a national database of hate crimes. The Commonwealth Government would fund $5 million and the remainder would be provided by the states and territories.",NA,"503",NA
"$5 million for a task force to investigate gaps in racial and ethnic data collection, working in partnership with the Australian Bureau of Statistics, Australian Institute of Health and Welfare, and other relevant agencies.",NA,"503",NA
"6 Criminal Code Act 1995 (Cth) Chapter 5, Part 5.1, Subdivision C. Criminal Code Act 1995 (legislation.gov.au)",NA,NA,NA
"CODE OF CONDUCT",NA,NA,NA
"The Greens will establish a code of conduct for Members of Parliament to ensure that they do not use their public oﬃce and parliament to condone far right extremism or normalise racism.",NA,"503",NA
"It would bind Members to recognise the value and contribution of First Nations people, to recognise and value diversity and to reject discriminatory or exclusionary statements.",NA,"503",NA
"ELIMINATE PROFIT FROM HATE",NA,NA,NA
"More needs to be done to proactively remove online racism and hate speech.",NA,"503",NA
"Social media companies must be held accountable for the hate that is allowed to fester on their platforms and drive their proﬁts.",NA,"605.1",NA
"The Greens will ensure that Australian authorities are empowered and resourced to remove far-right extremist material from the internet",NA,"605.1",NA
"and engage in public education about far-right hate and racism, including in school settings and communities.",NA,"506",NA
"ESTABLISH A MULTICULTURAL COMMISSION",NA,NA,NA
"The Greens have a plan for genuine engagement with racial minority communities through well-funded government initiatives.",NA,"606.1",NA
"As part of our national anti-racism and multicultural strategy, we will establish a Commonwealth Government Multicultural Commission (CGMC).",NA,"503",NA
"The CGMC will provide independent advice to the government and undertake evidence-based research on multicultural issues and ongoing community engagement.",NA,"606.1",NA
"All non-corporate Commonwealth entities will report annually to the CGMC on action taken to promote multiculturalism, the use of interpreting and translating services,",NA,"607.1",NA
"and the extent to which people from diverse backgrounds have been represented on boards and committees.",NA,"607.1",NA
"The Greens aim to allocate $3.5 million in annual funding to establish the Multicultural Commission.",NA,"607.1",NA
"The Greens will also commit a further $10 million per year for a Multicultural Fund, which will make grants to organisations promoting social cohesion through innovation, education and intercultural cooperation.",NA,"606.1",NA
"DELIVER A MULTICULTURAL ACT",NA,NA,NA
"Most states have legislation to protect and value multiculturalism, however no such laws exist at a federal level.",NA,"607.1",NA
"The Greens will introduce a Commonwealth Multicultural Act, which will create a framework for multiculturalism and establish guiding principles for Australian society to embrace and appreciate cultural and religious diversity.",NA,"607.1",NA
"The Multicultural Act will promote full participation by Australia’s diverse communities in the social, cultural, economic and political life of Australia.",NA,"607.1",NA
"We will continue to strive for this framework to be legislated.",NA,"607.1",NA
"BUILD DIVERSITY IN PARLIAMENT",NA,NA,NA
"Half of all Australians are either born overseas or have a parent who was born overseas.",NA,"607.1",NA
"But currently, Australians with dual nationality cannot sit as MPs in our Federal Parliament.",NA,"607.1",NA
"The Greens believe this should change, diversity in our political leadership means more innovation, better policy outcomes and a Parliament which is reﬂective of our society and its values.",NA,"607.1",NA
"The Greens will call for a referendum to amend section 44 of the Constitution so that Australians can run for Federal Parliament and keep their dual citizenship.",NA,"607.1",NA
"This will remove barriers for all Australians to take part in our democratic processes and ensure that Parliament reﬂects our multicultural society.",NA,"607.1",NA
"HOW THE GREENS HAVE BEEN FIGHTING FOR YOU",NA,NA,NA
"The Greens stand with the overwhelming majority of Australians, united against hatred and against the hate-speech that has dominated our politics and our public spaces.",NA,"503",NA
"The Greens have been long-standing advocates for the global movement towards building a just and peaceful society.",NA,"503",NA
"PAYING FOR OUR PLAN",NA,NA,NA
"By making billionaires and big corporations pay their fair share of tax and winding back handouts to big polluters, we can build a better life for all of us.",NA,"503",NA
"1 in 3 big corporations pays no tax and many big corporations and billionaires send their profits offshore tax free.",NA,"503",NA
"The Greens will tax billionaires with a new ‘billionaires tax’, require big corporations making excessive profits to pay a ‘corporate super-profits tax’ and axe billions of dollars in handouts to the coal, oil and gas giants that are driving the climate crisis.",NA,"503",NA
"These measures have all been costed by the independent Parliamentary Budget Office.",NA,"414",NA
"When big corporations and billionaires pay their fair share, everyone can have the services they need for a better life.",NA,"504",NA
"PEACE, DISARMAMENT AND DEMILITARISATION",NA,NA,NA
"A fairer and safer world: peace and prosperity, not more weapons and war",NA,NA,NA
"Australia’s wars cost lives and billions of dollars, and they make huge proﬁts for the war industry.",NA,"105",NA
"The defence estate also generates huge volumes of carbon emissions, signiﬁcantly contributing to the climate crisis.",NA,"501",NA
"We need a new approach to keep people safe.",NA,"105",NA
"The Greens will cut wasteful defence spending and cancel failed defence procurement programs.",NA,"105",NA
"We will give Parliament the power to decide whether we go to war or not,",NA,"105",NA
"and we will ratify the Nuclear Weapons Ban Treaty.",NA,"105",NA
"It’s time to stop handing public money to corporate weapons makers",NA,"105",NA
", refocus our defence forces on keeping people safe from the climate crisis,",NA,"104",NA
"and build cooperative relationships with our friends and neighbours.",NA,"107",NA
"THE GREENS WILL:",NA,NA,NA
"Renegotiate the US alliance and let Parliament decide whether we go to war to prevent us from being dragged in to senseless violence and conflict",NA,"105",NA
"Reduce military spending from 2.2% to 1.5% of nominal GDP by 2025-26, and redirect this money where it is needed most",NA,"105",NA
"Decarbonise the defence estate to meet net zero by 2030 emissions targets",NA,"501",NA
"Develop a climate security white paper to coordinate a response to ongoing large-scale climate risks",NA,"411",NA
"End the Coalition’s commitment to making Australia a global arms dealer by abolishing the Defence Export Facility",NA,"105",NA
"Invest $10 million to promote peace and non-violent conflict resolution,",NA,"106",NA
"and ban military advertising to ensure the truth of war is told Holistically and meaningfully address the harms the Australian Defence Force has caused to both personnel and civilians",NA,"105",NA
"Renegotiate the US alliance and let Parliament decide if we go to war",NA,NA,NA
"The current US alliance is not making us any safer.1",NA,"102",NA
"We have outsourced our decision-making to a country that has a history of military follies.",NA,"102",NA
"The Liberal and Labor parties have formed a dangerous consensus to appease the US by increasing military spending.",NA,"102",NA
"In doing so, they have given up on rational defence policy, instead conﬂating it with industry policy.",NA,"102",NA
"Heedless support for the US and more machines of war is not the right path.",NA,"105",NA
"Genuine peace rests on parliamentary scrutiny, international cooperation and development, and respect for human rights.",NA,"106",NA
"A country as wealthy and as fortunate as Australia should be an international champion of multilateral moves towards peace and disarmament.",NA,"106",NA
"The Greens will: Renegotiate the US alliance with the terms of a new relationship focused on making Australia safer and a better global citizen;",NA,"106",NA
"Pass War Powers legislation to require Parliamentary approval for decisions that commit Australia to war;",NA,"105",NA
"Close all foreign military bases in Australia;",NA,"105",NA
"Sign and ratify the Nuclear Weapons Ban Treaty; and",NA,"105",NA
"Ban the development and use of lethal autonomous weapons in line with the international campaign ‘Stop Killer Robots’.2",NA,"105",NA
"1 See: Fraser (with Roberts), Dangerous Allies, 2014.",NA,NA,NA
"Put human rights at the centre of foreign policy",NA,NA,NA
"The Australian Greens will adopt a human-rights centred approach to foreign policy.",NA,"201.2",NA
"That starts with using diplomatic relationships to advocate for human rights around the world,",NA,"201.2",NA
"and strengthening multilateral relationships based on a commitment to human rights.",NA,"201.2",NA
"The Australian Greens will support the passage of Magnitsky-style legislation to target those who commit serious human rights abuses, and protect human rights around the world.",NA,"201.2",NA
"Cut military spending",NA,NA,NA
"The Liberal and Labor parties are in lockstep over increased spending on warfare.",NA,"105",NA
"Both parties support the arbitrary target of defence spending equalling 2% of GDP, and as of now we are on track to exceed that commitment.3",NA,"105",NA
"We are spending $122.2 million per day on defence.4",NA,"105",NA
"Billions of dollars are being thrown at weapons manufacturers with little scrutiny.",NA,"105",NA
"Many of the government’s costly acquisitions will be obsolete by the time they are deployed.",NA,"105",NA
"All of this is taking place while the threat of attack on Australia remains unchanged.",NA,"105",NA
"Our plan will save us $191.7 billion out to 2032, allowing us to reinvest this money into things that will genuinely keep us safe.",NA,"105",NA
"The Greens believe we should stop wasting money and redirect these funds where they are needed.",NA,"105",NA
"We have a plan to: Reduce defence spending to 1.5% of nominal GDP by 2025-26 by reducing the size and speed of planned procurement programs,",NA,"105",NA
"and ensuring that Australia has a light, readily deployable and highly mobile force that is commensurate with our size and location;",NA,"104",NA
"Invest $5 million to develop a climate security white paper to guide a coordinated and large-scale response to climate change risks.",NA,"104",NA
"This will ensure Australia’s defence forces are prepared for humanitarian and peacekeeping missions in the region, given that climate change looms as a threat multiplier and an ongoing trigger for instability and humanitarian crises;5",NA,"104",NA
"Use the current Defence budget to increase oversight of defence procurement by establishing a Parliamentary Defence Oﬃce to provide independent advice to Members of Parliament; and",NA,"105",NA
"Demilitarise non-naval maritime issues like search and rescue, marine pollution and large-scale illegal ﬁshing by establishing a dedicated civil maritime service.",NA,"105",NA
"2 See Campaign to Stop Killer Robots",NA,NA,NA
"h  ttps://www.stopkillerrobots.org/learn",NA,NA,NA
"3 See the 2021 Intergenerational Report",NA,NA,NA
"https://treasury.gov.au/sites/default/ﬁles/2021-06/p2021_182 464.pdf",NA,NA,NA
"4 See the Australian Strategic Policy Institute’s 2021-22 Cost of Defence report The cost of Defence ASPI defence budget brief 2021–2022 | Australian Strategic Policy Institute | ASPI",NA,NA,NA
"End the Coalition’s commitment to making Australia a global arms dealer",NA,NA,NA
"The Coalition Government, supported by Labor, is intent on making Australia a top 10 global arms exporter.6",NA,"105",NA
"Despite the government’s rhetoric, the ‘Defence Export Facility’ has no proven link to local job creation.7",NA,"105",NA
"Instead, it taints Australia’s global reputation and makes us complicit in overseas atrocities, like war crimes committed by the Saudi regime in Yemen.8",NA,"105",NA
"The Greens will immediately abolish the Defence Export Facility, and introduce legislation that prohibits Australia from exporting weapons.",NA,"105",NA
"5 See Senate Standing Committee on Foreign Affairs, Defence and Trade inquiry report into the Implications of climate change for Australia's national security, 2018",NA,NA,NA
"h  ttps://www.aph.gov.au/Parliamentary_Business/Committees/ S  enate/Foreign_Affairs_Defence_and_Trade/Nationalsecurity",NA,NA,NA
"F inal_Report",NA,NA,NA
"6 Defence Export Strategy 2018",NA,NA,NA
"7 Productivity Commission, Trade and Assistance 2016-17.",NA,NA,NA
"8 Defence Export Facility, 2018, Supporting global defence p  rojects | Export Finance Australia",NA,NA,NA
"Decarbonise the defence estate",NA,NA,NA
"Defence is one of the biggest sources of carbon emissions in the public service.9",NA,"501",NA
"Any plan to decarbonise the Australian economy urgently needs to extend to the defence estate, which includes defence capabilities, bases, operations and other activities.",NA,"501",NA
"Doing so will bring Australia closer to the Greens’ emissions reduction target of net zero by 2030, which in turn will help mitigate the already visible effects of climate change.",NA,"501",NA
"Promote peace and ban military advertising",NA,NA,NA
"Sensationalised imagery and advertising propagated by weapons manufacturers and beneﬁciaries of war fail to tell the truth on the real costs of war.",NA,"105",NA
"We must be honest about what war is and what it does to people and communities,",NA,"105",NA
"and we must build our understanding of what peace means across our cultural institutions.",NA,"106",NA
"To achieve this, the Greens will: End proactive public recruitment advertising campaigns by the Australian Defence Forces, particularly those that target children and school leavers.",NA,"105",NA
"This will save us $47.5 million per year out to 2031-32.",NA,"105",NA
"Redirect funding that these programs receive to peace-based education initiatives;",NA,"106",NA
"Ban all public advertising by weapons manufacturers.",NA,"105",NA
"These companies are responsible for the proliferation of violence across the world.",NA,"105",NA
"Their advertising campaigns are often targeted at parliamentarians to put pressure on them to support increasing expenditure on their weapons;",NA,"105",NA
"Scrap the $498 million War Memorial redevelopment and end arms manufacturer and corporate sponsorship of the War Memorial;10",NA,"105",NA
"Invest $10 million over four years to promote peace and the importance of non-violent conﬂict resolution in our national institutions; and",NA,"106",NA
"Establish a Global Centre for Peace and Conﬂict Resolution, which will undertake human rights-centred research, advocacy, analysis and policy work that advances peace and conﬂict resolution around the world.",NA,"106",NA
"9 The Canberra Times, Labor sets net zero by 2030 target for public service, but more than half of emissions are exempt https://www.canberratimes.com.au/story/7536987/aps-to-go- net-zero-by-2030-under-labor-but-theres-a-major-catch",NA,NA,NA
"Holistically and meaningfully address the harms the ADF has caused to personnel and civilians",NA,NA,NA
"The ADF is in crisis.",NA,"504",NA
"An institutional culture permissive of mental and physical abuse – and war crimes, as the Brereton report revealed in 2020 – has led to high rates of mental illness and suicide among serving personnel and veterans.",NA,"504",NA
"It’s a vicious cycle that must be broken, and we must make amends to both personnel and civilians that have already experienced harm.",NA,"504",NA
"To achieve this, the Greens will: Establish a reparations fund in acknowledgement of the harms caused by ADF personnel during deployments, including paying reparations to the victims and families of alleged war crimes committed in Afghanistan at the hands of Australian Special Forces members;",NA,"504",NA
"Establish a redress scheme for personnel who have experienced violence and abuse through defence institutions during their time of service; and",NA,"504",NA
"Increase the availability of psychological and other wellbeing-based supports for serving personnel to address the high rates of suicide and other mental health issues.",NA,"504",NA
"10 ABC, Australian War Memorial's $500m redevelopment clears ﬁnal hurdle despite wave of public oppositionh  ttps://www.abc.net.au/news/2021-06-07/australian-war-mem  o rial-expansion-given-approval-early-works/100196328",NA,NA,NA
"HOW THE GREENS HAVE BEEN WORKING FOR YOU",NA,NA,NA
"In the last parliament, it was the Greens who: Introduced War Powers legislation which would require both houses of parliament to vote before deploying our defence forces overseas;",NA,"105",NA
"Pushed for truth and accountability following the release of the Inspector-General of the Australian Defence Force Afghanistan Inquiry Report, the Brereton Report, which found credible evidence of war crimes allegedly committed by Australian Special Forces personnel during the Afghanistan war;",NA,"105",NA
"Worked with the community for the establishment of a Royal Commission into Veterans’ Suicide;",NA,"504",NA
"Campaigned alongside the Canberra community against the destruction and corporatisation of the Australian War Memorial.",NA,"105",NA
"DECOLONISING INTERNATIONAL AID",NA,NA,NA
"Support and reparations for the Global South",NA,NA,NA
"Countries in the Global South are facing the climate crisis, a public health crisis, and an economic crisis.",NA,"107",NA
"As a wealthy, colonial country, Australia has a responsibility to contribute its fair share of aid, and pay reparations for its role in the climate crisis and the ongoing damage caused by imperialism.",NA,"107",NA
"The Greens’ vision is to decolonise and reimagine international aid as not simply charity, but as a matter of global justice.",NA,"107",NA
"Aid should never be a way to further our national ambitions or greedy trade interests.",NA,"107",NA
"Aid programs should work to right historical wrongs and build communities in parts of the world that have been left destitute.",NA,"107",NA
"THE GREENS WILL:",NA,NA,NA
"Increase Australia’s aid budget to 0.7% of GNI by 2030",NA,"107",NA
"Provide climate finance and reparations of $4.5 billion from 2022-2025, more than tripling Australia’s current commitment1",NA,"107",NA
"Establish an independent development oversight agency",NA,"107",NA
"Place the human rights and self-determination of women and girls at the centre of Australian development assistance programs",NA,"107",NA
"Cancel future loan repayments from all countries in the Global South who owe debt directly to Australia",NA,"107",NA
"Advocate for financial institutions and foreign governments to cancel any outstanding debt payments from countries in the Global South",NA,"107",NA
"1 Australia’s current climate ﬁnance commitment is $1.5 billion from 2020 to 2025. Only $1 billion over ﬁve years is new funding and",NA,NA,NA
"$500 million of this is redirected from the existing aid budget, see",NA,NA,NA
"https://www.dfat.gov.au/international-relations/themes/climate-change/australias-support-for-other-countries",NA,NA,NA
"INCREASE AUSTRALIA’S AID BUDGET",NA,NA,NA
"Australia’s aid budget has been cut viciously since the election of the Coalition in 2013.",NA,"107",NA
"Currently Australia only spends about 0.2% of Gross National Income (GNI) on overseas aid.",NA,"107",NA
"The Greens will reverse this trend, increasing our aid and development budget to 0.7% of GNI by 2030 in line with our commitment to the United Nations Sustainable Development Goals.",NA,"107",NA
"The Greens will establish an independent, dedicated government agency that oversees our aid program and ensures it is effective and equitable.",NA,"107",NA
"The agency will ensure aid is not used purely to advance Australia’s national and commercial interests and is always delivered in partnership with recipient communities.",NA,"107",NA
"We will place the human rights and self-determination of women and girls at the centre of Australian development assistance programs.",NA,"107",NA
"CLIMATE FINANCE AND REPARATIONS",NA,NA,NA
"Australia must provide climate ﬁnance and reparations to affected countries and communities, commensurate with our historical and ongoing contribution to the climate crisis.",NA,"107",NA
"Our aid programs must recognise the unique and disproportionate impacts on women and girls in this climate emergency.",NA,"503",NA
"Our Paciﬁc neighbours are paying the heavy price of Australia’s refusal to tackle the climate crisis.",NA,"501",NA
"Communities face rising sea levels, the annual destruction caused by tropical storms, the loss of arable land and drinking water, and the enormous social and economic challenges of displacement due to the climate crisis.",NA,"501",NA
"The Greens will renew and increase Australia’s commitment to the Green Climate Fund with $3 billion in funding from 2022 to 2025.",NA,"501",NA
"Our policy will also provide additional climate reparations of $1.5 billion over the next three years.",NA,"501",NA
"This climate ﬁnance is in addition to the aid budget.",NA,"501",NA
"CANCELLING DEBT IN THE GLOBAL SOUTH",NA,NA,NA
"The world is staring down a debt crisis, with more than 30 countries facing default on their international debt obligations.",NA,"107",NA
"Acknowledging the crisis, in response to the Covid-19 pandemic, the World Bank and IMF started the Debt Service Suspension Initiative (DSSI), a scheme where poor, indebted nations could apply through the IMF to their bilateral creditors for a suspension of debt repayments.",NA,"107",NA
"However, this suspension expired in June 2021 and was a debt deferral, not a cancellation.",NA,"107",NA
"The inequitable global distribution of wealth and debt is the unjust result of colonialism and imperialism.",NA,"103.1",NA
"As a colonial power, Australia has a responsibility to do something about it.",NA,"107",NA
"The Greens will cancel all of Australia’s bilateral debt and ensure we are a strong and principled advocate for global debt cancellation.",NA,"107",NA
"By unconditionally cancelling repayment of these debts, Australia would signal its clear intent to advocate for wider debt cancellation.",NA,"107",NA
"The Greens will push for Australia to use its leverage to lobby international ﬁnancial institutions and foreign governments to cancel debt for low-income countries in response to the global COVID-19 crisis.",NA,"107",NA
"TAX THE BILLIONAIRES AND BIG CORPORATIONS",NA,NA,NA
"Our plan to make billionaires and big corporations pay their fair share",NA,NA,NA
"The pandemic has been tough for a lot of workers and small businesses.",NA,"701",NA
"But not for the big corporations and the billionaires.v",NA,"403",NA
"They’ve made off like bandits.",NA,"403",NA
"The Greens will introduce a Billionaires Tax and a Corporate Super Proﬁts Tax to make big corporations and the super wealthy pay their fair share so we can properly fund public services",NA,"403",NA
"and the transition to a zero emissions economy.",NA,"501",NA
"We will also crack down on corporate tax avoidance, change the way big companies are run, and make proﬁtable companies pay back JobKeeper.",NA,"403",NA
"We will make them pay more, so you can have a better life.",NA,"503",NA
"THE GREENS WILL:",NA,NA,NA
"Introduce an annual 6% wealth tax and a pandemic profits levy on billionaires",NA,"403",NA
"Implement a 40% super profits on big corporations",NA,"403",NA
"Crack down on multinational tax avoidance so they pay their fair share.",NA,"503",NA
"Change the way big corporations are run by having workers represented on boards",NA,"701",NA
"Make profitable companies repay JobKeeper",NA,"403",NA
"BILLIONAIRES TAX",NA,NA,NA
"Since the pandemic hit, millions of people have faced uncertainty about their hours of work or whether they can run their business.",NA,"701",NA
"At the same time, billionaires made off like bandits.",NA,"403",NA
"Australia’s 10 richest people have seen their wealth grow 68% since the pandemic hit.",NA,"503",NA
"This concentration of wealth amongst the already wealthy is obscene.",NA,"503",NA
"Billionaires have too much power and too much control over our democracy.",NA,"202.1",NA
"They use complex schemes to avoid paying tax, while donating millions to the Liberal and Labor parties.",NA,"304",NA
"There has been a class war for 40 years and the billionaires have been winning.",NA,"503",NA
"It’s time we fought back and got them to pay their fair share.",NA,"503",NA
"It’s time for a Billionaires Tax.",NA,"503",NA
"The Greens will introduce a 6% annual tax on the global net wealth of the 110 Australians who are worth more than $1 billion dollars.",NA,"503",NA
"The Greens will also introduce a 6% annual tax on the net value of Australian assets owned by foreign individuals whose net holdings of Australian assets is greater than $1 billion.",NA,"503",NA
"In addition, while the rest of us were doing it tough under lockdown, the wealth of Australia’s billionaire’s grew faster than anywhere else in the world.",NA,"503",NA
"To recoup these gains, a billionaire pandemic proﬁts levy of 50% will be applied for the year the rest of Australia was locked down.",NA,"501",NA
"Taxing the accumulation of obscene levels of wealth with a Billionaires Tax would raise $67.1 billion over the decade to pay for the services and jobs that people in Australia need.",NA,"503",NA
"1 AFR Rich List 2018. 2019, 2020.",NA,NA,NA
"2 AFR Rich List 2021.",NA,NA,NA
"TAX CORPORATE SUPER PROFITS",NA,NA,NA
"While wages growth has halved over the last decade, corporate proﬁts have reached record levels.",NA,"503",NA
"Workers are getting a smaller share of the pie than ever,5 while company owners are getting rich.",NA,"503",NA
"One third of the biggest earning corporations pay no tax in Australia at all.6",NA,"403",NA
"Not only is this not fair, it’s not good for the economic performance of the nation.",NA,"503",NA
"The focus of big corporations on rewarding shareholders has contributed to falling investment and a slump in productivity.7",NA,"403",NA
"Australia’s manufacturing capacity is the lowest in the developed world.8",NA,"403",NA
"Many big corporations are able to gouge these ‘super proﬁts’ simply because they have the market power to crush smaller competitors and stiﬂe innovation.",NA,"403",NA
"The Greens will curb the power of big corporations and encourage productive investment by introducing a 40% super proﬁts tax on companies with more than $100 million in turnover in Australia.",NA,"403",NA
"The company super proﬁts tax would apply to net revenue after deducting income tax and after making an allowance for a fair return to shareholders.9",NA,"403",NA
"This tax would apply to both Australian companies and the share of a multinational company's operations in Australia.",NA,"403",NA
"This tax will raise $53 billion over the next three years to invest in the jobs and public services Australia needs.",NA,"503",NA
"As well as raising revenue to help fund productivity enhancing infrastructure and services,",NA,"504",NA
"a super-proﬁts tax would encourage companies to invest more in the company’s own capacity,",NA,"410",NA
"and also give smaller and more innovative companies a better chance of getting a foothold.",NA,"403",NA
"Mining and petroleum operations would also be subject to different, sector speciﬁc super proﬁts taxes also applied at a rate of 40%.",NA,"403",NA
"These mining and petroleum super proﬁts taxes directly target the unearned income that goes to resources companies as a result of them having exclusive access to public resources.",NA,"403",NA
"In total, these three ‘super proﬁts taxes’ on corporate, mining and gas tycoons will raise $430 billion over the next decade.",NA,"403",NA
"3 ABS Wage Price Index, Australia.",NA,NA,NA
"4 ABS National Accounts, proﬁts share of total factor income.",NA,NA,NA
"5 ABS Wage Price Index, Australia.",NA,NA,NA
"6 ATO Tax Stats, 2018-19.",NA,NA,NA
"7 Productivity Commission, Productivity Insights 2021",NA,NA,NA
"8 The Australia Institute: Centre for Future Work, A Fair Share for Australian Manufacturing, 2020",NA,NA,NA
"CRACK DOWN ON COMPANY TAX AVOIDANCE",NA,NA,NA
"Multinational tax avoidance is a scourge on our democracy.",NA,"403",NA
"It means that honest people have to pay more while the proceeds of the nation are squirrelled away in offshore bank  accounts.",NA,"503",NA
"This problem requires an international approach.",NA,"107",NA
"But there are still things the Australian government can do.",NA,"403",NA
"The Greens have a comprehensive plan to tackle multinational tax avoidance which includes: - Stop the artiﬁcial shifting of debt to Australia to increase tax deductions.",NA,"403",NA
"- Stop tax deductions for royalties paid to other arms of the same company.",NA,"403",NA
"- Establish a public register of beneﬁcial owners to see who really owns what.",NA,"403",NA
"- Publish basic information on the tax paid by companies earning over $50 million.",NA,"403",NA
"- Require the ATO to publish the details of the settlement of tax disputes with companies.",NA,"403",NA
"These measures will raise $3.2 billion over the decade.",NA,"410",NA
"9 An allowance for corporate equity would be made equal to the long-term bond (risk-free) rate plus 5% (equity risk premium). Eligible companies would receive a tax credit equivalent to the ﬁrst $100m in turnover so that the tax is effectively marginal.",NA,NA,NA
"CHANGE THE WAY COMPANIES ARE RUN",NA,NA,NA
"Part of the reason that companies are not paying high enough wages or their fair share of tax is because the main consideration at the board table is how much proﬁts can be made.",NA,"403",NA
"The Greens will change the way corporate Australia works by requiring a third of positions on the board of large companies to be allocated to workers or their representatives.",NA,"701",NA
"This is similar to the approach taken in many successful European countries, such as Germany.",NA,"701",NA
"It is also the governance model of industry superannuation funds in Australia that have established themselves as the benchmark for retirement savings.",NA,"701",NA
"As well as putting workers on boards, the Greens would also: -Create powers for the ACCC or a third party to seek a court order requiring a company to be broken up.",NA,"403",NA
"-Double the value of corporate penalties for misuse of market power.",NA,"403",NA
"10 Companies with greater than $100 million in turnover.",NA,NA,NA
"MAKE PROFITABLE COMPANIES REPAY JOBKEEPER",NA,NA,NA
"JobKeeper was designed to ensure companies could afford to keep paying workers while their proﬁts took a hit during the pandemic.",NA,"403",NA
"But about one-in-three companies that got JobKeeper increased their turnover.",NA,"403",NA
"These corporations have received public money they didn't need, and have funnelled it to dividends for shareholders and executive bonuses.",NA,"403",NA
"They should be made to pay it back.",NA,"403",NA
"The Greens will require all companies who received JobKeeper payments while remaining proﬁtable or paying executive bonuses to repay the money over a ten year period.",NA,"403",NA
"11  Treasury, Insights from the ﬁrst six months of JobKeeper, October 2021.",NA,NA,NA
