"text","text_en","cmp_code","eu_code"
"Principles",NA,NA,NA
"The Australian Greens believe that:",NA,NA,NA
"human beings are part of the natural world, and all forms of life on Earth deserve our respect.",NA,"501",NA
"human society depends upon the ecological resources of the planet, and we therefore must protect and maintain the integrity of its ecosystems.",NA,"501",NA
"Australians as global citizens have a duty of care to manage our unique natural environment and its resources, to ensure their ongoing sustainability for future generations, and to help protect the ecological integrity of our planet.",NA,"501",NA
"the precautionary principle must be adopted in order to secure the continued availability of the resources of the planet for present and future generations.",NA,"501",NA
"the cultural knowledge of the indigenous peoples of the world as the original custodians of land and sea must be recognised.",NA,"503",NA
"land and sea country rights of Aboriginal and Torres Strait Islander peoples must be supported.",NA,"503",NA
"climate change is real, urgent and the greatest threat facing the global environment at the beginning of the 21st century.",NA,"501",NA
"climate change will increase the intensity and frequency of bushfires; scientifically-based,",NA,"501",NA
"ecologically appropriate use of fire is an important means to protect biodiversity and manage habitat effectively",NA,"501",NA
"Goals",NA,NA,NA
"The Australian Greens want:",NA,NA,NA
"a society which lives within the ecological and resource limits of the planet.",NA,"501",NA
"a curtailing of the use of natural resources so sufficient resources are left for future generations.",NA,"501",NA
"an equitable distribution of global resources that delivers sustainable and meaningful prosperity for all current and future generations.",NA,"501",NA
"an improved quality of life for all Australians, with a reduction in the material consumption that contributes to the degradation of the planet.",NA,"501",NA
"to encourage the participation of local communities in the planning and implementation of strategies to protect and manage the environment.",NA,"202",NA
"to work with Aboriginal and Torres Strait Islander peoples to protect and restore our country.",NA,"301",NA
"a quantitative reduction in greenhouse gas emissions of sufficient scale to minimise climate change.",NA,"501",NA
"an effective and sustainable strategy for fuel-reduction management that will protect biodiversity and moderate the effects of wildfire for the protection of people and assets.",NA,"501",NA
"Measures",NA,NA,NA
"The Australian Greens will:",NA,NA,NA
"use the Commonwealth‟s powers to protect and enhance Australia‟s environment and heritage.",NA,"501",NA
"establish a national Ecological Sustainability Commission to focus on issues of ecological integrity.",NA,"501",NA
"ensure that all responsibilities under international environmental treaties to which Australia is a signatory are clearly defined in national legislation.",NA,"107",NA
"promote globally sustainable development through support for a World Environment Organisation, combining the United Nations Environment Program (UNEP), the United Nations Development Program (UNDP) and the Global Environment Facility (GEF).",NA,"416",NA
"ensure that ecological and environmental principles are included in primary and secondary school curricula.",NA,"501",NA
"provide incentives to individuals and businesses to promote sustainability, while phasing out tax breaks, subsidies and other government policies that stimulate waste, pollution and environmental degradation.",NA,"501",NA
"ensure that Australia‟s reserve systems are comprehensive, adequate and representative of all of our unique ecosystems.",NA,"501",NA
"adopt a continent-wide approach to protection and restoration of Australia‟s natural environment, its rivers, wild lands and marine ecosystems, including the protection of old growth and high conservation value forests and their wildlife.",NA,"501",NA
"require Australian companies operating overseas to comply with Australian environmental standards.",NA,"501",NA
"phase out the use of persistent and bio-accumulative chemicals, and prevent the release of hazardous chemicals into the environment and rehabilitate affected environments where possible.",NA,"501",NA
"strengthen the system of biosecurity to prevent the introduction of pest plants and animals, and diseases.",NA,"501",NA
"implement shared management agreements with Aboriginal and Torres Strait Islander peoples to develop meaningful employment in natural resource management.",NA,"301",NA
"develop and adequately fund fuel reduction burning strategies based on the latest research on scientific fire ecology, fire behavior information and indigenous fire management practices, in consultation with experts, custodians and land managers.",NA,"501",NA
"increase funding for bushfire research to include the effective use of fire, strategies for controlling arsonists, and best environmental and fire risk minimization in building practices.",NA,"501",NA
"Biological Diversity",NA,NA,NA
"Principles",NA,NA,NA
"The Australian Greens believe that:",NA,NA,NA
"biodiversity, ecosystems and ecosystem processes maintain Earth‟s life support systems, including the climate system.",NA,"501",NA
"the protection and conservation of biodiversity is essential for the wellbeing of all life on Earth, including human life.",NA,"501",NA
"the loss of Australia‟s biodiversity poses an unacceptable threat to human and ecosystem health, and dramatically reduces our ability to cope with major ecological threats such as climate change.",NA,"501",NA
"protected areas are vital to the preservation of Australia‟s biodiversity, and therefore to the health and wellbeing of all Australians.",NA,"501",NA
"habitat loss and fragmentation, together with the spread of alien invasive species exacerbated by climate change, are the greatest threats to the biodiversity of the planet.",NA,"501",NA
"Goals",NA,NA,NA
"The Australian Greens want:",NA,NA,NA
"Australia‟s biological diversity (in ecosystem, species and genetic diversity) to be maintained.",NA,"501",NA
"a comprehensive, adequate and representative system of terrestrial, freshwater and marine protected areas (MPAs), including all remaining areas of high conservation value, managed primarily to protect biodiversity.",NA,"501",NA
"effective habitat management, including ecologically appropriate use of fire.",NA,"501",NA
"protection from accidental or deliberate introduction of exotic plants, animals and organisms which pose a threat to Australia‟s biodiversity, agriculture or human health.",NA,"501",NA
"10. protection, restoration and extension of the habitats of Australia‟s native animals including marine and riverine species.",NA,"501",NA
"Measures",NA,NA,NA
"The Australian Greens will:",NA,NA,NA
"promote the application of ecologically sustainable development (ESD) and the precautionary principle.",NA,"416",NA
"introduce national measures to end broadscale clearing and incremental loss of native vegetation.",NA,"501",NA
"establish buffer zones in high conservation areas, and link and restore ecological fragments on public and private land.",NA,"501",NA
"fund and enforce recovery plans for threatened and endangered species and ecological communities.",NA,"501",NA
"fund and enforce threat abatement plans for nationally listed threatening processes.",NA,"501",NA
"increase funding to biosecurity services to anticipate new alien invasive species threats posed by climate change and expanded pathways resulting from globalised trade and travel.",NA,"501",NA
"increase funding for research into humane and sustainable means of controlling existing and potential threats to biodiversity from feral animals, weeds and pest species.",NA,"501",NA
"increase and enforce penalties for the killing and/or capture of nationally listed threatened and endangered species, and for deliberate habitat destruction.",NA,"501",NA
"support programs that work with private landowners to protect and restore nature conservation values on their land, including conservation covenants.",NA,"501",NA
"Marine and Coastal Areas",NA,NA,NA
"Principles",NA,NA,NA
"The Australian Greens believe that:",NA,NA,NA
"a cooperative national approach to coastal management is required to deliver clean and healthy environments, integrated ecosystems",NA,"501",NA
"and sustainable coastal communities.",NA,"416",NA
"the application of the precautionary principle is fundamental to sustainable management of marine, coastal and estuarine ecosystems.",NA,"501",NA
"fisheries must be managed as a part of a broader ecosystem which meets the needs of natural predators as well as humans.",NA,"501",NA
"the native title claims to sea country by Aboriginal and Torres Strait Islander peoples must be acknowledged, including their right to sustainably access customary fishing grounds.",NA,"503",NA
"the health of Australia‟s estuarine, coastal and marine environment is dependent on land management that recognises the interconnectedness of terrestrial and marine ecosystems.",NA,"501",NA
"ecosystems-based management is the most sustainable and appropriate model for the management of Australia‟s marine territories.",NA,"416",NA
"the health of Australia‟s fishing industries is dependent on adequate conservation and sustainable management measures that ensure the replenishment of fishing stocks.",NA,"501",NA
"sea level rise, ocean warming, acidification, and increased severity and frequency of storms as a result of climate change pose grave threats to marine and coastal ecosystems.",NA,"501",NA
"Goals",NA,NA,NA
"The Australian Greens want:",NA,NA,NA
"a Comprehensive, Adequate and Representative (CAR) system of marine reserves in both Commonwealth and state and territory waters, to adequately conserve  and protect Australia‟s unique marine, coastal and estuarine biodiversity.",NA,"501",NA
"statutory ecosystems-based regional marine planning that enables the full range of uses and impacts to be identified and managed, and allocates resources across and within marine industry sectors.",NA,"501",NA
"a reduction in fishery by-catch and habitat damage from both commercial and recreational fishing and other marine activities, and the conservation of key target species.",NA,"416",NA
"a strengthened cooperative national approach to the identification, containment and eradication of introduced marine pests.",NA,"501",NA
"implementation by all levels of government of the National Framework for Integrated Coastal Zone Management.",NA,"501",NA
"protection of the habitat of all marine mammals.",NA,"501",NA
"a global ban on commercial and so-called scientific take or other killing of all whales and other cetaceans, except for sustainable indigenous subsistence hunting.",NA,"501",NA
"Measures",NA,NA,NA
"The Australian Greens will:",NA,NA,NA
"introduce an Oceans Act that coordinates sustainability of ocean uses through a statutory National Oceans Authority, reporting to the parliament, and enforcing ecosystem-based regional management plans and targets.",NA,"416",NA
"as part of the Oceans Act, legally define Australia‟s exclusive economic zone as extending only to the internationally recognised 200 mile limit from the coastline, not the undersea continental shelf.",NA,"501",NA
"introduce new laws to address the full range of threats to marine mammals, protect animals from harm, and to conserve species.",NA,"501",NA
"in cooperation with the states and territories, review all offshore constitutional settlements to ensure consistent regulation across state and Commonwealth marine boundaries, and assess the need for a single National Oceans Authority administrative area for Australia‟s marine territory.",NA,"303",NA
"ensure that the National Representative System of Marine Protected Areas program has legislated targets of a minimum of 30% „no take‟ areas per bioregion by 2012.",NA,"501",NA
"expand the Indigenous Protected Areas Program to include marine based proclamations and management and develop programs for using traditional marine law and customary tenure systems for ecologically sustainable marine management.",NA,"416",NA
"fund the next regional marine planning process with a requirement for its completion around Australia within 10 years.",NA,"501",NA
"require States to implement regional marine planning processes in State waters that complement national Regional Marine Plans.",NA,"501",NA
"introduce random mandatory vessel monitoring systems in Australian waters and increase mandatory observer coverage to at least 50% of all commercial vessels.",NA,"501",NA
"phase out the entry into Australian waters of all single skin tankers.",NA,"501",NA
"create a register of unsafe or inappropriate vessels (identified by flags, owners, charterers and survey societies) and prohibit these from entering Australian waters.",NA,"501",NA
"appropriately resource the monitoring and evaluation of the state of Australia‟s marine and coastal resources.",NA,"501",NA
"establish trilateral agreements and adequately resource the implementation of the National Framework for Integrated Coastal Zone Management.",NA,"501",NA
"work with the states & territories to reduce land-based sources of marine pollution, including pollution from diffuse urban and agricultural sources.",NA,"501",NA
"introduce national standards for the ecological health of beaches and coastal lagoons.",NA,"501",NA
"strengthen the management of introduced marine pests, and investigate the most effective means by which to prevent their introduction by international shipping.",NA,"501",NA
"support all appropriate sanctuaries and measures to protect marine mammals from hunting, except for sustainable indigenous subsistence hunting.",NA,"501",NA
"reaffirm support for a comprehensive international ban on commercial whaling, the abolition of so called „scientific‟ whaling, and an international ban on the sale of whale meat and byproducts.",NA,"501",NA
"restrict the use of seismic devices and other technologies that cause ecological harm, particularly to marine mammals.",NA,"501",NA
"restrict the testing of military and naval explosive devices in the oceans to minimise the impacts on marine and coastal ecosystems.",NA,"501",NA
"eliminate harmful and toxic waste dumping into Australian waters.",NA,"501",NA
"Water and Inland Aquatic Environments",NA,NA,NA
"Principles",NA,NA,NA
"The Australian Greens believe that:",NA,NA,NA
"access to clean and adequate water is fundamental to life.",NA,"501",NA
"Australia is the driest inhabited continent in the world, and our freshwater resources are coming under increasing pressure as a result of climate change and growing human demand.",NA,"501",NA
"the health of our catchments, rivers, wetlands, groundwater systems and estuaries underpins the health of our environment and our communities, and the prosperity of our agriculture and industry.",NA,"501",NA
"we have a responsibility to protect Australia‟s rivers and freshwater environments as part of our natural heritage and future prosperity.",NA,"501",NA
"as a scarce and fluctuating resource, Australia‟s major water supplies must be publicly owned and must be managed through a system of regulated water allocation.",NA,"501",NA
"water efficiency and recycling measures must be considered before expensive, environmentally damaging and greenhouse gas intensive alternative water management strategies.",NA,"501",NA
"Aboriginal and Torres Strait Islander people must have the opportunity to participate in water catchment planning and management where appropriate.",NA,"301",NA
"there should be no new large-scale dams on Australian rivers.",NA,"501",NA
"Goals",NA,NA,NA
"The Australian Greens want:",NA,NA,NA
"legislation and regulatory systems which protect our catchments, rivers, wetlands, estuaries and groundwater systems.",NA,"501",NA
"healthy drinking water that consistently meets or exceeds World Health Organisation (WHO) and National Drinking Water standards.",NA,"501",NA
"public ownership and control of all major water supply, distribution, drainage and disposal systems.",NA,"501",NA
"sustainable water use planning to be required for all new developments and agricultural use.",NA,"501",NA
"national research and planning addressing the impacts of climate change on our catchments, rivers, wetlands, estuaries and groundwater systems.",NA,"501",NA
"all national water reform legislation, planning and agreements to strategically address the impacts of climate change on Australia‟s water resources.",NA,"501",NA
"15. sufficient water allocations for environmental flows.",NA,"501",NA
"Measures",NA,NA,NA
"The Australian Greens will:",NA,NA,NA
"16  ensure that all major water infrastructure systems are in public ownership.",NA,"413",NA
"17  establish funding agreements with the states and territories based on per capita targets for  reduction in water consumption and increases in recycling and reuse.",NA,"501",NA
"18  encourage the states and territories to adopt Water Sensitive Urban Design principles and methods for both new and existing development and infrastructure.",NA,"501",NA
"19  work with the states and  territories to:",NA,NA,NA
"  review the impact of climate change on catchments, rivers, wetlands, groundwater systems and estuaries and ensure  that all future planning adequately addresses climate change;",NA,"501",NA
"  implement a Comprehensive, Adequate and Representative (CAR) system of reserves for Australia‟s unique and high conservation value freshwater ecosystems, and fully protect rivers that still have natural flow regimes;",NA,"501",NA
"  implement integrated catchment management planning and establish environmental flow targets for all catchments on a national basis;",NA,"501",NA
"  buy back water entitlements in severely degraded and over-allocated systems;",NA,"501",NA
"  permit extraction from groundwater systems that do not exceed recharge rates, as determined by a comprehensive hydrogeological assessment; //|and",NA,"501",NA
"  support the introduction of water recycling measures.",NA,"501",NA
"20  support a national review of the social, economic and ecological impacts of Australian water allocations and water trading systems.",NA,"501",NA
"21  ensure that any water trading systems are based on scientific studies of the hydrological systems involved (both surface water and groundwater), and that water trading boundaries and allocations are ecologically appropriate.",NA,"501",NA
"22  support whole of basin planning and management of the equitable use of the water resources of Murray Darling Basin that implements a cap on sustainable extraction, manages the health and resilience of the river and its ecosystems,",NA,"501",NA
"and supports sustainable food production and rural enterprises for the long-term viability and wellbeing of basin communities.",NA,"416",NA
"23  legislate to ensure the provision of environmental water flows in all catchments to sustain and restore our natural environmental heritage.",NA,"501",NA
"24  implement water saving efficiency measures for irrigated agriculture, and ensure pricing reflects the true cost of water use.",NA,"501",NA
"25  consult with Aboriginal and Torres Strait Islander people in integrated catchment planning and management, and support the recognition of Indigenous water rights and the allocation of water for cultural flows.",NA,"301",NA
"26  require a complete environmental impact assessment, prior to commencement, for schemes involving re-insertion of waste-water into an aquifer.",NA,"501",NA
"27  assist the states and territories to address processes that threaten Australia‟s freshwater systems such as land clearance, mining, erosion, sedimentation and pollution, by protecting and restoring native vegetation, and addressing point and diffuse sources of pollution and sediment runoff.",NA,"501",NA
"28  ensure that Australian drinking water supplies consistently meet or exceed WHO and National Drinking Water standards, and that catchment water quality is regularly monitored and publicly reported.",NA,"501",NA
"29  ensure that there are comprehensive minimum water efficiency standards for new buildings and industries as well as new domestic and commercial appliances.",NA,"501",NA
"Animals",NA,NA,NA
"Principles",NA,NA,NA
"The Australian Greens believe that:",NA,NA,NA
"1.  animals have intrinsic value, separate from the needs of humans who have a responsibility to ensure that animals‟ rights are respected.",NA,"501",NA
"we have a duty of care to minimise cruelty to animals resulting from human activity.",NA,"501",NA
"native animals and their habitats must be protected.",NA,"501",NA
"Goals",NA,NA,NA
"The Australian Greens want:",NA,NA,NA
"the protection of native animals, and the restoration and extension of their current natural habitats.",NA,"501",NA
"the most humane and effective means available to be used in the control of introduced and pest species, including humane population management methods.",NA,"501",NA
"an end to cruel and unnecessary animal experimentation.",NA,"501",NA
"increased community understanding of the impacts of consumer choices on animal welfare and on the environment.",NA,"501",NA
"Measures",NA,NA,NA
"The Australian Greens will:",NA,NA,NA
"strengthen national animal welfare legislation that prohibits cruelty and ensures that acts of cruelty are treated as criminal offences.",NA,"501",NA
"legislate to protect the welfare of agricultural animals, including conditions of transport and captivity.",NA,"501",NA
"end the export of live animals for consumption.",NA,"501",NA
"phase out intensive farming practices in meat, dairy and egg production.",NA,"501",NA
"develop an enforceable Australian standard for free-range farming practices for all agricultural animals.",NA,"501",NA
"ban the use of animals as experimental objects in military and industrial research, and in cosmetics testing.",NA,"501",NA
"ban genetic engineering involving animals, including reproductive cloning.",NA,"501",NA
"ban the importation of animal products produced by methods which do not accord with Australian standards.",NA,"501",NA
"ban the importation of animals for zoos, except where the importation will assist the overall conservation of the species.",NA,"501",NA
"ban the exportation of animals to jurisdictions where levels of legislative protection are below those of Australia.",NA,"501",NA
"work for improved global conservation of habitat for endangered species through Australia‟s trade, diplomatic and aid relations.",NA,"501",NA
"ban the use or display of wild animals, and phase out the use of domesticated animals, in circuses.",NA,"501",NA
"ensure that trade agreements do not undermine Australian animal welfare standards.",NA,"501",NA
"promote an accurate national labelling system that identifies products that are „cruelty-free‟.",NA,"501",NA
"support the research, development and implementation of more humane methods of introduced pest and introduced species management and control.",NA,"501",NA
"foster community education about the needs of animals and our responsibilities to them.",NA,"501",NA
"support a ban on commercial whaling in accordance with the Australian Greens Policy on Marine and Coastal Environments.",NA,"501",NA
"Waste",NA,NA,NA
"Principles",NA,NA,NA
"The Australian Greens believe that:",NA,NA,NA
"waste management policy should adopt a zero waste goal  to conserve natural resources for future generations, avoid the build up of toxic and noxious substances, conserve water and achieve deep cuts in greenhouse gas emissions.",NA,"501",NA
"reducing, reusing and recycling are integral to achieving zero waste.",NA,"501",NA
"full social, environmental and economic costs must be taken into account in decisions about creating, managing and disposing of waste.",NA,"501",NA
"the transportation of hazardous waste must be minimised, and the Australian community must be fully informed about its location, disposal and transportation.",NA,"501",NA
"Goals",NA,NA,NA
"The Australian Greens want:",NA,NA,NA
"a comprehensive national waste strategy, addressing each stage of the production and consumption cycle, with mandatory targets for the avoidance, reduction and recycling of the different categories of waste.",NA,"501",NA
"to orient waste management policy on the principle of Extended Producer Responsibility.",NA,"501",NA
"active management of greenhouse gas emissions from current and legacy landfill sites",NA,"501",NA
"elimination of the incineration of materials producing toxic emissions.",NA,"501",NA
"strict enforcement of penalties for illegal dumping.",NA,"501",NA
"Measures",NA,NA,NA
"The Australian Greens will:",NA,NA,NA
"in cooperation with the states and territories, regulate and fund hazardous materials collection and treatment facilities, with the aim of keeping all stockpiles and newly generated hazardous waste to a minimum.",NA,"501",NA
"phase out the use of toxic elements in consumer goods sold in Australia",NA,"501",NA
"regulate to phase out where possible non-recyclable plastics, composite materials, and arsenic treated timber",NA,"501",NA
"strengthen and independently verify the National Pollution Inventory to ensure it comprehensively documents all point source substances released to the environment",NA,"501",NA
"implement reporting systems to document the true volumes, generators and types of waste.",NA,"501",NA
"through the Council of Australian Governments, implement a national phase-out of the use of landfills for the disposal of unsorted waste.",NA,"501",NA
"work with states and territories to structure strong and consistent levy systems which act as disincentives for unsorted waste, with the monies raised directed to the provision of sustainable waste reuse and recycling facilities.",NA,"501",NA
"work to introduce national container deposit legislation.",NA,"501",NA
"introduce a system of Extended Producer Responsibility that obliges manufacturers, distributors and importers to take financial responsibility for the end of life recovery and recycling of the product, and requires them to use re-use and recycling strategies that meet minimum health, safety and environmental standards.",NA,"501",NA
"prohibit export of E-waste unless similar health, safety and environmental standards exist in the importing country..",NA,"501",NA
"work with states and territories and the industry sector to implement extended producer responsibility schemes for E-waste, tyres, batteries, compact florescent lights, packaging and gas bottles.",NA,"501",NA
"provide economic incentives for the use of 100% post consumer recycled and other products with a significant proportion of recycled content.",NA,"501",NA
"restrict the distribution of junk mail.",NA,"501",NA
"end the dumping of reusable building wastes in landfill and work with industry to develop a waste strategy for the construction sector.",NA,"501",NA
"support mandatory labelling of electronics and large manufactured goods that clearly indicates that they may not be placed in household waste or municipal landfill streams.",NA,"501",NA
"introduce a national green labelling scheme for products that are biodegradable, reusable or recyclable, and for products which are primarily made from recycled materials.",NA,"501",NA
"ratify Decision III/1 of the Basel Convention to stop Australia‟s practice of dumping hazardous waste on non-OECD countries.",NA,"501",NA
"Population",NA,NA,NA
"Principles",NA,NA,NA
"The Australian Greens believe that:",NA,NA,NA
"Australia must contribute to achieving a globally sustainable population.",NA,"501",NA
"our environmental impact is not determined by population numbers alone, but by the way that people live.",NA,"501",NA
"consumption patterns and levels, distribution of resources, agricultural practices for domestic consumption and export, levels and types of industrial activity, urban design and transport options determine the ecological footprint of a group of people.",NA,"501",NA
"there are complex issues involved in population policy, including:",NA,"501",NA
"  women‟s rights;",NA,"706",NA
"  unsustainable resource use; and",NA,"501",NA
"  inequitable distribution of wealth and power.",NA,"503",NA
"5.   Australia‟s population policy should be determined by its commitment to:",NA,"501",NA
"  ecological sustainability;",NA,"501",NA
"  both global and domestic social justice and equity;",NA,"503",NA
"  intergenerational equity;",NA,"503",NA
"  multiculturalism;",NA,"607",NA
"  international human rights obligations; //|and",NA,"201",NA
"  decent wages and  conditions for all workers.",NA,"701",NA
"population policy should not be driven by economic goals or to counter the effects of an ageing population.",NA,"501",NA
"an Australian population policy must consider the geographical distribution of human settlements rather than just concentrate upon population size at the national level.",NA,"501",NA
"Australia has an obligation to accept humanitarian migration including that resulting from climate change.",NA,"201",NA
"Goals",NA,NA,NA
"The Australian Greens want:",NA,NA,NA
"reduction of Australia‟s use of natural resources to a level that is sustainable and socially just.",NA,"501",NA
"recognition that use of resources in production for export is as damaging to the environment as production for domestic consumption.",NA,"501",NA
"11.  human settlements which are:",NA,"501",NA
"  designed and built to minimise environmental harm and maximise social well-being; //|and",NA,"501",NA
"  located in areas where their ecological impact is minimised.",NA,"501",NA
"Measures",NA,NA,NA
"The Australian Greens will:",NA,NA,NA
"support, through extensive community consultation, a population policy directed towards ecological sustainability in the context of global social justice.",NA,"501",NA
"work to achieve a sustainable relationship between humans and the environment by taking action:",NA,"501",NA
"  in Australia, including planning, consultation and a whole of government approach, toimprove equity in consumption levels and resource and technology use; //|and",NA,"501",NA
"  globally, to improve social and economic equity",NA,"503",NA
"and promote programs that empower women.",NA,"706",NA
"14. implement the 1994 United Nations International Conference on Population and Development Programme of Action as endorsed by the Australian Government, //|by:",NA,"501",NA
"  increasing our contribution to programs that empower women and increase their access to a wide range of safe family planning options; //|and",NA,"706",NA
"  increasing our overseas aid budget to 0.7% of GNP by 2010 as recommended by the United Nations, directed to the poorest, which often include women, with a focus on clean water and sanitation, education and high quality accessible health services, including sexual and reproductive health services.",NA,"107",NA
"ensure that Australian family planning programs, both domestically and overseas, are adequately funded to deliver services in the context of reproductive health programs which increase the power of girls and women to determine their own reproductive lives, and increase the understanding of men of their reproductive responsibilities.",NA,"706",NA
"prepare contingency plans for possible large scale humanitarian migration as a result of climate change.",NA,"501",NA
"Policy Category: B. Agriculture and Natural Resources",NA,NA,NA
"Sustainable Agriculture",NA,NA,NA
"Principles",NA,NA,NA
"The Australian Greens believe that:",NA,NA,NA
"the long-term sustainability of agriculture is essential for Australia‟s society, economy and environment.",NA,"703",NA
"sustainable agriculture is fundamental to supporting rural communities, which are a vital part of Australian society.",NA,"703",NA
"rural Australia faces complex agricultural, environmental and social challenges; many farmers and pastoralists are actively seeking sustainable practices, but struggle to contend with increasing financial pressures.",NA,"703",NA
"the combined problems of salinity, water quality, soil degradation and habitat fragmentation require an integrated approach at the farm enterprise, catchment and landscape scales.",NA,"703",NA
"ongoing research, development and extension are essential to both improve the sustainability of Australian agriculture and to maintain its competitiveness.",NA,"703",NA
"we must plan and manage for the likely impacts of climate change, increasing climatic variability and oil scarcity on Australia‟s agricultural industries.",NA,"703",NA
"Goals",NA,NA,NA
"The Australian Greens want:",NA,NA,NA
"sustainable land management.",NA,"703",NA
"improved water efficiency, water quality and conservation within agricultural systems.",NA,"703",NA
"to work with the farming community to address the critical issue of soil degradation and loss of soil health facing Australian agricultural industries.",NA,"703",NA
"an end to broad-scale native vegetation clearing and, where possible, restoration of native vegetation and biodiversity.",NA,"703",NA
"the identification of damaged landscapes and those at risk, and the implementation of remediation strategies for these areas.",NA,"703",NA
"increased support for research into sustainable agricultural innovations and industries.",NA,"703",NA
"an increase in new sustainable industries, including biofuel and bioenergy production, provided that they do not endanger food security.",NA,"703",NA
"improved protection for pastoral and leasehold lands, waterways, roadsides, travelling stock routes and other key public assets.",NA,"703",NA
"better biosecurity through effective management of invasive species, pests and diseases.",NA,"703",NA
"prime agricultural land protected from urban developments and other encroachments, and support for community-based food production systems.",NA,"703",NA
"regional communities to be prepared for the impacts of oil scarcity, climate change and increased climate variability.",NA,"703",NA
"the promotion of Australian produce to the Australian community.",NA,"703",NA
"the protection and enhancement of crop diversity and resilience.",NA,"703",NA
"Measures",NA,NA,NA
"The Australian Greens will:",NA,NA,NA
"foster cooperative partnerships between governments, agribusiness, landholders and managers, and communities, to implement sustainable agricultural systems, methods and industries, and to undertake landscape restoration.",NA,"703",NA
"revise and improve existing strategies for natural resource management at both farm and catchment levels.",NA,"703",NA
"work for community consultation and participation in policy and decision-making in agricultural landscape management, with legislation, where appropriate.",NA,"703",NA
"address climatic variability and climate change through risk management strategies that minimise the adverse impacts of weather extremes, and encourage the adaptation of agricultural processes to climate change.",NA,"703",NA
"extend incentive schemes to landholders implementing sustainable farming systems.",NA,"703",NA
"review exceptional circumstances criteria which permit the continuation of degrading practices.",NA,"703",NA
"strengthen national research and development coordination and funding for new industries that deliver environmental and community benefits.",NA,"703",NA
"structure tax incentives to encourage private sector investment in sustainable new agricultural industries.",NA,"703",NA
"regulate for sustainable use of irrigation water and groundwater, including transparent pricing to promote efficient water use.",NA,"703",NA
"ensure agricultural land zoning reflects land use capability and protects prime agricultural land.",NA,"703",NA
"support initiatives that increase local product quality and nutrition, local value-adding and local distribution, and promote Australian produce to the Australian community.",NA,"703",NA
"support further research into alternatives to, and fund the transition from, the use of nonrenewable energy, and agrochemicals such as pesticides and artificial fertilisers.",NA,"703",NA
"ensure better access for primary producers to services, expertise and technologies that improve the sustainability of their enterprises.",NA,"703",NA
"support food trading and processing practices that reduce transport, packaging and waste.",NA,"703",NA
"resource international and intranational biosecurity, pest, weed and disease control measures, to protect Australia‟s biodiversity, its agriculture, and people.",NA,"703",NA
"fund research into social and economic factors associated with changes in land use, transport and energy costs, and climate risk.",NA,"703",NA
"provide long-term funding for successful programs of sustainable landscape use.",NA,"703",NA
"promote ecologically sustainable approaches to land use to reduce greenhouse gas emissions and sequester carbon in soil, and offer incentives for implementation.",NA,"703",NA
"seek and support fair trade and biosecurity in international trade agreements.",NA,"703",NA
"address soil degradation and soil health as key funding priorities for natural resource management programs.",NA,"703",NA
"promote organic agriculture.",NA,"703",NA
"Genetically Manipulated Organisms (GMOs)",NA,NA,NA
"Principles",NA,NA,NA
"The Australian Greens believe that:",NA,NA,NA
"genetically manipulated organisms (GMOs), their products, and the chemicals used to manage them, pose unacceptable threats to natural and agricultural ecosystems.",NA,"501",NA
"the precautionary principle must be applied to the use of genetically manipulated organisms and the techniques for producing them.",NA,"501",NA
"GMO assessments must be broad, independent and scientifically robust, and any negative effects detected and addressed proactively.",NA,"501",NA
"as living organisms - plants, animals and micro-organisms -are not inventions, patents on life are unethical, against the public interest and should be banned.",NA,"501",NA
"the Australian government must ban plant GMOs with seeds made sterile by 'terminator' (Gene Use Restriction) technologies, so they will not germinate when planted, and advocate this policy in Convention of Biological Diversity negotiations.",NA,"501",NA
"farmers and consumers have a right to grow and consume food that is not genetically manipulated.",NA,"501",NA
"everyone has a right to know if foods contain any ingredients made using GM techniques, through the comprehensive labelling of those products.",NA,"501",NA
"Goals",NA,NA,NA
"The Australian Greens want:",NA,NA,NA
"a moratorium on the release of GEOs into the environment until there is an adequate scientific understanding of their long term impact on environmental and human health and animal health. (NB: most GM products are fed to animals)",NA,"501",NA
"mandatory labelling of all foods containing any ingredient, additives, processing aid or other constituent produced using GMOs.",NA,"501",NA
"a ban on patenting all living organisms - plants, animals and micro-organisms - and naturally occurring DNA code sequence information.",NA,"501",NA
"a scientific system which sets objective benchmarks, standards and quality assurance systems in advance, to mandate top quality, peer reviewed scientific evidence must be the only basis for assessing and licensing GMOs.",NA,"501",NA
"a strengthened, transparent, precautionary regulatory and monitoring system which prevents GMO contamination.",NA,"501",NA
"impact assessment research criteria and benchmarked processes that ensure GEOs are safe for the environment, and that derived foods are safe for human consumption.",NA,"501",NA
"Measures",NA,NA,NA
"The Australian Greens will:",NA,NA,NA
"sign and ratify the Cartagena Biosfety Protocol (on the safe international transfer, handling and use of living modified organisms) so that Australia fulfils its responsibilities under the Convention on Biological Diversity.",NA,"501",NA
"review and amend the Commonwealth Gene Technology Act 2000 (as amended) to:",NA,NA,NA
"  ensure the precautionary principle is rigorously applied to all applications for the general or restricted release of any GMO;",NA,"501",NA
"  ensure that assessment processes are objectively and fairly conducted by independent scientists and community representatives with the power to influence the regulators decisions;",NA,"501",NA
"  ensure that the assessment process is objective and fair, and is by independent scientists and community representatives;",NA,"501",NA
"  ensure that assessment processes examine the potential benefits as well as the risks of any proposal to release GMOs, and not issue a license where the risks outweigh the benefits; //|and",NA,"501",NA
"  require economic, social, marketing and ethical factors to be part of the impact assessment processes.",NA,"501",NA
"put in place a moratorium on the release of any GMOs into the Australian environment for trial or commercial purposes.",NA,"501",NA
"remove as far as possible all GMOs from the Australian environment and food supply while the moratorium is in force.",NA,"501",NA
"require mandatory, accurate and comprehensive labelling of all foods and animal feed containing any ingredient, additive, processing aid or other constituent produced using GMOs.",NA,"501",NA
"require certification of all imported seed, food and other products as GM or GM-free and ensure facilities exist for stringent testing.",NA,"501",NA
"make balanced, accurate, complete and high quality information available to the interested public, on the environmental, economic and social aspects of the genetic manipulation of living organisms.",NA,"501",NA
"change publicly-funded agricultural research and development priorities and resourcing from genetic manipulation to sustainable production methods.",NA,"501",NA
"fund independent scientific research to investigate the risks, hazards and costs of GMOs (including the associated use of agrichemicals) to human health, the environment, society and the economy.",NA,"501",NA
"replace the existing ad hoc system of GMO assessment, licensing and monitoring with a scientific system consistent with our principles.",NA,"501",NA
"ensure that when regulators assess the risks of GMOs as manageable and issue a license, they specify the agencies or individuals responsible for the identified risks and mandate the management systems to be used.",NA,"501",NA
"Natural Resources",NA,NA,NA
"Principles",NA,NA,NA
"The Australian Greens believe that:",NA,NA,NA
"Australia‟s natural resources must be managed in accordance with the principles of intergenerational equity, biodiversity conservation",NA,"501",NA
"and respect for the traditional ownership of Aboriginal and Torres Strait Islander peoples.",NA,"301",NA
"the management of Australia‟s natural resources must ensure the sovereignty and independence of future generations.",NA,"501",NA
"resource extraction decisions must be guided by rigorous environmental and social impact assessment and by the precautionary principle.",NA,"501",NA
"climate change must be a central consideration in the management of forests, fisheries and mining.",NA,"501",NA
"Forests, Plantations and Wood Products",NA,NA,NA
"Goals",NA,NA,NA
"The Australian Greens want:",NA,NA,NA
"recognition of the essential role played by mature forest ecosystems in wildlife habitat, carbon storage and water supply.",NA,"501",NA
"a sustainable and productive wood products industry on public and private land that maintains or enhances the resilience of natural ecosystems.",NA,"501",NA
"a high value-adding wood products industry that creates long-term skilled jobs and social sustainability in regional communities.",NA,"501",NA
"an end to the destruction of old-growth forests and other forests of high conservation value.",NA,"501",NA
"tax arrangements which do not advantage plantations over other crops.",NA,"501",NA
"world‟s best practice certified farm-scale plantation forestry.",NA,"501",NA
"a diversity of species in plantations.",NA,"501",NA
"Measures",NA,NA,NA
"The Australian Greens will:",NA,NA,NA
"end the export of woodchips and whole logs from native forests.",NA,"501",NA
"end the logging of high conservation value native forests and wildlife habitats.",NA,"501",NA
"end logging in native forests except, once export woodchipping from them is banned, in limited areas where small volumes of timber can be taken from defined areas under strict conditions and for specialty purposes.",NA,"501",NA
"prohibit the use of native forests for electricity generation.",NA,"501",NA
"nominate Australia‟s qualifying ancient forests for listing on the National and/or World Heritage registers.",NA,"501",NA
"abolish Regional Forest Agreements and replace the Commonwealth Regional Forest Agreements Act 2002 to ensure that forests, plantations and the wood productions industry are treated equally with other activities under environmental law.",NA,"501",NA
"implement a national wood products industry plan that will complete the transition from native forests to existing plantations, including retraining and other assistance for workers and the development of sustainable alternative fibre industries.",NA,"501",NA
"Fisheries",NA,NA,NA
"Goals",NA,NA,NA
"The Australian Greens want:",NA,NA,NA
"the management of recreational and commercial fisheries to maintain sustainable populations and fisheries, and to minimise the environmental impacts of fishing.",NA,"501",NA
"protection of fish nursery habitat.",NA,"501",NA
"environmentally benign aquaculture industries.",NA,"501",NA
"a strategy to maintain adequate, biologically representative „no-take‟ areas within each fishery and/or marine bioregion for the conservation of marine biodiversity and fish stocks.",NA,"501",NA
"Measures",NA,NA,NA
"The Australian Greens will:",NA,NA,NA
"complete the independent ecological assessment of Australia‟s commercial fisheries under the provisions of the Environment Protection and Biodiversity Conservation Act 1999.",NA,"501",NA
"expand fisheries assessments to all Australian fisheries, including recreational fisheries, and develop and implement a national framework for managing recreational and charter fishing.",NA,"501",NA
"increase the number of Australia's marine reserves, particularly where these improve the resilience of vulnerable fish populations.",NA,"501",NA
"strengthen and continue Australia‟s proactive stance on illegal, unregulated and unreported fishing,",NA,"501",NA
"including assisting in the development of alternative employment opportunities for impoverished communities now relying on the illegal trade.",NA,"402",NA
"in cooperation with the states and territories, develop a nationally agreed framework for the assessment and regulation of aquaculture developments based on ecosystems management principles.",NA,"501",NA
"implement a moratorium on deep-sea bottom trawling in Australian waters and require by-catch reduction in all trawl fisheries.",NA,"501",NA
"maintain adequate, biologically representative „no-take‟ areas within each fishery and/or marine bioregion.",NA,"501",NA
"ban all factory-ship based fishing in Australian pelagic fisheries.",NA,"501",NA
"Mining and Mineral Exploration",NA,NA,NA
"Goals",NA,NA,NA
"The Australian Greens want:",NA,NA,NA
"a viable mining and mineral exploration sector that meets stringent environmental protection standards.",NA,"501",NA
"all mining activity to be consistent with the desires and needs of affected Aboriginal and Torres Strait Islander peoples.",NA,"301",NA
"Measures",NA,NA,NA
"The Australian Greens will:",NA,NA,NA
"ensure that environmental and social impact assessments are rigorously applied and implemented on all mining proposals and projects.",NA,"501",NA
"prohibit the exploration for, and mining and export of, uranium.",NA,"501",NA
"oppose the establishment of new coal mines and the expansion of existing mines.",NA,"501",NA
"prohibit mineral exploration and mining as well as extraction of petroleum and gas in terrestrial and marine nature conservation reserves, including national parks, wilderness areas and other areas of outstanding nature conservation value.",NA,"501",NA
"establish a national mining insurance fund, based on mining industry contributions, to provide resources sufficient to rehabilitate the environmental impacts of existing mining operations.",NA,"501",NA
"ensure that all new mining proposals include a fully costed and funded allocation for the restoration and rehabilitation of the impacted area(s) to world‟s best practice standards.",NA,"501",NA
"Policy Category: C. Climate Change and Energy",NA,NA,NA
"Climate Change and Energy",NA,NA,NA
"Principles",NA,NA,NA
"The Australian Greens believe that:",NA,NA,NA
"climate change poses the greatest threat to our world in human history and requires urgent local, national and global action.",NA,"501",NA
"we have only 10-15 years to use our collective human intelligence to address the crisis of climate change and to prevent catastrophe.",NA,"501",NA
"Australia is ideally placed to lead the world in this challenge and the Greens are committed to Australia taking that lead.",NA,"501",NA
"Australia needs to significantly reduce greenhouse gas emissions, actively support international mitigation measures to reduce global emissions, and plan to adapt to climate change impacts which are now inevitable.",NA,"501",NA
"early action to reduce pollution is cheaper and fairer than delaying action.",NA,"501",NA
"the equity principle must be at the core of climate change negotiations and measures.",NA,"503",NA
"the cost of reducing greenhouse emissions and adapting to climate change must be distributed fairly, both domestically and between nations.",NA,"503",NA
"climate change will result in the displacement of people, creating environmental refugees and intensifying the threat of regional and global conflict.",NA,"501",NA
"Australia must use its diplomatic and economic influence to promote the development of alternatives to greenhouse gas intensive sources of energy.",NA,"501",NA
"energy prices should reflect the environmental and social costs of production and use.",NA,"501",NA
"renewable energy projects should be ecologically sustainable and governed by the same development guidelines as other investments of a similar scale.",NA,"501",NA
"the major refurbishment of existing coal fired power stations undermines the effort to increase end-use energy efficiency, demand management and renewable energy.",NA,"501",NA
"a safe climate will require a return to an atmospheric concentration of 350ppm or lower of greenhouse gases (CO2 equivalents)",NA,"501",NA
"Australia needs to plan for a future that does not rely on coal export and coal fired electricity",NA,"501",NA
"Goals",NA,NA,NA
"The Australian Greens want:",NA,NA,NA
"Australia to achieve net zero greenhouse gas emissions as soon as is feasible and by no later than 2050 with a minimum of 40% reduction on 1990 levels by 2020.",NA,"501",NA
"the reversal of Australia‟s growing demand for energy through demand management and increased efficiency of supply and end-use.",NA,"501",NA
"future energy needs to be met using sustainable, renewable energy sources.",NA,"501",NA
"all countries to develop and meet greenhouse gas emission targets.",NA,"501",NA
"actions to adapt Australia to the impacts of climate change.",NA,"501",NA
"Australia to be prepared for peak oil without resorting to the heavily greenhouse polluting options of shale oil or coal-to-oil.",NA,"501",NA
"the development and ratification of a global oil depletion protocol.",NA,"501",NA
"Measures",NA,NA,NA
"The Australian Greens will:",NA,NA,NA
"take a leading role in negotiating a multilateral emission abatement treaty which includes binding emission targets for all countries.",NA,"501",NA
"establish binding national emission targets for 2010, 2020 and 2050 supported by a detailed strategy to reduce emissions from the energy, transport, industry, waste and land management sectors.",NA,"501",NA
"drive the equitable transition to a low carbon economy through a range of market-based and regulatory mechanisms reflecting the real costs of greenhouse gas emissions.",NA,"501",NA
"address the social impacts of the transition to a low carbon economy.",NA,"501",NA
"create a new ministerial position, Minister for Climate Change and Energy, to oversee the national response to climate change and the implementation of energy efficiency programs and standards.",NA,"501",NA
"establish a low greenhouse trigger in the Environment Protection Biodiversity Conservation Act (EPBC), ensuring Federal oversight of developments which are liable to have a significant impact on domestic or global greenhouse emissions.",NA,"501",NA
"establish a national system of energy efficiency targets.",NA,"501",NA
"significantly increase the stringency of Minimum Energy Performance Standards (MEPS) for products, buildings and infrastructure.",NA,"501",NA
"ensure that renewable electricity provides 30% of national demand by 2020 by increasing the renewable energy target (RET) and by introducing measures such as feed-in tariffs and regulations to support a range of prospective new renewable energy technologies.",NA,"501",NA
"reform MRET to exclude non-renewable sources including greenfields coal-bed methane, and new hydroelectric and native forest fuelled power stations.",NA,"501",NA
"reform the National Electricity Market to remove the bias towards centralised coal-fired generation, and encourage demand management and the development of distributed generation and renewable energy.",NA,"501",NA
"review national gas resources and their allocation to ensure that Australia has sufficient gas to produce on-demand electricity in the transition to a fully renewable economy.",NA,"501",NA
"facilitate the rollout of smart meters with real-time communications technology and information display with measures to ensure that people who are on low incomes, unemployed or aged are not unfairly penalised",NA,"501",NA
"transfer subsidies and government support, including funding for research and development, from the fossil fuel sectors to energy efficiency and renewable energy.",NA,"501",NA
"provide incentives, including any revenue raised from the above measures, to promote public transport, and to encourage research, development, and commercialisation of energy efficiency and renewable energy.",NA,"501",NA
"ensure that energy price subsidies are not used to attract or retain energy intensive industries.",NA,"501",NA
"oppose the establishment of new coal-fired power stations, new coal mines and the expansion of existing mines, as the technology to capture and store greenhouse gas emissions remains unproven.",NA,"501",NA
"ban public funding to refurbish any existing coal fired power stations.",NA,"501",NA
"develop a plan to assist affected communities in the transition from dependence on coal mining and coal-fired power stations, given that global efforts to reduce greenhouse gas emissions will inevitably reduce the demand for coal.",NA,"501",NA
"adopt the precautionary principle in relation to carbon capture and storage (geosequestration) by opposing public funding, and ensuring that companies are financially responsible for the risks of CO2 leakage.",NA,"501",NA
"phase in stringent fuel efficiency standards.",NA,"501",NA
"remove the GST on public transport.",NA,"501",NA
"reduce vehicle dependence and improve fuel efficiency by investing in public transport, providing housing with access to public transport and discourage urban sprawl.",NA,"501",NA
"use Government procurement policies to promote efficient passenger vehicles.",NA,"501",NA
"amend the Fringe Benefits Tax to remove the incentive to increase vehicle use.",NA,"501",NA
"phase out diesel fuel subsidies by removing energy credits.",NA,"501",NA
"support research, development and commercialisation of sustainable alternative fuels.",NA,"501",NA
"support the development and expansion of robust distribution networks for transitional and sustainable alternative fuels and charging facilities for electric vehicles.",NA,"501",NA
"increase community awareness about the urgent need to reduce greenhouse gas emissions, about simple and cost-effective emission mitigation options, and about the need to plan for future climate change impacts.",NA,"501",NA
"help countries in our region to reduce greenhouse gas emissions, and adapt to climate change through appropriate technology transfer and other forms of assistance.",NA,"107",NA
"Nuclear",NA,NA,NA
"Principles",NA,NA,NA
"The Australian Greens believe that:",NA,NA,NA
"there is a strong link between the mining and export of uranium, nuclear power and nuclear weapon proliferation.",NA,"501",NA
"the consequences of the use of nuclear weapons, or of catastrophic accidents at, or terrorist attacks on, nuclear power stations, are so great that the risks are unacceptably high.",NA,"501",NA
"future generations must not be burdened with high level radioactive waste.",NA,"501",NA
"nuclear power is not a safe, clean, timely, economic or practical solution to reducing global greenhouse gas emissions.",NA,"501",NA
"Australia's reliance on the US nuclear weapons 'umbrella' lends our bases, ports and infrastructure to the US nuclear war fighting apparatus.",NA,"501",NA
"Goals",NA,NA,NA
"The Australian Greens want:",NA,NA,NA
"a nuclear-free Australia.",NA,"501",NA
"a nuclear-free world.",NA,"501",NA
"safe, long-term containment of Australia‟s existing nuclear waste.",NA,"501",NA
"the elimination of nuclear weapons through a Nuclear Weapons Convention.",NA,"501",NA
"the elimination of depleted uranium weapons.",NA,"501",NA
"safe, ecologically sustainable energy options.",NA,"501",NA
"Measures",NA,NA,NA
"The Australian Greens will:",NA,NA,NA
"end the exploration for, and the mining and export of, uranium.",NA,"501",NA
"maintain the prohibition on the processing and enrichment of uranium in Australia.",NA,"501",NA
"prohibit the import and export of nuclear waste and fuel rods.",NA,"501",NA
"prohibit the reprocessing of Australian nuclear fuel rods.",NA,"501",NA
"promote the development of non-reactor technologies for the production of radioisotopes for medical and scientific purposes.",NA,"501",NA
"close the OPAL nuclear reactor at Lucas Heights.",NA,"501",NA
"ensure that nuclear waste is stored with minimal risk and is monitored above ground, in dry storage at or near the site of generation.",NA,"501",NA
"require uranium mining companies to meet enforceable standards to safely contain and to monitor their radioactive tailings wastes for at least 10,000 years.",NA,"501",NA
"require uranium mining companies to rehabilitate mining sites.",NA,"501",NA
"immediately close Australia‟s ports and territorial waters to nuclear-powered or nuclear-armed vessels.",NA,"501",NA
"prohibit the treatment of food with ionising radiation (food irradiation), and the importation of such food.",NA,"501",NA
"support compensation for the victims of British nuclear weapons testing in Australia.",NA,"503",NA
"support the creation of nuclear weapon free zones, municipalities and ports.",NA,"501",NA
"strengthen the radiation security and preparedness of Australia's airports and ports.",NA,"501",NA
"Policy Category: D. Care for People",NA,NA,NA
"Health",NA,NA,NA
"Principles",NA,NA,NA
"The Australian Greens believe that:",NA,NA,NA
"access to quality health care is a basic human right.",NA,"504",NA
"individual health outcomes are influenced by the inter-relationship of biological, social, economic and environmental factors.",NA,"504",NA
"governments are responsible for ensuring that all people have access to the resources and opportunities essential for good health.",NA,"504",NA
"preventative approaches, measures to alleviate social disadvantage, and universal access to an effective health care system are necessary to address inequities in health outcomes.",NA,"504",NA
"an effective health system must be based on primary health care and preventive health care, such as health promotion, disease prevention and early intervention, in order to reduce avoidable admissions and pressure on hospitals.",NA,"504",NA
"the public health system is the best way to deliver health services.",NA,"504",NA
"the interests of patients must be placed ahead of disputes over federal, state and local government responsibilities.",NA,"504",NA
"the health system must be focussed on individual and social wellbeing.",NA,"504",NA
"people have the right to participate individually and collectively in the planning and implementation of their health care.",NA,"504",NA
"an effective health care system is dependent upon a skilled, well-resourced workforce.",NA,"504",NA
"it is essential to plan now for changing disease patterns arising from climate change.",NA,"504",NA
"Goals",NA,NA,NA
"The Australian Greens want:",NA,NA,NA
"a universal public health care system for all Australians.",NA,"504",NA
"universal access to publicly funded primary dental care.",NA,"504",NA
"increased primary health care funding to ensure greater access to general practitioner services.",NA,"504",NA
"a health system which has strong, well-funded primary treatment and prevention options as well as acute, hospital based care.",NA,"504",NA
"primary treatment and prevention services that provide first contact, community-based care.",NA,"504",NA
"health funding that supports preventive care and health promotion, multidisciplinary teams and networks, and co-located services.",NA,"504",NA
"Aboriginal and Torres Strait Islander people to have health outcomes and life expectancy equal to other Australians.",NA,"503",NA
"increased funding for services and education for the prevention and early detection of mental illness.",NA,"504",NA
"health funding that meets the increasing demands resulting from climate change.",NA,"504",NA
"Measures",NA,NA,NA
"The Australian Greens will:",NA,NA,NA
"develop a National Health Care Strategy, with a focus on primary health care, which ensures national coordination and shared responsibility in health care, research and evaluation.",NA,"504",NA
"support Medicare as a universal health insurance scheme funded from progressive taxation.",NA,"504",NA
"abolish the private health insurance rebate and redirect funds to the public health system, including public hospitals.",NA,"504",NA
"increase incentives for GPs and medical specialists to bulk bill.",NA,"504",NA
"increase the number of salaried GPs in order to increase access to GP services.",NA,"504",NA
"increase the number of well funded multipurpose community health care centres and services in regional, rural, and remote areas.",NA,"504",NA
"enact measures, including legislation, to protect and extend the Pharmaceutical Benefits Scheme.",NA,"504",NA
"ensure that the membership of regulatory bodies, such as the Pharmaceutical Advisory Committee, is made up of independent scientific experts, clinically based health care advisors and consumer representatives, in order to provide independence from undue influence.",NA,"504",NA
"fund preventive health programs which include appropriate screening activities and healthy lifestyle education.",NA,"504",NA
"introduce legislation to promote healthy choices, including a ban on junk food advertising on children‟s television.",NA,"504",NA
"continue restrictions on pharmaceutical advertising, and restrict pharmaceutical promotions to health professionals, including undergraduates.",NA,"504",NA
"ensure funding for health services to Aboriginal and Torres Strait Islander peoples that will raise their health status to a level comparable to other Australians.",NA,"504",NA
"work with Aboriginal and Torres Strait Islander communities and relevant agencies to deliver accessible, culturally-appropriate and community-controlled health services.",NA,"301",NA
"support and add to current innovations that facilitate the training of Aboriginal and Torres Strait Islander and migrant health professionals.",NA,"504",NA
"introduce and fully fund a Commonwealth Dental Scheme for low income earners and their families, which provides essential dental care and a full dental examination every two years.",NA,"504",NA
"adopt mechanisms to increase access to primary dental services through Medicare.",NA,"504",NA
"increase funding to mental health services in collaboration with states and territories, particularly to prevention models, and hospital and community-based support, assessment and suicide prevention services.",NA,"504",NA
"establish properly resourced, strategically located 24 hour community mental health services, staffed by the full range of mental health professionals.",NA,"504",NA
"expand community-based support services and agencies to enable people with chronic mental and/or physical illnesses, and their carers, to live in and participate more fully in their communities.",NA,"504",NA
"increase student places in medical, dental and nursing schools, and allied health courses, to address the shortage of health professionals with commensurate funding for staffing and facilities to ensure high quality training and mentorship programs.",NA,"504",NA
"review and implement effective measures to attract health professionals to rural and remote areas.",NA,"504",NA
"legislate to enable people with long-term chronic illnesses to continue to access Pharmaceutical Benefits Scheme medicines at the concession rate when moving to low paid work and ceasing the Disability Support Pension.",NA,"504",NA
"ensure all women have access to legal, free and safe pregnancy termination services, including unbiased counselling.",NA,"504",NA
"ensure access to a full range of birthing services.",NA,"504",NA
"support improved labelling, and contents and nutritional disclosure, on all food sold in Australia, including country of origin.",NA,"504",NA
"work for more comprehensive enforcement of standards for food labelling and health and nutritional benefit claims.",NA,"504",NA
"support improved preparation for emergency responses to pandemics.",NA,"504",NA
"establish an ongoing assessment of, and management plan for, the health risks posed by climate change to Australians.",NA,"504",NA
"Drugs, Substance Abuse and Addiction",NA,NA,NA
"Principles",NA,NA,NA
"The Australian Greens believe that:",NA,NA,NA
"The Australian Greens do not support the legalisation of currently illegal drugs.",NA,"504",NA
"a harm minimisation approach is the best way to reduce the negative effects of drug use and drug regulation.",NA,"504",NA
"harm minimisation policies and programs are those directed towards reducing the adverse health, social and economic consequences of drug use, to the individual user and the community.",NA,"504",NA
"the use of illegal and legal drugs (including alcohol and tobacco), and some regulatory approaches, can have a wide range of adverse health, social and economic effects.",NA,"504",NA
"the regulation of personal use of currently illegal drugs is best addressed primarily within a health and social framework, with legal support.",NA,"504",NA
"imprisonment for personal use of illicit drugs, when not associated with other crimes, is not an appropriate solution to drug dependence.",NA,"504",NA
"a funding mix should be adopted to enable supply reduction, demand reduction and harm reduction.",NA,"504",NA
"information and education programs should be available to enable informed debate about the effects of all drugs, including prescription, non-prescription, legal and illegal drugs.",NA,"504",NA
"policy and programs should be adopted that are evidence-based and subject to continuous evaluation.",NA,"504",NA
"Aboriginal and Torres Strait Islander communities must control, to the greatest extent possible, the development and management of harm minimisation policies and programs in their communities.",NA,"301",NA
"Goals",NA,NA,NA
"The Australian Greens want:",NA,NA,NA
"a reduction in deaths, disease, crime and corruption resulting from drug use.",NA,"504",NA
"reduced consumption of illegal and legal drugs where this leads to a decrease in problems associated with harmful drug use.",NA,"504",NA
"the cost to government and the community of regulating drug use to be reduced with improved health and social outcomes.",NA,"504",NA
"improved efficacy of all management, treatment and other regulatory and judicial responses to drug use in the community, to maximise harm reduction, supply reduction and demand reduction.",NA,"504",NA
"Measures",NA,NA,NA
"The Australian Greens will:",NA,NA,NA
"establish an Australian Drugs Policy Institute to undertake research trials and evaluation of policy and treatment programs.",NA,"504",NA
"provide free information on substance use, especially for young people.",NA,"504",NA
"ban all advertising and all sponsorship of tobacco products.",NA,"504",NA
"establish an independent body to regulate alcohol advertising.",NA,"504",NA
"ban donations from the tobacco, alcohol and pharmaceutical industries to political parties.",NA,"304",NA
"reform alcohol taxation so that the tax rate is based on alcohol content rather than beverage type, and allocate the income to fund alcohol and drug education and treatment.",NA,"504",NA
"reduce the effects of passive smoking, by introducing a ban on smoking in defined public spaces.",NA,"504",NA
"continue restrictions on the sale of alcohol and tobacco products to people under the age of 18.",NA,"504",NA
"prohibit advertising promotions for alcohol that encourage excessive drinking.",NA,"504",NA
"introduce the regulated use of cannabis for specified medical purposes, such as intractable pain.",NA,"504",NA
"support the comprehensive roll out of Opal non-sniffable fuel throughout regions of Australia where petrol sniffing and trafficking is a problem, with associated diversionary and rehabilitation programs.",NA,"504",NA
"support serious penalties for driving while under the influence of alcohol and other drugs that impair cognitive or psychomotor skills.",NA,"605",NA
"introduce a system of sanctions for personal use of illicit drugs, when not associated with other crimes, that include measures such as education, counselling and treatment, commensurate with specific cases and circumstances.",NA,"504",NA
"support criminal penalties for drug dealers.",NA,"605",NA
"increase availability of diversion to rehabilitation and treatment programs as a sentencing alternative for people convicted of crimes committed to support a personal addiction to drugs.",NA,"504",NA
"promote relationships between relevant agencies and local communities to address problems associated with illegal drug use.",NA,"504",NA
"make drug substitution treatments available under the Pharmaceutical Benefits Scheme, and compensate pharmacists for costs of dispensing treatment.",NA,"504",NA
"extend the range of counselling and treatment programs covered by Medicare.",NA,"504",NA
"increase the availability of harm reduction programs, including needle and syringe exchanges and medically supervised injecting rooms and implement a rigorous scientific trial of prescribed heroin to registered users in line with the proposed 1996 ACT government heroin trial.",NA,"504",NA
"Education",NA,NA,NA
"Principles",NA,NA,NA
"The Australian Greens believe that:",NA,NA,NA
"universal access to high quality education is fundamental to Australia's prosperity, environmental sustainability, well being and social fulfilment.",NA,"506",NA
"all people are entitled to free, well-funded and high quality, life-long public education and training.",NA,"506",NA
"the government has a primary responsibility to fund all levels of the public education system early childhood education, schools, vocational education and training and universities - to provide high quality education to all students.",NA,"506",NA
"federal funding to the education system (public and private) should be on the basis of equity to ensure that all Australian children have the best opportunities to achieve the best educational outcomes.",NA,"506",NA
"federal schools funding policy should prioritise the public education system to ensure that public schools are able to provide the highest quality educational experiences and set the educational standards for the nation.",NA,"506",NA
"teachers, academics, student unions and parent organisations should have a significant role in setting directions, priorities, and curricula and in the administration of the public education system.",NA,"506",NA
"the salaries and conditions of teachers, early childhood and other educators should be set at a level that recognises the importance of their work, provides secure career structures, and encourages committed and capable people into the teaching profession at all levels of the education system.",NA,"506",NA
"teachers should have a career structure which provides opportunities for advancement and promotion based on skills, experience and teaching specializations. Performance payments are not an alternative to properly funded career path.",NA,"506",NA
"Aboriginal and Torres Strait Islander people‟s educational outcomes must match the rest of the Australian population.",NA,"503",NA
"Aboriginal and Torres Strait Islander communities should determine their own educational opportunities and, together with students, must be centrally involved in determining their educational priorities and the design and delivery of education opportunities at all levels.",NA,"301",NA
"early childhood education is a critical component of lifelong learning and should be provided by government and accredited community organizations and not-for profit providers.",NA,"506",NA
"vocational education and training (VET) should be primarily provided through the public TAFE system while the community and not-for-profit VET sector should also be supported.",NA,"506",NA
"universities are places of learning and research where the needs of the whole community and the values of service to the public and scholarship take priority over sectional and commercial interests and academic freedom is protected.",NA,"506",NA
"fulltime university and TAFE students are entitled to a living allowance which enables them to study instead of having to find paid work during teaching semesters.",NA,"506",NA
"education unions are the appropriate industrial representatives in all educational matters.",NA,"506",NA
"Goals",NA,NA,NA
"The Australian Greens want:",NA,NA,NA
"a public school system that is recognised as among the best in the world.",NA,"506",NA
"every child in Australia to have access to at least two years of public preschool education.",NA,"506",NA
"schools funding to be placed on an equitable footing by reversing the excessive increases in Commonwealth funding to non-government schools in recent years.",NA,"506",NA
"increased funding to public education through funding models for all sectors of the education system to prioritise public education.",NA,"506",NA
"public education infrastructure to be adequately funded for capital works and maintenance to meet the highest environmental sustainability standards and remain in public ownership and control.",NA,"506",NA
"smaller class sizes throughout the public education system to ensure manageable workloads for all educators and best educational outcomes for all students.",NA,"506",NA
"higher teacher-student ratios in schools that suffer socioeconomic disadvantage, educate children with special needs and schools with a high proportion of Aboriginal and Torres Strait Islander children.",NA,"506",NA
"increased specialist teachers and support services for students and pre-school children with special needs, including those with a disability or a learning difficulty.",NA,"506",NA
"increased support for students from non-English speaking backgrounds, and Aboriginal and Torres Strait Islander students.",NA,"506",NA
"increased funding for training and professional development for educators in all sectors of the public education system.",NA,"506",NA
"a career path and salary structure for school teachers and other educators to encourage excellent teachers to enter and stay in the profession.",NA,"506",NA
"schools and curriculum material free from corporate influence including the use of sponsors‟ material or logos.",NA,"506",NA
"home schooling options for parents to educate their children if they meet requirements to provide a balanced education, core educational outcomes and social interaction with peers.",NA,"506",NA
"VET funding priorities to balance between student needs, employment demand, and providing skills in satisfying and sustainable employment.",NA,"506",NA
"free university education for Australian citizens, permanent residents and refugees.",NA,"506",NA
"improved access to comprehensive tertiary education for rural and remote communities.",NA,"506",NA
"retention rates to Year 12 and enrolments and completions of Aboriginal and Torres Strait Islander students at tertiary level to match the rest of the community.",NA,"503",NA
"internationally competitive conditions for academic staff.",NA,"506",NA
"enrolment for high-demand tertiary courses with limited places to be based on merit and not on ability to pay.",NA,"506",NA
"elected staff and student representatives on university governing bodies.",NA,"506",NA
"provision of an adequate means-tested living allowance for full time students in the tertiary sector.",NA,"506",NA
"Measures",NA,NA,NA
"The Australian Greens will:",NA,NA,NA
"fund the construction of new public preschool facilities.",NA,"506",NA
"increase pre-service and professional development opportunities for early childhood educators.",NA,"506",NA
"develop improved career path, professional development   and pay structure for all teachers and other educators.",NA,"506",NA
"provide additional teachers and resources for students and preschool children with special needs and those from disadvantaged communities.",NA,"506",NA
"introduce the same accountability and transparency frameworks for government funding to nongovernment schools as applies to public schools and extend the anti-discrimination measures that apply in public schools to private schools.",NA,"506",NA
"ensure the viability and diversity of existing public schools is not endangered by the development of new private schools.",NA,"506",NA
"include the history, culture and contemporary experience of Aboriginal and Torres Strait Islander people is included in the school curriculum, and in the training and professional development of all teachers.",NA,"301",NA
"support schools in the provision of high quality, rich information to parents and the community and end the public ranking of schools in league tables.",NA,"506",NA
"support expert decision- making about curriculum, testing, reporting and teaching in consultation with teachers, parents, students and the community.",NA,"506",NA
"ensure that public funding of private providers of VET and businesses that supply training opportunities does not diminish the viability of public TAFE services, expertise or facilities.",NA,"506",NA
"phase out the public funding of privately provided VET where TAFE can provide the same educational and training outcomes.",NA,"506",NA
"abolish all fees and charges for educational services at TAFE institutions.",NA,"506",NA
"address the over-casualisation of TAFE teaching by introducing a benchmark of 80 percent of teaching by permanent staff throughout public and private VET providers.",NA,"506",NA
"increase the availability of apprenticeships, especially in rural and regional Australia.",NA,"506",NA
"ensure educators have a key role in developing and reviewing training packages.",NA,"506",NA
"provide an adequate mean-tested living allowance for full time students.",NA,"506",NA
"reject the use of education funding vouchers.",NA,"506",NA
"increase funding to the tertiary sector to provide sufficient student places to meet the demand of suitably qualified applicants.",NA,"506",NA
"legislate to increase democratic participation by academics, staff, students and community representatives in the decision-making processes within universities.",NA,"506",NA
"abolish fees for educational services at public universities for Australian students and forgive HECS debts and FEE-HELP debt incurred at public universities.",NA,"506",NA
"repeal voluntary student union legislation and support the role of student unions by the universal collection of student fees for amenities and services, by an elected student body.",NA,"506",NA
"support affirmative action entrance, residential programs and ongoing assistance to improve university entrance opportunities for Aboriginal and Torres Strait Islander students.",NA,"503",NA
"increase and cost-index per-student funding of all public universities, and ensure adequate funding to all rural, regional and outer-suburban universities.",NA,"506",NA
"support the right of academics to develop and maintain a research career and increase funding to expand the research capacity of Australian universities and increase the proportion of research funding allocated to pure research and to research for the public good.",NA,"506",NA
"end the current arrangement for recurrent funding to non-government schools by no later than the end of 2010.",NA,"506",NA
"implement a new model for recurrent funding to non-government schools based on the following:",NA,"506",NA
"proper consideration of the resource levels of non-government schools and their financial capacity, including fees and other parent contributions;",NA,"506",NA
"an appropriate measure for indexation of the funding of non-government schools  that de-couples it from spending  on public schools; and",NA,"506",NA
"-non-government schools to be fully accountable to the parliament and therefore transparent to the public on their use of government funds and their financial situation, including all income and assets.",NA,"507",NA
"ensure that non-government schools in receipt of government funding:",NA,NA,NA
"-do not discriminate in hiring of staff or selection of students;",NA,"503",NA
"-have an admissions and expulsions policy similar to public schools including an obligation to enrol; and",NA,"503",NA
"-demonstrate social and community engagement and benefit by offering community access to facilities and/or a fee waiver for a percentage of students from disadvantaged backgrounds and/or with special needs.",NA,"503",NA
"invest the money saved from ending public subsidies to the very wealthiest private schools into a national equity funding programme for public schools.",NA,"503",NA
"support the maintenance of the total level of Commonwealth funding for private schools at 2003-04 levels (excluding that re-allocated under previous clauses), indexed for inflation.",NA,"506",NA
"end government funding for schools that operate for private profit.",NA,"507",NA
"Housing",NA,NA,NA
"Principles",NA,NA,NA
"The Australian Greens believe that:",NA,NA,NA
"affordable housing is a human right.",NA,"504",NA
"the housing needs of low income Australians should be met through the provision of a mix of affordable options, including community housing, public housing, shared equity with social housing providers and private rental housing.",NA,"504",NA
"governments need to provide sufficient public and community housing to meet current need and projected demand.",NA,"504",NA
"new urban developments should be environmentally sound, close to employment and public transport,",NA,"501",NA
"and should facilitate community interaction.",NA,"606",NA
"public participation in the development of public and community housing, (including planning and in the assessment of development proposals) is a right, the exercise of which should be encouraged by planning authorities.",NA,"202",NA
"the housing needs of Aboriginal and Torres Strait Islander people should be met as a matter of urgency.",NA,"503",NA
"passive thermal heating and cooling (including solar) design must be mandatory as a building principle.",NA,"501",NA
"existing subsidies and incentives for property investment should be reviewed with a view to guaranteeing housing affordability across all tenure types.",NA,"504",NA
"Goals",NA,NA,NA
"The Australian Greens want:",NA,NA,NA
"the elimination of housing-related poverty.",NA,"504",NA
"all Australians to have access to adequate, safe, secure, sustainable and affordable housing.",NA,"504",NA
"Australians who are unable to provide their own housing to be given housing assistance by the government.",NA,"504",NA
"minimal waiting times on public housing waiting lists.",NA,"504",NA
"adequate investment in public and community housing throughout the community to ensure its social and economic viability.",NA,"504",NA
"participation by tenants and homeless persons in decisions regarding their housing services.",NA,"202",NA
"a reduction in the environmental impact of housing, both during construction and throughout the life of the building.",NA,"501",NA
"priority given in town planning to recreational, cultural and social amenities that promote healthy communities.",NA,"502",NA
"greater diversity in housing to meet the accessibility needs of changing demographics an disadvantaged groups.",NA,"705",NA
"increased provision of emergency accommodation and transitional housing for people in need (including women and children affected by family violence, people experiencing homelessness, refugees and asylum seekers, migrants and people released from detention) with sufficient exit options to long term housing.",NA,"705",NA
"improved legal security of tenure",NA,"504",NA
"and reduced discrimination.",NA,"503",NA
"Aboriginal and Torres Strait Islander people to have access to adequate, secure, well maintained, safe and culturally appropriate long-term housing, wherever they live.",NA,"503",NA
"Measures",NA,NA,NA
"The Australian Greens will:",NA,NA,NA
"develop a national housing plan, and significantly increase funding to public and community housing.",NA,"504",NA
"provide increased financial assistance to people unable to provide for their own housing.",NA,"504",NA
"urgently fund sufficient public and community housing, to minimise waiting lists.",NA,"504",NA
"ensure public housing is accessible, affordable, secure, habitable and in locations that provide reasonable access to employment, health-care, public transport, schools and other social facilities.",NA,"504",NA
"significantly increase funding to address the housing needs of Aboriginal and Torres Strait Islander people.",NA,"503",NA
"ensure subsidies and concessions for the provision of private rental accommodation are targeted at affordable housing for low-income households.",NA,"504",NA
"means test the first home owners grant.",NA,"504",NA
"require new buildings and retrofit of old buildings to meet high minimum standards of energy efficiency, noise insulation and water conservation.",NA,"501",NA
"develop national planning guidelines for new housing developments that require:",NA,NA,NA
"  a social mix of public and private housing with a target of 20% low cost and public housing, and housing that caters for diverse social needs;",NA,"504",NA
"  design for maximum energy efficiency meeting or exceeding a national six-star rating;",NA,"501",NA
"  privacy and noise controls;",NA,"501",NA
"  permeable road networks allowing for bus access;",NA,"411",NA
"  segregated bicycle paths and footpaths;",NA,"411",NA
"  landscaping, design and infrastructure for rainwater trapping and wastewater recycling; //|and",NA,"501",NA
"  at least 15% to be allocated to public open space in addition to community facilities.",NA,"501",NA
"  develop national building standards that:",NA,NA,NA
"  take account of climatic variation across the continent;",NA,"501",NA
"  strengthen disability access provisions;",NA,"503",NA
"  set high standards for energy and water efficiency; //| and",NA,"501",NA
"  specify minimum standards for non-toxic, low environmental impact construction materials.",NA,"501",NA
"31.  develop national urban planning standards that provide for:",NA,NA,NA
"  the location of high density housing and commercial buildings close to high capacity public transport; //|and",NA,"404",NA
"  the clustering of medium-density housing, community facilities and small-scale businesses around neighbourhood shopping centres and other social facilities (including health care and schooling) linked with public transport.",NA,"404",NA
"Women",NA,NA,NA
"Principles",NA,NA,NA
"The Australian Greens believe that:",NA,NA,NA
"women have the right to equal respect, responsibilities and rewards in society.",NA,"706",NA
"women have the right to equal access and participation in decision-making processes in all areas of political, social, intellectual and economic endeavour.",NA,"706",NA
"women have the right to freedom from violence.",NA,"706",NA
"women have the right to equal pay for work of equal value, and to have their unpaid caring responsibilities acknowledged and properly valued throughout their lifetime.",NA,"706",NA
"women have the right to make informed, supported choices about all aspects of their lives, including sexual identity, health, reproductive health processes, birthing and child-bearing, and how they balance participation in paid work with caring responsibilities.",NA,"706",NA
"social structures which disadvantage women must be changed.",NA,"706",NA
"Goals",NA,NA,NA
"The Australian Greens want:",NA,NA,NA
"all public policy and legislation to be consistent with Australia's commitment to the United Nations Convention on the Elimination of all Forms of Discrimination against Women (CEDAW), the UN Fourth World Conference on Women Beijing Declaration and Platform for Action, and the UN Convention on the Rights of the Child.",NA,"706",NA
"equal representation of women and men in public life.",NA,"706",NA
"women to be able to live their lives free from violence.",NA,"706",NA
"equal pay for equal work that acknowledges and values women's specific interaction with the paid workforce.",NA,"706",NA
"women to have access to safe and confidential health and wellbeing services, including reproductive health services.",NA,"706",NA
"women to have equal access to appropriate well-resourced education services, from early childhood education through to higher education, which recognise the specific barriers women face in accessing education.",NA,"706",NA
"women to have access to safe and secure accommodation through a comprehensive housing policy and the provision of adequate crisis housing.",NA,"706",NA
"family-friendly workplaces and public spaces.",NA,"706",NA
"Measures",NA,NA,NA
"The Australian Greens will:",NA,NA,NA
"legislate to remove sources of discrimination against women.",NA,"706",NA
"address the negative effects - physical, emotional and economic - of violence against women, through adequately funded, appropriate health and education programs.",NA,"706",NA
"further develop and support national anti-violence public education campaigns and programs, including family violence.",NA,"706",NA
"end the criminalisation of consensual adult sex work.",NA,"706",NA
"implement the National Maternity Action Plan.",NA,"706",NA
"ensure that all women have access to legal, free and safe pregnancy termination services including unbiased counselling.",NA,"706",NA
"improve women's access to crisis services, including housing, especially in rural, regional and remote areas.",NA,"706",NA
"ensure access to culturally appropriate crisis services for Aboriginal and Torres Strait Islander women and wom|en from culturally and linguistically diverse backgrounds.",NA,"706",NA
"fully fund paid parental leave.",NA,"706",NA
"fund community-based affordable, accessible, quality childcare and provide incentives for onsite childcare facilities in workplaces.",NA,"706",NA
"recognise and give due weight to the work of those involved in homemaking, child raising, caring for the elderly or disabled and working for community organisations by including those activities in the calculation of national economic measures.",NA,"706",NA
"introduce an equitable retirement income system that effectively and adequately provides women with financial independence when they retire.",NA,"706",NA
"re-establish the federal Office for the Status of Women, including its position as part of the Department of Prime Minister and Cabinet.",NA,"706",NA
"develop and support programs to increase the skills of women as candidates and members of Parliament and to actively promote women to stand as candidates for election.",NA,"706",NA
"Aboriginal and Torres Strait Islander Peoples",NA,NA,NA
"Principles",NA,NA,NA
"The Australian Greens believe that:",NA,NA,NA
"the Australian Constitution must recognise the prior occupation and sovereignty of Aboriginal and Torres Strait Islander peoples.",NA,"607",NA
"Aboriginal and Torres Strait Islander people have a strong cultural and spiritual connection with the land, and their rights and obligations as owners and custodians must be respected.",NA,"607",NA
"Australia must comply with international agreements that recognise the rights of indigenous peoples.",NA,"607",NA
"Aboriginal and Torres Strait Islander people have a right to self determination and political representation, and must be partners in the development and implementation of public policies, programs and services that affect them.",NA,"301",NA
"Aboriginal and Torres Strait Islander people have the right to retain, and benefit financially from, the Indigenous cultural and intellectual property and heritage rights invested in traditional knowledge",NA,"607",NA
"and in the biodiversity of their own lands and waters, in accordance withthe UN International Convention on Biological Diversity.",NA,"501",NA
"where Aboriginal and Torres Strait Islander Peoples have been dispossessed from their lands and waters, they have a right to redress through measures that assist them to acquire, own and/or manage their land and waters in a way that enhances their social, cultural, spiritual, economic and environmental wellbeing.",NA,"607",NA
"all Australians, including those living in remote communities, have an equal right to essential government services such as health, education, training, housing, community infrastructure, employment support, and policing.",NA,"503",NA
"Aboriginal and Torres Strait Islander people should have the same life expectancy and living standards as other Australians.",NA,"503",NA
"Australian governments must recognise the continuing effect of past treatment of Aboriginal and Torres Strait Islander people and provide restitution to the stolen generations.",NA,"607",NA
"Aboriginal and Torres Strait Islander people are particularly vulnerable to a wide range of climate change impacts.",NA,"501",NA
"Goals",NA,NA,NA
"The Australian Greens want:",NA,NA,NA
"a treaty that recognises the prior occupation and sovereignty of Aboriginal and Torres Strait Islander peoples to be enshrined in the constitution.",NA,"607",NA
"equality of access to essential services and development opportunities within a decade.",NA,"503",NA
"equality of outcomes for Aboriginal and Torres Strait Islander people on all major indicators of health, education, training, housing, employment and living standards within a generation, within a framework which acknowledges the diverse aspirations of Aboriginal and Torres Strait Islander people.",NA,"503",NA
"the establishment of appropriate Aboriginal and Torres Strait Islander representative bodies elected by Aboriginal and Torres Strait Islander people.",NA,"301",NA
"increased representation of Aboriginal and Torres Strait Islander people in all levels of government and other decision making roles.",NA,"301",NA
"all programs and services for Aboriginal and Torres Strait Islander communities to employ qualified community members where possible, and to include training and capacity development.",NA,"506",NA
"culturally appropriate services and resources for Aboriginal and Torres Strait Islander people based on local language, cultural aspects and community priorities.",NA,"607",NA
"qualified local-language and cultural interpreters available in courts, hospitals, clinics, and government meetings when needed.",NA,"607",NA
"youth programs to be treated as an essential service in remote communities.",NA,"706",NA
"Aboriginal and Torres Strait Islander peoples to be able to retain or reclaim language, heritage and cultural practices.",NA,"607",NA
"items of Aboriginal and Torres Strait Islander cultural heritage to be returned to their rightful owners and custodians.",NA,"607",NA
"22.  full implementation of the recommendations of the following:",NA,NA,NA
"  Bringing Them Home: Report of the National Inquiry into the Separation of Aboriginal and Torres Strait  Islander Children from their Families (1997);",NA,"705",NA
"  The Royal Commission into Aboriginal Deaths in Custody  (1991);",NA,"705",NA
"  The NT Coroner's (1998, 2002),WA Coroner's (2004) and SA Coroner's (2002, 2005)  reports on petrol sniffing  related deaths;",NA,"705",NA
"  The Ampe Akelyernemane Meke Mekarle  (Little  Children are Sacred) Report into the  Protection of Aboriginal Children from Sexual Abuse (2007)",NA,"706",NA
"  The HREOC Social Justice Report (2005) into achieving equality of outcomes within a generation;",NA,"503",NA
"  The Senate Community  Affairs Committee petrol sniffing report (2006); //|and",NA,"705",NA
"  Report on the Commonwealth Aboriginal and Torres Strait  Islander Heritage Protection Act //|1984 (1996 ‟The Evatt Review‟).",NA,"607",NA
"Measures",NA,NA,NA
"The Australian Greens will:",NA,NA,NA
"increase resources in both community-controlled health services and mainstream services, through the Aboriginal and Torres Strait Islander Health Framework Agreements and Aboriginal Regional Health Plans.",NA,"504",NA
"fund a 10 year Aboriginal and Torres Strait Islander housing plan, with a focus on appropriate housing and infrastructure, and with a component providing training and resources for ongoing maintenance, to address unmet need.",NA,"504",NA
"make Aboriginal and Torres Strait Islander children's health a funding priority, with a focus on community-controlled health services and additional community-based Aboriginal and Torres Strait Islander child-care services.",NA,"504",NA
"support Aboriginal and Torres Strait Islander community initiatives and networks to address family violence and abuse, resource Aboriginal Women's Legal Services, establish safe houses in communities, and support initiatives to reduce substance abuse.",NA,"504",NA
"ensure that there is effective policing in remote communities negotiated with community elders, including infrastructure to ensure a live-in police presence, and ongoing funding for successful community night-patrol programs.",NA,"605",NA
"conduct a comprehensive study of opportunities for Aboriginal and Torres Strait Islander employment and enterprise development in remote, rural and urban communities, and implement the recommendations.",NA,"402",NA
"assist Aboriginal and Torres Strait Islander people to adapt to climate change impacts, including increased risk of mosquito borne viruses and heat stress, and degradation of their economic base and cultural heritage associated with sea-level rise, altered seasonality, biodiversity loss and population displacement.",NA,"501",NA
"ensure continuity and security of funding for successful community programs.",NA,"504",NA
"resource youth programs as essential services in remote communities.",NA,"706",NA
"increase support for the development of language and cultural curricula in schools.",NA,"607",NA
"direct and resource the Australian Human Rights Commission‟s Social Justice Commissioner to report annually on progress against the recommendations of the reports listed in 4.21 above.",NA,"706",NA
"amend the Aboriginal and Torres Strait  Islander Heritage Protection Act 1984, and other applicable legislation, to:",NA,NA,NA
"  respect customary law restrictions;",NA,"607",NA
"  guarantee  access to significant sites by people with cultural connections to the site;",NA,"607",NA
"  establish independent cultural heritage bodies;",NA,"607",NA
"  ensure minimum protection standards under Commonwealth, state and territory laws;",NA,"607",NA
"  protect all aspects of Aboriginal and Torres Strait  Islander heritage including intellectual property; //|and",NA,"607",NA
"  ensure that heritage decisions are made by the relevant Aboriginal and Torres Strait  Islander people.",NA,"301",NA
"amend the Native Title Act 1993 to ensure consistency with international law and human rights undertakings.",NA,"201",NA
"restore the application of the Racial Discrimination Act and the Northern Territory Anti-Discrimination Act to Aboriginal communities affected by the Northern Territory Emergency Response.",NA,"503",NA
"revoke the quarantining of income support payments for Aboriginal people in communities proscribed by the Northern Territory Emergency Response.",NA,"706",NA
"lift policy requirements that make the provision of new housing in Aboriginal communities contingent on long-term leasing of the land to the Commonwealth and on handing management of housing from community organisations to State and Territory housing agencies.",NA,"504",NA
"enact the provisions of United Nations Declaration on the Rights of Indigenous Peoples in Australian law.",NA,"607",NA
"fairly compensate Aboriginal and Torres Strait Islander people where property has been taken from them or wages have been withheld.",NA,"504",NA
"repeal amendments to the Northern Territory Land Rights Act that disadvantage Aboriginal and Torres Strait Islander people.",NA,"706",NA
"ensure the rights of Aboriginal and Torres Strait Islander people to sustainably hunt, fish and gather native flora and fauna in line with traditional cultural practice.",NA,"706",NA
"Immigration and Refugees",NA,NA,NA
"Principles",NA,NA,NA
"The Australian Greens believe that:",NA,NA,NA
"the presence in Australia of people of many cultural backgrounds greatly enriches our society and should be celebrated.",NA,"607",NA
"Australian society, culture and the economy has benefited, and will continue to benefit, from immigration of people from around the world.",NA,"607",NA
"immigration must be non-discriminatory on the grounds of nationality, ethnic origin, religion, language, gender, disability, sexuality, age or socioeconomic background.",NA,"503",NA
"Australia has humanitarian and legal obligations to accept refugees and reunite families.",NA,"201",NA
"asylum seekers and refugees are no more of a threat to our borders or to society than anyone else and must be treated with compassion and dignity.",NA,"503",NA
"Australia must assess in good faith all asylum seekers who arrive on our mainland or any of our islands, without discrimination based on the method of arrival.",NA,"503",NA
"Goals",NA,NA,NA
"The Australian Greens want:",NA,NA,NA
"an immigration program that is predominantly based on family reunions and other special humanitarian criteria as defined by international human rights Conventions.",NA,"705",NA
"all migrants to be given access to a full range of culturally sensitive, appropriate health services including a comprehensive medical examination on arrival.",NA,"705",NA
"services for new migrants to include appropriate English language classes, social security, legal and interpreter services, programs to ease transition to Australia's multicultural society, and post-trauma counselling where needed.",NA,"705",NA
"the elimination of the policies of mandatory detention, the „Pacific solution‟, temporary protection visas and other forms of harsh, punitive or discriminatory treatment of asylum seekers and refugees.",NA,"705",NA
"asylum seekers who arrive without a valid visa to have their claims for asylum assessed while living in the community.",NA,"705",NA
"planning for climate change refugees with a particular focus on the Asia-Pacific region.",NA,"705",NA
"Measures",NA,NA,NA
"The Australian Greens will:",NA,NA,NA
"ensure that potential immigrants are not unfairly discriminated against on any grounds.",NA,"503",NA
"increase the share of places for off-shore refugees and humanitarian entrants.",NA,"705",NA
"ensure that funding for public and community sector agencies providing migrant-specific services is increased to a level sufficient to provide adequate, effective and timely support.",NA,"705",NA
"ensure the development of networks, materials and programs that increase community understanding of the causes and benefits of migration.",NA,"607",NA
"abolish mandatory and indefinite detention of asylum seekers.",NA,"705",NA
"abolish discriminatory separation of refugees into permanent and temporary visa categories based on whether or not they arrived with a valid visa.",NA,"705",NA
"abolish the 'seven day rule' legislation whereby asylum seekers cannot gain a permanent protection visa if they have spent seven days in a third country.",NA,"705",NA
"restore the Australian migration zone to match Australia's territory and accept responsibility for processing all asylum seekers who seek Australia's protection within the migration zone.",NA,"705",NA
"ensure asylum seekers are fully informed of their rights on arrival and given immediate access to legal assistance.",NA,"705",NA
"restore asylum seekers' legal right to challenge decisions that affect them in the courts.",NA,"705",NA
"replace the current system of humanitarian visas (granted only by the Immigration Minister after rejection as a refugee) with an open, accountable humanitarian visa process incorporating a humanitarian review tribunal.",NA,"705",NA
"house asylum seekers who arrive without a valid visa in publicly owned and managed open reception centres, where entry and exit to these centres are unrestricted except where prohibited for medical or security reasons specified in clause 28.",NA,"705",NA
"ensure that initial assessment of refugee status is completed within 90 days.",NA,"705",NA
"grant asylum seekers an asylum application visa (AAV) and assist without delay their move into the community provided medical and security checks are satisfied or after 14 days has passed, whichever occurs first.",NA,"705",NA
"ensure asylum seekers living in the community while their claim is assessed will be granted an AAV which will entitle them to travel, work, income support and access to ongoing educational and medical services anywhere within Australia while their claims for asylum are assessed.",NA,"705",NA
"deny an AAV if security checks demonstrate the person poses a serious criminal threat to the Australian community or if the person has not remained housed in the reception centre while the medical and security checks were completed.",NA,"605",NA
"ensure that refusal to grant an AAV is reviewable at the Administrative Appeals Tribunal.",NA,"705",NA
"house those people refused an AAV in separate, appropriate, publicly owned and managed facilities close to urban areas.",NA,"705",NA
"ensure that, if refugee status is refused and the person cannot be repatriated, the AAV will remain in force until he or she can be repatriated.",NA,"705",NA
"ensure that the number of AAVs given to asylum seekers who arrive without a valid visa has no impact on the prescribed number of off-shore refugee and humanitarian entrants that Australia accepts.",NA,"705",NA
"support skilled migration programs that do not drain critical skills from other countries and do not substitute for training or undermine wages and conditions in Australia.",NA,"701",NA
"ensure that Australia adequately contributes to the funding of the United Nations High Commission for Refugees (UNHCR).",NA,"107",NA
"ensure that Australia adopts a definition of environmental refugee in its assessment criteria and works in the UN system for inclusion of a definition in the United Nations Refugee Convention.",NA,"107",NA
"ensure that no family unit is forcibly separated by the Australian assessment processes.",NA,"603",NA
"grant the families of approved asylum seekers permission to migrate to Australia for family reunions within a reasonable time, in accordance with the UNHCR humanitarian program.",NA,"705",NA
"Sexuality and Gender Identity",NA,NA,NA
"Principles",NA,NA,NA
"The Australian Greens believe that:",NA,NA,NA
"freedom of sexuality and gender identity are fundamental human rights.",NA,"201",NA
"acceptance and celebration of diversity are essential for genuine social justice and equality.",NA,"201",NA
"people have the right to assume their self-identified sex.",NA,"201",NA
"discrimination on the basis of sexuality and gender identity is a significant cause of psychological distress, mental illness and suicide.",NA,"201",NA
"the health needs of all Australians should be provided for without discrimination and with respect and equity.",NA,"503",NA
"Goals",NA,NA,NA
"The Australian Greens want:",NA,NA,NA
"legal and social environments free from harassment, abuse, vilification, stigmatisation, discrimination, disadvantage or exploitation on the basis of sexuality or gender identity.",NA,"201",NA
"the legalisation of marriage between two consenting adults regardless of sexuality or gender identity.",NA,"201",NA
"de facto relationships to have equal status in law and government policy regardless of sexuality and gender identity.",NA,"201",NA
"access, regardless of sexuality and gender identity, to adoption, fostering, artificial insemination and in vitro fertilisation procedures.",NA,"201",NA
"the education system to provide age-appropriate information about the diversity of sexuality.",NA,"201",NA
"access to the full range of medical and health services required by people with needs related to their sexuality and gender identity.",NA,"201",NA
"Measures",NA,NA,NA
"The Australian Greens will:",NA,NA,NA
"legislate to remove discrimination against Lesbian, Gay, Bisexual, Transgender or Intersex (LGBTI) people in federal legislation.",NA,"503",NA
"require governments and their agencies to consult with LGBTI communities and representative groups on the development of policies and programs that affect LGBTI people.",NA,"705",NA
"initiate national anti-discrimination public education campaigns.",NA,"503",NA
"legislate to allow marriage regardless of sexuality or gender identity.",NA,"503",NA
"introduce legislation to ensure fair and equal treatment under Commonwealth law of all relationships regardless of sexuality and gender identity.",NA,"503",NA
"support nationally consistent age of consent laws.",NA,"503",NA
"remove convictions for consensual homosexual acts from legal records.",NA,"604",NA
"end the inappropriate application of offensive behaviour, indecent behaviour, 'promotion' and incitement laws to non-heterosexual acts.",NA,"604",NA
"fund services to support and protect LGBTI youth, in particular suicide prevention, peer support, coming out, counselling, and housing services and programs.",NA,"705",NA
"establish intersex as a gender recognised by the legal system.",NA,"604",NA
"support the provision of accurate information, counselling and referral for individuals with, and parents and carers of, infants with intersex conditions.",NA,"705",NA
"support gender assignment for people born with an intersex condition being made only when they are able to express personal sexual identity.",NA,"705",NA
"support the granting of political asylum on humanitarian grounds to people persecuted in their own countries on the basis of their sexuality or gender identity.",NA,"201",NA
"Disability",NA,NA,NA
"Principles",NA,NA,NA
"The Australian Greens believe that:",NA,NA,NA
"all people have a right to independence, self-determination and choice in their lives.",NA,"201",NA
"there are a variety of medical, societal and environmental reasons why peoples' individual abilities differ; disability arises when society fails to accommodate these differences and creates, or fails to remove, barriers to equitable access for all.",NA,"503",NA
"people who experience disability, and their families and carers, should have the opportunity to actively participate in policy and service planning and delivery.",NA,"202",NA
"it is a primary responsibility of governments to ensure equality of opportunity, to promote attitudinal change, and to provide funding to ensure this in areas of education, health, housing, mobility, employment and sporting, cultural and social engagement.",NA,"503",NA
"Goals",NA,NA,NA
"The Australian Greens want:",NA,NA,NA
"people who experience disability to be integrally involved in all levels of decision and policy making, including in their own service development and delivery.",NA,"202",NA
"people to participate fully in all aspects of life, including education, training and employment, regardless of disability.",NA,"503",NA
"people to have access, where necessary, to appropriate facilities and support personnel in order for them to be able to undertake their chosen activities.",NA,"705",NA
"the Commonwealth, State and Territories Disability Agreement to deliver clear and timely policy, funding and service delivery responsibilities and outcomes.",NA,"705",NA
"guaranteed decent incomes, support and services for people with disability and their carers.",NA,"705",NA
"Measures",NA,NA,NA
"The Australian Greens will:",NA,NA,NA
"strengthen and provide funding for disability advocacy services, community education programs, and the removal of structural barriers to equality of access to education, training and employment.",NA,"705",NA
"ensure a guaranteed decent income by increasing Disability Support Pension payments to adequately cover medical, transport, equipment and accommodation costs.",NA,"705",NA
"restore the Disability Support Pension eligibility to the pre-July 2006 criteria as a minimum.",NA,"705",NA
"remove the punitive assessment and work requirement levels and job capacity assessments introduced in the Welfare to Work Act 2005 whilst ensuring sufficient places for all people seeking training.",NA,"705",NA
"provide meaningful employment and training opportunities which take into account the specific needs of people with disability.",NA,"705",NA
"allow full tax deductibility for any aids, devices, special equipment or services which directly assist people with disability in finding and maintaining employment.",NA,"705",NA
"remove GST and import duty from specialist aids, devices, appliances and services for people with disability.",NA,"705",NA
"provide parents, partners, relatives and friends who act as carers with eligibility for registration as professional carers and adequate support, including income and respite.",NA,"705",NA
"enact national standards to protect people with disability, where required, via monitoring, investigative powers and enforcement.",NA,"705",NA
"increase funding for appropriate, including age-appropriate, accommodation and support services for people with disability, including flexible accommodation models.",NA,"705",NA
"increase funding for high quality, age-appropriate institutional care for people with very high and complex care needs.",NA,"705",NA
"provide increased respite care services and facilities, in-home and emergency support, crisis accommodation and a range of supported accommodation options.",NA,"705",NA
"adequately resource pathways that support school leavers with disability to make the transition from school into meaningful employment, educational and vocational programs or other community-based activities.",NA,"705",NA
"support access to specialised employment support services for people with disability who choose to enter the workforce.",NA,"705",NA
"improve access to training, development and personal support to staff working in disability services, and adopt workforce measures to increase the professional mix of staff.",NA,"705",NA
"improve pay and conditions and career structures for providers of services for people with disabilities.",NA,"705",NA
"strengthen national disability access standards.",NA,"705",NA
"Social Services",NA,NA,NA
"Principles",NA,NA,NA
"The Australian Greens believe that:",NA,NA,NA
"a socially just, democratic and sustainable society rests on the provision of a guaranteed adequate income for all its citizens.",NA,"503",NA
"everyone has the right to access adequate resources to allow them to fully participate in society.",NA,"503",NA
"everyone should have access to social services when they need them.",NA,"503",NA
"every Australian has the right to access good quality health care, housing and income support.",NA,"503",NA
"community not-for-profit organisations fulfil an important role in the provision of social services and must be supported and funded accordingly.",NA,"503",NA
"Goals",NA,NA,NA
"The Australian Greens want:",NA,NA,NA
"the eradication of poverty in Australia.",NA,"503",NA
"income equity and social justice.",NA,"503",NA
"equitable provision of basic services, at local government, state and federal levels, with particular attention to housing, health and education.",NA,"503",NA
"adequate and secure funding for not-for-profit welfare and advocacy organisations that work to alleviate poverty and improve social conditions in disadvantaged communities.",NA,"503",NA
"adequate funding for training and education programs to allow all Australians to access meaningful work.",NA,"504",NA
"high quality impartial agencies providing social services.",NA,"504",NA
"the establishment of a government agency with specific responsibility for the not-for-profit sector with oversight for resource and service delivery.",NA,"504",NA
"Measures",NA,NA,NA
"The Australian Greens will:",NA,NA,NA
"adopt a commonly agreed, national benchmark to measure poverty in Australia.",NA,"504",NA
"reform the social security system to ensure an adequate income for all.",NA,"504",NA
"simplify the system of targeted pensions and allowances into a universal guaranteed adequate income (GAI) scheme.",NA,"504",NA
"support disadvantaged individuals and communities through specific public and community development housing, health, education and public transport programs.",NA,"504",NA
"conduct an ongoing evaluation program which measures the effectiveness of social welfare outcomes throughout Australia against public policy initiatives.",NA,"504",NA
"support an active not-for-profit sector that is able to provide direct advice to government on social services.",NA,"504",NA
"Older People",NA,NA,NA
"Principles",NA,NA,NA
"The Australian Greens believe that:",NA,NA,NA
"older people have the right to live with dignity.",NA,"706",NA
"the skills and life experience of older people benefit the whole community.",NA,"706",NA
"older people have an equal right to participate in the social, economic and political aspects of life and to maintain their independence to what ever degree they feel able.",NA,"706",NA
"all older Australians are entitled to a decent income.",NA,"706",NA
"the federal government must play a central role in the provision, regulation and support of aged care services.",NA,"706",NA
"access to high quality, appropriate health and aged care services should be on the basis of need and not the ability to pay or the place of residence.",NA,"706",NA
"Goals",NA,NA,NA
"The Australian Greens want:",NA,NA,NA
"a decent income for all older people.",NA,"706",NA
"a range of affordable and secure accommodation options, including public sector housing, to be available for all older people, including those in regional and rural Australia.",NA,"706",NA
"a high quality aged care system characterised by high quality support, nursing and personal care, with safe and comfortable surroundings for older people whether in residential, home or hospital care.",NA,"706",NA
"appropriate support services, including home modification, for older people who choose to remain in their own homes, the home of family or friends, and within their own neighbourhood.",NA,"706",NA
"Measures",NA,NA,NA
"The Australian Greens will:",NA,NA,NA
"increase the age pension.",NA,"706",NA
"improve income support, tax options, and information and respite services to carers of older people.",NA,"706",NA
"improve existing community care programs aimed at supporting older people in their own homes.",NA,"706",NA
"increase the number of places for aged care and retirement living.",NA,"706",NA
"reinstate the Commonwealth Dental Scheme to provide free public dental care for older people on low incomes.",NA,"706",NA
"increase funding to enhance the numbers, skills and salaries of community health nurses and workers in the aged care sector.",NA,"706",NA
"establish a funded scheme to undertake minor home renovations and installation of communication technologies to enable older people to remain in their own homes.",NA,"706",NA
"ensure that appropriate aged care services are provided for people from culturally and linguistically diverse backgrounds.",NA,"706",NA
"Children and Young People",NA,NA,NA
"Principles",NA,NA,NA
"The Australian Greens believe that:",NA,NA,NA
"children and young people should have access to resources and opportunities necessary for a full and healthy life.",NA,"706",NA
"children and young people must have greater opportunities to participate in decision making affecting their lives.",NA,"706",NA
"children and young people have a right to access appropriate services, regardless of their location.",NA,"706",NA
"children and young people have a right to a loving and nurturing environment which is free of physical, emotional and sexual abuse, neglect, exploitation and discrimination.",NA,"706",NA
"Goals",NA,NA,NA
"The Australian Greens want:",NA,NA,NA
"funding programs, service delivery and decisions regarding child protection to be consistent with the UN Convention on the Rights of the Child.",NA,"706",NA
"children and young people to be able to express their needs and aspirations at all levels of government, as well as in their own communities.",NA,"706",NA
"a system of regionally based, appropriately resourced and independent youth advisory committees.",NA,"706",NA
"greater coordination in youth policy formulation.",NA,"706",NA
"a decent and secure income for young people to enable full participation in education and employment opportunities.",NA,"706",NA
"improved education and secure, satisfying, employment opportunities for young people, including in remote, rural and regional areas.",NA,"706",NA
"affordable, accessible and secure housing options for young people.",NA,"706",NA
"a reduction in the high rates of suicide, mental illness and obesity in children and young people.",NA,"706",NA
"properly funded services that meet the needs of children in need of care and protection.",NA,"706",NA
"Measures",NA,NA,NA
"The Australian Greens will:",NA,NA,NA
"support the right of people from the age of 16 years to vote.",NA,"706",NA
"re-establish a dedicated ministry for children and youth affairs.",NA,"706",NA
"re-establish a national youth affairs peak body with elected and representative members.",NA,"706",NA
"increase Youth Allowance to the level of a living wage to enable young people to study full time without recourse to casual work.",NA,"706",NA
"implement a national employment strategy for young people, with excellent labour market and training programs.",NA,"706",NA
"develop new, and improve existing, education and preventive health programs for children and young people.",NA,"706",NA
"adequately fund strategies to deal with youth suicide and mental health issues affecting young people.",NA,"706",NA
"ban the advertising of junk food during children's viewing hours.",NA,"706",NA
"conduct community awareness campaigns about the prevalence, prevention and reporting of abuse against children and young people.",NA,"706",NA
"support and fund high quality services for child survivors of abuse and neglect.",NA,"706",NA
"Childcare",NA,NA,NA
"Principles",NA,NA,NA
"The Australian Greens believe that:",NA,NA,NA
"all Australian families are entitled to access high quality, affordable childcare when they need it.",NA,"504",NA
"positive, interactive learning and socialisation opportunities offered by childcare can benefit children and the community by assisting a smooth transition to formal education.",NA,"504",NA
"all carers of children should have the opportunity to re-enter or maintain their engagement in the workforce.",NA,"504",NA
"childcare should be a not-for-profit service.",NA,"504",NA
"people working in the childcare sector should be fairly remunerated for the work they do.",NA,"504",NA
"families should have diversity in their choice of childcare alternatives within easy access, including via public transport, to the home and workplace.",NA,"504",NA
"Goals",NA,NA,NA
"The Australian Greens want:",NA,NA,NA
"an end to escalating childcare costs exacerbated by increasing profits derived from government subsidies paid to private sector providers.",NA,"504",NA
"more publicly funded community-based and not-for-profit child care facilities, especially in areas of high unmet demand or growth and areas of high socio-economic need such as outer suburban and rural areas.",NA,"504",NA
"better directed funding to community-based and not-for-profit childcare centres.",NA,"504",NA
"an immediate increase in the pay rate for childcare workers, and the phasing in of much larger increases to reflect the skill level required in, and importance of, childcare work.",NA,"504",NA
"improved national standards of childcare based on the best available evidence from early childhood research.",NA,"504",NA
"increased access to publicly funded childcare for parents on low to middle incomes who are working or undertaking training or education.",NA,"504",NA
"Measures",NA,NA,NA
"The Australian Greens will:",NA,NA,NA
"13. Improve the affordability of childcare for low and middle income families by:",NA,"504",NA
"  reforming the Child Care Benefit (CCB) and the Family Tax Benefit (FTB) to more accurately address the ability to pay, including substantially increasing the amount paid to low and middle income families;",NA,"504",NA
"  replacing the Child Care Tax rebate with a Child Care Benefit Guarantee;",NA,"504",NA
"  increasing the CCB benefit to more accurately reflect costs;",NA,"504",NA
"  increasing benefits in relation to under-2-year-olds to reflect the real cost of caring for them;",NA,"504",NA
"  increasing funding for children with special needs;",NA,"504",NA
"  increasing the funding available for Aboriginal and Torres Strait Islander children andchildren from other culturally and linguistically diverse backgrounds; //| and",NA,"504",NA
"  moving towards long term reform, including direct funding of child care facilities to replace the CCB.",NA,"504",NA
"expand the Job Education and Training childcare scheme to assist parents who are studying.",NA,"504",NA
"15.  provide incentives to workplaces which offer not-for-profit childcare in house and flexible  childcare, including  „childcare  credits‟, where workplaces assist parents to place children in childcare  close to home.",NA,"504",NA
"provide incentives for childcare centres to offer extended care to more reasonably reflect the flexible working hours of modern parents.",NA,"504",NA
"develop with industry an hourly unit-cost of providing good quality child care services, reflecting appropriate staff ratios, decent pay for accredited staff, and the cost of providing infrastructure.",NA,"504",NA
"establish a schedule of government-recommended fees for services.",NA,"504",NA
"explore funding and regulatory mechanisms to increase the proportion of community based and not-for-profit child care centres.",NA,"504",NA
"increase direct funding to not-for-profit and community-based childcare services particularly in areas of unmet demand.",NA,"504",NA
"pursue additional funding to community-based and not-for-profit childcare centres to pay for increases in childcare worker pay.",NA,"504",NA
"restore operational subsidies and capital funding to community-based and not-for-profit services.",NA,"504",NA
"establish a national planning system for childcare services, including a national demand model for childcare service planning.",NA,"504",NA
"establish nationally consistent childcare standards including carer-to-child ratios of at least 1:3 for children up to 2 years old and 1:4 for children older than 2 years old.",NA,"504",NA
"establish nationally consistent accreditation standards articulating the quality of the programs and activities needed to promote appropriate levels of child care and child development.",NA,"504",NA
"improve professional development opportunities and professional standards for childcare workers.",NA,"504",NA
"increase unannounced spot checks by the appropriate Australian Government agency as part of the national accreditation system to strengthen the current validation and accreditation process.",NA,"504",NA
"ensure penalties for non-compliance are predictable and consistent.",NA,"504",NA
"establish comprehensive and transparent reporting requirements.",NA,"504",NA
"Sport and Physical Recreation",NA,NA,NA
"Principles",NA,NA,NA
"The Australian Greens believe that:",NA,NA,NA
"sport and physical recreation are essential elements of the culture of many Australians.",NA,"502",NA
"sport and/or physical recreation are necessary for the maintenance of good mental and physical health.",NA,"502",NA
"participation in sport plays an important role in the development of social, organisational and communication skills.",NA,"502",NA
"community-based sporting clubs and associations are an integral part of our society.",NA,"502",NA
"government has a responsibility to ensure equitable access to affordable sport and physical recreation facilities and services.",NA,"502",NA
"government must ensure public access via television and other media to sporting events of national significance.",NA,"502",NA
"the staging of sporting events and the building of sporting facilities must minimise ecological impacts.",NA,"502",NA
"non-competitive sports and physical exercise are important for the wellbeing of all Australians.",NA,"502",NA
"Goals",NA,NA,NA
"The Australian Greens want:",NA,NA,NA
"all schools to be funded and required to provide opportunities for appropriate sport and physical recreation for all school children up to and including year 12.",NA,"502",NA
"sporting events of national significance to be available on free to air television or other free media.",NA,"502",NA
"promotion of women‟s sport, including where appropriate support for the professionalisation of women‟s competitions.",NA,"502",NA
"a drug free sporting environment.",NA,"502",NA
"improved access to sport and physical recreation facilities for people with disabilities, and older Australians.",NA,"502",NA
"the promotion of sport and physical recreation as a key element of health policies.",NA,"502",NA
"Measures",NA,NA,NA
"The Australian Greens will:",NA,NA,NA
"allocate funding in the health, welfare and social services areas to promote participation in sport or other physical recreation.",NA,"502",NA
"work with the Australian Sports Drug Agency to promote a drug free sporting environment.",NA,"502",NA
"support local government to continue to provide accessible well resourced and safe sporting and physical recreation facilities to the community.",NA,"502",NA
"use anti-siphoning legislation to ensure that all sporting events of national significance are available on free to air television or other free media.",NA,"502",NA
"ensure that anti-discrimination legislation and federal government funding deliver real accessibility to sport and physical recreation facilities and services for people with disabilities.",NA,"502",NA
"establish an office for women‟s sport within the Department of Communication, Information Technology and the Arts, to promote and support the development of women‟s sport.",NA,"502",NA
"facilitate the televising of top level women‟s sport.",NA,"502",NA
"work with stakeholders to ensure ticket prices at sporting events do not unfairly discriminate against people from low socio economic backgrounds.",NA,"502",NA
"reduce deaths by drowning of Australian children by guaranteeing access to swimming lessons for all children under 3 years of age.",NA,"502",NA
"promote and resource sport and physical recreation activities within Aboriginal and Torres Strait Islander communities.",NA,"502",NA
"support the adoption of codes of practice in sport which discourage acts of violent or antisocial behaviour, particularly directed against women.",NA,"502",NA
"prioritise funding for community facilities that encourage active participation in physical activities.",NA,"502",NA
"Multiculturalism",NA,NA,NA
"Principles",NA,NA,NA
"The Australian Greens believe that:",NA,NA,NA
"the diversity of Australians‟ cultural backgrounds greatly enriches our society and is to be celebrated.",NA,"607",NA
"people have the right to celebrate and express their cultural heritage within universally accepted human rights.",NA,"607",NA
"all people, regardless of ethnicity, culture, religion, language or place of birth, have equal rights economically, socially and culturally.",NA,"503",NA
"Goals",NA,NA,NA
"The Australian Greens want:",NA,NA,NA
"Australia to be a cohesive community that respects and is accepting of diverse cultures and backgrounds.",NA,"607",NA
"all people to have equal opportunity of access to education, work, and services provided by all levels of government regardless of culture or ethnicity.",NA,"607",NA
"all Australians to have equal opportunity of representation and inclusion in local, state and federal government regardless of culture, ethnicity or dual citizenship.",NA,"503",NA
"barriers to social justice for every member of Australia‟s culturally and linguistically diverse community to be removed.",NA,"503",NA
"Measures",NA,NA,NA
"The Australian Greens will:",NA,NA,NA
"support education and other programs that seek to eliminate racism, promote belonging and encourage connection between people.",NA,"607",NA
"ensure wide and inclusive consultation that respects cultural and linguistic diversity in devising policy and implementing programs.",NA,"607",NA
"when consulting communities take into account diverse views held by groups and individuals within these communities.",NA,"607",NA
"ensure services are delivered and programs implemented in languages other than English, when appropriate.",NA,"607",NA
"ensure fair and effective services, including providing interpreting and translating services and using bilingual and bicultural staff.",NA,"607",NA
"ensure cross-cultural training is made available for government staff and encourage crosscultural training for other organisations.",NA,"607",NA
"ensure data on cultural and linguistic diversity is collected and used to improve services and programs.",NA,"607",NA
"monitor access and equity outcomes for Australia's culturally and linguistically diverse community and include this data in annual reports and reports to Parliament.",NA,"607",NA
"ensure government information campaigns include appropriate communication to all people in Australia.",NA,"607",NA
"oppose any “Australian values” tests as a prerequisite for citizenship or entry to the country.",NA,"607",NA
"increase resources allocated to the teaching of English and community languages.",NA,"607",NA
"restore an independent office of multicultural affairs within the Department of the Prime Minister and Cabinet.",NA,"607",NA
"Policy  Category:  E. Human Rights and Democracy",NA,NA,NA
"Constitutional Reform and Democracy",NA,NA,NA
"Principles",NA,NA,NA
"The Australian Greens believe that:",NA,NA,NA
"citizens have the right and the responsibility to participate in the processes of government.",NA,"202",NA
"Australia's Constitution and democratic structures should help to build an ecologically sustainable and equitable society, with a global consciousness and an intergenerational perspective.",NA,"501",NA
"Australia's Constitution should express our aspirations as a community and define our rights and responsibilities as individuals and as members of the community.",NA,"202",NA
"Parliament is the central authority of representative and responsible government.",NA,"202",NA
"the composition of Parliament should reflect the diversity of opinion within society.",NA,"202",NA
"government decisions should, where possible and appropriate, be made by the level of government that is closest to the people affected.",NA,"301",NA
"Australia should become a republic with an Australian head of state.",NA,"202",NA
"Goals",NA,NA,NA
"The Australian Greens want:",NA,NA,NA
"our rights and responsibilities to be set out in, and protected by, law.",NA,"201",NA
"constitutional recognition of Australia's cultural diversity,",NA,"607",NA
"and the recognition of Aboriginal and Torres Strait Islander peoples as the original and ongoing residents of Australia.",NA,"607",NA
"Parliament to be more democratic and representative of the Australian population.",NA,"202",NA
"a strong Senate that can always act as a house of review.",NA,"203",NA
"increased independence of the Speaker of the House of Representatives and the President of the Senate.",NA,"202",NA
"a stronger role for local government.",NA,"301",NA
"Australia to become a republic with an Australian head of state, who shall not have the power to dismiss the Prime Minister.",NA,"202",NA
"Measures",NA,NA,NA
"The Australian Greens will:",NA,NA,NA
"enact a Bill of Rights.",NA,"201",NA
"initiate a three-stage process to establish a republic with an Australian head of state, consisting of:",NA,"202",NA
"  a non-binding plebiscite to determine whether Australians support a republic;",NA,"202",NA
"  a consultative process to determine a model for the selection of  a head of state; //|and",NA,"202",NA
" a referendum to endorse such a model.",NA,"202",NA
"17.  support the following electoral reforms:",NA,NA,NA
"  all Australian citizens over the age of 16 to be eligible to vote;",NA,"202",NA
" proportional representation in the House of Representatives and local government;",NA,"202",NA
" fixed terms of Parliament;",NA,"202",NA
"  constitutional recognition of the powers and responsibilities of local government;",NA,"301",NA
"  reduced numbers of by-elections by allowing casual vacancies to be filled by a member of the retiring representative‟s party;",NA,"202",NA
"  amendment of section 44 of the Constitution to allow any public servant who has no conflict of interest to stand for election to Federal Parliament;",NA,"204",NA
"  amendment of section 44 of the Constitution to allow Australian citizens with dual nationality to stand for election to Federal Parliament; //|and",NA,"204",NA
"  public funding of elections to eliminate private funding.",NA,"202",NA
"support an amendment to the preamble of the Constitution to recognise the Aboriginal and Torres Strait Islander peoples as the original and ongoing residents of Australia and their rights as such.",NA,"204",NA
"amend the preamble to the Australian constitution to recognise the prior occupation and sovereignty of Aboriginal and Torres Strait Islanders as the traditional owners of the land.",NA,"204",NA
"Community Participation in Government",NA,NA,NA
"Principles",NA,NA,NA
"The Australian Greens believe that:",NA,NA,NA
"the contribution of diverse groups to the political process is inherently valuable.",NA,"301",NA
"ongoing community participation in the making of laws and policy should underpin all government actions.",NA,"301",NA
"marginalised groups must be enabled to participate in policy debates.",NA,"301",NA
"community participation in decision making should be an ongoing process.",NA,"301",NA
"community groups and individuals must be provided with sufficient information to enable meaningful participation.",NA,"301",NA
"non-government organisations provide a vital democratic role as advocates and as providers of services.",NA,"301",NA
"Goals",NA,NA,NA
"The Australian Greens want:",NA,NA,NA
"community organisations to be able to participate in public debate without fear of retribution.",NA,"301",NA
"support and resources for representatives of marginalised groups to participate in consultation processes.",NA,"301",NA
"government agencies to take account of the time and money spent by community groups' participation in consultation processes.",NA,"301",NA
"governments to provide free and timely information to citizens.",NA,"303",NA
"Measures",NA,NA,NA
"The Australian Greens will:",NA,NA,NA
"strengthen Freedom of Information (FOI) laws and exempt community groups and individuals from fees for material gained under FOI.",NA,"303",NA
"strengthen whistleblower protection legislation.",NA,"303",NA
"increase parliamentary and public scrutiny of government funding programs to enhance transparency and accountability.",NA,"303",NA
"support innovative community consultation processes such as citizens‟ juries and citizens‟ assemblies.",NA,"301",NA
"Justice",NA,NA,NA
"Principles",NA,NA,NA
"The Australian Greens believe that:",NA,NA,NA
"all Australians have a right to a safe, peaceful and ecologically sustainable existence, free from crime and fear of violence.",NA,"605",NA
"the rule of law and access to justice are fundamental to a democratic society.",NA,"605",NA
"the separation of powers between the executive, the parliament and the judiciary is crucial to the maintenance of freedom and justice.",NA,"202",NA
"judicial independence is necessary to ensure the separation of powers.",NA,"202",NA
"equality before the law can only be achieved when there is recognition of the way in which cultural, social and economic issues structure choices and influence decisions.",NA,"607",NA
"the fundamental principles of criminal law, such as the right to silence, innocence until guilt is proven, and open courts, should be preserved and upheld.",NA,"201",NA
"access to justice requires policies and resources that seek to overcome social, economic and cultural inequalities to ensure equality before the law.",NA,"503",NA
"Australian law must acknowledge the particular cultural and social needs of Aboriginal and Torres Strait Islander people.",NA,"607",NA
"Goals",NA,NA,NA
"The Australian Greens want:",NA,NA,NA
"courts and tribunals that are independent of the government of the day.",NA,"202",NA
"domestic laws that fully incorporate Australia‟s international legal obligations.",NA,"107",NA
"an end to inappropriate, politically motivated, law and order campaigns and the threat of terrorism being used to undermine or discard basic principles of law.",NA,"201",NA
"adequate funding of community legal centres and legal aid in both criminal and civil jurisdictions to ensure access to justice for all Australians.",NA,"503",NA
"a criminal justice system based on principles of restorative justice and the rights of offenders and victims.",NA,"503",NA
"a family law system that is fair and is based on the best interests of the child.",NA,"706",NA
"Measures",NA,NA,NA
"The Australian Greens will:",NA,NA,NA
"ensure that judges, magistrates and tribunal members have tenure.",NA,"202",NA
"restore adequate funding to federal courts and tribunals to enable them to provide equitable access to the law.",NA,"202",NA
"implement the outstanding recommendations of the Royal Commission into Aboriginal Deaths in Custody.",NA,"503",NA
"uphold judicial discretion in sentencing, and repeal mandatory sentencing legislation.",NA,"202",NA
"allow customary law and other cultural or personal factors to be taken into account by judges in determining sentences.",NA,"607",NA
"implement alternatives to imprisonment, where appropriate, including restorative justice and diversionary programs.",NA,"503",NA
"work with the legal community to identify the level of funding needed to ensure adequate levels of legal aid.",NA,"202",NA
"increase funding to community legal centres as an adjunct to legal aid and private legal practitioners.",NA,"202",NA
"end the criminalisation of consensual adult sex work.",NA,"604",NA
"oppose attempts to restrict litigants' capacity to seek compensation under the civil law.",NA,"202",NA
"strengthen citizens‟ privacy protection, including opposing a national identification card.",NA,"201",NA
"prohibit the use of racial profiling, and the arbitrary use of racial descriptors by police or other government agencies.",NA,"503",NA
"prohibit the use of electroshock weapons and Tasers.",NA,"201",NA
"progress gun law reform, including prohibition of the possession and use of automatic hand guns in the community.",NA,"605",NA
"Human Rights",NA,NA,NA
"Principles",NA,NA,NA
"The Australian Greens believe that:",NA,NA,NA
"universal human rights must be respected and protected in all countries.",NA,"201",NA
"economic, social, cultural, environmental, civil and political rights are universal, interdependent, and indivisible.",NA,"201",NA
"cultural, religious, gender and other differences often give rise to specific needs and circumstances that must be taken into account in order to ensure equal rights for all.",NA,"201",NA
"Goals",NA,NA,NA
"The Australian Greens want:",NA,NA,NA
"Australia to fully discharge its international human rights obligations, at home and abroad.",NA,"201",NA
"greater international respect for and protection of human rights.",NA,"201",NA
"stronger international machinery for the protection of human rights, such as the United Nations Human Rights Council and the United Nations treaty bodies.",NA,"201",NA
"Measures",NA,NA,NA
"The Australian Greens will:",NA,NA,NA
"adopt Australia's international human rights obligations into domestic law and enact an Australian Bill of Rights.",NA,"201",NA
"fully resource the Australian Human Rights and Equal Opportunity Commission, expand its mandate to reflect the full range of Australia's international human rights undertakings and reinstate its capacity to determine Australian human rights complaints.",NA,"201",NA
"reform Australia's 'counter-terrorism' legislation, especially with regard to freedom of expression and association, freedom from arbitrary detention, legal due process, and privacy.",NA,"201",NA
"repeal sedition laws.",NA,"201",NA
"reform Australia's Migration Regulations, especially with regard to freedom from arbitrary detention, protection of the family unit, and other United Nations guidelines.",NA,"201",NA
"ensure that any decisions affecting human rights within Australia are necessary, proportionate, consistent with international human rights law, and imposed in a transparent and accountable manner.",NA,"201",NA
"progress legal and diplomatic efforts to protect Australian citizens subjected to mistreatment by foreign powers.",NA,"201",NA
"allow and encourage the United Nations Human Rights Council to investigate alleged and potential human rights abuses in Australia, and comply with any recommendations.",NA,"201",NA
"engage with other countries to promote human rights, including the application of diplomatic and commercial pressures on regimes that violate human rights.",NA,"201",NA
"promote as a priority an end to secret detention, rendition, torture and other illegal and unconscionable acts.",NA,"201",NA
"support, through the United Nations framework, socially just reform, including democratic and economic reforms, in countries where governments are engaged in human rights abuses.",NA,"107",NA
"promote and protect the role of the International Criminal Court and encourage all nations, particularly the US, to ratify its statute.",NA,"107",NA
"ratify all United Nations Human Rights Conventions, including their optional protocols.",NA,"107",NA
"progress the conclusion of an optional protocol to facilitate the examination of individual complaints of violations of the International Covenant on Economic, Social and Cultural Rights.",NA,"201",NA
"oppose the death penalty in all cases and support campaigns for its abolition.",NA,"201",NA
"Global Governance",NA,NA,NA
"Principles",NA,NA,NA
"The Australian Greens believe that:",NA,NA,NA
"global governance is essential to meet the needs of global peace and security, justice, human rights, poverty alleviation and environmental sustainability.",NA,"107",NA
"effective means of global environmental governance are needed to halt and reverse the current trends towards environmental decline across the globe, especially with regard to reducing greenhouse gas emissions to mitigate climate change.",NA,"107",NA
"the system of global governance must be reinvigorated.",NA,"107",NA
"major structural reform is needed to provide stronger, more effective and more representative multilateral institutions.",NA,"107",NA
"the leading role of the United Nations (UN) in the maintenance of international peace and security must be recognised and respected by all countries.",NA,"107",NA
"the international financial institutions that govern aid, development, trade, and transnational financial movements require extensive reform to enable them to provide global economic justice.",NA,"107",NA
"Goals",NA,NA,NA
"The Australian Greens want:",NA,NA,NA
"a renewed commitment by Australia to multilateralism as the means of addressing world problems.",NA,"107",NA
"extensive structural reform to democratise the UN.",NA,"107",NA
"a stronger UN capable of dealing with threats to international peace and security.",NA,"107",NA
"a commitment to the implementation of UN Security Council Resolution 1325 which calls for more women at every level of governance, and for women and gender issues to be included in all aspects of peacemaking and peace-keeping.",NA,"706",NA
"full support for, and adequate resourcing of, the International Criminal Court.",NA,"107",NA
"the development and upholding of international legal codes on the accountability of political and military leaders for human rights abuses and crimes against humanity.",NA,"107",NA
"Measures",NA,NA,NA
"The Australian Greens will:",NA,NA,NA
"provide a commitment by Australia to support the work of the UN, to abide by its charter and resolutions, and to meet financial obligations to the institution.",NA,"107",NA
"14.  support consideration, by a UN reform commission, of structural reforms such as:",NA,NA,NA
"  phasing out the veto powers of permanent members of the Security Council;",NA,"107",NA
"  regularly reviewing the permanent membership of the Security Council and expanding the permanent and non-permanent member representation;",NA,"107",NA
"  restructuring the relationship between the Security Council and the General Assembly, including requiring General Assembly approval for the enactment of certain Security Council measures such as the enforcement of economic sanctions;",NA,"107",NA
"  establishing structures that provide a greater accountability to the peoples the UN represents;",NA,"107",NA
"  creating a consultative mechanism composed of representatives of civil society, including trade unions, environmental organisations, professional associations and other nongovernment organisations;",NA,"107",NA
"  creating an international council for conflict resolution; //|and",NA,"107",NA
"  making changes to UN decision making bodies to ensure that they more democraticallyrepresent the peoples of the world.",NA,"107",NA
"support the establishment, by the UN, of an international crisis prevention and response centre to address threats from terrorism and other conflicts, to provide rapid response peacekeeping forces, and to rapidly respond to humanitarian crises.",NA,"107",NA
"support the establishment of an international environmental court and an environmental council at the UN, with similar decision-making powers to the Security Council to deal with environmental issues of global significance.",NA,"107",NA
"support the jurisdiction of the International Criminal Court, and ensure that all nations are subject to its decisions.",NA,"107",NA
"work towards the creation of a clear code of international law for breaches of universal human rights within individual States.",NA,"107",NA
"19.  support the abolition of the IMF, World Bank and WTO unless radical reform can:",NA,"109",NA
"  make their processes transparent;",NA,"202",NA
"  ensure voting and other decision making processes are more democratic;",NA,"202",NA
"  allow full democratic participation of representatives from affected communities, including non-government organisations (NGOs) representing disadvantaged groups such as indigenous people and women;",NA,"202",NA
"  democratise and improve their dispute settlement processes;",NA,"202",NA
"  abolish IMF and World Bank structural adjustment loans;",NA,"109",NA
"  reorient World Bank loans away from large, capital-intensive projects; //| and",NA,"109",NA
"  bring them into the broader 'family' of UN institutions and provide checks and balances over their power.",NA,"201",NA
"International Relations",NA,NA,NA
"Principles",NA,NA,NA
"The Australian Greens believe that:",NA,NA,NA
"Australia must act diplomatically to promote democracy, peace and security,",NA,"106",NA
"ecological sustainability",NA,"416",NA
"and human rights.",NA,"201",NA
"Australian foreign policy should benefit both the Australian people and the people of the countries with which we engage.",NA,"107",NA
"the principles of the United Nations Charter and Declaration of Human Rights, and adherence to effective global environmental governance, must underpin foreign policy.",NA,"107",NA
"all peoples have the right to self-determination.",NA,"103",NA
"developing nations have the right to economic independence and to sovereignty.",NA,"103",NA
"lasting solutions to conflicts both between and within nations depend on delivering social, environmental and economic justice to the peoples involved,",NA,"503",NA
"and on ensuring they can exercise their civil and political rights.",NA,"201",NA
"lasting resolution of conflicts requires a commitment to non-violent means of political engagement.",NA,"106",NA
"use and promotion of violence against civilians, whether perpetrated by a state, an organisation or individuals, should be rejected as a means to achieve political ends.",NA,"106",NA
"women should be fully included in all aspects of international relations and peacemaking initiatives.",NA,"706",NA
"Goals",NA,NA,NA
"The Australian Greens want:",NA,NA,NA
"peaceful, cooperative and long lasting relationships between Australia and the governments of other countries, based on mutual respect.",NA,"106",NA
"an independent foreign and defence policy for Australia.",NA,"109",NA
"increased accountability and transparency in foreign policy.",NA,"201",NA
"fair international relations with other peoples and governments in accordance with the United Nations (UN) Charter and international law.",NA,"107",NA
"all countries to act through the United Nations to prevent acts of genocide and to ensure that people‟s human rights are not violated by governments.",NA,"107",NA
"trading relationships with other nations which benefit both countries, ensure just rewards for local producers and help to alleviate poverty.",NA,"107",NA
"development models in Pacific countries based on sustainable, environmentally sound local development,",NA,"416",NA
"with the participants determining the pace of change.",NA,"202",NA
"closer involvement and cooperation with the countries of South East Asia.",NA,"101",NA
"the continued strengthening of the process of democratisation of Asia and societies throughout the world.",NA,"202",NA
"self determination for the people of West Papua.",NA,"103",NA
"Australia, the international community and the UN to work cooperatively with East Timor to complete the development and nation-building tasks.",NA,"101",NA
"a peaceful solution to the long running conflict between the Israeli and Palestinian peoples and lasting peace and stability to the Middle East as a region.",NA,"106",NA
"an immediate end to the occupation of Iraq and the expropriation of its resources.",NA,"103",NA
"the promotion amongst Australians of a broad understanding of the multicultural nature and history of countries in our region and the rights, needs and aspirations of their people.",NA,"607",NA
"Measures",NA,NA,NA
"The Australian Greens will:",NA,NA,NA
"support the growth within our region of localised participatory democracy that can strengthen social cohesion and foster the active participation of disenfranchised communities, particularly women and young people, in decision making.",NA,"202",NA
"require trade agreements to be multilateral, reviewable by Parliament and to include clauses on the observance of human rights and labour laws, health and safety standards and environmental standards, to ensure that trade is not conducted at the expense of manufacturing and rural workers‟ or consumers‟ rights or of environmental sustainability.",NA,"107",NA
"ensure Australia acts decisively within UN supported operations to prevent acts of genocide and crimes against humanity and to bring perpetrators to trial in the International Criminal Court.",NA,"107",NA
"provide ongoing commitment to the Regional Non-Aggression Pact.",NA,"107",NA
"in conjunction with regional partners, develop a regional environmental protocol to protect the environment.",NA,"501",NA
"ensure that Australia applies the principle of equal but differentiated responsibility as enshrined in the UN Framework Convention on Climate Change in negotiating post-Kyoto Protocol commitments.",NA,"501",NA
"support the inclusion of a category for environmental refugees in the UN High Commissioner for Refugees (UNHCR) Refugee Convention.",NA,"107",NA
"increase the number of places within the Humanitarian Migration Program to include environmental refugees.",NA,"107",NA
"provide access to Australia‟s labour market for Pacific island workers.",NA,"705",NA
"engage with the ASEAN group and Pacific Forum to work towards economic and health solutions for the region to assist those living in poverty and to improve their health care.",NA,"101",NA
"provide support for the Asia Pacific Forum of National Human Rights Institutions and the work of regional and national human rights organisations, including Indonesia's National Commission on Human Rights (Komnas HAM).",NA,"101",NA
"seek support within the United Nations for a democratic process of self determination under autonomous governance in the West Papua Region.",NA,"103",NA
"support the rights of the Palestinian peoples to statehood through the creation of a viable state of Palestine alongside the state of Israel, based on the pre 1967 borders",NA,"103",NA
"and the right of all peoples in the region to peace.",NA,"106",NA
"immediately withdraw Australian forces from Iraq and Afghanistan.",NA,"105",NA
"continue to provide aid for the task of reconstructing East Timor.",NA,"101",NA
"39.  support the right of developing nations to economic independence  and their  sovereignty over natural resources such as oil, including East Timor‟s sovereignty over oil and gas in the Timor  Gap.",NA,"103",NA
"Peace and Security",NA,NA,NA
"Principles",NA,NA,NA
"The Australian Greens believe that:",NA,NA,NA
"genuine security rests on cooperation, fair economic and social development, environmental sustainability, and respect for human rights, rather than on military capabilities.",NA,"105",NA
"non-violent conflict management is the most effective means of promoting peace and security in the international arena.",NA,"105",NA
"UN mandated military action should be a last resort and can only be justified if it is necessary either to avert a major violation of human rights or attempted genocide, or to counter the military invasion of a country.",NA,"105",NA
"civil society organisations, including ethnic and women's groups, should be fully involved in conflict prevention, peacemaking and post-conflict reconstruction.",NA,"202",NA
"the deployment of Australian Defence Forces (ADF) must be for defence and peace-keeping, and not for offensive action.",NA,"105",NA
"the deployment of Australian military forces must require the endorsement of federal parliament.",NA,"202",NA
"no nuclear armed or powered forces should be deployed within Australia's maritime boundaries.",NA,"105",NA
"premeditated acts of violence, directed at civilians, with the aim of intimidating others to agree to political, social, cultural or religious demands, are terrorism, and are to be condemned, whether they are carried out by individuals, organisations or governments.",NA,"605",NA
"to reduce the threat of terrorism, the social and economic injustices which contribute to terrorist actions should be addressed.",NA,"503",NA
"climate change represents the greatest threat to world peace and security.",NA,"501",NA
"environmental degradation caused by sea-level rise and other climate change impacts will increasingly result in the displacement of people, undermining global peace and security.",NA,"501",NA
"Goals",NA,NA,NA
"The Australian Greens want:",NA,NA,NA
"the elimination of weapons of mass destruction.",NA,"105",NA
"all countries to sign, ratify and implement outstanding international human rights and disarmament agreements and strengthened nuclear non-proliferation treaties.",NA,"107",NA
"the role of the UN to be strengthened as a global organisation of conflict management, peacekeeping, and nuclear disarmament.",NA,"107",NA
"comprehensive international peacemaking capabilities to be developed in new regional institutions and through a reformed UN.",NA,"107",NA
"peacekeeping efforts aimed at reconstruction and empowerment of war ravaged communities to provide them with sustained peace and security.",NA,"106",NA
"action on economic, social and environmental grievances that play a major role in creating conflict.",NA,"503",NA
"a reduction in Australian and global military expenditure.",NA,"105",NA
"an ADF adequate to Australia's defence and peacekeeping needs.",NA,NA,NA
"a non discriminatory ADF that reflects the diversity of Australian society.",NA,"503",NA
"Measures",NA,NA,NA
"The Australian Greens will:",NA,NA,NA
"support the convening of a UN-sponsored international peace conference on global nuclear non-proliferation and general nuclear disarmament.",NA,"107",NA
"advocate an international ban on the manufacture and use of arms that indiscriminately kill and maim, including landmines, cluster bombs and depleted uranium.",NA,"107",NA
"sign and ratify the Protocol Against the Illicit Manufacturing of and Trafficking in Firearms, Their Parts and Components and Ammunition, supplementing the United Nations Convention against Transnational Organised Crime.",NA,"107",NA
"make diplomatic efforts to curb the global arms trade.",NA,"105",NA
"ensure that Australia does not sell weaponry or components overseas.",NA,"105",NA
"end arms trade fairs in Australia and coordinate with neighbouring states on similar measures.",NA,"105",NA
"support the establishment of a permanent UN peacekeeping budget that enables the UN to fully resource its peacekeeping programs.",NA,"107",NA
"reinvigorate peace research in Australian universities and peace education in schools.",NA,"106",NA
"promote gender equality in peace processes, agreements and transitional governance structures.",NA,"706",NA
"ensure that trade embargos and other economic sanctions, are preferably conducted within a UN mandate, are used as part of a strategy of conflict resolution, and have minimal harm to civilians.",NA,"107",NA
"ensure that decisions on defence procurement are based on Australia's defence needs.",NA,"109",NA
"ensure that defence procurements do not restrict the operations of the ADF by increased reliance on any one country.",NA,"109",NA
"end the ANZUS treaty unless Australia‟s membership can be revised in a manner which is consistent with Australia‟s international and human rights obligations.",NA,"109",NA
"renegotiate a defence relationship with our allies that promotes Australia's independent role in our region.",NA,"109",NA
"end Australia's participation in the US Missile Defence program and pursue a global ban on the militarisation of space.",NA,"105",NA
"work towards a nuclear-free Asia-Pacific region.",NA,"106",NA
"close all existing foreign bases in Australian territory and end foreign troop deployment, training and hosting on Australian territory.",NA,"105",NA
"support the development of an Australian Coastguard to replace military personnel and equipment in coastal policing.",NA,"105",NA
"end training and joint exercises by the ADF with the armed forces known to have committed human rights abuses.",NA,"105",NA
"oppose military conscription.",NA,"105",NA
"oppose the use of the ADF personnel in strikebreaking activities or in policing public protest.",NA,"105",NA
"support the right of ADF personnel to conscientiously object to particular military actions, and support the rights of citizens to protest against such military actions.",NA,"105",NA
"support positive reform of the military justice system and measures to reduce discrimination and harassment amongst ADF members.",NA,"503",NA
"work for a Constitutional amendment to require federal parliamentary endorsement for the deployment of the ADF overseas.",NA,"204",NA
"Overseas Aid",NA,NA,NA
"Principles",NA,NA,NA
"The Australian Greens believe that:",NA,NA,NA
"Australia has a responsibility to contribute to both long term development aimed at eliminating global poverty and reducing climate change vulnerability, and to humanitarian emergency relief where people become vulnerable and suffer because of natural disasters or social conflict.",NA,"107",NA
"it is in Australia's interests, and the interests of the global community, to encourage positive and equitable change in the social, economic and environmental conditions for citizens of developing nations.",NA,"107",NA
"all long term poverty elimination programs should be economically and environmentally sustainable,",NA,"501",NA
"promote local participation",NA,"202",NA
"and gender equality,",NA,"706",NA
"and enhance the political, economic and social rights of the recipient communities.",NA,"107",NA
"aid should always be designed to directly benefit the poorest communities, rather than the wealthy elites in developing countries or donor governments and their aid-related commercial interests.",NA,"503",NA
"long term aid should be directed towards enhancing self-reliance in developing nations.",NA,"107",NA
"long term aid projects must be integrated with international trade, environmental and social policies in order to promote equity.",NA,"503",NA
"emergency relief to save lives and alleviate suffering of vulnerable people during social conflicts and natural disasters should be provided:",NA,"107",NA
"  with impartiality  and based solely on need;",NA,"107",NA
"  with neutrality, not favouring either side in any armed conflict;",NA,"107",NA
"  independent from the political, economic, or military objectives of the Australian government in the area concerned; //|and",NA,"107",NA
"  with full implementation of international humanitarian law, refugee law and human rights.",NA,"107",NA
"emergency relief in situations of armed conflict should be carried out by civilians and must be clearly distinguished from any military activities.",NA,"105",NA
"a direct role for military forces in the provision of relief should be restricted to situations involving natural disasters where ambiguity over the military role is unlikely to arise.",NA,"105",NA
"aid programs should not be used to influence the democratic preferences of any nation.",NA,"202",NA
"Goals",NA,NA,NA
"The Australian Greens want:",NA,NA,NA
"Australia‟s aid program to focus on working with developing countries to realise the millennium development goals.",NA,"107",NA
"the level of Australian overseas aid increased to a minimum of 0.7% of GNP by 2010, as mandated by the United Nations, with provision for greater increases should natural disasters or conflicts requiring major humanitarian interventions occur.",NA,"107",NA
"the purpose and impact of all aid programs to be transparent and fully accountable, both to the Australian government and the communities and countries they are designed to benefit.",NA,"107",NA
"a non-commercial aid program; aid must not be used as a means of subsidising Australian business.",NA,"107",NA
"long term aid programs that combat climate change as an integral part of their poverty elimination strategy.",NA,"501",NA
"Australia to play a leading role in securing global contributions to UN and other international appeals for funding, expertise and logistical support to deal with humanitarian emergencies wherever they occur.",NA,"107",NA
"Measures",NA,NA,NA
"The Australian Greens will:",NA,NA,NA
"establish AusAID as an independent department with its own minister, outside the Department of Foreign Affairs and Trade (DFAT).",NA,"107",NA
"require environmental, social and gender impact statements for all aid programs.",NA,"303",NA
"ensure that international aspects of Australian policies on trade, economic and social issues are consistent with, and contribute towards, global poverty alleviation goals.",NA,"107",NA
"ensure that „good governance‟ activities within the aid program promote governance structures and processes which serve the interests of those in poverty.",NA,"107",NA
"ensure that the valuable role of non-government aid organisations in providing critical analysis and scrutiny of the aid program is recognised and supported by the Australian government.",NA,"107",NA
"ensure an increased role for non-government aid organisations in implementing Australia‟s aid programs.",NA,"107",NA
"select implementing agencies for the aid program based on developmental effectiveness, participatory approach and cost effectiveness.",NA,"107",NA
"increase funding to deal with both prevention and the consequences of HIV-AIDS in all aid programs.",NA,"107",NA
"provide assistance, including funding to assist communities, particularly in the Asia Pacific, to adapt to climate change impacts so that they can remain in their own countries and maintain their cultural cohesion.",NA,"107",NA
"ensure that Australian Government agencies are organised, trained and resourced to carry out effective overseas relief work, and collaborate with Australian non-government organisations in building their emergency response capacity.",NA,"107",NA
"work with developing countries in disaster prone areas to reduce their vulnerability and the impact of disasters, enhancing the capacity of both governments and local non-government organisations.",NA,"107",NA
"Policy Category: F. Media, Arts and Science",NA,NA,NA
"Science and Technology",NA,NA,NA
"Principles",NA,NA,NA
"The Australian Greens believe that:",NA,NA,NA
"science is an important tool for developing a deeper understanding of the universe.",NA,"411",NA
"science has the capacity to enhance the wellbeing of people and to improve management of the natural environment and the resource base.",NA,"411",NA
"government has an important role to play in the development of scientific knowledge.",NA,"411",NA
"government has responsibility for developing the ethical framework in which scientific research is conducted.",NA,"403",NA
"science and technology, in particular information and communication technology, should be available to help maintain the viability of rural and remote communities.",NA,"411",NA
"environmental technologies are a powerful engine for the creation of national wealth and highpaying jobs.",NA,"411",NA
"innovation in advanced technology and methods are key elements for success for business and industry.",NA,"411",NA
"innovations in science and technology are essential if we are to meet the challenges of addressing climate change and the transition to a sustainable society.",NA,"411",NA
"the Government must prevent adverse environmental and social impacts of emerging technologies, including nanotechnology.",NA,"501",NA
"patent reform should promote technological innovation while avoiding excessive concentration of intellectual property within and across application categories.",NA,"411",NA
"Goals",NA,NA,NA
"The Australian Greens want:",NA,NA,NA
"a society where the acquisition of fundamental knowledge and the sustainable application of new techniques are valued in the education system and by Australian business.",NA,"411",NA
"a research and development culture that addresses national goals and prepares Australia for emerging challenges and opportunities.",NA,"411",NA
"a national focus on innovative technology and methods to address the challenges facing Australia and the world.",NA,"411",NA
"increased expenditure on research and development to at least the OECD average of GDP.",NA,"411",NA
"the CSIRO to conduct research that is in the public interest, is independent and is world class.",NA,"411",NA
"the Government to take a precautionary approach to the application of new technologies.",NA,"403",NA
"to support measures that will prevent or mitigate a 'nanotechnology divide' that magnifies existing global socio-economic inequities.",NA,"503",NA
"Measures",NA,NA,NA
"The Australian Greens will:",NA,NA,NA
"institute a funding program for scientific research that specifically addresses community needs and national goals.",NA,"411",NA
"protect the right of academics to develop and maintain a research career.",NA,"411",NA
"increase funding to expand the research capacity of Australian universities.",NA,"411",NA
"increase the proportion of research funding allocated to pure research and research for the public good.",NA,"411",NA
"prioritise funding for research into alternative energy technologies with the aim of developing competitive energy techniques with zero carbon emissions.",NA,"501",NA
"require the role of Chief Scientist to be a full time position and any applicant to be subject to a stringent conflict of interest test.",NA,"304",NA
"increase funding to the Australian Research Council and abolish the capacity for the Minister to veto board decisions.",NA,"411",NA
"create a Sustainability Commission to develop and implement sustainable industry strategies across all industry sectors, including a review of the Environmental Industry Action Agenda program.",NA,"411",NA
"refocus the CSIRO and CRCs back to public interest research and restore sufficient public funding to the CSIRO to allow it to conduct world-class research.",NA,"411",NA
"regulate to ensure that chemicals which are manufactured in nanoparticle form are treated as new chemicals for the purpose of checking environmental and health safety.",NA,"403",NA
"require organisations producing or importing more than 0.1kg of manufactured nanoparticles in a year  to disclose information on the physical and chemical properties, toxicological data and methods of manufacture and use.",NA,"403",NA
"introduce mandatory labelling of consumer and industrial products that contain free manufactured nanoparticles.",NA,"403",NA
"ensure mandatory notification to all workers who may face occupational exposure to manufactured nanoparticles.",NA,"701",NA
"fund research into nanotechnology and its environmental and health impacts.",NA,"411",NA
"involve the community in decisions about the safe development of new technologies.",NA,"202",NA
"encourage government use of open-source software and require the use of open and publicly documented file formats.",NA,"411",NA
"regulate to ensure that network neutrality is maintained on the internet.",NA,"403",NA
"investigate opportunities to limit the growing concentration of nanotechnology intellectual property rights, especially in applications where knowledge is utilised for food production, or in humanitarian purposes (eg healthcare, water treatment).",NA,"403",NA
"Arts and Culture",NA,NA,NA
"Principles",NA,NA,NA
"The Australian Greens believe that:",NA,NA,NA
"creative artistic expression and cultural experience is a fundamental aspect of social wellbeing.",NA,"502",NA
"access to diverse, innovative artistic and cultural experiences should available to all Australians.",NA,"502",NA
"Australian artistic expression and culture should be protected and promoted.",NA,"502",NA
"creative artists play an essential role in Australian social life and should be fostered and supported.",NA,"502",NA
"Aboriginal and Torres Strait Islander artists and artistic work express unique cultures and heritage which must be supported, respected and appropriately protected through legislation, policy and funding priorities.",NA,"502",NA
"cultural heritage must be protected and preserved.",NA,"502",NA
"national libraries and collecting institutions are essential to our understanding of ourselves and our place in the world and must be maintained and developed as the repositories of cultural heritage.",NA,"502",NA
"specialist artistic education and training programs provide a unique learning environment for aspiring artists and should be promoted.",NA,"502",NA
"Goals",NA,NA,NA
"The Australian Greens want:",NA,NA,NA
"Australian arts and culture to maintain its unique character and diverse nature through support and promotion of local content and the development of local projects for all forms of art and culture.",NA,"502",NA
"to promote arts and cultural events and access to those events with appropriate funding and support.",NA,"502",NA
"increased access to arts and cultural experiences in rural and regional areas.",NA,"502",NA
"the support and promotion of arts and culture that reflect the cultural and linguistic diversity of the Australian population.",NA,"502",NA
"artists‟ intellectual property rights to be protected",NA,"502",NA
"Measures",NA,NA,NA
"The Australian Greens will:",NA,NA,NA
"recognise the importance of arts and culture to our society by promoting a national approach to policies and programs.",NA,"502",NA
"prioritise and safeguard public funding for our national artistic and cultural institutions.",NA,"502",NA
"support and adequately resource the Australia Council as the principal independent body for policy development and administration of arts grants programs.",NA,"502",NA
"increase funding incentives for artists and arts events to tour and/or establish in rural and regional areas.",NA,"502",NA
"reinstate the Community Cultural Development program as a discrete funding program in the Australia Council.",NA,"502",NA
"support the expansion of the Commonwealth Art Bank – Art Rental program with a focus on emerging artists.",NA,"502",NA
"sign and ratify the UNESCO Convention for the Safeguarding of the Intangible Cultural Heritage 2003.",NA,"502",NA
"ensure that any Trade Agreement or other international instrument does not adversely affect Australian artists and cultural expression.",NA,"502",NA
"introduce legislation to protect intellectual and artistic property rights.",NA,"502",NA
"ensure that  the national arts resale royalty program applies to all existing art works.",NA,"502",NA
"introduce a fixed term income support scheme for emerging artists.",NA,"502",NA
"enable emerging artists to access small business start-up grants and schemes.",NA,"502",NA
"provide federal funding to local and state governments to purchase venues for permanent community arts and cultural groups and organisations.",NA,"502",NA
"Media and Communications",NA,NA,NA
"Principles",NA,NA,NA
"The Australian Greens believe that:",NA,NA,NA
"freedom of the press and effective, affordable and accessible media and communications systems are integral to the functioning of a successful democratic society.",NA,"201",NA
"all Australians should be able to access a variety of affordable telecommunications.",NA,"201",NA
"media diversity in content and format is a right of all Australians.",NA,"201",NA
"strong, independent public and community media are an essential part of Australia‟s media sector",NA,"201",NA
"Australian content should be strongly supported and well funded.",NA,"601",NA
"Australia must have an independent regulatory framework for media, communications and advertising.",NA,"201",NA
"public ownership of essential communications infrastructure is in the best interests of a democratic society.",NA,"201",NA
"net neutrality is important for an open internet.",NA,"201",NA
"digitalisation of broadcasting and other services requires government support and a public education campaign",NA,"201",NA
"documents placed in the public domain by government should be accessible with free nonproprietary software, and public data should be made available in open, interoperable formats.",NA,"201",NA
"the government should lead by example and embrace open source and open standards.",NA,"201",NA
"Goals",NA,NA,NA
"The Australian Greens want:",NA,NA,NA
"diversity of opinion and ownership of media across Australia.",NA,"201",NA
"our public broadcasters ABC and SBS to be leaders in the production of independent news, investigative journalism, analysis, entertainment and innovative programming and be free of advertising.",NA,"201",NA
"the ABC and the SBS to be governed by independent boards that include staff representation.",NA,"201",NA
"high quality Australian content across all media genres.",NA,"201",NA
"a vibrant and adequately funded community media sector.",NA,"201",NA
"Australian film, television and new media sectors which are dynamic and innovative.",NA,"201",NA
"all Australians to have access to community radio services that reflect geographical and cultural diversity.",NA,"607",NA
"affordable and reliable high speed internet connections available for all Australians.",NA,"411",NA
"independent regulation of media, communications and advertising.",NA,"403",NA
"Australia Post to remain a publicly owned monopoly provider of postal services.",NA,"413",NA
"the equitable installation of new communications infrastructure across Australia.",NA,"503",NA
"government information, both internal and external, to be made available in a format that is accessible by all, and is not restricted by the need to purchase additional software.",NA,"201",NA
"electronic government documents to be saved in an open document standard.",NA,"201",NA
"government to be an active proponent and contributor to open standard fora.",NA,"201",NA
"free and open publishing of publicly funded academic research within a 12 month period of initial publication.",NA,"201",NA
"a publicly funded research archive for all publicly funded academic research.",NA,"201",NA
"Measures",NA,NA,NA
"The Australian Greens will:",NA,NA,NA
"repeal those parts of the Broadcasting Services Act which reduce diversity of media ownership and opinion within Australia.",NA,"201",NA
"ensure diversity of ownership and opinion by introducing a media-specific public interest test to guide Australian Competition and Consumer Commission (ACCC) decisions on proposed mergers and acquisitions of media entities.",NA,"201",NA
"strengthen diversity of media ownership by giving the ACCC the power to enforce the divestment of merged media companies where those mergers fail a media-specific public interest test.",NA,"201",NA
"provide sustainable funding for community broadcasting, including the change to digital technology.",NA,"502",NA
"make funding to the SBS and the ABC comparable to current per capita funding models for public broadcasting in the United Kingdom.",NA,"502",NA
"require the online services of the ABC and the SBS to be major portal sites for the promotion of Australian content in all genres.",NA,"601",NA
"expand the services provided by the ABC, including digital on demand and additional networks.",NA,"502",NA
"ensure that appointments to the boards of public broadcasters are subject to approval by the Parliament rather than the Prome Minister and Cabinet.",NA,"202",NA
"reinstate the staff-appointed position on the ABC Board.",NA,"701",NA
"legislate to ensure truth in political advertising.",NA,"304",NA
"introduce a ban on junk food advertising during children‟s television viewing hours.",NA,"706",NA
"phase out alcohol promotions from times and placements which have high exposure to young people – including banning TV advertising of alcohol between 7am and 9.30pm.",NA,"706",NA
"ensure independent and transparent review of the ACMA website blacklist.",NA,"201",NA
"subject the installation of communications infrastructure, including mobile phone towers, to existing state and territory local government planning provisions.",NA,"404",NA
"introduce a nationally consistent approach to the regulated sale of X-rated material.",NA,"603",NA
"maintain the ban on parallel importation of books.",NA,"406",NA
"ensure free-to-air coverage of important sporting events, and other events of national and cultural significance.",NA,"502",NA
"legislate to protect individuals from vexatious and malicious defamation actions to ensure a wide range of participation in public debates.",NA,"202",NA
"legislate for the protection of anonymous journalistic sources to ensure press freedom.",NA,"201",NA
"increase research funding into the opportunities for Australian content and utilisation of new digital media.",NA,"411",NA
"ensure that alternative copyright and licensing schemes are given legal protection, and that clearer guidelines for fair dealing, crown copyright and public domain are created.",NA,"201",NA
"ensure that all public governmental data is released in open, interoperable standards.",NA,"201",NA
"amend the Copyright Act to create compulsory licenses for commercial reuse of news reports, to aid research, historical understanding and political discourse.",NA,"201",NA
"make the workings of the Australian Classification Board and OFLC more transparent and subject to public review.",NA,"201",NA
"ensure that regulation of the internet is transparent, accountable and protects freedom of speech, expression and access to information.",NA,"201",NA
"ensure that funding for Screen Australia is adequate to maintain a healthy Australian film industry.",NA,"502",NA
"ensure that the National Film and Sound Archives are adequately funded to ensure Australia‟s cultural media history is preserved and protected.",NA,"601",NA
"Policy Category: G. Sustainable Economy",NA,NA,NA
"Economics",NA,NA,NA
"Principles",NA,NA,NA
"The Australian Greens believe that:",NA,NA,NA
"human economies exist within, and are dependent upon, natural systems; resource management is, therefore, central to good economic management.",NA,"416",NA
"equity of access to the essentials of life and promoting equality are central goals for a civilised society.",NA,"503",NA
"the free market economy, by externalising the environmental and social costs of greenhouse gas emissions is creating the greatest market failure of all time, namely climate change.",NA,"416",NA
"the cost of addressing climate change now is far less than the cost of failing to do so.",NA,"501",NA
"timely and cost effective solutions to social, environmental and economic challenges can be achieved by a cohesive industry policy.",NA,"404",NA
"the fulfilment of human potential and the enrichment of lives is best achieved when people work together for common goals.",NA,"606",NA
"sustainable, equitable economic progress is best achieved by government ownership of natural monopolies and new government investment in strategic assets.",NA,"413",NA
"government finances must be sustainable over the long run; budget deficits and surpluses must balance each other over the business cycle.",NA,"414",NA
"long term government borrowing is the preferred mechanism for funding long term infrastructure investments.",NA,"404",NA
"governments have an important role to play in regulating markets and correcting market failures, but markets where they function well have an important role to play in the allocation of resources.",NA,"403",NA
"social, political and economic institutions must allow individuals and communities to determine their own priorities.",NA,"201",NA
"the Goods and Services Tax (GST) is unfair, regressive and places an unfair burden on individuals and small business.",NA,"503",NA
"progressive taxes such as income taxes are preferable to regressive forms of taxation such as the GST.",NA,"503",NA
"national governments must not allow the pressures from the globalisation of trade to override the democratic preferences of their citizens.",NA,"202",NA
"international institutions such as the World trade Organisation (WTO) the International Monetary Fund (IMF) and the World Bank must assist countries to achieve their democratically determined priorities within ecological constraints.",NA,"107",NA
"Goals",NA,NA,NA
"The Australian Greens want:",NA,NA,NA
"an economy that meets human needs without unnecessarily damaging the natural environment.",NA,"501",NA
"full accountability of government and corporations to the broader community.",NA,"202",NA
"an equitable taxation system that generates the revenue necessary to fund public services at the appropriate level of government.",NA,"503",NA
"international trade regulations that ensure human rights",NA,"201",NA
"and that protect the natural environment.",NA,"501",NA
"industry policy and major infrastructure decisions to be consistent with national environmental and social goals.",NA,"501",NA
"industry assistance, and the granting of tax concessions, that align industry development with national goals.",NA,"402",NA
"Measures",NA,NA,NA
"The Australian Greens will:",NA,NA,NA
"Taxation",NA,NA,NA
"22. reduce inequities in the current personal tax system by:",NA,"503",NA
"  reducing tax breaks for high income  earners;",NA,"503",NA
"  removing  Fringe  Benefits Tax concessions which  promote increased use of motor vehicles;",NA,"501",NA
"  removing the  concessional arrangements for Capital Gains Tax;",NA,"503",NA
"  only allowing losses from an investment to be offset against income from the sameinvestment;",NA,"503",NA
"  abolishing the 30% Private Health Insurance Rebate in order to increase  funding for public  hospitals;",NA,"504",NA
"  taxing family trusts in the same way  as companies;",NA,"503",NA
"  eliminating high rates of  effective marginal taxation for those on welfare benefits; //|and",NA,"503",NA
"  introduce a new top marginal tax rate of 50 per cent on incomes of $1 million or over.",NA,"503",NA
"introduce an estate tax with full provisions to protect the family farm, the family home and small business with a threshold of $5 million with idexation.",NA,"503",NA
"conduct an inquiry with a view to implementing changes to the tax system that address the negative impacts of the GST on:",NA,"503",NA
"  income distribution;",NA,"503",NA
"  environmental sustainability; //| and",NA,"416",NA
"  business administration costs.",NA,"402",NA
"oppose any increase or extension to the GST.",NA,"402",NA
"implement a gradual and long term shift in the tax system from work based taxes to taxes on natural resources and pollution including:",NA,"501",NA
"  a carbon tax levied on generators of mains-supplied electricity or gas;",NA,"501",NA
"  a national carbon trading  scheme; //|and",NA,"501",NA
" other ecological taxes and charges at a level sufficient enough that their prices reflect the  full environmental cost of their production, use or disposal.",NA,"501",NA
"introduce a system of minimum personal and corporate tax legislation to reduce the opportunities for individuals and companies to use loopholes to minimise their tax obligations.",NA,"503",NA
"conduct a full review of the superannuation system with the aim of reducing its complexity and establishing progressive rates of superannuation taxation.",NA,"303",NA
"return the company tax rate to 33% and broaden the company tax base by reducing tax concessions.",NA,"503",NA
"limit tax deductibility for salaries & salary-related expenses for any individual employee to $1million per year.",NA,"701",NA
"end subsidies and tax concessions to environmentally harmful industries.",NA,"501",NA
"Economic Governance and Industry Development",NA,NA,NA
"implement triple bottom line accounting measures at all levels of government to incorporate social, environmental and financial impacts into policy development and assessment.",NA,"501",NA
"introduce broad measures of genuine national progress to supplement the current measures of GDP, including the production of a comprehensive national balance sheet that reflects this.",NA,"303",NA
"require all listed companies to report on standardised social and environmental indicators in their annual reports.",NA,"501",NA
"provide the Australian Competition and Consumer Commission with enhanced powers to prevent the formation of monopolies through „creeping acquisitions‟ and to divest monopolies and oligopolies of assets if they are abusing their market power.",NA,"403",NA
"direct industry assistance towards the energy efficiency and renewable energy industries.",NA,"416",NA
"require major proposals to be subject to climate change impact assessment with the aim of reducing greenhouse gases.",NA,"501",NA
"Investment and Overseas Relations",NA,NA,NA
"strengthen the regulatory framework for banks and financial institutions to ensure that consumers and investors are better protected.",NA,"403",NA
"ensure that natural monopolies and other essential public services are under public ownership.",NA,"413",NA
"reduce Australia‟s foreign debt and foreign ownership through use of trade, financial and regulatory measures to ensure more productive use of foreign capital and strengthening of Australian manufacturing, recognising the need to support economies in developing countries.",NA,"404",NA
"require the Foreign Investment Review Board to broaden its assessment of the national interest to explicitly include Australia‟s long run energy security.",NA,"501",NA
"revoke sections of the National Competition Policy that seek to impose market values in public, social and environmental areas of Australian life.",NA,"403",NA
"Employment and Industrial Relations",NA,NA,NA
"Principles",NA,NA,NA
"The Australian Greens believe that:",NA,NA,NA
"Australia must have a fair and equitable industrial relations system for all workers.",NA,"701",NA
"all people have the right to pursue their well-being in conditions of freedom and dignity, economic security and equal opportunity.",NA,"201",NA
"Australia‟s future workforce must be highly skilled, highly trained and well paid; the existence of a safety net and the right to collectively bargain are essential to achieving these aims.",NA,"701",NA
"working people must receive fair and equitable remuneration for their work.",NA,"701",NA
"working people have the right to be involved in decisions about their work.",NA,"701",NA
"the right to be a member of a union, to collectively bargain, to collectively withhold labour and collectively organise in the workplace is essential to achieving a sustainable and democratic future.",NA,"701",NA
"free, independent and democratic unions are an essential pillar of a civil society.",NA,"701",NA
"people have the right to a safe workplace free from occupational hazards.",NA,"701",NA
"industrial manslaughter is a crime.",NA,"701",NA
"the objectives of profitability and efficiency should not override social and ecological objectives.",NA,"701",NA
"effective processes of conciliation and arbitration before an independent tribunal are a necessary element in any fair and effective industrial relations system.",NA,"701",NA
"Goals",NA,NA,NA
"The Australian Greens want:",NA,NA,NA
"the Coalition Government‟s „Work Choices‟ regime, which attacks the working rights of all Australians, to be opposed and repealed.",NA,"701",NA
"an industrial relations system that protects and enhances the rights of employees and workers by:",NA,"701",NA
"  legislating a minimum standard for pay, annual leave and hours of work that protects all employees and workers;",NA,"701",NA
"  providing comprehensive industry-wide awards that give rights and entitlements in excess of the legislative minimums and which are determined by conciliation and arbitration before an effective and independent industrial tribunal;",NA,"701",NA
"  facilitating industry wide collective agreements that are union negotiated and exceed the Award standards; //|and",NA,"701",NA
"  ensuring that workplace and union-led bargaining is the primary tool for obtaining industrial outcomes by putting in place a sufficient threshold before any party can refer a dispute to conciliation and arbitration.",NA,"701",NA
"restoration and maintenance of strong state and national industrial relations systems.",NA,"701",NA
"the promotion of collective agreements as the primary means of regulating employment.",NA,"701",NA
"full protection of accrued entitlements of employees.",NA,"701",NA
"full employment, and job security for all who seek employment.",NA,"701",NA
"protection against the forced casualisation of work and greater protection for existing casual workers.",NA,"701",NA
"equal access to paid work based on ability and irrespective of gender, age, sexual orientation, ethnicity, marital or civil status, family responsibilities, political affiliation, union membership, disability or religion.",NA,"503",NA
"elimination of the gender pay gap.",NA,"706",NA
"a fairer sharing of paid work through mandated shorter standard working hours and a reversal of current trends towards increased unpaid overtime.",NA,"701",NA
"a more equitable distribution of corporate income between management and employees.",NA,"503",NA
"a better balance between work and family, social and community involvement.",NA,"606",NA
"the costs and benefits to employees of workplace bargaining to be shared fairly among all employees.",NA,"503",NA
"Measures",NA,NA,NA
"The Australian Greens will:",NA,NA,NA
"repeal the Coalition Government‟s WorkChoices legislation.",NA,"701",NA
"abolish Australian Workplace Agreements and protect any existing entitlements through common law contracts underpinned by relevant state and federal awards or collective agreement.",NA,"701",NA
"require employers to enter into collective agreements with their workforce unless a majority are demonstrably opposed to collective bargaining, with the Industrial Relations Commission to have the power to arbitrate if no agreement can be reached.",NA,"701",NA
"require employers to inform new and existing employees that they are entitled to join a union, and enable the provision of information about the unions responsible for the sector and industry.",NA,"701",NA
"repeal provisions against legitimate union activity (such as sections 45D and 45E in the Trade Practices Act 1974), and protect unions and workers against common law actions.",NA,"701",NA
"legislatively protect the right to strike, as recognised in International Labour Organization conventions No. 87 and No. 98, as a fundamental right of workers to promote and defend their economic and social interests.",NA,"701",NA
"abolish the requirement for secret ballots before industrial action.",NA,"701",NA
"32.   restore unions‟ right of entry to recruit members, inspect for and remedy breaches of occupational health and safety provisions, breaches of the Workplace Relations Act and relevant awards or agreements, and other activities relating to strengthening workers‟  organisations.",NA,"701",NA
"remove the restrictions on the right of trade unionists to have their dues deducted from their wages directly.",NA,"701",NA
"repeal any independent contractors legislation that strips employment rights from individuals.",NA,"701",NA
"limit the use of independent contractor arrangements to individuals who are genuinely running their own business.",NA,"704",NA
"create and enforce industrial and immigration laws that stop the exploitation of foreign workers, by ensuring they receive the same pay and entitlements as a local worker doing the same job.",NA,"705",NA
"establish minimum employment standards for trainees and apprentices.",NA,"701",NA
"ensure that relevant training and skills development is made available to all workers, including apprentices, trainees, part-time and casual employees, without loss of pay.",NA,"701",NA
"abolish the Australian Building and Construction Commission and repeal the Building and Construction Industry Improvement Act.",NA,"701",NA
"abolish the Office of the Employment Advocate and the Office of Workplace Services and reinstate the functions of the Industrial Relations Commission.",NA,"701",NA
"require the Commonwealth Occupational Health and Safety Authority (Comcare) to fund additional industry liaison staff, review provisions under Comcare so that workers receive fair treatment and benefits and are not disadvantaged.",NA,"701",NA
"introduce national industrial manslaughter laws.",NA,"701",NA
"restore the right of all employees, including casual, fixed term and probationary workers, to challenge termination of employment where it is unfair, with reinstatement to be the remedy except in exceptional circumstances.",NA,"701",NA
"repeal the current National Code of Practice for the Construction Industry.",NA,"701",NA
"repeal the higher education workplace relations requirements.",NA,"701",NA
"increase casual loadings to a minimum of 30% and introduce the ability for casual employees to convert to permanent part time work after 3 months of continuous employment, where employment is on a continuous ongoing basis.",NA,"701",NA
"provide a national parental leave scheme.",NA,"701",NA
"establish a National Pay Equity Standard to help correct the gender pay gap.",NA,"706",NA
"provide industrial tribunals with full powers to make orders to give effect to gender pay equity, on a workforce, industry or workplace basis.",NA,"706",NA
"establish industry trust funds for protection of workers‟ entitlements.",NA,"701",NA
"require the ABS to publish more meaningful monthly measures of underemployment and unemployment, with broader definitions of unemployment.",NA,"303",NA
"amend the Trade Practices Act to introduce a National Unfair Contracts regime.",NA,"701",NA
"use a combination of government job creation and industry policy to achieve full employment and job security for all who seek employment.",NA,"409",NA
"legislate for a mandatory minimum of five weeks paid annual leave for all employees.",NA,"501",NA
"limit the tax deductibility of any executive salaries to 25 times the minimum full-time adult wage.",NA,"503",NA
"Corporate Governance",NA,NA,NA
"Principles",NA,NA,NA
"The Australian Greens believe that:",NA,NA,NA
"corporations and governments operating in Australia have a responsibility to conform to the intent, as well as the letter, of Australian and international law.",NA,"606",NA
"corporations and governments must behave ethically in all transactions and work to prevent corruption.",NA,"304",NA
"laws governing corporations and business practices should promote social and environmental responsibility",NA,"501",NA
"and respect for human rights.",NA,"201",NA
"laws governing corporations and business practices, should reflect the concerns and interests of all stakeholders - shareholders, employees, business partners and society.",NA,"405",NA
"government-owned organisations have an added responsibility to demonstrate exemplary governance and high levels of social and environmental responsibility.",NA,"405",NA
"government-owned service delivery corporations should prioritise adequate, affordable and accessible service delivery over making profits.",NA,"413",NA
"Goals",NA,NA,NA
"The Australian Greens want:",NA,NA,NA
"a business environment that encourages businesses and governments to fulfil their corporate, social and environmental responsibilities.",NA,"403",NA
"more rigorous oversight of the conduct of Australian corporations operating internationally, and of multinational corporations operating in Australia.",NA,"606",NA
"decision-making processes in publicly listed companies that ensure real participation by shareholders.",NA,"202",NA
"widespread awareness of, and adherence to, the United Nations Global Compact and the principles it embodies.",NA,"107",NA
"Measures",NA,NA,NA
"The Australian Greens will:",NA,NA,NA
"reform the Corporations Act 2001 to ensure that directors take account of the interests of the corporation, its shareholders and all stakeholders in the discharge of their duties.",NA,"405",NA
"establish an independent Corporate Responsibility Index, ranking the financial, social and environmental performance of businesses and corporations.",NA,"405",NA
"require publicly listed companies and government departments to audit and report annually their performance against economic, environmental and social criteria.",NA,"403",NA
"introduce accounting practices which clearly identify the financial, social and environmental consequences of, and risks associated with, business decisions.",NA,"403",NA
"require elections of boards of publicly listed companies to be conducted by an independent statutory body.",NA,"403",NA
"promote the inclusion of corporate ethics and responsibilities in all business and commerce course curricula at secondary and tertiary institutions.",NA,"606",NA
"strengthen consumer education initiatives in the areas of reduced and responsible consumption, consumer rights and responsible investment.",NA,"403",NA
"create tax incentives for socially and environmentally responsible initiatives, including participation in the United Nations Global Compact.",NA,"402",NA
"require the disclosure of documents relating to government tenders and procurement processes, once such processes are finalised.",NA,"303",NA
"strengthen and extend the powers of the Commonwealth Auditor General and the Commonwealth Ombudsman to examine the propriety of government tenders and procurement.",NA,"303",NA
"strengthen laws requiring Australian corporations operating overseas, or any corporation operating within Australia, to comply with Australian and international laws including those relating to human rights, environmental protection and labour laws.",NA,"403",NA
"introduce legislation to enable persons detrimentally affected by the operations of Australian corporations overseas to sue those corporations in Australia.",NA,"403",NA
"require all government-owned enterprises to take steps to ensure that their boards are representative of the wider population.",NA,"202",NA
"24.  amend the Corporations  Act 2001 to require:",NA,NA,NA
"  enforcement agencies to be staffed at realistic levels;",NA,"605",NA
" that fines be set sufficiently high to deter corporations from committing crimes;",NA,"605",NA
" the strengthening of the liability of directors and managers;",NA,"605",NA
" the barring of repeat offender corporations from government contracts; //|and",NA,"605",NA
" the delisting of corporations that flagrantly and persistently violate the public interest.",NA,"403",NA
"Global Economics",NA,NA,NA
"Principles",NA,NA,NA
"The Australian Greens believe that:",NA,NA,NA
"all peoples in the world have the right to sustainable economic development.",NA,"416",NA
"economic development must be compatible with, and subservient to, ecological sustainability.",NA,"416",NA
"global economic systems must be democratic, transparent and accountable.",NA,"202",NA
"global economic systems must promote and respect human rights, including the rights of workers, women and children.",NA,"201",NA
"global economic systems must enhance the right of communities to democratically determine their own future and priorities.",NA,"202",NA
"debt crises result from the actions of both debtor and lender nations; governments and international institutions should introduce policies to reduce both large deficits and large surpluses.",NA,"107",NA
"the inadequate response to the global challenges of climate change and oil depletion poses a grave threat to the global economy.",NA,"501",NA
"Goals",NA,NA,NA
"The Australian Greens want:",NA,NA,NA
"a global economic system that promotes environmental sustainability, human rights and a decent standard of living for all.",NA,"501",NA
"international institutions that are democratic and that promote even, sustainable development.",NA,"416",NA
"the elimination of poverty and an end to the exploitation of children and other vulnerable people.",NA,"503",NA
"Measures",NA,NA,NA
"The Australian Greens will:",NA,NA,NA
"support mechanisms to promote sustainable international trade.",NA,"416",NA
"remove Australia from existing bilateral Free Trade Agreements, where possible.",NA,"407",NA
"enter into multilateral trade agreements, except where a bilateral trade agreement favours a developing country.",NA,"407",NA
"use multilateral international trade agreements and membership of multilateral finance organisations to promote human rights",NA,"201",NA
"and environmental sustainability.",NA,"501",NA
"at the international level, support the implementation of a currency transaction tax (Tobin Tax) to discourage global currency speculation and to provide an independent tax base for international institutions.",NA,"107",NA
"provide incentives for developing countries to pursue economic development strategies that encourage self-reliance and prioritise the sustainable production of goods and services from local sources.",NA,"107",NA
"prohibit the trade in goods that have been produced through the exploitation of children and other vulnerable people.",NA,"706",NA
"ensure that Australian companies operating internationally comply with international human rights, labour and environmental standards.",NA,"201",NA
"seek the creation of a UN sanctioned regulatory environment to govern the operation of transnational companies, tax havens and flags of convenience.",NA,"107",NA
"use Australia's involvement in international trade fora to advance the needs of developing countries.",NA,"107",NA
"use multilateral international trade agreements and membership of multilateral finance organisations to seek the cancellation of the debts of least-developed countries and the removal of punitive loan conditionality imposed on poor countries.",NA,"107",NA
"support abolition of, unless radical reform can democratise, the IMF, World Bank and WTO.",NA,"107",NA
"resist the development of international trade regimes that seek to extend the concentration of control over intellectual property.",NA,"201",NA
"establish mechanisms to prevent the debt crisis from recurring, such as introducing the potential for penalties for surplus as well as debtor nations.",NA,"107",NA
"Sustainable Planning and Transport",NA,NA,NA
"Principles",NA,NA,NA
"The Australian Greens believe that:",NA,NA,NA
"oil depletion and climate change make Australia‟s present way of life in car-dependent cities and regions unsustainable.",NA,"501",NA
"in response to climate change and oil depletion we have an urgent need to reduce reliance on fossil fuels.",NA,"501",NA
"the ecological impact of Australian settlement is unacceptable and must be reduced.",NA,"501",NA
"human settlements must be designed and built to minimise environmental harm and maximise social well-being.",NA,"501",NA
"Australia‟s transport system must function on principles of ecological sustainability,",NA,"416",NA
"equity of access,",NA,"503",NA
"and public ownership of critical public transport infrastructure.",NA,"412",NA
"transport planning must give high priority to environmental and social impacts.",NA,"501",NA
"a high quality national rail network is essential to a modern economy.",NA,"411",NA
"new urban developments must be environmentally sound, public transport friendly and must facilitate community interaction.",NA,"501",NA
"future urban planning needs must minimise urban sprawl and promote growth in rural and regional areas.",NA,"404",NA
"Development",NA,NA,NA
"Goals",NA,NA,NA
"The Australian Greens want:",NA,NA,NA
"future development that is environmentally sensitive, energy efficient and which ensures equitable access for all Australians.",NA,"501",NA
"the use of new environmentally sound technologies to minimise ecological impacts.",NA,"501",NA
"a nationally agreed sustainability charter with targets across all industry sectors.",NA,"416",NA
"integration of planning and transport.",NA,"404",NA
"Measures",NA,NA,NA
"The Australian Greens will:",NA,NA,NA
"include ecological sustainability as a funding criterion for all federal development and infrastructure programmes.",NA,"501",NA
"establish a national report card for development targets and building standards to promote Australia's progress towards its ecological sustainability goals.",NA,"416",NA
"establish a Sustainability Fund to deliver funding to states and local governments to assist with implementing sustainability initiatives.",NA,"416",NA
"develop national urban planning standards that provide for the location of high density housing and commercial buildings close to high capacity public transport and the clustering of mediumdensity housing, community facilities and small-scale businesses around neighbourhood shopping centres.",NA,"404",NA
"Transport",NA,NA,NA
"Goals",NA,NA,NA
"The Australian Greens want:",NA,NA,NA
"a comprehensive, integrated public transport system, with critical components publicly owned and controlled.",NA,"413",NA
"a transport system, including roads, railways, airways and sea-lanes, that is safe, environmentally sound, efficient and reliable.",NA,"411",NA
"increased opportunities for the community to participate in transport planning.",NA,"202",NA
"a public transport system that is more attractive than private car use.",NA,"411",NA
"public transport services to be provided under community service obligations where demand is too low for economically viable services.",NA,"411",NA
"public ownership of the national rail system.",NA,"413",NA
"train services that are competitive with road transport – reliable, safe, fast and inexpensive.",NA,"411",NA
"major airports located to minimise social and environmental impacts.",NA,"501",NA
"more cycle ways and footpaths to encourage walking, cycling and public transport use in towns and cities to reduce the need for private car ownership and use.",NA,"501",NA
"better transport services in rural and regional areas.",NA,"411",NA
"improved transport services for people with special needs.",NA,"705",NA
"environmental costs incorporated into the cost of air travel.",NA,"501",NA
"fair compensation paid to those adversely affected by transport infrastructure development.",NA,"503",NA
"Measures",NA,NA,NA
"The Australian Greens will:",NA,NA,NA
"reform the national transport plan and its funding mix to take account of environmental, social and economic goals.",NA,"501",NA
"work to achieve public ownership of the rail network connecting capital cities, industrial cities and ports.",NA,"413",NA
"raise the rail network to a standard which enables the operation of fast freight and passenger trains, including between mainland capital cities.",NA,"411",NA
"eliminate level crossings in urban areas, and ensure the presence of signals on all crossings in rural and regional parts of the national rail network.",NA,"411",NA
"support compulsory noise and emissions standards for petrol and diesel vehicles which are at least as stringent as European Union standards.",NA,"501",NA
"adopt enforceable world's best practice fuel efficiency standards of new petrol and diesel cars by 2010.",NA,"501",NA
"support mandatory fuel efficiency labelling of new vehicles.",NA,"501",NA
"increase the tariff on imported four-wheel drive vehicles from 5% to 10% except for primary producers.",NA,"406",NA
"abolish fringe benefits tax breaks for company and leased cars.",NA,"503",NA
"investigate sites for a new Sydney Airport close to the national rail network.",NA,"411",NA
