"text","text_en","cmp_code","eu_code"
"Policies",NA,"H",NA
"Labor's Policies For A Fair Go For Australia",NA,"H",NA
"Better Hospitals Fund",NA,"H",NA
"A Shorten Labor Government will invest more in every single hospital in the country with our $2.8 billion Better Hospitals Fund.",NA,"504",NA
"In 2013, the Liberals promised there would be no cuts to hospitals.",NA,"504",NA
"Then in 2014 they cut funding from 50 per cent of the efficient price to 45 per cent.",NA,"504",NA
"Labor’s Better Hospitals Fund will reverse in full the government’s unfair cuts to public hospitals, and help reduce waiting times and improve services in every hospital around the country.",NA,"504",NA
"LABOR’S PLAN",NA,"H",NA
"Labor’s $2.8 billion Better Hospitals Fund will benefit every hospital and every patient in the country by restoring every cent of the core funding cut by the Liberals.",NA,"504",NA
"Labor’s investment means more doctors, more nurses, more hospital staff and more beds.",NA,"504",NA
"We have committed $1 billion in new capital projects – physical infrastructure like hospital expansions, new and refurbished wards, upgraded emergency departments and new palliative care and mental health facilities.",NA,"504",NA
"Labor’s investment will lead to shorter emergency department and elective surgery waiting times.",NA,"504",NA
"We have committed $250 million to blitz elective surgery waiting lists in public hospitals.",NA,"504",NA
"Procedures such as knee and hip replacements or cataract surgeries are essential procedures for many Australians.",NA,"504",NA
"This commitment could pay for more than 62,000 cataract procedures or 9,800 knee replacements or 9,400 hip replacements.",NA,"504",NA
"There is a real choice at the upcoming election between Labor’s plan for properly funded hospitals and the best health care system in the world, or bigger tax loopholes for the top end of town under the Liberals.",NA,"504",NA
"We will pay for it by making multinationals pay their fair share and closing tax loopholes used by the top end of town.",NA,"403",NA
"Fair Funding for Australian Schools",NA,"H",NA
"Fair Funding for Australian Schools",NA,"506",NA
"Labor will deliver an extra $14 billion for public schools over the next decade, with an extra $3.3 billion flowing in the first three school years alone.",NA,"506",NA
"For public schools in each state and territory, over the first three school years alone, that means:The extra $14 billion for public schools is the equivalent of more than: · 13,000 extra teachers.",NA,"506",NA
"· 23,000 extra teacher aides.",NA,"506",NA
"This will transform public schools across Australia and give all children the opportunity to reach their full potential",NA,"506",NA
"– no matter where they live, or how much their parents earn.",NA,"503",NA
"As a condition of this funding, Labor will require State and Territory governments also invest strongly in their schools and sign up to a national plan to improve schools with clear and ambitious goals and targets.",NA,"506",NA
"Labor wants every public school to reach 100 per cent of its fair funding level, and we will work with the States and Territories to achieve this.",NA,"506",NA
"Labor's Fair Funding for Schools will cost $3.9 billion over the first three school years and over $14 billion over the decade.",NA,"506",NA
"We will pay for it by making multinationals pay their fair share and closing tax loopholes used by the top end of town.",NA,"403",NA
"Labor's Plan For Higher Wages",NA,"H",NA
"A Shorten Labor Government has a plan for better wages, not bigger tax loopholes for the top end of town.",NA,"701",NA
"Under the Liberals, the economy isn’t working for everyday Australians.",NA,"503",NA
"Everything is going up in Australia except people’s wages.",NA,"701",NA
"People are finding it harder to get ahead.",NA,"701",NA
"Households are saving less and families are being forced to dip further into their pockets to pay for the essentials.",NA,"701",NA
"The Morrison Liberal Government voted eight times to support cuts to penalty rates, cutting the take-home pay of hundreds of thousands of Australians.",NA,"701",NA
"And the Liberals have said that low wages are a “deliberate design feature” of their economic strategy.",NA,"701",NA
"At a time when corporate profits are growing five times faster than wages, Labor believes Australians deserve a decent pay rise.",NA,"701",NA
"LABOR’S PLAN:",NA,"H",NA
"Labor has a plan to get wages moving again.",NA,"701",NA
"Penalty rates: Labor understands that penalty rates are not a luxury.",NA,"701",NA
"Labor will reverse the cuts to penalty rates in our first 100 days, restoring fair pay for up to 700,000 workers.",NA,"701",NA
"And we will change the laws to make sure they can’t be cut for anyone again.",NA,"701",NA
"Living wage: Labor will ensure that the minimum wage is a living wage – fixing the law so that the Fair Work Commission has the tools to deliver a living wage for Australia’s low-paid workers to ensure they have a decent standard of living.",NA,"701",NA
"Labour hire: Labor’s Same Job, Same Pay policy will crack down on dodgy labour hire companies that rip off and exploit workers.",NA,"701",NA
"Labor will legislate to ensure that workers employed through a labour hire company will receive the same pay and conditions as people employed directly.",NA,"701",NA
"Casuals: We want to make sure people aren’t stuck in the purgatory of permanent casualisation, with all the obligations and commitments expected of the permanent employee, but with no guarantee of job security, no leave entitlements and no protections.",NA,"701",NA
"Labor will end the use of so-called ‘permanent casuals’ by introducing an objective definition of casual.",NA,"701",NA
"We will also allow workers to request permanent part-time or full-time employment after 12 months of regular hours with the same employer, and provide workers with the right to challenge an employer who unreasonably refuses such a request.",NA,"701",NA
"Gig economy: Labor will make sure workers in the gig economy are paid properly and not used to undermine Australian wages, including by changing the legal test for sham contracting.",NA,"701",NA
"Labor doesn’t support a business model if it can only succeed by undermining workers’ rights and avoiding workers’ entitlements.",NA,"701",NA
"Wage theft: Failure to pay workers at the legal minimum undermines everyone’s wages.",NA,"701",NA
"Labor has a plan to crack down on wage theft, with significantly higher penalties and better enforcement.",NA,"701",NA
"Pay equity: Labor believes women and men should be paid the same for doing the same work.",NA,"701",NA
"Labor has a plan to address the gender pay gap.",NA,"503",NA
"Sham agreements: Some employers are using sham enterprise agreements to reduce the pay and conditions of their workforce.",NA,"701",NA
"Labor will legislate to make sure that agreements have to be agreed by the actual workers who will be covered by them.",NA,"701",NA
"Termination of agreements: Labor will legislate to prevent employers using agreement termination to cut wages and conditions",NA,"701",NA
"Medicare Cancer Plan",NA,"H",NA
"A Shorten Labor Government will deliver the biggest cancer care package in Australian history, with a $2.3 billion investment to dramatically slash out-of-pocket costs for cancer patients.",NA,"504",NA
"LABOR’S PLAN",NA,"H",NA
"Labor’s Medicare Cancer Plan is the most important reform to Medicare since it was introduced by Bob Hawke.",NA,"504",NA
"It will mean millions of free scans, millions of free consultations and cheaper medicines for cancer patients.",NA,"504",NA
"Labor’s Medicare Cancer Plan includes: $600 million towards eliminating all out-of-pocket costs for diagnostic imaging, with up to six million free cancer scans funded through Medicare;",NA,"504",NA
"$433 million to fund three million free consultations with oncologists and surgeons for cancer patients;",NA,"504",NA
"A guarantee that every drug recommended by independent experts will be listed on the Pharmaceutical Benefits Scheme, cutting out-of-pocket costs for cancer medications;",NA,"504",NA
"$500 million to slash waiting times for cancer patients in public hospitals;",NA,"504",NA
"$300 million for better cancer centres across Australia, designed to bring cancer treatment closer to patients’ homes and including $60 million for 13 radiation therapy facilities in regional and rural areas;",NA,"504",NA
"$200 million to protect bulk billing for pathology and keep life saving blood tests free for older Australians and Australians with cancer.",NA,"504",NA
"We will pay for it by making multinationals pay their fair share and closing tax loopholes used by the top end of town.",NA,"403",NA
"Investing in Cancer Research",NA,"H",NA
"As part of Labor’s $2.3 billion Medicare Cancer Plan, we will invest $125 million in ground-breaking clinical trials and cancer research.",NA,"411",NA
"LABOR’S PLAN",NA,"H",NA
"Labor’s Medicare Cancer Plan is the most important reform to Medicare since it was introduced by Bob Hawke.",NA,"504",NA
"One in two Australians will be diagnosed with cancer, which means every year 150,000 Australians will be given the news that they will have to fight cancer.",NA,"504",NA
"In addition to slashing out-of-pocket costs for cancer patients, Labor will invest $125 million in a fund to fight cancer – giving our world-class researchers additional resources to search for a cure, including:",NA,"504",NA
"$20 million to give around 1,800 blood cancer patients access to new and emerging treatments – working with the Leukaemia Foundation and other partners to develop the new Right to Trial program.",NA,"504",NA
"$20 million for the Avner Pancreatic Cancer Foundation to implement a comprehensive Pancreatic Cancer Medical Research Strategy.",NA,"504",NA
"$26 million in the amazing work of the Australian Clinical Trials Alliance in clinical trials to help patients access better care now and help strengthen our healthcare system into the future.",NA,"504",NA
"Labor will pay for our Medicare Cancer Plan by making multinationals pay their fair share and closing tax loopholes used by the top end of town.",NA,"504",NA
"Investing In Services And Support For Cancer Patients",NA,"H",NA
"As part of Labor’s $2.3 billion Medicare Cancer Plan, we will invest in measures to provide targeted services and support for cancer patients.",NA,"504",NA
"LABOR’S PLAN",NA,"H",NA
"Labor’s Medicare Cancer Plan is the most important reform to Medicare since it was introduced by Bob Hawke.",NA,"504",NA
"One in two Australians will be diagnosed with cancer, which means 150,000 Australians will be given the news that they will have to fight cancer every year.",NA,"504",NA
"In addition to slashing out-of-pocket costs for cancer patients, Labor will invest in additional services and support for cancer patients, including:",NA,"504",NA
"$63.4 million for several initiatives to support patients with lung cancer, reduce the number of new diagnoses and reduce health care costs, including:",NA,"504",NA
"$40 million for the Cancer Council Australia to reboot the landmark National Tobacco Campaign.",NA,"504",NA
"$17.4 million for the Lung Foundation Australia to fund 20 lung cancer nurses and awareness campaigns targeting workplace hazards and reducing the stigma and isolation associated with lung cancer and other lung conditions.",NA,"504",NA
"$6 million to support Tobacco Free Portfolios’ work in disentangling the Australian finance sector from tobacco industry investment.",NA,"504",NA
"$10 million to support the Jodi Lee Foundation to run a national awareness campaign aimed at boosting bowel cancer screening rates through the National Bowel Cancer Screening Program (NBCSP).",NA,"504",NA
"$8.6 million to work with the Cancer Council Australia to relaunch a renewed sun protection awareness campaign (‘slip, slop, slap, seek, slide’).",NA,"504",NA
"$37.7 million to support the thousands of young Australians diagnosed with cancer every year, including:",NA,"504",NA
"$24 million for CanTeen, the organisation that supports young Australians aged 12-24.",NA,"504",NA
"$10 million to establish a Children’s Cancer Endowment Fund with the Children’s Cancer Foundation to fund research projects in children’s cancer.",NA,"504",NA
"$3.7 million for Camp Quality to enable them to continue their work with cancer coordinators in hospitals – directly supporting children and parents.",NA,"504",NA
"$12.5 million for 24 metastatic cancer nurses located across Australia, boosting care and support for locals who face this awful diagnosis.",NA,"504",NA
"$12 million towards Ovarian Cancer Australia’s National Action Plan for Ovarian Cancer Research as well as $150,000 for the Ovarian Cancer Research Foundation, matching their fundraising target and helping them in their bid to develop an early detection screening test.",NA,"504",NA
"$38 million for an additional 42 Prostate Cancer Specialist Nurses to boost care and support for men and their families.",NA,"504",NA
"$4 million to establish a Pancreatic Cancer Patient Hub, connecting patients with practitioners, facilities and support services.",NA,"504",NA
"Labor will pay for our Medicare Cancer Plan by making multinationals pay their fair share and closing tax loopholes used by the top end of town.",NA,"504",NA
"Labor's Plan For Local Jobs",NA,"H",NA
"Labor will boost local jobs by providing more opportunities for local businesses and solving local skills shortages with our Local Projects, Local Jobs plan.",NA,"701",NA
"The Federal Government spends $50 billion every year on goods and services and Labor wants to see that investment spent on local businesses and local jobs – not multinationals that don’t provide local jobs and don’t pay tax in Australia.",NA,"403",NA
"Australia also needs a real plan to skill up Australian workers and connect them with local jobs,",NA,"701",NA
"reducing the need for business to rely on temporary workers from overseas.",NA,"601.2",NA
"LABOR’S PLAN:",NA,"H",NA
"Labor’s Local Projects, Local Jobs plan will invest in local infrastructure projects including road, rail and port upgrades",NA,"411",NA
"and will make sure that Commonwealth investment results in local jobs.",NA,"701",NA
"Labor will require government departments to work with local firms to ensure they can benefit from government contracts, and properly value the economic benefit that local businesses provide.",NA,"402",NA
"Labor will ensure that more public and large private projects will be required to put in place plans to give Australian firms a chance to win work on major projects.",NA,"406",NA
"Labor will require 1 in 10 jobs on Commonwealth funded projects to be filled by local apprentices.",NA,"601.2",NA
"More information on Labor’s National Procurement Plan is here.",NA,NA,NA
"Labor will also make sure that employers have to look for local workers first –",NA,"601.2",NA
"and we’ll make sure local workers have the skills to do the job.",NA,"411",NA
"There is no excuse for a skills shortage to last one day longer than it takes to train an Australian to do that job.",NA,"411",NA
"Labor will establish the Australian Skills Authority – an independent, labour market testing body.",NA,"411",NA
"This new body will determine genuine skills needs.",NA,"411",NA
"Temporary skilled visas will only be available when a genuine skills gap cannot be met with local workers.",NA,"601.2",NA
"Labor will increase the cost of temporary visas to send a strong price signal to employers that they should be looking for and training local workers first.",NA,"601.2",NA
"Labor will not waive labour market testing requirements for any new Free Trade Agreements.",NA,"411",NA
"Labor's Plan For Cheaper Child Care",NA,"H",NA
"A Shorten Labor Government will deliver massive cost of living relief for nearly one million Australian families struggling with the costs of child care with a $4 billion investment in early education.",NA,"504",NA
"Labor will crack down on excessive fee increases.",NA,"504",NA
"We will task the ACCC with a new role of investigating excessive fee increases and unscrupulous providers, and we will make those findings public through www.childcarefinder.gov.au.",NA,"504",NA
"The ACCC will also be tasked with investigating mechanisms for ensuring greater controls on child care fee increases to keep child care affordable.",NA,"504",NA
"Labor will also review the system for vulnerable children to make sure that vulnerable and low income families and children aren’t falling through the cracks.",NA,"504",NA
"LABOR’S PLAN",NA,"H",NA
"A Shorten Labor Government will put more money back in working parents’ pockets for 887,000 Australian families.",NA,"701",NA
"Every single family earning up to $174,000 will get cheaper child care with Labor.",NA,"504",NA
"All families earning up to $174,000 will be better off under Labor's plan - slashing up to $2,100 per child off their annual child care bill.",NA,"504",NA
"We will increase the subsidy rate from 85 per cent to 100 per cent up to the hourly fee cap (currently $11.77 per hour for long day care) for families earning up to $69,000 who meet the activity test requirements, making child care free, or almost free, for up to 372,000 families.",NA,"504",NA
"The current tapered reduction will be updated to reflect this new, higher subsidy rate.",NA,"504",NA
"Families earning between $69,000 and $100,000 will receive a subsidy rate between 100 per cent and 85 per cent up to the hourly fee cap, and families earning between $100,000 and $174,000 will receive a subsidy rate between 85 per cent and 60 per cent up to the fee cap – delivering an effective increase of 10 per cent.",NA,"504",NA
"Families accessing approved Centre Based Child Care, Family Day Care and Outside School Hours Care, including holiday care, will all benefit from the more generous subsidy.",NA,"504",NA
"Combined family incomeCurrent Subsidy rateNew subsidy rateNumber of families better offAverage annual saving per familyUp to $69,52785%100%372,000$1,400Over $69,528 to $100,000 Tapered reduction from 85% to 50% to $174,527Tapered reduction from 100% to 85%158,000$1,400$100,001 to $174,527Tapered reduction from 85% to 60%357,000$1,200",NA,NA,NA
"Fee-Free TAFE",NA,"H",NA
"Labor will waive upfront fees for 100,000 students, enabling them to attend TAFE to access the education and skill development they need to assist them into employment.",NA,"506",NA
"Labor will work to ensure at least 50 per cent of those places go to women.",NA,"503",NA
"All Australians should have access through their working lives to the education and skills development they need for decent jobs that allow them to live good lives and be active members of the community.",NA,"506",NA
"Course fees and upfront costs have risen to the point where many Australians can’t afford to go to TAFE.",NA,"506",NA
"Under the Abbott-Turnbull-Morrison Government the number of government funded students going to TAFE has dropped by 25 per cent.",NA,"506",NA
"This is despite an increasing number of jobs requiring vocational education and skills.",NA,"506",NA
"Many trades face skills shortages - from carpenters and bricklayers, to bakers and pastry cooks.",NA,"506",NA
"Despite high unemployment in some areas, workers can’t learn the skills they need locally, particularly in regional areas.",NA,"506",NA
"If we don’t get this right, there won’t be enough knowledgeable and skilled workers to meet the important demands of our ageing population and the rollout of the National Disability Insurance Scheme.",NA,"506",NA
"Nor will there be sufficient workers with the high-tech skills to work in evolving and emerging industries.",NA,"506",NA
"Labor will reserve:20,000 places for people studying the skills they need to work in the NDIS and aged care.",NA,"506",NA
"10,000 places for people studying early education.",NA,"506",NA
"We know that TAFE is the best place for young and adult Australians to gain knowledge and skills in the communities that benefit from them.",NA,"506",NA
"We will pay for it by making multinationals pay their fair share and closing tax loopholes used by the top end of town.",NA,"403",NA
"Cheaper Cleaner Renewable Energy",NA,"H",NA
"Labor's Plan to Invest in Cheaper Cleaner Renewable Energy",NA,"H",NA
"A Shorten Labor Government will ensure 50 per cent of our electricity generation comes from renewable energy by 2030, modernise our energy systems, and empower households and businesses to take advantage of cheap, clean renewable energy and storage.",NA,"416.2",NA
"Renewable energy plus storage is the cheapest source of new energy, offering immense opportunities for Australian businesses and households to reduce pollution",NA,"501",NA
"while also reducing their power bills.",NA,"416.2",NA
"Households in Australia are already seeing the benefits, with the number of households with rooftop solar rising from 7,000 in 2007 to around two million today.",NA,"416.2",NA
"The Liberals’ policy chaos has stalled this transition towards clean energy by attacking renewable energy, undermining investor confidence, causing power prices to skyrocket and putting at risk billions of dollars of investment in clean energy.",NA,"416.2",NA
"LABOR’S PLAN:",NA,"H",NA
"Labor has a plan for more renewable energy and cheaper power, with a ten-year energy investment framework that delivers certainty for industry, lower power prices and more reliability.",NA,"416.2",NA
"We will:Give businesses the policy certainty to invest in clean energy by implementing Labor’s National Energy Plan.",NA,"416.2",NA
"Labor will continue to pursue a bipartisan mechanism, such as a National Energy Guarantee.",NA,"416.2",NA
"Double the original investment in the Clean Energy Finance Corporation (CEFC) by $10 billion to support new generation and storage, concessional loans for household purchases of solar and battery systems, commercial community renewables projects and the transformation and growth of new and existing industries.",NA,"416.2",NA
"Futureproof our energy networks by creating a $5 billion independent Energy Security and Modernisation Fund.",NA,"416.2",NA
"This will build and upgrade Australia’s energy transmission and distribution systems, including transmission links to Renewable Energy Zones, to unlock the supply of cheaper, cleaner energy.",NA,"416.2",NA
"Encourage the uptake of household solar and battery systems by setting a target of one million household battery systems by 2025 and providing a $2,000 rebate for 100,000 households on incomes of less than $180,000 per year to purchase and install battery systems, as well as low-cost loans for households.",NA,"416.2",NA
"Establish a Neighbourhood Renewables Program to ensure renters and social housing residents can benefit from cheaper and cleaner renewable energy.",NA,"416.2",NA
"Labor will establish community power hubs to support the development of projects in local communities – such as solar gardens on apartment rooftops, community wind farms and energy efficiency upgrades for social housing.",NA,"416.2",NA
"Develop a Bioenergy Strategy with a $2 million investment to boost the development of this important industry in Australia.",NA,"416.2",NA
"Bioenergy has significant potential to help Australia meet its emission reduction goals and reduce waste, improve energy security and boost regional development.",NA,"416.2",NA
"Establish the Solar Schools program to cut school electricity bills by allocating up to $1 billion from our expanded Clean Energy Finance Corporation capital to establish the program - supporting the creation of VPPs through virtually linked solar and battery systems installed at schools, to deliver electricity and other services to the electricity system.",NA,"416.2",NA
"We will pay for it by making multinationals pay their fair share and closing tax loopholes used by the top end of town.",NA,"403",NA
"Nation-Building Infrastructure",NA,"H",NA
"Nation-Building Infrastructure",NA,"H",NA
"Labor is committed to the nation-building infrastructure Australia needs.",NA,"411",NA
"We will work with state and territory governments to get projects up and running.",NA,"411",NA
"We will create thousands of jobs nationally with new work in every state and territory.",NA,"701",NA
"We will build on the record of the previous Labor government which doubled road funding;",NA,"411",NA
"rebuilt a third of the interstate rail freight network;",NA,"703.1",NA
"and committed to more urban public transport infrastructure than every previous Federal Government combined.",NA,"411",NA
"Over nearly six years of cuts and chaos the Abbott-Turnbull-Morrison Government has slashed infrastructure investment.",NA,"411",NA
"Budget papers show that over their first five budgets, they have delivered $5.1 billion less than promised from transport infrastructure alone.",NA,"411",NA
"We will change this.",NA,"411",NA
"A Shorten Labor Government will address the Liberals and Nationals’ backlog in transport infrastructure investment by boosting existing federal investment levels in the short-term, before the next election.",NA,"411",NA
"Much of the Liberals’ new spending is at least two elections away.",NA,"305.1",NA
"Labor's Plan For Making Multinationals Pay Their Fair Share",NA,"H",NA
"Labor will deliver billions to the budget by closing tax loopholes used by multinationals and the top end of town, clamping down on tax havens and increasing transparency.",NA,"403",NA
"Multinational tax avoidance and the use of tax havens threaten Australia’s tax base.",NA,"403",NA
"When tax revenue gets lost to tax havens, Australia loses revenue that could be used to fund vital services like hospitals and schools.",NA,"504",NA
"The Abbott-Turnbull-Morrison Government has spent most of its term prioritising an $80 billion tax cut for multinationals and big banks, rather than clamping down on multinational tax avoidance to fund hospitals and schools.",NA,"403",NA
"It also slashed over 4,000 jobs from the Australian Taxation Office.",NA,"701",NA
"Labor has a strong record on multinational tax.",NA,"403",NA
"We started the job when we were in government and have built a policy suite to deliver billions to the budget bottom line while in opposition.",NA,"403",NA
"In contrast, the Liberals and Nationals tried to take credit for large multinational tax revenues in the past few years, until it was revealed they voted against Labor’s laws in 2012-13 that delivered the revenue.",NA,"403",NA
"LABOR’S PLAN:",NA,"H",NA
"Thin Capitalisation (Worldwide Gearing Ratio) – tightening debt-deduction loopholes used by multinational companies, generating billions in revenue over the decade, by removing the ‘arm’s length’ and ‘safe harbour’ tests, leaving the ‘worldwide gearing ratio’ as the sole thin capitalisation test.",NA,"403",NA
"Royalty Integrity - stopping multinationals from getting a tax deduction when they unfairly funnel royalty payments to arms of their own company that pose a multinational tax risk.",NA,"403",NA
"Thirty per cent final withholding tax on distributions from certain fixed trusts to non-residents, aligning them with treatment of distributions from companies and public fixed trusts.",NA,"403",NA
"This complements Labor’s discretionary trust policy.",NA,"403",NA
"Increased capacity for the Australian Taxation Office – providing it with compliance resources.",NA,"403",NA
"Increased promoter penalty regime – allowing courts to impose fines of up to $2.1 million for an individual or $10.5 million for a body corporate, or three times the consideration received or receivable, directly or indirectly, by the entity or its associates who promote tax avoidance schemes.",NA,"403",NA
"Public reporting of country-by-country reports – publicly releasing high-level tax information about where and how much tax was paid by large corporations (over $1 billion in global revenue).",NA,"403",NA
"Restore Labor’s $100 million threshold for public reporting of tax data for private companies – reinstating the lower threshold that was raised to $200 million in a Liberal-Greens deal.",NA,"403",NA
"Community Sector Representative on the Board of Taxation – ensuring civil society voices are heard in tax design and review processes.",NA,"202.4",NA
"Whistleblower protection and incentives or rewards – providing protection for whistleblowers who report on entities evading tax to the Australian Taxation Office, as part of our overall whistleblower protection plan.",NA,"201.2",NA
"Individuals who highlight tax evasion collect a share of the penalty collected.",NA,"403",NA
"Mandatory reporting of ‘material tax risk’ (tax haven exposure) to shareholders – requiring companies to disclose to shareholders if the company is doing business in a known or suspected tax haven.",NA,"403",NA
"A list of these jurisdictions would be maintained by the Australian Taxation Office and would be similar to the design of the European Union’s ‘blacklist’.",NA,"403",NA
"Public reporting of AUSTRAC data – publicly releasing International Funds Transfer Instructions data for every calendar year.",NA,"403",NA
"Disclosure of ‘material tax risk’ for government tenders – amending government procurement process requirements so Australian Government tender process require all companies to state their country of domicile for tax purposes.",NA,"403",NA
"Responsible investment – tasking the Australian Taxation Office with creating or reviewing guidelines for responsible investment for superannuation funds.",NA,"403",NA
"Publicly accessible registry of the beneficial ownership of Australian legal entities – fully implementing the G20 principles Australia signed in 2014 and ensuring transparency over who ultimately owns a company or trust, rather than just accepting who is listed on company paperwork.",NA,"403",NA
"Australian Taxation Office disclosure of settlements and reporting of aggressive tax minimisation – including how many settlements were achieved per financial year and associated data.",NA,"403",NA
"Closing a debt deduction loophole to ensure consistent treatment in related party financing arrangements.",NA,"403",NA
"Automatically denying tax deductions from companies for travel to and from tax havens.",NA,"403",NA
"Clamping down on unsubstantiated allowances for travel in tax havens.",NA,"403",NA
"Crackdown on citizenship shopping – requiring all individual Australian taxpayers to notify and declare to the Australian Taxation Office if they have residency or citizenship of any other jurisdiction and the name of that jurisdiction.",NA,"403",NA
"These are just some of the ways we are making multinationals pay their fair share and closing tax loopholes used by the top end of town.",NA,"403",NA
"Labor’s plan for making multinationals pay their fair share will save around $1.5 billion over the forward estimates.",NA,"403",NA
"Fairer Tax Cuts For Working Australians",NA,"H",NA
"A Shorten Labor Government will deliver better tax cuts for 3.6 million working Australians.",NA,"403",NA
"We will support the increase to the low and middle income tax offset proposed in the Budget and will deliver tax relief from 1 July this year.",NA,"403",NA
"But the Liberals’ unfair Budget leaves 3.6 million Australians earning less than $48,000 a year short-changed – and 57 per cent of these taxpayers are women.",NA,"503",NA
"To give these workers the tax cut they deserve, Labor will increase the offset for low income and part-time workers.",NA,"701",NA
"With Labor, 10 million Australians will get the same or a bigger tax cut from 1 July 2019.",NA,"403",NA
"Under Labor’s changes, which will apply from the 2018-19 financial year, workers earning up to $37,000 a year will receive a tax cut of up to $350.",NA,"403",NA
"For workers earning between $37,000 and $48,000 a year, the value of the offset will increase up to the maximum offset of $1,080.",NA,"403",NA
"A retail worker on $35,000 a year would get a tax cut of $255 a year under the Liberals, compared to $350 in Labor’s plan.",NA,"403",NA
"A part-time nurse on $40,000 a year would get a tax cut of $480 a year under the Liberals, compared to $549 in Labor’s plan.",NA,"403",NA
"The Liberals’ priorities are all wrong.",NA,"305.1",NA
"With the Liberals, low income workers get less than $5 a week, but an investment banker gets more than $11,000 a year in tax cuts.",NA,"403",NA
"Labor can pay for better tax cuts for 3.6 million Australians – without the Liberals’ cuts to schools and hospitals – because of our reform decisions to make multinationals pay their fair share and close tax loopholes used by the top end of town.",NA,"403",NA
"This policy will have a budget impact of $1.05 billion over the forward estimates and $59.3 billion over the medium term.",NA,"403",NA
"Labor will not proceed with the Morrison Government’s fiscally reckless income tax cuts for the top end of town.",NA,"403",NA
"Voters would have to elect a Morrison Government twice to see them come to fruition – it’s ridiculous.",NA,"305.1",NA
"Independent Parliamentary Budget Office analysis shows that the fiscal impact of the Morrison Government’s stage two and three tax cuts is an astonishing $286 billion over the medium-term, coming at an annual cost of nearly $50 billion by the end of the decade.",NA,"414",NA
"These tax cuts also primarily benefit high income earners, with Australia Institute analysis showing that 54 per cent of the benefits go to the top 20 per cent of income earners, with $77 billion of the tax cuts going to those earning more than $180,000.",NA,"403",NA
"Plan for Small Business",NA,"H",NA
"A Shorten Labor Government will boost our vibrant small business community and diversify Australia’s economy,",NA,"403",NA
"while still investing in our world class education system",NA,"506",NA
"and strengthening quality health care across the country.",NA,"504",NA
"Labor knows there are many challenges facing established and emerging small businesses in this country, and we are committed to enabling and encouraging their success.",NA,"403",NA
"Labor cares about Australian small businesses, and believes they deserve better if they are to compete, thrive, and employ in the modern economy.",NA,"403",NA
"Labor will deliver the same tax relief for small business as the Liberals, but we’ll do it without cutting funding to schools or hospitals or increasing national debt.",NA,"403",NA
"And we’ll also deliver a new Australian Investment Guarantee that all Australian businesses can access when they invest.",NA,"402",NA
"Labor will:Support the corporate tax rate for small businesses reducing to 25 per cent by 2021-22.",NA,"403",NA
"Support increasing the instant asset write-off threshold from $25,000 to $30,000.",NA,"402",NA
"Provide an Australian Investment Guarantee for all businesses that will allow all businesses to immediately deduct 20 per cent of any new eligible asset worth more than $20,000.",NA,"402",NA
"Ensure small businesses are supported to defend themselves against anti-competitive conduct by improving access to justice – Labor worked hard to legislate this from Opposition.",NA,"403",NA
"Legislate to establish a new position of Second Commissioner (Appeals) within the Tax Office to ensure small business disputes are given the care and attention they deserve.",NA,"403",NA
"Protect small businesses by making unfair contract terms illegal and punishable with multimillion dollar fines.",NA,"403",NA
"Implement a Tradie Pay Guarantee, a Tradie Litigation Fund, and a series of reforms to detect, deter, and punish fraudulent phoenix operators hurting honest small businesses and employees.",NA,"403",NA
"We will pay for these commitments by making multinationals pay their fair share and closing tax loopholes used by the top end of town.",NA,"403",NA
"Australian Investment Guarantee",NA,"H",NA
"A Shorten Labor Government will boost investment",NA,"402",NA
"and create new jobs with the Australian Investment Guarantee – targeted tax relief for businesses that invest in Australia and Australians.",NA,"701",NA
"Annual business investment in Australia as a proportion of the economy is at a quarter century low.",NA,"403",NA
"When firms aren’t investing, they’re not expanding and they’re not diffusing cutting edge technologies that make them produce more with less.",NA,"403",NA
"This is why Labor will invest in a new Australian Investment Guarantee.",NA,"402",NA
"Under Labor’s Australian Investment Guarantee, all businesses in Australia will be able to immediately deduct 20 per cent of any new eligible asset worth more than $20,000, with the balance depreciated in line with normal depreciation schedules from the first year.",NA,"402",NA
"Labor’s Australian Investment Guarantee is permanent – that means businesses can continue to take advantage of the immediate tax deductibility whenever they make a new investment in an eligible asset.",NA,"402",NA
"Labor supports the reduction in the company tax rate to 25 per cent for businesses with turnover of less than $50 million and extending the instant asset write off for small and medium businesses making investments less than $30,000.",NA,"402",NA
"In addition, Labor’s Australian Investment Guarantee will allow all companies to accelerate their depreciation expenses on all new investments.",NA,"402",NA
"The new Australian Investment Guarantee features the following scope and key design elements:Eligible assets will include tangible machinery, plant and equipment for both upgrades and new purchases (for example, farm tractors and food processing machinery).",NA,"402",NA
"Depreciable intangible assets (often referred to as “knowledge assets”) which make up an increasingly larger component of non-mining investment will also be eligible (for example, patents and copyrights).",NA,"402",NA
"Investments in structures and buildings are excluded, consistent with previous accelerated depreciation policies used in Australia.",NA,"402",NA
"It will not apply to otherwise eligible expenditure currently claimed under the existing research and development tax concession.",NA,"412",NA
"It will not apply to passenger motor vehicles, but it will apply to non-passenger motor vehicles such as lorries, vans, utes and trucks that are used to support trade businesses.",NA,"412",NA
"It would also apply to battery-powered electric vehicles.",NA,"412",NA
"It will only apply to eligible investments valued at over $20,000 (with no pooling of assets allowed) to ensure it is well-targeted at productivity-enhancing investments.",NA,"402",NA
"The Australian Investment Guarantee is a pro-growth,",NA,"410",NA
"pro-jobs reform",NA,"701",NA
"that rewards businesses making new investments in Australia.",NA,"402",NA
"It will be a permanent feature of the tax system, so all companies have the confidence to invest for the long term.",NA,"402",NA
"The Australian Investment Guarantee will cost around $3.9 billion over the forward estimates.",NA,"402",NA
"We will pay for this commitment by making multinationals pay their fair share and closing tax loopholes used by the top end of town.",NA,"402",NA
"Australian Shipping Industry",NA,"H",NA
"A Shorten Labor Government will enhance Australia’s economic sovereignty",NA,"408",NA
"and national security by creating a Strategic Fleet to secure our access to fuel supplies, even in times of global instability.",NA,"104",NA
"Australia relies on shipping to move 99 per cent of our imports and exports – it is in Australia’s economic,",NA,"408",NA
"environmental",NA,"501",NA
"and national security interests to maintain a vibrant maritime industry.",NA,"104",NA
"But Australia’s own merchant fleet, as well as the skilled workforce it trains and employs, is fast disappearing.",NA,"405",NA
"Over the past 30 years, the number of Australian-flagged vessels has shrunk from 100 to just 14 now – and it is in our national interest to change that.",NA,"405",NA
"For more than five years the Abbott-Turnbull-Morrison Government has stood idle as large multinationals dumped Australian flagged and crewed vessels so they could hire overseas crews.",NA,"405",NA
"This has destroyed the jobs of Australian seafarers",NA,"701",NA
"and created a situation where none of the vessels our nation relies upon to deliver its essential supplies of crude oil, aviation fuel and diesel are registered in this country or crewed by Australians.",NA,"413",NA
"LABOR’S PLAN:",NA,"H",NA
"Labor will appoint a Taskforce to guide the establishment of the Fleet, which is likely to include up to a dozen vessels including oil tankers, container ships and gas carriers.",NA,"405",NA
"The Australian-flagged and crewed vessels will be privately owned and operate on a commercial basis.",NA,"405",NA
"But they will be available to be requisitioned by the Government in times of national need.",NA,"405",NA
"Labor’s Strategic Fleet Taskforce will examine the fine details of the establishment of the fleet.",NA,"405",NA
"It will include representatives of oil companies, ship owners and operators, industry body Maritime Industry Australia Ltd, maritime unions and the Department of Defence.",NA,"405",NA
"Labor will also enforce existing laws around coastal shipping.",NA,"403",NA
"That means for trading within Australia where domestic freight is moved between Australian ports, we will require firms to seek out an Australian operator.",NA,"403",NA
"When none are available, foreign flagged vessels can be used so long as they pay Australian-level wages on domestic sectors.",NA,"403",NA
"A Strategic Fleet will put an end to this unilateral economic disarmament,",NA,"104",NA
"while also providing a platform for the training of more Australia seafarers.",NA,"411",NA
"In addition to creating the Strategic Fleet a Shorten Labor Government will address skills shortages in the Australian maritime sector by re-establishing the Maritime Workforce Development Forum, abolished by the Coalition Government after it took office in 2013.",NA,"411",NA
"We would also order the Department of Infrastructure to resume proper oversight of the issuance of temporary licences that allow overseas-flagged and crewed vessels to work around our coasts where no Australian flags are available.",NA,"405",NA
"The existence of a vibrant Australian shipping industry serves the nation’s economic,",NA,"408",NA
"environmental",NA,"501",NA
"and national security interests.",NA,"104",NA
"Labor's Plan To Help Close The Gender Pay Gap",NA,"H",NA
"A Shorten Labor Government will lead a national push to help close the gender pay gap and ensure women receive equal pay for their work.",NA,"503",NA
"Labor’s plan will deliver a fair go for Australian women by encouraging employers to take action to close gender gaps in their workplaces",NA,"503",NA
"and make it easier for the Fair Work Commission to order pay increases for workers in female dominated industries such as early childhood, aged care and disability services.",NA,"503",NA
"The 17 per cent gender gap in total pay means Australian women are effectively working the first two months of every year for free.",NA,"503",NA
"The Liberals have ignored the gender pay gap, supported cuts to penalty rates that disproportionately harm women and refused to support increases to the minimum wage that help close the gap.",NA,"503",NA
"LABOR’S PLAN:",NA,"H",NA
"Labor will:Change the Fair Work Act to make it clear that the Fair Work Commission must consider pay equity a central objective of the workplace relations system.",NA,"503",NA
"Establish a statutory Equal Remuneration Principle.",NA,"503",NA
"Give the Commission greater capacity and funding to conduct Pay Equity Reviews and order pay increases in undervalued feminised industries.",NA,"503",NA
"Fully fund professional pay increases of 20 per cent to early childhood educators over eight years.",NA,"503",NA
"Set up an expert Pay Equity Panel led by a new Presidential member and supported by a specialist Pay Equity Unit.",NA,"503",NA
"Restore cuts to penalty rates, which disproportionately impact women.",NA,"503",NA
"Make large companies with more than 1,000 employees publicly reveal their gender pay gaps for the first time.",NA,"503",NA
"Ban pay secrecy clauses and give employees the right to disclose (or not disclose) their pay.",NA,"503",NA
"Require all Australian government departments and agencies to conduct gender pay audits within the first year of a Labor Government.",NA,"503",NA
"Enforce gender-equitable government procurement processes.",NA,"503",NA
"Real Action On Climate Change",NA,"H",NA
"A Shorten Labor Government will take real action on climate change.",NA,"501",NA
"Ignoring climate change is simply not an option.",NA,"501",NA
"Each year there are more extreme weather events like droughts and floods – natural disasters are already costing the economy $18 billion a year.",NA,"501",NA
"The Liberal Party is full of climate sceptics and hopelessly divided on climate change.",NA,"501",NA
"There is only one political party serious about doing something on climate change - Labor.",NA,"501",NA
"That is because we are determined to pass on a better deal to the next generation.",NA,"501",NA
"We are committed to reducing pollution by 45 per cent on 2005 levels by 2030 and reaching net zero pollution by 2050.",NA,"501",NA
"After six years of chaos, uncertainty and division under the Abbott/Turnbull/Morrison Governments, Australians need stability and certainty on climate change policy – that’s what Labor’s plan delivers.",NA,"501",NA
"LABOR’S PLAN:",NA,"H",NA
"Labor’s plan will tackle climate change",NA,"501",NA
"and keep the economy growing by:",NA,"410",NA
"Investing in renewable energy and batteries to grow jobs",NA,"701",NA
"and cut power bills",NA,"416.2",NA
"this will help deliver 50 per cent renewables by 2030, which is expected to see the creation of over 70,000 new jobs.",NA,"701",NA
"Creating clean transport and infrastructure: a target of 50 per cent of new car sales being electric vehicles by 2030, creating a $200 million fund to rollout charging infrastructure across the country, and introducing responsible vehicle emissions standards. The Electric Vehicle Council estimates that switching to an EV can deliver annual savings up to $2,300 from reduced fuel and maintenance costs.",NA,"411",NA
"Working in partnership with business to help bring down pollution: extending the existing pollution cap implemented by Malcolm Turnbull – the safeguard mechanism – to gradually reduce pollution by big business over a decade (0.01 per cent of businesses are covered by the extended safeguard mechanism).",NA,"501",NA
"Supporting trade exposed industries to keep Australian businesses competitive: tailored treatment through the safeguard mechanism and a $300 million fund to help business reduce pollution.",NA,"403",NA
"Helping the land sector to cut pollution while giving farmers and the forestry industry new opportunities to earn income: strengthening the carbon farming initiative so farmers can make money from reducing pollution.",NA,"703.1",NA
"In addition, Labor will reduce pollution",NA,"501",NA
"and support jobs",NA,"701",NA
"by kick-starting Australia’s hydrogen economy;",NA,"416.2",NA
"increasing energy efficiency;",NA,"416.2",NA
"revive Australia’s international engagement on climate change;",NA,"501",NA
"and restore Australia’s climate change institutions.",NA,"501",NA
"Battery Metal Manufacturing",NA,"H",NA
"A Shorten Labor Government will supercharge Australia’s battery metal manufacturing industry to support Australian manufacturing jobs",NA,"402",NA
"and our drive to a clean energy future.",NA,"416.2",NA
"Australia is the world’s biggest supplier of lithium and we have every metal needed to make a lithium battery in Australia.",NA,"402",NA
"But we still send most of our battery metals overseas without local manufacturing getting much of a role.",NA,"402",NA
"Because of the need to develop capacity to store renewable energy, along with the growth in electric cars, and smart devices the Association of Mining and Exploring Companies estimates that the global Lithium value chain will grow from $160 billion in 2018 to $2 trillion in 2025.",NA,"416.2",NA
"There’s no reason why Australian manufacturing workers can’t refine more of our battery metals and also make batteries here.",NA,"406",NA
"We can be a country that makes more things.",NA,"406",NA
"At the moment there are a few companies investing around Australia to refine battery metals and establish battery manufacturing facilities.",NA,"406",NA
"This includes investments like BHP’s nickel refinery; Tianqi’s Lithium processing plant in Kwinana; the Sonnen battery plant in Adelaide; and Energy Renaissance’s battery plant planned for Darwin.",NA,"406",NA
"We want to support them to take the next step to move further down the supply chain.",NA,"402",NA
"State and territory Governments like Western Australia, Queensland and the Northern Territory are developing their own battery metal manufacturing strategies.",NA,"406",NA
"Federal Labor will partner with these states and territories to support further growth in battery metal processing and battery manufacture.",NA,"402",NA
"LABOR’S PLAN:",NA,"H",NA
"Labor will supercharge Australia’s battery metal manufacturing industry by getting Austrade to develop a Manufacturing, Export and Investment Strategy - starting with a review of the future of battery metal extraction and advanced processing.",NA,"402",NA
"Labor will also make research into battery metal processing and battery manufacture a funding priority for the Australian Research Council (ARC).",NA,"411",NA
"This will be further supported by Labor’s $1 billion Australian Manufacturing Future Fund and the $5 billion Northern Australia Infrastructure Facility as well as the Australian Investment Guarantee.",NA,"402",NA
"This implements recommendation 15 from the Federal Government’s Resources 2030 Taskforce report into Australia’s resources industry.",NA,"402",NA
"We will pay for it by making multinationals pay their fair share and closing tax loopholes used by the top end of town.",NA,"403",NA
"Emergency Department Waiting Time Blitz",NA,"H",NA
"A Shorten Labor Government will invest $500 million to upgrade and expand emergency departments across Australia and slash waiting times.",NA,"504",NA
"LABOR’S PLAN",NA,"H",NA
"A Shorten Labor Government will invest $500 million to upgrade and expand emergency departments across Australia and slash waiting times.",NA,"504",NA
"All Australians will get faster access to better emergency care in public hospitals across with Labor’s plan, which comprises:$250 million for emergency department upgrades; and",NA,"504",NA
"$250 million for more doctors, nurses and health workers to bring down national waiting times.",NA,"504",NA
"Australia’s emergency departments are overcrowded,",NA,"504",NA
"and health workers are at breaking point.",NA,"701",NA
"Last year, fewer than two-thirds of urgent patients were seen on time.",NA,"504",NA
"That means more than a million patients who presented to a public hospital emergency department in need of urgent treatment were left languishing in queues, waiting longer than clinically recommended.",NA,"504",NA
"Labor’s plan for better hospitals includes:$2.8 billion in our Better Hospitals Fund – building new hospitals and wards, reducing waiting lists and restoring the core funding for more doctors and nurses;",NA,"504",NA
"$500 million to slash public hospital waiting lists for cancer patients;",NA,"504",NA
"$500 million to slash emergency department waiting times (includes $250 million from the Better Hospitals Fund); and",NA,"504",NA
"$250 million to slash elective surgery waiting lists (from Better Hospitals Fund).",NA,"504",NA
"We will pay for it by making multinationals pay their fair share and closing tax loopholes used by the top end of town.",NA,"403",NA
"There is a real choice at the upcoming election between Labor’s plan for properly funded hospitals and the best health care system in the world, or bigger tax loopholes for the top end of town under the Liberals.",NA,"504",NA
"Labor's $1 Billion Plan To Protect Our Environment",NA,"H",NA
"A Shorten Labor Government will provide urgent action and overdue leadership to step up the fight to protect Australia’s environment and hand on a better environment to the next generation.",NA,"501",NA
"We will invest more than $1 billion in new environment programs to tackle the extinction crisis, cut single-use plastics, protect our beaches and coastlines, clean up the nation’s rivers, double the number of Indigenous Rangers caring for country, and protect the Great Barrier Reef.",NA,"501",NA
"For six years, the Liberals have attacked, undermined and cut Australia’s environmental programs, policies and institutions.",NA,"501",NA
"At the same time, our environment is under growing pressure.",NA,"501",NA
"Drought across eastern Australia, reef bleaching events, fires in Tasmania and thousands of fish deaths in the Murray Darling system all speak to the scale of the environmental challenge facing us in the 21st century.",NA,"501",NA
"In February the Liberals confirmed Australia has suffered the first global mammal extinction directly as a result of climate change.",NA,"501",NA
"It is time to fundamentally change our approach to addressing the environmental crisis.",NA,"501",NA
"A Shorten Labor Government will reshape Australia’s approach to caring for our unique natural assets, reform Australia’s environmental laws and create a new, independent Environment Protection Agency – if we get the entire framework right, we will protect our environment for our children and grandchildren.",NA,"501",NA
"Labor’s Protecting the Environment plan includes:$100 million Native Species Protection Fund",NA,"501",NA
"$62 million Beaches and Coastlines Climate Adaptation Plan",NA,"501",NA
"$50 million towards Environmental law reform and a new EPA",NA,"501",NA
"$200 million Urban Rivers and Corridors Program",NA,"501",NA
"$90 million Plastics and Recycling Package",NA,"501",NA
"More than $200 million to double the number of Indigenous Rangers over five years",NA,"501",NA
"More than $400 million through the return of Great Barrier Reef Foundation grant, to be reinvested through public agencies",NA,"501",NA
"Labor has a proud history of protecting Australia’s environment.",NA,"501",NA
"We saved the Franklin River and the Daintree Rainforest, we led the world in ozone protection, we protected Australia’s oceans, we ratified the Kyoto Agreement and introduced world-leading climate laws.",NA,"501",NA
"This election is a choice between investing in a better future for our children and protecting the environment or more of the Liberals cuts and chaos.",NA,"501",NA
"Better And Fairer Trade Agreements",NA,"H",NA
"A Shorten Labor Government will ensure that trade works for all Australians.",NA,"407",NA
"Trade is important to Australia’s prosperity because companies that export employ more people, pay higher wages and contribute more to our economy.",NA,"407",NA
"Labor has done the heavy lifting when it comes to trade - the unilateral tariff reforms of Hawke and Keating have helped ensure that Australia has experienced a record 28 years of uninterrupted economic growth.",NA,"407",NA
"One in five Australian jobs is linked to trade.",NA,"701",NA
"But less than 52,000 of Australia’s 2.5 million companies are exporters.",NA,"407",NA
"Government and business need to work together to change this.",NA,"405",NA
"LABOR’S PLAN:",NA,"H",NA
"A Shorten Labor Government will help more businesses to export by:Prioritising the finalisation of trade agreements with the European Union and the United Kingdom and the regional trade agreement known as Regional Comprehensive Economic Partnership.",NA,"402",NA
"Getting businesses more involved in the development of new trade agreements.",NA,"402",NA
"We will establish an Accredited Advisers system where businesses, unions and other organisations will be shown the draft text of trade agreements as they are being negotiated and asked to provide real time feedback.",NA,"405",NA
"Setting up a joint team made up of officers from the Department of Foreign Affairs and Trade, Austrade, the Department of Agriculture and the Department of Industry to help businesses resolve non-tariff barriers.",NA,"402",NA
"Labor will also help businesses make the most of the rise of Asia, including in trade, through our Future Asia plan.",NA,"402",NA
"A Shorten Labor Government will ensure that trade agreements work better for people by:Requiring agreements to undergo Independent National Interest Assessments before they are signed and at the 10 year mark so Australians can independently assess their benefits.",NA,"403",NA
"Expanding the role of the Joint Standing Committee on Treaties (JSCOT) so it is involved in the development of trade agreements from start to finish, not just examining them at the end.",NA,"403",NA
"Providing public updates on each round of negotiations and releasing draft texts during negotiations where this is feasible.",NA,"403",NA
"Prohibiting the signing of trade agreements that: waive labour market testing, include Investor State Dispute Settlement provisions,",NA,"403",NA
"require the privatisation of public services,",NA,"413",NA
"undermine the Pharmaceutical Benefits Scheme, undermine Australia’s anti-dumping laws,",NA,"403",NA
"limit the ability of the Australian Government to regulate in the interests of public welfare or in relation to safe products",NA,"413",NA
"and undermine mandatory skills testing requirements.",NA,"403",NA
"Labor's Banking Fairness Fund",NA,"H",NA
"A Shorten Labor Government will establish a Banking Fairness Fund which requires the big banks to contribute to ongoing, stable funding for community services and support for bank victims.",NA,"403",NA
"The Banking Royal Commission highlighted the important role that financial counsellors and lawyers play in assisting victims of banking misconduct but funding for these organisations is currently too low and too insecure to enable them to meet the influx of demand.",NA,"403",NA
"LABOR’S PLAN:",NA,"H",NA
"A Shorten Labor Government will create a $160 million per year Banking Fairness Fund which will provide important community services that support victims of bank misconduct.",NA,"403",NA
"Labor will require the nine biggest banks in Australia, those listed on the ASX 100, to contribute proportionally by market capitalisation to a pool of funding of $160 million per year to support community services, including organisations which provide important assistance to victims of banking misconduct.",NA,"403",NA
"This investment by Labor will assist these important community services with a $640 million investment over four years.",NA,"504",NA
"Labor will double the number of financial counsellors across Australia, allowing financial counsellors to assist an additional 125,000 Australians every year.",NA,"504",NA
"Financial counsellors provide invaluable assistance, free of charge, to Australians who find themselves in disputes with their banks and other financial service providers.",NA,"504",NA
"Labor will also boost the number of community lawyers across Australia providing specialist financial rights advice from 40 to 240, allowing an additional 150,000 Australians to access free legal advice every year.",NA,"504",NA
"The 200 extra financial rights lawyers will assist victims of bank and financial service provider misconduct by providing legal advice and running complex cases in court and through the Australian Financial Complaints Authority (AFCA).",NA,"504",NA
"We will deliver 20,000 flexible support packages - of up to $10,000 - to survivors of family violence fleeing violent relationships.",NA,"504",NA
"Financial insecurity is one of the biggest barriers to a woman leaving a violent relationship - something that can persist for years as they rebuild their lives.",NA,"503",NA
"Each package will be individually designed to address the barriers women and their children face in getting safe and keeping safe.",NA,"503",NA
"The Liberals cut emergency relief grants for Australia’s most vulnerable people in severe financial hardship.",NA,"503",NA
"A Shorten Labor Government will invest $10 million a year reversing these cruel cuts and providing a much needed boost to these local services.",NA,"504",NA
"Labor will hold the big banks to account and make sure they contribute to supporting victims of bank misconduct.",NA,"504",NA
"In stark contrast, the Liberals have spent years trying to give the big banks a $17 billion tax cut.",NA,"403",NA
"Labor has a comprehensive plan to restore fairness to financial services.",NA,"403",NA
"In true Liberal form, it only took them 36 days to backflip on a recommendation from the Royal Commission recommendation which they had previously committed to implement.",NA,"403",NA
"The Liberals have cosied up to the Big Banks.",NA,"305.1",NA
"It’s simple: the Liberals cannot be trusted to implement the recommendations of the Royal Commission.",NA,"305.1",NA
"Labor’s Banking Fairness Fund will make the banks pay their fair share to support the victims of banking misconduct.",NA,"403",NA
"Trusts Reform",NA,"H",NA
"Australia has a two-class tax system where some people have the financial means to access generous deductions and subsidies to lower their tax, and others do not.",NA,"403",NA
"Trusts can be legitimately used by individuals and businesses for several reasons, including asset protection.",NA,"403",NA
"However, discretionary trusts also have attractive tax advantages and are used by high-wealth individuals to minimise their tax obligations.",NA,"403",NA
"The practice of “income splitting” through discretionary trusts is used frequently by wealthy Australians to minimise their tax.",NA,"403",NA
"Income splitting was partly addressed back in the late 1970s and early 1980s by then-Treasurer John Howard who addressed inequities in the tax system by making it harder to distribute Trust income to minors (i.e. those aged below 18).",NA,"403",NA
"But Labor will go further.",NA,"403",NA
"A Shorten Labor Government will introduce a new 30 per cent standard minimum rate of tax for discretionary trust distributions to mature beneficiaries (aged over 18).",NA,"403",NA
"Labor’s policy is well-targeted to address tax minimisation through income splitting.",NA,"403",NA
"These reforms will not affect 98 per cent of all individual taxpayers in Australia.",NA,"403",NA
"Labor is for better schools and hospitals, not better tax loopholes for those people who are already well-off.",NA,"504",NA
"Labor’s policy will only apply to discretionary trusts.",NA,"403",NA
"It will not apply to non-discretionary trusts, including:Special disability trusts.",NA,"403",NA
"Testamentary trusts (Deceased estates).",NA,"403",NA
"Fixed trusts.",NA,"403",NA
"Cash management unit trusts.",NA,"403",NA
"Fixed unit trusts.",NA,"403",NA
"Public unit trusts (listed and unlisted).",NA,"403",NA
"Labor’s policy will also not apply to:Farm trusts.",NA,"403",NA
"Charitable and philanthropic trusts.",NA,"403",NA
"The policy will come into effect on 1 July 2019.",NA,"403",NA
"This policy will save around $7.7 billion over the forward estimates.",NA,"414",NA
"Labor's Plan For Solar Schools",NA,"H",NA
"A Shorten Labor Government will help Australian schools cut their energy bills and access cleaner energy by establishing a Solar Schools program to help schools access solar panels and battery storage.",NA,"416.2",NA
"The Solar Schools program will not only help schools cut their energy costs, but also deliver energy back to the grid through Virtual Power Plants (VPPs) - driving down electricity bills for households and businesses.",NA,"416.2",NA
"Schools are an excellent location for solar investment and the creation of VPPs, because they often don’t use energy at times of peak demand and through a large portion of summer.",NA,"416.2",NA
"Schools are largely vacant for more than 150 days per year.",NA,"416.2",NA
"Often demand for energy is highest when kids are not at school.",NA,"416.2",NA
"This makes schools perfect locations for solar and battery powered VPPs, to support grid reliability and lower power prices for Australian families and businesses.",NA,"416.2",NA
"LABOR’S PLAN",NA,"H",NA
"Labor's Solar Schools program will allocate up to $1 billion from our expanded Clean Energy Finance Corporation capital to establish the program - supporting the creation of VPPs through virtually linked solar and battery systems installed at schools, to deliver electricity and other services to the electricity system.",NA,"416.2",NA
"Financing will be provided through concessional loans, available for the purchase of both solar panels and battery systems, either by schools or VPP project developers.",NA,"416.2",NA
"Schools with existing solar panels and batteries will be able to use the program to upgrade to a newer or larger system that would be better for self-consumption and participation in a VPP.",NA,"416.2",NA
"In addition to financial benefits,",NA,"416.2",NA
"participation will also provide teaching opportunities for schools about renewable energy and storage technology, and modern energy systems.",NA,"501",NA
"Labor will allow industry and schools to develop different VPP models, fostering competition and innovation in VPP design and delivery.",NA,"416.2",NA
"This provides choice for school systems and encourages a competitive market to provide the best portfolio of VPP offers to customers.",NA,"416.2",NA
"The program will first be rolled out in trial form, with two to three VPPs across different regions.",NA,"416.2",NA
"The full rollout will see school VPPs established in every jurisdiction, ultimately benefitting up to 4,000 schools, supporting up to 364MW of VPP capacity, and cutting over 390,000 tonnes of pollution a year.",NA,"416.2",NA
"Like all Labor solar and battery programs, we’ll have strict requirements about product, installer and maintenance standards that will need to be met.",NA,"416.2",NA
"All installations will be undertaken by certified installers, in compliance with the National Construction Code and the Clean Energy Council installation guide.",NA,"416.2",NA
"All batteries installed will have to meet both the strict Australian Standard and the Clean Energy Council’s best practice guide, which requires certification against a range of international product standards.",NA,"416.2",NA
"Benefits to schools",NA,"H",NA
"Schools will be able to save money on electricity bills by accessing cheap solar power and, depending on the specific VPP model they have participated in, will also be able to earn a revenue stream from selling power and other services to the grid.",NA,"416.2",NA
"Estimated electricity bill savings for schools, based on Clean Energy Council analysis, are presented in the table below.",NA,"416.2",NA
"These estimates do not include potential additional revenue from the sale of power and other services to the grid.",NA,"416.2",NA
"$/p.a.Reduction in energy bills for Large SchoolsReduction in energy bills for Small SchoolsVictoria$94,000$7,000New South Wales$89,000$15,000Queensland$120,000$9,000South Australia$90,000$15,000",NA,NA,NA
"Benefits for the energy grid",NA,"H",NA
"By providing additional energy as well as system security and reliability services into the grid, Labor’s Solar Schools VPPs will have significant reliability and stability benefits for the grid as a whole, especially over December and January when system reliability is under pressure due to demand spikes and unscheduled unit outages at ageing plants.",NA,"416.2",NA
"Additional services supplied to the grid by school VPPs to support system functionality include frequency control services; voltage regulation and power factor control services; and back-up functionality in case of grid outages.",NA,"416.2",NA
"In assessing the benefits of VPPs for the electricity system, the Australian Renewable Energy Agency has said: “As we transition to a more decentralised energy system, VPPs have an important role to play in harnessing the collective potential of consumer owned energy assets like rooftop solar, batteries, smart appliances and electric vehicle charging.",NA,"416.2",NA
"VPPs could see vast improvements in the reliability of the network",NA,"416.2",NA
"and an increase in market competition which will ultimately benefit all customers,”",NA,"403",NA
"The program will contribute to Labor’s commitment to modernise Australia’s electricity system; deliver 50 per cent of generation from renewable energy sources by 2030;",NA,"416.2",NA
"and help achieve Labor’s emissions reduction targets.",NA,"501",NA
"There will also be significant employment benefits from the program, ranging from installation and system management, to providing a boost to local battery manufacturing.",NA,"701",NA
"Labor has a vision and a plan for a clean, affordable and reliable renewable energy future for Australia, and our Solar Schools program is just one part of that plan.",NA,"416.2",NA
"The Liberals have a plan to further delay action on climate change,",NA,"501",NA
"stifle renewable energy investment,",NA,"416.2",NA
"and spend taxpayer money on new coal plants.",NA,"501",NA
"Protecting Local Workers - Restoring Fairness To Australia's Skilled Visa System",NA,"H",NA
"A Shorten Labor Government will protect Australian wages from being undercut",NA,"701",NA
"and ensure employers are not using overseas workers as a cheap replacement for local workers.",NA,"601.2",NA
"Labor’s Protecting Local Workers package will increase the lowest wage that a worker can be paid under a 457-style visa,",NA,"503",NA
"crackdown on exploitation of overseas workers to combat the undermining of local wages and conditions,",NA,"503",NA
"and make sure businesses look to local workers first.",NA,"601.2",NA
"Labor believes there is no excuse for a skills shortage to last one day longer that it takes to train an Australian to do that job,",NA,"701",NA
"and we’ll train local workers through our plans to invest in TAFE and higher education.",NA,"701",NA
"There are more than 1 million underemployed Australians wanting more work, and youth unemployment is at 11.7 per cent – more than double the national average.",NA,"701",NA
"At the same time, there are almost 1.6 million temporary visa holders with work rights in Australia,",NA,"601.2",NA
"with the top end of town turning to temporary work visas to undercut local jobs, wages and conditions.",NA,"503",NA
"Despite this, the Abbott-Turnbull-Morrison Government has done nothing but make superficial changes to 457-style visas without addressing the significant loopholes that exist in Australia’s visa system.",NA,"601.2",NA
"LABOR’S PLAN",NA,"H",NA
"Labor will protect Australian wages including by:Lifting the Temporary Skilled Migration Income Threshold (TSMIT), which has been frozen under the Liberals since 2013, to $65,000 with annual indexing.",NA,"601.2",NA
"This will ensure it is not cheaper to bring in an overseas worker than pay a local worker.",NA,"503",NA
"Closing loopholes that allow employers to artificially inflate salaries in order to meet the TSMIT – such as providing substandard accommodation and inflated or excessive overtime hours.",NA,"701",NA
"Labor will prevent worker exploitation including by:Targeting exploitative employers, and increasing funding for a joint agency taskforce.",NA,"701",NA
"Extending the Fair Work Ombudsman’s regulatory powers to the inspection of workplaces and investigation of employer breaches of work visa provisions.",NA,"701",NA
"Requiring employers to provide their workers with a copy of the relevant collective agreement, award or labour agreement.",NA,"701",NA
"Providing protections for migrant workers who are being exploited to come forward without fear of immediate deportation.",NA,"701",NA
"Labor will develop local solutions to skills shortages including by:Establishing an independent Australian Skills Authority to restrict temporary work visas to jobs where there is a genuine skills shortage.",NA,"503",NA
"Introducing the Australian Jobs Test to prevent labour agreements from being entered into unless they support or create jobs for Australian workers.",NA,"701",NA
"Labor will maintain Australian skills standards including by:Cracking down on unqualified and underqualified temporary workers by strengthening enforcement of skills assessment and occupational licencing requirements.",NA,"601.2",NA
"Strengthening the current skills assessment processes by ensuring offshore assessment and testing of overseas workers is by a Trades Recognition Australia approved Registered Training Organisation before being granted a visa.",NA,"601.2",NA
"These reforms improve fairness, equity, level the playing field for Australian workers and protect jobs and wages.",NA,"701",NA
"Only Labor has a plan to crackdown on 457-style visa rorts, ensure local workers are given the first shot at local jobs",NA,"601.2",NA
"and invest in skills and training.",NA,"411",NA
"City Partnership Program",NA,"H",NA
"City Partnership Program",NA,"H",NA
"A Shorten Labor Government will overhaul the Liberals’ City Deals and replace them with a transparent City Partnership program that will foster genuine collaboration between the three levels of government.",NA,"301",NA
"Labor will honour any City Deal that has been signed and budgeted for, however we will offer those councils the opportunity to deepen their agreement.",NA,"411",NA
"In contrast to the Liberals’, we will implement a proper governance framework, with clear, publicly available guidelines that will be developed in consultation with experts.",NA,"202.1",NA
"To achieve this, a Shorten Labor Government will:Re-establish the Major Cities Unit within the independent Infrastructure Australia and task it with recommending and assessing the progress of City Partnerships.",NA,"411",NA
"Establish an expert panel to update strategic planning guidelines for cities as well as to develop guidelines for City Partnerships, in consultation with the Minister, which will include benefits to the economy.",NA,"411",NA
"Refresh the National Urban Policy, which was released by the former Labor Government, to ensure City Partnerships align with their objectives, for example, in areas like sustainability and smart technology.",NA,"411",NA
"Labor will also work with councils and State and Territory governments",NA,"301",NA
"to unlock private sector investment",NA,"401",NA
"and use a range of financing options to deliver the long-term structural changes our cities need.",NA,"411",NA
"Under our City Partnerships program, councils will be better placed to deliver the outcomes their communities seek.",NA,"411",NA
"Getting this process right from the outset will enable us to develop a more thorough and strategic vision that addresses the most pressing challenges facing our cities including housing affordability,",NA,"411",NA
"climate change,",NA,"501",NA
"urban congestion,",NA,"411",NA
"social inclusion,",NA,"503",NA
"urban amenity,",NA,"411",NA
"technology integration,",NA,"411",NA
"access to health services,",NA,"504",NA
"employment",NA,"701",NA
"and education opportunities.",NA,"506",NA
"We are determined to deliver this in a timely and efficient manner so that councils and State and Territory governments can get on with the task of progressing their proposed City Partnerships.",NA,"411",NA
"Reforming Dividend Imputation",NA,"H",NA
"A Shorten Labor Government will reform dividend imputation so wealthy people who pay no income tax no longer get a cash refund simply for owning shares,",NA,"403",NA
"in order to fund better schools and hospitals.",NA,"504",NA
"Pensioners will be protected from these changes.",NA,"504",NA
"Dividend imputation exists to ensure that dividends to shareholders are not subject to double taxation.",NA,"403",NA
"Hawke and Keating introduced imputation credits in 1987 to avoid tax being paid twice on company profits and dividends.",NA,"403",NA
"These credits allowed shareholders to reduce their income tax when companies paid them dividends on their shares.",NA,"403",NA
"But the original system was changed by the Liberals to give cash refunds to people who don’t pay income tax.",NA,"503",NA
"Howard and Costello changed the rules to allow individuals and superannuation funds to claim cash refunds for any excess imputation credits.",NA,"403",NA
"Australia is the only country with a fully refundable dividend imputation system.",NA,"403",NA
"Refundable tax credits are an anomaly in the Australian tax system, as most tax concessions in Australia are non-refundable tax offsets.",NA,"403",NA
"Working Australians typically go to work and pay their PAYG taxes and if they own shares, they use imputation credits to offset their personal income tax liabilities.",NA,"403",NA
"That is, they use imputation credits to pay less tax, but don’t receive a cash refund.",NA,"403",NA
"Just four per cent of Australians benefit from this concession.",NA,"503",NA
"Recipients of cash refunds are typically wealthier retirees who aren’t paying income tax.",NA,"503",NA
"These are people who typically own their own home and have other tax-free superannuation assets.",NA,"503",NA
"For people of retirement age more than 80 per cent of the benefit is going to the wealthiest 20 per cent of retirees.",NA,"503",NA
"When cash refunds were first introduced, it cost just $550 million a year.",NA,"403",NA
"Now it’s $6 billion a year and growing.",NA,"403",NA
"This will soon cost the budget $8 billion a year – more than we currently spend on public schools.",NA,"504",NA
"Reforming dividend imputation will help Labor restore funding cut by the Liberals and Nationals, to ensure every community has quality public schools and hospitals.",NA,"504",NA
"We want better schools and hospitals not better tax loopholes for those people who are already well-off.",NA,"504",NA
"LABOR’S PLAN",NA,"H",NA
"Labor will reform dividend imputation to end tax loopholes that benefit wealthy Australians, freeing up taxpayer funds to invest in our schools and hospitals.",NA,"504",NA
"Labor will maintain dividend imputation, but not allow cash refunds for people who have managed to reduce their tax rate to zero and pay no income tax.",NA,"503",NA
"Under Labor’s policy, no one will lose a cent of their share dividends, and they will not pay any more income tax.",NA,"403",NA
"And pensioners will be protected.",NA,"504",NA
"Our changes include a Pensioner Guarantee which exempts all pensioners and allowance recipients from changes to dividend imputation.",NA,"504",NA
"Under the Pensioner Guarantee:Every recipient of an Australian Government pension or allowance with individual shareholdings will still be able to benefit from cash refunds.",NA,"504",NA
"This includes individuals receiving the Age Pension, Disability Support Pension, Carer Payment, Carer Allowance, Parenting Payment, DVA pensions, Newstart and Sickness Allowance.",NA,"504",NA
"Self-managed Superannuation Funds with at least one recipient of an Australian Government pension or allowance as at 28 March 2018 will be exempt from the changes.",NA,"504",NA
"Labor’s policy will also exempt:ATO endorsed income tax-exempt charities.",NA,"403",NA
"Not-for-profit institutions (e.g. universities) with deductible gift recipient (DGR) status.",NA,"403",NA
"The policy will commence on 1 July 2019.",NA,"403",NA
"Labor will consult with the Australian Taxation Office, Treasury and tax experts on the implementation of this policy.",NA,"403",NA
"Labor has already announced it would provide substantial new resources to the ATO to ensure its policies are implemented effectively.",NA,"403",NA
"Labor’s policy will save around $14.3 billion over the forward estimates.",NA,"414",NA
"Labor's Plan to Improve the NBN",NA,"H",NA
"Labor's Plan to Improve the NBN",NA,"H",NA
"A Shorten Labor Government will end six years of the Liberals' chaos with a responsible plan to improve the National Broadband Network (NBN).",NA,"411",NA
"We recognise that world class broadband infrastructure is critical to boosting productivity right across the economy and that it is not just a consumer good – it is an essential service.",NA,"411",NA
"We also recognise the need to make sure customer experience for households across Australia is a top priority.",NA,"411",NA
"That’s why a Shorten Labor Government will implement a credible policy that will improve connectivity for households and businesses across the country.",NA,"411",NA
"LABOR’S PLAN:",NA,"H",NA
"If elected, a Shorten Labor Government will:1. Get more elderly and low-income households connected: Labor will launch a landmark Digital Inclusion Drive to get more elderly and low-income households connected to the NBN, making our country more modern and more inclusive.",NA,"411",NA
"The Digital Inclusion Drive will be led by NBNCo and conducted over stages.",NA,"411",NA
"The first stage will develop deep insights in collaboration with stakeholders, and the second stage will develop affordability measures and digital literacy initiatives to boost digital participation.",NA,"411",NA
"According to S&P Global, the top ten ranked countries have household broadband take-up rates ranging from nearly 100 per cent in Singapore and Switzerland, to 99 per cent in New Zealand, to 95 per cent in France and the United Kingdom.",NA,"411",NA
"Yet in Australia, household adoption of broadband is at 86 per cent.",NA,"411",NA
"This presents and important and positive opportunity to help get more Australians online, and maximise the public benefit of the NBN.",NA,"411",NA
"2. Improve speeds and reliability for Fibre to the Node households: Labor will direct NBNCo to fix in-home cabling problems that degrade service quality for households on the copper NBN, this will benefit up to 750,000 households – at no cost to those affected.",NA,"411",NA
"This problem arises from high frequency NBN signals which cause interference and reduce connection quality to the household modem.",NA,"411",NA
"This measure will reduce dropouts and improve speeds for broadband services in up to 750,000 Fibre to the Node households who are identified as having a cabling problem.",NA,"411",NA
"A trial by NBNCo found that installing a signal splitter in identified households delivered an average speed improvement of 11 megabits per second, and improved reliability.",NA,"411",NA
"It currently costs Fibre to the Node households $150 to have an in-home wiring problem fixed.",NA,"411",NA
"Under Labor, it will not cost anything.",NA,"411",NA
"Consumers are our priority and we will get on with the job of improving their experience.",NA,"411",NA
"NBNCo will work in partnership with retail providers to deliver the program and arrange for a licensed technician to fix the problem with the consumers consent.",NA,"411",NA
"The program will be funded by NBNCo through an increase in peak funding of up to $125 million.",NA,"411",NA
"3. Better protect small businesses and consumers against excessive NBN downtime: Labor will establish an NBN Service Guarantee to set service standards for fault repair and installations.",NA,"403",NA
"This policy will better safeguard small businesses and consumers against unreasonable and excessive periods of NBN downtime.",NA,"403",NA
"Remedies will apply when service standards are not met, with stronger penalties to apply for issues which impact on small businesses.",NA,"403",NA
"Downtime for small businesses isn’t just stressful – it costs money.",NA,"403",NA
"Less downtime and greater accountability – that is what we want to deliver.",NA,"403",NA
"4. A responsible approach for targeted co-investment in fibre over the medium term.",NA,"411",NA
"When it comes to delivering more fibre in the NBN there is no quick fix, and Labor will not make promises it can’t keep.",NA,"411",NA
"To position for the future, Labor will direct NBNCo to undertake trials of fibre upgrades to validate costs and assess co-investment mechanisms to deliver targeted upgrades over the medium term.",NA,"411",NA
"This initiative will be funded by NBNCo through an increase in its peak funding of up to $60 million.",NA,"411",NA
"5. Reviewing the economics of the NBN: The Liberals’ multi-technology mix has devastated the economics of the NBN.",NA,"411",NA
"To understand the scope of challenges, Labor will commence an immediate review of the economics of the NBN.",NA,"411",NA
"The review will examine the implications of the multi-technology mix on NBNCo’s long-term cash flow position, capital structure, pricing evolution, options to grow revenue and reduce costs, and the capacity of NBNCo to co-invest in future infrastructure upgrades under a range of market scenarios.",NA,"411",NA
"The Liberals' record speaks for itself: Australia is ranked 59th in the world for broadband speeds according to the Speedtest Global Index, and the Liberals' delivery of the NBN is $21.4 billion over budget and four years behind schedule.",NA,"411",NA
"Consumers and taxpayers have every right to be angry with the Liberals for delivering a second-rate network that costs more and does less.",NA,"411",NA
"Australian households and businesses deserve a National Broadband Network that is affordable, delivers great value for money and is reliable.",NA,"411",NA
"Labor's Plan For Science at the Centre of Government",NA,"H",NA
"Labor's Plan For Science at the Centre of Government",NA,"H",NA
"A Shorten Labor Government will end the war on science and research by resetting the relationship between the Australian Government and Australia’s science and research community",NA,"411",NA
"Scientific research and development is fundamental to a nation’s capacity for innovation",NA,"411",NA
"and underpins the creation of new jobs,",NA,"701",NA
"economic growth and productivity.",NA,"410",NA
"This is why Labor is committed to working with business, industry, universities and research institutes to boost Australia’s investment in research and development to 3 per cent of Gross Domestic Product (GDP) per annum by 2030.",NA,"411",NA
"Part of mobilising this effort must be to enter a compact with the Australian science and research community to establish a basis for working together to improve Australia’s performance.",NA,"411",NA
"Under the Abbott-Turnbull-Morrison Government, Australia’s research and development performance has declined, with research and development as a percentage of GDP falling from 2.12 per cent in 2011 to 1.88 per cent in 2015.",NA,"411",NA
"The latest figures on Commonwealth investment in science, research and innovation show that spending will be $358 million lower this financial year (in real terms), compared with Labor’s last year in government.",NA,"411",NA
"The Abbott-Turnbull-Morrison Government has broken the relationship between the Commonwealth and the Australian science and research community.",NA,"411",NA
"They have constantly interfered in and manipulated the allocation of science and research funding on political and ideological grounds.",NA,"411",NA
"Time and time again they have demonstrated their contempt for science and research.",NA,"411",NA
"Under Labor this will change.",NA,"411",NA
"LABOR’S PLAN:",NA,"H",NA
"Labor will end the war on science and research by resetting the relationship between the Australian Government and Australia’s science and research community.",NA,"411",NA
"A Shorten Labor Government will:• Develop a charter with the Australian science and research community to establish the reciprocal roles and responsibilities of government and researchers.",NA,"411",NA
"• Establish a Prime Minister’s Science and Innovation Council, supported by a National Scientific Expert Panel.",NA,"411",NA
"• Review and strengthen the National Science and Research priorities, giving the priorities a central role in guiding government investments in innovation, science and research",NA,"411",NA
"The Charter with the Australian Science and Research Community will be a compact between the government and the research community, in which the expectations of scientists and their obligations to the Australian people are clearly established, and the commitment and reciprocal responsibilities of scientists and government will be established.",NA,"411",NA
"Labor will establish a top level Prime Minister’s Council for Science and Innovation.",NA,"411",NA
"The current Commonwealth Science Council has met infrequently, has been ineffective and ignored by the Liberal Government.",NA,"411",NA
"Under Labor, the Prime Minister’s Council will be responsible for providing advice to the Prime Minister and other ministers on the implications of science, research, engineering and technology issues in the Australian context.",NA,"411",NA
"It will advise a Shorten Labor Government on a strategic, whole-of-government approach to all aspects of science, technology, engineering, mathematics and innovation.",NA,"411",NA
"Membership of the Council will be the Prime Minister (Chair), a Cabinet-level Minister with responsibility for Science (deputy Chair), the Minister for Education and Training, the Minister for Health, Australia's Chief Scientist (Executive Officer), five eminent and practicing scientists, social scientists or science educators (including at least one with a humanities or social sciences background), and four eminent business representatives.",NA,"411",NA
"The Prime Minister’s Council will be supported by a National Scientific Expert Panel that will provide policy advice on topics affecting the lives of Australians in the present and in the decade ahead.",NA,"411",NA
"Labor will work with the learned academies, led by the Australian Academy of Science, to shape the form and function of this council.",NA,"411",NA
"Labor will review, refresh and properly monitor the National Science and Research Priorities.",NA,"411",NA
"The priorities have an important role in guiding Australia’s investment in our future.",NA,"411",NA
"Under the Abbott-Turnbull-Morrison Government, they have been largely ignored and have become a meaningless tick and flick exercise.",NA,"411",NA
"Labor will ensure they are reviewed every two years.",NA,"411",NA
"Australia in Space",NA,"H",NA
"Labor's Plan for Australia in Space",NA,"H",NA
"Labor will support and invest in the Australian Space Agency and the Australian space industry.",NA,"411",NA
"There is a new space race and Australia is lagging at the back of the field.",NA,"411",NA
"Countries and companies are competing for a share of the rapidly growing space economy.",NA,"411",NA
"In Australia we have companies – big and small – ready to make their mark, and we have the people and the science ready to move the nation forward.",NA,"411",NA
"Globally, commercial space activities are growing by almost 10 per cent annually and now represent 76 per cent of the $420 billion global space economy.",NA,"411",NA
"Australia’s share of it is only 0.8 per cent.",NA,"411",NA
"Our space sector is small, but the opportunities are limitless.",NA,"411",NA
"At the moment the sector earns revenues of $3-4 billion per year and employs between 9,500 and 11,500 people.",NA,"411",NA
"Australia is one of the most space-dependent nations on earth.",NA,"411",NA
"Without access to satellites and other space-based applications much of our economy and critical national infrastructure could grind to a halt.",NA,"411",NA
"LABOR’S PLAN:",NA,"H",NA
"Under Labor the Australian Space Agency will have a mandate over civil space activities to develop a strategic plan and help facilitate the growth of the Australian space sector and Australian space capabilities.",NA,"411",NA
"Labor’s Australian Space Industry Program will consist of:Four Australian Research Council (ARC) Space Industry Research Hubs to advance capabilities in emerging areas of industry-focused space research and technology.",NA,"411",NA
"Two ARC Space Industry Training Centres working with industry in offering 25 industrial PhDs.",NA,"411",NA
"An Australian Space Science and Industry Agency – announced in 2017 – to ensure that Australia does not miss out on the opportunities provided by the rapidly growing global space industry.",NA,"411",NA
"A Space Industry Innovation Council to serve as an advisory board for the agency, develop an industry-wide agenda, and build international confidence.",NA,"411",NA
"A Space Industry Supplier Advocate to open up opportunities for space industry companies, attracting investment and jobs.",NA,"701",NA
"A Shorten Labor Government will also give priority to the establishment of a Co-operative Research Centre in advanced manufacturing and space technology in future funding rounds.",NA,"411",NA
"Labor's Plan For A National Centre For AI Excellence",NA,"H",NA
"Labor's Plan For A National Centre For AI Excellence",NA,"H",NA
"Labor will invest $3m to help establish a National Centre of AI Excellence",NA,"411",NA
"Artificial Intelligence will have a profound impact on societies and their economies.",NA,"411",NA
"Other countries have wasted little time recognising this and are actively planning to seize on AI’s potential.",NA,"411",NA
"For example, in our own neighbourhood China is muscling up to become an AI leader by 2030, and it sees a $1 trillion industry emerging as a result of these plans.",NA,"411",NA
"We cannot stumble our way to success.",NA,"411",NA
"We need to plan and act together.",NA,"606.1",NA
"LABOR’S PLAN:",NA,"H",NA
"Through the National Centre of AI Excellence, we will gather the talents of those from different backgrounds – business, unions, education, civic and non-government organisations – and bring them together with common purpose, thinking and acting on common ground.",NA,"411",NA
"We do not only want to apply AI to build stronger Australian businesses.",NA,"411",NA
"We want to think about the impact of technology on jobs and prepare for the changes ahead.",NA,"411",NA
"This is the first announcement of its kind in Australia.",NA,"411",NA
"The Liberal government has failed to address this fast approaching and complex issue.",NA,"411",NA
"Within a nation that reportedly has as many AI researchers as France, we have the Australian brains that can make AI work for us.",NA,"411",NA
"In Government, Labor will engage with stakeholders to agree how our $3 million commitment can best be used to support research, advice and industry acceleration.",NA,"411",NA
"We look forward to engaging in that process.",NA,"411",NA
"Labor seeks to maximise the benefit of technology for the benefit of all Australians and is not afraid to lead the way.",NA,"411",NA
"We will pay for it by making multinationals pay their fair share of tax and closing tax loopholes used by the top end of town.",NA,"403",NA
"Reforming Negative Gearing and Capital Gains Tax Arrangements",NA,"H",NA
"Reforming Negative Gearing and Capital Gains Tax Arrangements",NA,"H",NA
"A Shorten Labor Government will improve housing affordability and support housing construction by reforming negative gearing and capital gains tax arrangements.",NA,"504",NA
"All investments made prior to 1 January 2020 will be fully grandfathered.",NA,"403",NA
"Australia currently has the most generous property tax concessions in the world.",NA,"403",NA
"Generous property tax concessions mean that first home buyers are being locked out of the housing market, having to compete with investors looking for their fifth, sixth and seventh homes.",NA,"503",NA
"Under the Liberals, the cohort of investors with five investment properties is growing at six times the rate of those with one property.",NA,"503",NA
"Current arrangements for negative gearing and capital gains tax concessions predominantly benefit high-income earners.",NA,"503",NA
"70 per cent of the benefits of the CGT discount and 50 per cent of the benefits of negative gearing go to the top 10 per cent of income earners",NA,"503",NA
"The Abbott-Turnbull-Morrison Government spends well over $11 billion a year on negative gearing and capital gains tax concessions: money that could be better spent on Australia’s schools and hospitals.",NA,"504",NA
"Independent economists like Saul Eslake, and international economic agencies like the International Monetary Fund have called for reforms to Australia’s overly generous property tax concessions because they encourage excessive leverage in real estate.",NA,"403",NA
"LABOR’S PLAN",NA,"H",NA
"Labor has a comprehensive plan to improve housing affordability and support housing construction.",NA,"504",NA
"A Shorten Labor Government will:Limit negative gearing to new housing from 1 January 2020.",NA,"503",NA
"All investments made prior to this date will not be affected by the changes and will be fully grandfathered.",NA,"503",NA
"Halve the capital gains tax discount for all assets purchased after 1 January 2020.",NA,"503",NA
"This will reduce the capital gains tax discount from assets held longer than 12 months from 50 per cent to 25 per cent.",NA,"503",NA
"All investments made prior to the 1 January 2020 will be fully grandfathered.",NA,"503",NA
"Put negative gearing to work by limiting it to new investment properties to help boost housing supply",NA,"504",NA
"and jobs.",NA,"701",NA
"The grandfathering element of our policy applies to property and assets purchased prior to the start date of our policy.",NA,"503",NA
"This means, for example, that if you own a property prior to 1 January 2020, you are able to negatively gear it after that date.",NA,"503",NA
"The changes to the CGT discount will not apply to superannuation funds",NA,"403",NA
"or to the 50 per cent active asset reduction concession that applies to small businesses.",NA,"402",NA
"This policy will help support housing construction, complementing our 10‐year plan to support the construction of 250,000 new affordable homes.",NA,"504",NA
"We’ll also encourage more Build to Rent housing construction so more renters can access stable long-term tenancies",NA,"504",NA
"and more housing in desired locations close to public transport and close to employment opportunities.",NA,"504",NA
"Labor first announced our plans to reform negative gearing and the capital gains tax discount in 2016.",NA,"403",NA
"Our reforms are good for the budget and good for home ownership as they will help put first home buyers back on a level playing field with investors.",NA,"503",NA
"Labor’s policy will save around $2.8 billion over the forward estimates.",NA,"414",NA
"Labor's Plan For Secure Jobs",NA,"H",NA
"Labor has a plan for an economy with decent secure jobs not just labour hire and casual work.",NA,"H",NA
"There are 2.3 million casual workers in Australia.",NA,"701",NA
"There are a record 1.79 million people wanting to work more hours.",NA,"701",NA
"And there is a record-breaking one million second or third jobs being worked.",NA,"701",NA
"For some workers, labour hire and casual work is a pathway into a permanent job, but for too many workers, it is now a way of life.",NA,"701",NA
"People are waiting for text messages late at night to tell them if and where they’re working the next day.",NA,"701",NA
"For these workers it’s tough to pay the rent and the bills, let alone get a car loan or a mortgage.",NA,"701",NA
"It’s tough to arrange child-care or make any plans.",NA,"701",NA
"For over five years this government has denied there is a problem with casualisation and precarious work.",NA,"701",NA
"LABOR’S PLAN:",NA,"H",NA
"Labor’s has a plan for decent secure jobs – Labour hire: If you’re doing the same job, you should get the same pay.",NA,"701",NA
"Labor will legislate to ensure that workers employed through a labour hire company will receive the same pay and conditions as people employed directly.",NA,"701",NA
"Casuals: We want to make sure people aren’t stuck in the purgatory of permanent casualisation, with all the obligations and commitments expected of the permanent employee, but with no guarantee of job security, no leave entitlements and no protections.",NA,"701",NA
"Labor will end the use of so-called ‘permanent casuals’ by introducing an objective definition of casual.",NA,"701",NA
"We will also allow workers to request permanent part-time or full-time employment after 12 months of regular hours with the same employer, and provide workers with the right to challenge an employer who unreasonably refuses such a request.",NA,"701",NA
"Gig economy: Labor will make sure workers in the gig economy are paid properly and not used to undermine Australian wages, including by changing the legal test for sham contracting.",NA,"701",NA
"Labor doesn’t support a business model if it can only succeed by undermining workers’ rights and avoiding workers’ entitlements.",NA,"701",NA
"Better Regulate Power Prices",NA,"H",NA
"Labor's Plan to Better Regulate Power Prices",NA,"H",NA
"A Shorten Labor Government will help households and businesses get a better deal on their power prices – overhauling electricity offers available to consumers and scrapping outdated deals so Australians pay less for their power.",NA,"412",NA
"Electricity prices have skyrocketed under the Liberals, increasing by 15 per cent since the Liberals were elected.",NA,"412",NA
"Currently, electricity retailers offer a range of products in different markets – including “standing” and “market” offers.",NA,"412",NA
"Over time, energy retailers have abused standing offers, treating them as a high-price benchmark and implementing confusing discounting schemes that make it hard for consumers to find the best deal.",NA,"412",NA
"Labor will introduce a new regulated capped offer to the market – protecting families and small business from price gouging – and will force energy retailers to introduce simple, honest and transparent pricing so consumers can find the best deal.",NA,"412",NA
"LABOR’S PLAN:",NA,"H",NA
"Labor will work with the states to:",NA,"412",NA
"Abolish outdated standing offers (which are not the same between retailers), and replace them with a new ‘default’ offer consistent across all retailers.",NA,"412",NA
"Require retailers to reference any discounts to the new ‘default’ offer pricing, making it easier for consumers to genuinely compare offers and save money by finding the best deal for them.",NA,"412",NA
"The default price will be set independently in each jurisdiction, and the Australian Energy Regulator will be tasked with working with the states, the ACCC, agencies, industry and unions to deliver these reforms which will apply in non-price regulated National Electricity Market (NEM) jurisdictions – Victoria, New South Wales, South Australia and South East Queensland.",NA,"412",NA
"Labor’s plan will directly benefit 1.2 million households – with household customers currently on the standing offers estimated to save up to $165 off their annual electricity bill – with the average small business customer on a standing offer to save up to $1,500 per year, according to the ACCC.",NA,"412",NA
"Ending the Liberals’ Medicare Freeze",NA,"H",NA
"A Shorten Labor Government will end Scott Morrison’s Medicare freeze in our first 50 days of government.",NA,"H",NA
"LABOR’S PLAN",NA,"H",NA
"A Shorten Labor Government will end the Liberals’ freeze on Medicare rebate indexation on 1 July 2019.",NA,"504",NA
"It will be one of the first acts of a Shorten Labor Government.",NA,"504",NA
"Labor will invest an extra $200 million in Medicare to end the Liberals’ six-year rebate freeze a year early and make health care more affordable for all Australians.",NA,"504",NA
"Ending the Medicare Freeze means that Medicare rebates for more than 100 GP items – including family counselling, urgent after-hours care, mental health care and Aboriginal and Torres Straight Island health checks – will start going up again.",NA,"504",NA
"Labor believes access to health care should depend on your Medicare card, not your credit card.",NA,"504",NA
"Labor created Medicare and we will always protect and strengthen it.",NA,"504",NA
"It will be one of the first acts of a Shorten Labor Government.",NA,"504",NA
"We will pay for it by making multinationals pay their fair share and closing tax loopholes used by the top end of town.",NA,"403",NA
"Standing Up For Pensioners",NA,"H",NA
"A Shorten Labor Government will protect the pension.",NA,"504",NA
"The Liberals have spent the last six years trying to cut the pension.",NA,"504",NA
"This includes:For five years running, the Liberals tried to raise the pension age to 70.",NA,"504",NA
"In 2014 the Liberals tried to cut pension indexation – a cut that would have forced pensioners live on $80 a week less within ten years.",NA,"504",NA
"The Liberals slashed $1 billion from pensioner concessions – support designed to help pensioners with the cost of living.",NA,"504",NA
"In 2015, the Liberals did a deal with the Greens to cut the pension to 370,000 pensioners by changing the pension assets test.",NA,"504",NA
"For two years, the Liberals planned to scrap the Energy Supplement, cutting payments for 1.5 million pensioners.",NA,"504",NA
"The Liberals have also cut and outsourced over 2,500 jobs from Centrelink, meaning people are waiting longer when they need help.",NA,"504",NA
"Labor fought every one of these pension cuts tooth and nail.",NA,"504",NA
"Cutting the pension is in the Liberals’ DNA.",NA,"504",NA
"Scott Morrison’s latest budget also locks in more cuts to the pension,",NA,"504",NA
"including:Cutting the pension supplement to around 80,000 pensioners a year as part of a plan to try and limit overseas travel for pensioners to six weeks.",NA,"504",NA
"If the Liberals get their way, it will be harder for many pensioners to visit family and loved ones overseas.",NA,"504",NA
"Increasing the pension residency requirement from 10 to 15 years, hurting hard-working migrant pensioners.",NA,"504",NA
"In every single Abbott-Turnbull-Morrison budget, the Liberals have tried to cut the pension.",NA,"504",NA
"Labor is opposed to these cuts.",NA,"504",NA
"And Labor’s Pensioner Guarantee means Australian government pensioners and allowance recipients will be protected from the abolition of cash refunds for excess dividend imputation credits.",NA,"504",NA
"Pensioners will be better off with Labor",NA,"504",NA
"A Shorten Labor Government will invest $2.4 billion in a Pensioner Dental Plan - giving up to three million older Australians access to free dental care and taking the next step towards Labor's vision for universal access to dental care in Australia.",NA,"504",NA
"This election is a choice between Labor’s plan to protect the pension versus bigger tax loopholes for the top end of town under the Liberals.",NA,"504",NA
"After six years of Liberal cuts and chaos, our united Labor team is ready.",NA,"504",NA
"A Shorten Labor Government will protect the pension.",NA,"504",NA
"Labor's Plan For Strong Borders",NA,"H",NA
"A Shorten Labor Government will strengthen Australia’s border security with new measures to disrupt and deter people smugglers from preying on vulnerable people throughout the region.",NA,"104",NA
"Labor will keep the people smugglers out of business and maintain Australia’s strong borders, ensuring they are never able to exploit the lives of vulnerable people again.",NA,"104",NA
"Labor is committed to strong borders,",NA,"104",NA
"turnbacks when safe to do so,",NA,"601.2",NA
"offshore processing",NA,"601.2",NA
"and regional resettlement because we know it saves lives at sea.",NA,"601.2",NA
"LABOR’S PLAN",NA,"H",NA
"Labor will triple to 12 the number of Australian Federal Police officers overseas dedicated to working cooperatively with partner nations to deter and disrupt people smuggling operations at their source.",NA,"104",NA
"These officers are critical in the fight against people smugglers, by preventing risky boat ventures before they start and stopping people drowning at sea.",NA,"104",NA
"Former Operation Sovereign Borders Commander, Air Vice-Marshal Stephen Osborne said last year:  ‘The first aim is to deter and disrupt the ventures from taking to the water in the first instance. That's a lot more effective; it has a lot less risk, particularly for the people who want to use the people smugglers, so that's always our preference.’",NA,NA,NA
"The Liberals’ cuts and chaos mean they have slashed the number of officers to just four dedicated officers covering the entire region.",NA,"104",NA
"This has put our border protection framework at risk.",NA,"104",NA
"Peter Dutton and Scott Morrison have further risked Australia’s border security by ordering the Australian Border Force (ABF) Fleet to stop patrols to save money on fuel, cutting frontline ABF staff at Australian airports, and failing to resource the ABF border patrol capability forcing the ADF to pick up the slack at the expense of other operational priorities.",NA,"104",NA
"Unlike the Liberals, Labor will not make cuts to border protection.",NA,"104",NA
"Under a Shorten Labor Government, Operation Sovereign Borders will be fully resourced, we will maintain Australia’s strong border protection measures and strengthen them even further with these new measures to stop people smugglers in their tracks.",NA,"104",NA
"The policy has a budget cost of $8.5 million over the forward estimates.",NA,"104",NA
"We will pay for these critical border protection measures by making multinationals pay their fair share and closing tax loopholes used by the top end of town.",NA,"104",NA
"Labor's Plan For Apprentices",NA,"H",NA
"A Shorten Labor Government will boost the number of apprentices in Australia and ensure more Australians have an opportunity to learn a trade.",NA,"H",NA
"Since they were elected, the Liberals have cut more than $3 billion from TAFE, skills and apprenticeships.",NA,"411",NA
"Government-funded enrolments in TAFE have dropped by 25 per cent and apprenticeships have plummeted by almost 150,000.",NA,"411",NA
"Only Labor has the policies to increase the capacity of the vocational education system and the skills of the Australian workforce.",NA,"411",NA
"LABOR’S PLAN",NA,"H",NA
"A Shorten Labor Government will:Provide 150,000 additional Apprentice Incentives to employers and apprentices to reverse the apprenticeship decline.",NA,"411",NA
"Require at least one in 10 jobs on all major Commonwealth and defence projects to be filled by an apprentice or trainee.",NA,"411",NA
"Help 10,000 young job seekers choose the best apprenticeship for them by providing nationally recognised, industry endorsed, 20 week pre-apprenticeship training.",NA,"411",NA
"Fast-track quality trade apprenticeships for up to 20,000 adults who need to retrain because of changes in the economy.",NA,"411",NA
"Establish an Apprenticeship Advocate. The Advocate and their office will advise government on how to stop the exploitation of apprentices and trainees, improve their safety and close the apprentice gender gap.",NA,"411",NA
"We will pay for these commitments by making multinationals pay their fair share and closing tax loopholes used by the top end of town.",NA,"411",NA
"Private Health Insurance",NA,"H",NA
"13 million Australians will receive relief from soaring private health insurance premiums with a Shorten Labor Government to cap the price increases of private health insurers at 2% for two years.",NA,"403",NA
"Private health insurance premiums have increased on average by more than 30% under the Liberals, leaving Australian families paying an average of more than $1,000 every year for private health than they were when the Liberals came to power in 2013.",NA,"403",NA
"Australians are being ripped off – it’s time to shift the balance back in the interests of families, rather than the big health insurance companies.",NA,"403",NA
"Prices are up, profits are up – but quality and value are way down.",NA,"403",NA
"That’s why we are making this unprecedented decision to shift the balance back to consumers – helping families access the health care they need while taking pressure off the weekly budget.",NA,"403",NA
"Labor is choosing to put Australian families first, instead of the interests of the multi-billion dollar private health industry.",NA,"403",NA
"Labor will also task the Productivity Commission with the most significant review of the private health system in 20 years to make sure that private health insurance is good value into the future.",NA,"403",NA
"National Pre-School And Kindy Program",NA,"H",NA
"A Shorten Labor Government will introduce a new National Preschool and Kindy Program, guaranteeing around 700,000 Australian children a year will be able to access subsidised preschool in the two years before formal school.",NA,"506",NA
"Research shows that 90 per cent of a child’s brain development occurs in the first five years of life.",NA,"506",NA
"An investment in early education is one of the smartest investments our country can make.",NA,"506",NA
"Our global competitors have recognised the value of a two year early childhood education program, and it’s time Australia gets on board, before we fall further behind.",NA,"506",NA
"The United Kingdom, New Zealand, France, Ireland and China have all expanded their early childhood education programs to include three year olds.",NA,"506",NA
"LABOR’S PLAN",NA,"H",NA
"Under a Shorten Labor Government:For the first time ever, every three year old in Australia will be able to access 15 hours of subsidised early childhood education, so they can get the best start to learning.",NA,"506",NA
"Labor will also guarantee the current arrangement for four year olds accessing preschool – creating a quality, two-year program to support the most important years of a child’s development, an investment of an additional $1.7 billion into early education.",NA,"506",NA
"Labor’s plan is good for children, good for parents, and good for the economy:",NA,"506",NA
"Children – Studies have shown that children who access quality early education achieve better results in tests throughout their schooling.",NA,"506",NA
"Early education is particularly vital in closing the disadvantage gap before a child starts school.",NA,"506",NA
"Parents – One of the biggest barriers to accessing early education is finance.",NA,"506",NA
"Expanding access will help with the cost of living, help parents balance work and family and help reduce the child care bill for families with children already in early education.",NA,"506",NA
"Economy – Evidence shows that the return on investment in early childhood education is significant.",NA,"506",NA
"A recent study from the European Union showed that for every dollar spent on early childhood education for three year olds, $4 was returned to the economy.",NA,"506",NA
"Labor will work in partnership with the States and Territories to deliver this important reform, including in setting enrolment and attendance targets, particularly for Indigenous and vulnerable children.",NA,"506",NA
"We will pay for it by making multinationals pay their fair share and closing tax loopholes used by the top end of town.",NA,"403",NA
"Labor's Plan for Neighbourhood Renewables",NA,"H",NA
"Labor's Plan for Neighbourhood Renewables",NA,"H",NA
"A Shorten Labor Government will invest $100 million in a Neighbourhood Renewables Program so that renters and social housing residents can also benefit from cheaper and cleaner renewable energy.",NA,"416.2",NA
"Renewable energy is the cheapest form of new energy, and rooftop solar has slashed energy bills for households around the country.",NA,"416.2",NA
"Over the past decade, the installation of rooftop solar has grown dramatically in Australia, from 7,000 in 2007 to around 2 million today.",NA,"416.2",NA
"While many Australian families have invested in rooftop solar, access has largely been restricted to owner-occupied, detached or semi-detached homes.",NA,"416.2",NA
"There is currently no national policy aimed at helping communities, renters, social housing residents or other currently excluded groups access small-scale renewable energy and storage.",NA,"416.2",NA
"Additional support is required to ensure all Australians can benefit from cheaper, cleaner and more reliable power.",NA,"416.2",NA
"LABOR’S PLAN:",NA,"H",NA
"Labor will commit $100 million to develop a Community Power Network that will draw from skills and expertise around the country to deal with the challenges of implementing renewable energy and storage solutions in social and community housing, rental properties and apartment-style living.",NA,"416.2",NA
"The Network will oversee the creation of up to 10 Community Power Hubs that will work in communities to support the development of local projects with start-up funding and legal and technical expertise.",NA,"416.2",NA
"The Network will also create an online community to ensure that ideas, models, and implementation strategies are freely available to all Community Power Hubs and other community energy groups.",NA,"416.2",NA
"Projects eligible for funding in communities across Australia could include:‘Solar gardens’ and energy storage solutions for renters.",NA,"416.2",NA
"Low income energy efficiency (including retrofits of existing social housing stock).",NA,"416.2",NA
"Solar programs using innovative finance like council rates programs.",NA,"416.2",NA
"Community wind farms.",NA,"416.2",NA
"Pilot community solar and storage projects with social housing providers.",NA,"416.2",NA
"Rates financing for low income pensioners.",NA,"416.2",NA
"We will pay for it by making multinationals pay their fair share and closing tax loopholes used by the top end of town.",NA,"403",NA
"Labor's Plan For Australia To Devote 3 Per Cent Of GDP To Research And Development",NA,"H",NA
"A Shorten Labor Government will set a national target that 3 per cent of GDP will be devoted to R&D by 2030.",NA,"411",NA
"Long-term sustainable growth, particularly in developed economies, rests ultimately on expanding the frontiers of knowledge.",NA,"416.2",NA
"R&D contributes to growth primarily through creating technological progress and by delivering a supply of highly-skilled workers to the labour force.",NA,"411",NA
"R&D investment generates strong positive economic impacts.",NA,"411",NA
"It is increasingly unlikely that any country will be able to build sustainable and long-term prosperity simply from cheap labour, proprietary capital or natural resources.",NA,"411",NA
"Australia has to compete on the basis of its research and innovation capacity, not least because its comparative advantage is disproportionately derived from R&D and innovation-intensive sectors.",NA,"411",NA
"Under the Liberals gross expenditure on R&D as a percentage of GDP in Australia fell from 2.12 per cent in 2011 to 1.88 per cent in 2015.",NA,"411",NA
"LABOR’S PLAN:",NA,"H",NA
"A Shorten Labor Government is committed to reversing the decline in Australia’s research and development performance that has taken place over the past five years.",NA,"411",NA
"Labor is the only party committed to lifting Australian spending on R&D from 1.8 per cent of GDP to 3 per cent by 2030.",NA,"411",NA
"We are committed to restoring Australia’s international competitiveness, and will work with business, industry, universities and research institutes to do so.",NA,"411",NA
"Labor's Plan For Solar And Batteries For Households",NA,"H",NA
"Labor's Plan For Solar And Batteries For Households",NA,"416.2",NA
"A Shorten Labor Government will slash power bills, improve grid security and support new jobs in local industries by setting a new national target of one million household battery installations by 2025.",NA,"416.2",NA
"Australian households want greater control over their energy and want to cut their power bills, which have skyrocketed under the Liberals.",NA,"412",NA
"That is why, despite the Liberals’ attacks on renewable energy, more and more Australians have turned to rooftop solar.",NA,"416.2",NA
"Household solar installations are at record levels and costs continue to fall rapidly.",NA,"416.2",NA
"With two million households using rooftop solar, Australia is in a prime position to benefit from the rollout of household battery systems.",NA,"416.2",NA
"Batteries cut household power bills for individual households, but they also reduce electricity prices for all Australians by reducing peak demand in the grid and have system-wide reliability benefits.",NA,"416.2",NA
"The Smart Energy Council estimates that new household solar and batteries would allow most homes to reduce their power bills by more than 60 per cent.",NA,"412",NA
"However, many households are unable or unwilling to access battery systems due to their high upfront cost.",NA,"416.2",NA
"Additional support is needed to cut power bills, boost energy security and drive growth in this emerging industry.",NA,"412",NA
"LABOR’S PLAN:",NA,"H",NA
"A Shorten Labor Government will set an ambitious national target of one million new residential battery systems by 2025, to be supported by rebates for new battery installations.",NA,"416.2",NA
"From 1 January 2020, Labor will provide a rebate for eligible battery systems, at a rate of $500 per kilowatt hour (KWh) of battery capacity, capped at $2,000 for households with a gross annual income of less than $180,000.",NA,"416.2",NA
"The rebate will support 100,000 new battery installations and deliver significant price and reliability benefits to all electricity users by cutting peak demand and average electricity prices.",NA,"412",NA
"The rebate will be complemented by low cost financing through the Clean Energy Finance Corporation (CEFC) // and will be made available on a demand-driven basis to support the purchase of both household battery and solar systems.",NA,"416.2",NA
"Eligible battery systems must be virtual power plant capable to maximise system-wide benefits.",NA,"416.2",NA
"The rebate is limited to one battery system per home and will not be available to households that have received subsidies from State schemes.",NA,"416.2",NA
"The program will be reviewed after two years, given projected falls in battery costs and to assess progress towards Labor’s target of one million new battery installations by 2025.",NA,"416.2",NA
"Eligible batteries must meet the Australian standard under the Clean Energy Council Battery Assurance or equivalent program, be installed by an accredited battery installer and purchased from an Approved Solar Retailer.",NA,"416.2",NA
"We will pay for it by making multinationals pay their fair share and closing tax loopholes used by the top end of town.",NA,"403",NA
"Labor’s battery installation rebate for 100,000 households has a budget cost of $201.3 million over the forward estimates.",NA,"416.2",NA
"We will pay for it by making multinationals pay their fair share and closing tax loopholes used by the top end of town.",NA,"403",NA
"Securing A Just Transition For Energy Workers",NA,"H",NA
"Labor is committed to a Just Transition for the workers and communities who are affected by these closures.",NA,"701",NA
"Australia must deal with the inevitable closure of ageing coal fired power stations, with 75 per cent of coal-fired power stations in Australia currently operating beyond their original design life.",NA,"501",NA
"These closures will create major structural adjustment challenges concentrated in specific regions and communities, including the Hunter, Latrobe Valley, central Queensland and Collie River Valley.",NA,"411",NA
"Labor is committed to a Just Transition for the workers and communities who are affected by these closures.",NA,"701",NA
"The Liberals have consistently failed to provide support for workers and communities that are impacted by structural economic transition.",NA,"701",NA
"They argued against the inclusion of a Just Transition clause in the Paris Agreement and failed to provide support to Hazelwood and Northern power station workers after plant closures.",NA,"701",NA
"A Shorten Labor Government will implement a comprehensive plan for a Just Transition and will ensure no affected worker is left behind.",NA,"701",NA
"Labor will:Establish an independent Just Transition Authority (JTA) to plan and coordinate the structural adjustment response to future station closures.",NA,"701",NA
"The JTA will be a statutory authority within the Climate Change and Energy portfolio, and will work with energy stakeholders (companies, workers and unions), local communities, state governments and other Commonwealth departments to:Develop and implement transition plans for affected regions, including economic diversification.",NA,"501",NA
"Develop and oversee pooled redundancy schemes.",NA,"701",NA
"Develop and administer labour adjustment packages.",NA,"701",NA
"The JTA will operate on a tripartite basis ensuring that representatives from the energy industry, unions and local communities have direct input into its operations.",NA,"405",NA
"Require all large generators to provide at least three years notice of pending closure, as recommended by the Finkel Review and enshrined in an Australian Energy Market Commission rule.",NA,"501",NA
"Sufficient notice of an impending closure is critical to plan for the economic diversification of a region, replace generation capacity and to maintain energy security.",NA,"501",NA
"Legislate a regional framework for pooled redundancies.",NA,"701",NA
"Labor will ensure every displaced worker gets an offer of employment at a nearby power station or coal mine, subject to there being sufficient jobs created by voluntary redundancies at these nearby stations and mines.",NA,"701",NA
"To ensure no-one is left behind, Labor will make it mandatory for power stations and coal mines to participate in pooled redundancy schemes when there is a nearby closure.",NA,"701",NA
"Take a proactive approach to economic diversification for impacted regions and communities, guided by the work of the JTA.",NA,"701",NA
"The size and detail of the policies will be developed in government and tailored to each individual regions’ characteristics,",NA,"501",NA
"but could include; analysis of regional business competitive advantages, prioritisation of regional infrastructure projects, concessional loans for businesses (including from funds such as the Clean Energy Finance Corporation, the Export Finance and Insurance Corporation and the Australian Manufacturing Future Fund), and dedicated business advice/improvement programs.",NA,"402",NA
"Labor will consult with experts and stakeholders, including communities, industry, unions, and local and state governments, on the implementation of these policies.",NA,"405",NA
"Labor's Plan To Future Proof Our Energy Network",NA,"H",NA
"Labor's Plan To Future Proof Our Energy Network",NA,"H",NA
"A Shorten Labor Government will modernise Australia’s ageing energy transmission infrastructure to unlock new sources of clean, affordable and reliable energy.",NA,"416.2",NA
"Australia’s energy system is undergoing a major transition – the current infrastructure is not fit for purpose.",NA,"416.2",NA
"As ageing coal-fired power stations approach the end of their technical life, there is a critical need for new sources of affordable, reliable, and clean energy.",NA,"416.2",NA
"This will require more renewable energy, storage and gas.",NA,"416.2",NA
"For this transition to be successful, Australia needs to upgrade our energy infrastructure and networks.",NA,"411",NA
"This is necessary as generation, particularly of renewable energy, is becoming more localised and less geographically concentrated.",NA,"416.2",NA
"As the Australian Energy Market Operator highlighted in its Integrated System Plan (ISP) the investment required to facilitate this transition is “significant and unavoidable”.",NA,"416.2",NA
"Labor knows this massive transition cannot be left to the big energy companies alone – there is a clear role for public investment to rectify the years of privatisation.",NA,"413",NA
"Taking a strategic, national approach to energy moderation is critical to putting downward pressure on power bills",NA,"412",NA
"and delivering clean, affordable energy.",NA,"416.2",NA
"LABOR’S PLAN:",NA,"H",NA
"Labor will establish an independent $5 billion Energy Security and Modernisation Fund that will support:Unlocking renewable energy through transmission links to Renewable Energy Zones",NA,"416.2",NA
"New interconnectors to lower electricity prices and boost system stability",NA,"412",NA
"New gas infrastructure, including pipelines and pipeline upgrades/extensions",NA,"411",NA
"Technology solutions that facilitate the smooth integration of renewable energy into energy systems and promote energy security.",NA,"411",NA
"This will drive investments in clean energy, put downward pressure on power bills and create jobs.",NA,"416.2",NA
"Labor's Plan For Hydrogen",NA,"H",NA
"Labor's Plan For Hydrogen",NA,"H",NA
"A Shorten Labor Government will deliver a $1 billion National Hydrogen Plan to create new jobs,",NA,"701",NA
"support new businesses",NA,"402",NA
"and supercharge Australia’s renewable energy industry.",NA,"416.2",NA
"Hydrogen is an emerging industry that has huge potential to deliver significant economic,",NA,"410",NA
"employment,",NA,"701",NA
"energy",NA,"416.2",NA
"and environmental benefits for Australia.",NA,"501",NA
"Hydrogen gas is an energy source that can be produced through the process of electrolysis using renewable energy, meaning it can leverage Australia’s world-class renewable energy to make much cleaner hydrogen competitively.",NA,"416.2",NA
"Developing a hydrogen industry will deliver new opportunities for manufacturing, transport and electricity generation.",NA,"416.2",NA
"As the global demand for hydrogen surges to an expected $215 billion market by 2022, Australia is uniquely placed to benefit from the development of this new, job-generating industry.",NA,"701",NA
"Analysis by ACIL Allen projects that hydrogen exports alone could be worth $10 billion in 20 years, and create 16,000 jobs – mainly in regional areas.",NA,"701",NA
"Most of the benefits of hydrogen development will be in regional Australia.",NA,"416.2",NA
"For example, the deep sea water ports of Gladstone and Newcastle are well placed to support a hydrogen export industry.",NA,"416.2",NA
"LABOR’S PLAN:",NA,"H",NA
"Labor will implement a six-point National Hydrogen Plan that will:1. Allocate $1 billion of funding from the Clean Energy Finance Corporation (CEFC) to support clean hydrogen development.",NA,"416.2",NA
"2. Invest up to $90 million of unallocated funding from the Australian Renewable Energy Agency (ARENA) to support research, demonstration and pre-commercial deployment of hydrogen technologies.",NA,"411",NA
"3. Establish a $10 million ARENA funding round for hydrogen refuelling infrastructure around the nation, from within ARENA’s unallocated funding.",NA,"416.2",NA
"4. Invest $40 million of unallocated funding from the CEFC Clean Energy Innovation Fund to target hydrogen technologies and businesses that have passed the research and development stage.",NA,"411",NA
"5. Implement regulatory reforms that will help the industry develop and prosper, including reforms to support the use of existing gas pipelines for hydrogen, reforms to support the shipping of hydrogen, reforms to better support the storage of CO2 from blue and brown hydrogen production, as well as other reforms to support hydrogen use and production.",NA,"416.2",NA
"6. Establish the National Hydrogen Innovation Hub in Gladstone with an initial investment of $3 million.",NA,"416.2",NA
"This will kick-start early commercialisation of hydrogen technologies, provide a hub for investment and research agencies, and provide opportunities to leverage LNG infrastructure to support hydrogen exports.",NA,"411",NA
"Hydrogen means more investment in Australia, more exports from Australia, and more blue-collar jobs for Australia.",NA,"401",NA
"We will pay for it by making multinationals pay their fair share and closing tax loopholes used by the top end of town.",NA,"403",NA
"Reduce Homelessness",NA,"H",NA
"A Shorten Labor Government will develop and implement a national plan to reduce homelessness through the Council of Australian Governments.",NA,"504",NA
"Australia is in the midst of a homelessness crisis.",NA,"504",NA
"The 2016 Census and data from the Australian Institute of Health and Welfare have revealed more Australians than ever before are at-risk of or experiencing homelessness.",NA,"504",NA
"On Census night in 2016 more than 116,000 Australians were experiencing homelessness – a staggering increase of more than 13 per cent in the period since the 2011 Census.",NA,"504",NA
"Troublingly, for groups such as older women",NA,"503",NA
"and young people, the rates of increase were even higher.",NA,"504",NA
"The Coalition Government has failed to respond to the homelessness crisis – instead cutting $44 million a year in capital funding for transitional housing in its 2014/15 Budget and failing to tackle the affordability crisis across the housing spectrum placing vulnerable Australians at risk of homelessness.",NA,"504",NA
"LABOR’S PLAN:",NA,"H",NA
"A Shorten Labor Government will immediately commence work with the states and territories on a national plan to address the issue of rising homelessness and directly invest in the supply of new affordable rental housing and transitional housing for vulnerable groups.",NA,"504",NA
"Labor will:Develop and implement a national plan to reduce homelessness through the Council of Australian Governments (COAG).",NA,"504",NA
"Build 250,000 new affordable rental homes over ten years – helping priority groups at-risk of experiencing homelessness to secure long-term, affordable, and stable accommodation.",NA,"504",NA
"Invest $88 million over two years for a new Safe Housing Fund to increase transitional housing options for women and children escaping domestic and family violence, young people exiting out-of-home care and older women on low incomes who are at risk of homelessness.",NA,"504",NA
"Reinstate a Minister for Housing and Homelessness, and re-establish the National Housing Supply Council.",NA,"504",NA
"Reform negative gearing and capital gains tax concessions, along with other reforms to improve housing supply and affordability.",NA,"504",NA
"We will pay for it by making multinationals pay their fair share and closing tax loopholes used by the top end of town.",NA,"403",NA
"Drug and Alcohol Treatments",NA,"H",NA
"A Shorten Labor Government will protect patients and families by regulating for-profit drug and alcohol treatment providers for the first time.",NA,"504",NA
"With public drug and alcohol treatment providers often forced to turn away people due to a lack of availability, many families opt to pay for private providers to get their loved ones the help they need.",NA,"504",NA
"But with these providers currently unregulated with no treatment standards, they can take advantage of people who are struggling with drug and alcohol issues, as well as their families.",NA,"504",NA
"In 2015, the Liberals’ own Ice Taskforce called for the establishment of a national quality framework that sets the standards for drug and alcohol services.",NA,"504",NA
"Years later, the Liberals have failed to act and there remain no minimum standards in the private sector.",NA,"504",NA
"Unlike the Liberals, Labor will help ensure that Australians who need and seek help for addiction get that help – instead of being seen as a business model for unscrupulous providers.",NA,"504",NA
"Labor will:Task the Australian Commission on Safety and Quality in Healthcare (ACSQHC) with developing a national accreditation process for rehabilitation treatment services",NA,"504",NA
"Work cooperatively with the states and territories through the COAG Health Council",NA,"504",NA
"Address issues with workforce, quality and consistency",NA,"504",NA
"Olivia Newton-John Cancer Research",NA,"H",NA
"A Shorten Labor Government will boost research into advanced breast cancer and brain cancer, with a $20 million investment in the Olivia Newton-John Cancer Research Institute.",NA,"411",NA
"The Olivia Newton-John Centre works to deliver the very best treatments, and world-leading cancer research all under one roof.",NA,"411",NA
"Labor’s investment will allow the Olivia Newton-John Cancer Research Institute to continue their pioneering work targeting new treatments for advanced breast cancer and brain cancer.",NA,"411",NA
"Labor’s funding will go towards establishing a Breast Cancer Metastasis and Dormancy Research Initiative, researching a test that will identify the 10-15 % of breast cancer survivors at risk of relapse.",NA,"411",NA
"Labor’s investment will also support ongoing work on the biology of brain cancers and builds on the previous Labor Government’s $15 million investment to the establishment of the Olivia Newton-John Cancer Wellness and Research Centre.",NA,"411",NA
"We will pay for it by making multinationals pay their fair share and closing tax loopholes used by the top end of town.",NA,"403",NA
"Investing in headspace Plus",NA,"H",NA
"A Shorten Labor Government will invest almost $200 million in headspace Plus – improving youth mental health services and ensuring young Australians don’t fall through the cracks in Australia’s mental health system",NA,"504",NA
"LABOR’S PLAN",NA,"H",NA
"A Shorten Labor Government will ensure young Australians aren’t falling through the cracks of Australia’s mental health system, by investing almost $200 million in headspace Plus – improving services for young people with moderate to complex needs.",NA,"504",NA
"More needs to be done to help young people who need more mental health support than they would get at the GP or their local headspace centre, but who aren’t at the stage where they need hospitalisation.",NA,"504",NA
"These services are often referred to as the ‘missing middle’ in our mental health system.",NA,"504",NA
"The headspace Plus proposal is designed to fill this gap – as a central hub of community -based mental health care for young people aged between 12 and 25 with moderate to complex mental ill health.",NA,"504",NA
"Young people will be able to access up to 20 additional Medicare funded Better Access sessions and have access to staff including GPs, mental health nurses, psychiatrists and addiction specialists.",NA,"504",NA
"Labor will:Invest $144 million over four years to trial three metropolitan headspace Plus sites – in Sydney, Brisbane and Melbourne.",NA,"504",NA
"Invest $36 million over four years to trial a regional headspace Plus site in Tasmania.",NA,"504",NA
"Provide $14 million over four years for Orygen to provide central implementation support, technical guidance, research and evaluation and $3 million for an independent evaluation.",NA,"411",NA
"GPs and existing headspace services do excellent work but are not designed to cater for young people who have more complex needs but who are not unwell enough to go into hospital.",NA,"504",NA
"Labor will deliver headspace Plus through Primary Health Networks (PHNs) and in partnership with relevant states and territories, recognising the role they play in the provision of community-based services.",NA,"504",NA
"A Shorten Labor Government will work with all tiers of government to reduce fragmentation and gaps in mental health services.",NA,"504",NA
"There has been much progress in recent years reducing stigma and ensuring young people with mental health issues get the support they need, but there is still much more to do.",NA,"504",NA
"The latest Mission Australia Annual Youth Survey once again showed that mental health is the top concern of young people – doubling in importance in the past three years.",NA,"504",NA
"This investment builds on Labor’s commitment to expand the reach of the existing headspace model across Australia.",NA,"504",NA
"Labor will invest an extra $35 million to deliver more early intervention mental health services for young people aged 12 to 25 and ensure that when young people ask for help, services are available and accessible.",NA,"504",NA
"Labor will also invest $29.6 million to reduce Aboriginal and Torres Strait Islander youth suicide and poor mental health, to be provided through Aboriginal Community Controlled Health Services in highly vulnerable communities.",NA,"504",NA
"There is a real choice at the upcoming election between Labor’s plan for properly funded hospitals and the best health care system in the world, or bigger tax loopholes for the top end of town under the Liberals.",NA,"504",NA
"We will pay for it by making multinationals pay their fair share and closing tax loopholes used by the top end of town.",NA,"403",NA
"A Voice For First Nations People",NA,"H",NA
"A Shorten Labor Government will establish a Voice for First Nations people,",NA,"607.3",NA
"and seek the support of the Australian people for that Voice to be enshrined in the Constitution.",NA,"204",NA
"We support the Voice.",NA,"607.3",NA
"We support enshrining it in the Constitution.",NA,"204",NA
"It is our first priority for Constitutional change.",NA,"204",NA
"When 250 First Nations Leaders convened at Uluru in 2017 and called for a Voice to Parliament, Labor heard that call.",NA,"607.3",NA
"In government, we will work with First Nations people at the national and regional level to make it a reality.",NA,"607.3",NA
"LABOR’S PLAN:",NA,"H",NA
"Labor has made clear that we will work with the Liberals on a Voice for First Nations people, but we will not wait for them.",NA,"607.3",NA
"We will move quickly following the election to agree on a process with First Nations people – including a clear pathway to a referendum.",NA,"202.4",NA
"We will also work with them to establishing a Makarrata Commission for agreement-making and truth-telling.",NA,"607.3",NA
"This will be a genuine process of government and First Nations people working together to achieve meaningful change.",NA,"607.3",NA
"We will examine options for ensuring local, regional and national representation so that First Nations communities have a genuine say.",NA,"607.3",NA
"It is disappointing that the Liberals continue to peddle lies about what the role of a Voice would be.",NA,"607.3",NA
"A Voice would not be a third chamber of Parliament. It would be a mechanism for First Nations people to have a greater say in the policy issues that impact their lives.",NA,"607.3",NA
"We have nothing to fear from working with First Nations people to address the many complex issues that affect the first Australians.",NA,"607.3",NA
"The Liberals have consistently failed to properly engage with First Nations people on important policy issues, leading to a litany of policy failures in Indigenous Affairs.",NA,"607.3",NA
"Whether it is the disastrous Indigenous Advancement Strategy, Community Development Program or the Close the Gap Refresh, only by working with First Nations people can we fix the legacy of failed policies left by this government and achieve a more equal, more reconciled Australia.",NA,"607.3",NA
"Stolen Generations Compensation Scheme",NA,"H",NA
"A Shorten Labor Government will establish a compensation scheme for survivors of the Stolen Generations in Commonwealth jurisdictions.",NA,"607.3",NA
"The traumatic effects of forced removal and separation from families, communities and culture have been severe and long-lasting for the Stolen Generations and their descendants.",NA,"607.3",NA
"Labor will recognise and respond to the legacy of pain and trauma that the Stolen Generations and their families continue to experience today.",NA,"607.3",NA
"LABOR’S PLAN:",NA,"H",NA
"The compensation scheme will provide ex-gratia payments of $75,000 to Stolen Generations survivors who were removed from their families.",NA,"607.3",NA
"Labor will also establish a Funeral Assistance Fund to provide one-off payments of $7,000 to Stolen Generations members to assist with the cost of their funerals.",NA,"607.3",NA
"The compensation scheme will be accessible to about 150 surviving members of the Stolen Generations in the Northern Territory and any Stolen Generations survivors in the ACT and Jervis Bay.",NA,"607.3",NA
"Labor’s Stolen Generations compensation scheme deals with the unfinished business of the National Apology and responds to the third recommendation of the Bringing Them Home report in 1997.",NA,"607.3",NA
"A Shorten Labor Government will also establish a $10 million National Healing Fund to support healing for the Stolen Generations and their families – in recognition of the inter-generational effects of forced removal.",NA,"607.3",NA
"The fund will be administered by the Healing Foundation – an Indigenous-run organisation that supports the ongoing needs of the Stolen Generations with services such as counselling, family reunion, return to country, and support for elderly survivors.",NA,"607.3",NA
"We will pay for these commitments by making multinationals pay their fair share and closing tax loopholes used by the top end of town.",NA,"607.3",NA
"Corporate Crime Taskforce",NA,"H",NA
"A Shorten Labor Government will commit $25 million to establish a Corporate Crime Taskforce, to equip the Commonwealth Director of Public Prosecutions to respond to any referrals for criminal prosecution which stem from the Financial Services Royal Commission.",NA,"605.1",NA
"LABOR’S PLAN",NA,"H",NA
"The Liberals’ track record on corporate crime is woeful.",NA,"605.1",NA
"The Commonwealth Director of Public Prosecutions suffered significant budget cuts under this Liberal Government, resulting in a 23 per cent reduction in staff levels over the six years to 2016-17.",NA,"605.1",NA
"We need to make sure our CDPP has the resources it needs to take on the deep pockets of the banks, who have already spent millions in legal fees to defend themselves in front of the Royal Commission.",NA,"605.1",NA
"We must ensure that corporate criminals are brought to justice.",NA,"605.1",NA
"Anything less would make a joke of the Royal Commission process.",NA,"605.1",NA
"If big corporates or their employees break the law, they need to know that they will be prosecuted by the best of the best.",NA,"605.1",NA
"We will pay for it by making multinationals pay their fair share and closing tax loopholes used by the top end of town.",NA,"403",NA
"National Integrity Commission",NA,"H",NA
"A Shorten Labor Government will establish a National Integrity Commission to prevent, investigate and eliminate corruption inside the federal government and the public sector.",NA,"304",NA
"All Australians deserve to have confidence in the integrity of their government, their Parliament, the public service and public institutions.",NA,"304",NA
"While there is not substantial evidence of widespread corruption at a federal level, that is not a reason to do nothing.",NA,"304",NA
"LABOR’S PLAN",NA,"H",NA
"Legislation to establish the National Integrity Commission will be introduced into Parliament within the first 12 months of a Shorten Labor Government.",NA,"304",NA
"We went to strengthen and simplify our anti-corruption framework – to weed out serious and systemic corruption, promote integrity, and restore the trust of the Australian people in their representatives and institutions.",NA,"304",NA
"The National Integrity Commission will adhere to the following seven design principles:The Commission will operate as an independent statutory body, with sufficient resources to ensure it is able to carry out its functions regardless of the government of the day.",NA,"304",NA
"The Commission would be constituted by one Commissioner and two Deputy Commissioners, each of whom would serve for a single, fixed, five-year term.",NA,"304",NA
"The Commission will have sufficiently broad jurisdiction and freedom of action to operate as a standing Royal Commission into serious and systemic corruption by Commonwealth parliamentarians or their staff, public servants, statutory office holders, the Commonwealth judiciary and the Governor-General.",NA,"304",NA
"The Commission will be granted the investigative powers of a Royal Commission, including search and surveillance powers, the power to compel witnesses and subpoena documents and carry out its own investigations, with warrant oversight by the Federal Court.",NA,"304",NA
"While the presumption will be that hearings will be held in private, the Commission will have discretion to hold hearings in public where it determines it is in the public interest to do so.",NA,"304",NA
"Labor will continue to consult on the appropriate threshold for such hearings.",NA,"304",NA
"The Commission will only be empowered to make findings of fact.",NA,"304",NA
"Any findings that could constitute criminal conduct would be referred to the Australian Federal Police (AFP) or the Commonwealth Director of Public Prosecutions.",NA,"304",NA
"A Joint Standing Committee of the Parliament will be established to oversee the Commission and will be empowered to require the Commission to provide information about its work.",NA,"304",NA
"That Committee will be responsible for appointing the Commissioners.",NA,"304",NA
"The Commission will also report to Parliament on its performance annually.",NA,"304",NA
"In government, Labor will continue to consult with experts on the design details of the Commission.",NA,"304",NA
"National Rural Health Strategy",NA,"H",NA
"Labor supports the development of a national rural health strategy so there is clear and targeted action towards closing the gap in health outcomes between Australians living in rural areas and their metropolitan peers.",NA,"503",NA
"Regional, rural and remote Australians have much higher levels of serious illness, chronic disease and lower life expectancy than city dwellers. //The differences can often be directly attributed to poorer access to health services including early detection of illness through widely used screening tests.",NA,"503",NA
"Labor’s plan for a National Rural Health Strategy recognises the challenges that rural and regional Australians face which require more targeted support.",NA,"503",NA
"It will help achieve this goal of all levels of Government working more closely together, to reduce fragmentation and duplication.",NA,"503",NA
"First Nations Children",NA,"H",NA
"A Shorten Labor Government will convene a national summit on First Nations Children in our first 100 days.",NA,"605.1",NA
"In recent years, the number of First Nations children removed from their families has risen rapidly.",NA,"605.1",NA
"In 2017, more than 17,000 Aboriginal and Torres Strait Islander children were living in out-of-home care, compared with about 9,000 a decade ago.",NA,"605.1",NA
"Labor knows that closing the gap on Indigenous disadvantage depends on acknowledging the continuing trauma of the Stolen Generations, supporting the survivors and their families, and ensuring that there is not another generation of First Nations children growing up away from community and culture.",NA,"605.1",NA
"LABOR’S PLAN:",NA,"H",NA
"To respond to these unacceptably high rates of out-of-home care, a Shorten Labor Government will convene a national summit on First Nations Children in our first 100 days.",NA,"605.1",NA
"The summit will bring governments, experts and First Nations community leaders together to determine the different factors that lead to child removal.",NA,"605.1",NA
"The summit will work with communities on solutions to reduce the rates of out-of-home care, and build a better future for First Nations children.",NA,"605.1",NA
"Australian Women - Labor's Plan for Equality",NA,"H",NA
"A Shorten Labor Government will put achieving gender equality for Australian women at the centre of our priorities with a National Strategy for Gender Equality.",NA,"503",NA
"Labor has a concrete plan for action, and we’re committed to real change: supporting women’s march through the institutions of power; closing the gender gap in pay and superannuation; and ending harassment and violence against women.",NA,"503",NA
"And we’re on track to achieve our target of 50 per cent of Labor Parliamentarians being women.",NA,"503",NA
"Women’s representation and equality just isn’t a priority for the Liberals.",NA,"503",NA
"After six years in power, the Liberals have taken no serious action on gender equity and they never will.",NA,"503",NA
"LABOR’S PLAN:",NA,"H",NA
"Labor will invest in policies that directly support women’s economic security, leadership, health and wellbeing, and to end violence against women.",NA,"503",NA
"Delivering a fair go for Australian women is core Labor business.",NA,"503",NA
"A Shorten Labor Government will:Deliver a National Strategy for Gender Equality.",NA,"503",NA
"We will set targets for change; take measurable action to tackle inequality; and report on Australia’s progress through an annual update to Parliament.",NA,"503",NA
"Lead a national push to help close the gender pay gap by making large employers publicly report their pay gap and by banning pay secrecy clauses.",NA,"503",NA
"Deliver a fair go for Australian women by strengthening the ability of the Fair Work Commission to order pay increases for workers in female dominated industries such as early childhood education, aged care, and disability services.",NA,"503",NA
"Restore cuts to penalty rates, which disproportionately impact women on low incomes.",NA,"503",NA
"Invest more than $655 million in measures that will boost women’s superannuation, including paying superannuation on Commonwealth Paid Parental Leave for the first time.",NA,"503",NA
"Immediately begin work on a new National Plan to Reduce Violence Against Women and their Children,",NA,"503",NA
"set a target to reduce rates of family violence and make prevention of family violence a national priority by working with state and territories.",NA,"605.1",NA
"Deliver a record Commonwealth investment of more than $660 million in the Fourth Action Plan to Reduce Violence Against Women and their Children – more than doubling the Liberals’ investment.",NA,"503",NA
"Legislate for 10 days paid domestic violence leave in the National Employment Standards.",NA,"503",NA
"Invest $88 million in a Safe Housing Fund to deliver emergency and transitional housing for women and children escaping violence, older women at risk of homelessness and young people exiting out-of-home care.",NA,"503",NA
"Set up a Safe Campus Taskforce to help tackle sexual assault and harassment on university campuses and at residential colleges.",NA,"503",NA
"Tackle forced marriage by introducing forced marriage protection orders and establishing a Commonwealth Forced Marriage Unit to assist victims.",NA,"503",NA
"Deliver Australia’s first ever National Sexual and Reproductive Health Strategy to make sure all Australian women can access legal, safe and affordable reproductive health services, including terminations, in public hospitals.",NA,"503",NA
"Deliver $95 million towards investments in women’s sport, including $20 million to Netball Australia to help fund grass roots participation and more than $75 million to community sporting clubs to provide change rooms and facilities for women and girls.",NA,"503",NA
"Support women in trades and training by reserving half of Labor’s 100,000 fee-free TAFE places for women.",NA,"503",NA
"Labor will create Australia’s first National Evaluation Framework for Girls and Women in STEM Initiatives; fund the SAGE program to drive gender equality in science and research; and establish a National Women in Science Day.",NA,"503",NA
"Invest an extra $19.5 million in programs to provide intensive in-school mentoring for thousands of First Nations girls and young women.",NA,"503",NA
"Meet our 50:50 target for representation of women on government boards within the first term of government and set targets to boost women’s representation in senior public service roles.",NA,"503",NA
"Reform the Australian Honours System to better recognise women’s contributions to our community.",NA,"503",NA
"Appoint a female Governor General of Australia.",NA,"503",NA
"Restore the Time Use Survey so we can better value women’s unpaid work; acknowledge its economic importance and drive better policy making.",NA,"503",NA
"Establish a new framework for gender responsive policy development and decision making, including restoring the annual Women’s Budget Statement.",NA,"503",NA
"Labor will pay for these commitments by making multinationals pay their fair share and closing tax loopholes used by the top end of town.",NA,"503",NA
"Whistleblower Protections",NA,"H",NA
"A Shorten Labor Government will protect and reward the brave Australians who blow the whistle on crime and corruption, including in the banking and financial sector.",NA,"201.2",NA
"LABOR’S PLAN",NA,"H",NA
"Set up a Whistleblower Rewards Scheme;",NA,"201.2",NA
"Establish a Whistleblower Protection Authority;",NA,"201.2",NA
"Overhaul our whistleblowing laws with a single Whistleblowing Act; and",NA,"201.2",NA
"Fund a special prosecutor to bring corporate criminals to justice.",NA,"201.2",NA
"A Shorten Labor Government will create a single Australian Whistleblowing Act, consolidating all mainstream whistleblowing legislation into one Act so that whistleblowers can readily understand how they are protected.",NA,"201.2",NA
"We will pay for it by making multinationals pay their fair share and closing tax loopholes used by the top end of town.",NA,"403",NA
"Restoring Integrity To Judicial Appointments",NA,"H",NA
"A Shorten Labor government will restore the rigorous, transparent and accountable judicial appointments process Labor adopted when last in government, and apply a similar process to the Administrative Appeals Tribunal (AAT) for the first time.",NA,"202.1",NA
"LABOR’S PLAN",NA,"H",NA
"Under the policy, first introduced by former Attorney-General Robert McClelland, vacancies will be advertised publicly, and an independent panel will form a shortlist of potential appointees for consideration by the Attorney-General.",NA,"202.1",NA
"While judicial appointments ultimately remain the prerogative of the Attorney-General and Cabinet,",NA,"202.1",NA
"should an appointment be made outside of the shortlist, Parliament must be notified with a short explanation why.",NA,"202.1",NA
"Labor will commit to a similar process for appointments to the AAT, which has been used by the Liberals to gift jobs that pay nearly $400,000 a year to former Liberal candidates, donors, staffers, and former MPs.",NA,"202.1",NA
"Corporate Bribery",NA,"H",NA
"A Shorten Labor Government will overhaul Australia’s response to corporate bribery.",NA,"304",NA
"The World Bank estimates that $1.5 trillion in bribes are paid each year by businesses and individuals.",NA,"304",NA
"This represents about two percent of global GDP – and 10 times the value of overseas development assistance.",NA,"304",NA
"Australia’s anti-corporate bribery regime is ineffective, unworkable and contradictory.",NA,"304",NA
"Despite regular media reports of criminal conduct, just two foreign bribery prosecutions have resulted in convictions under Australian law.",NA,"304",NA
"LABOR’S PLAN",NA,"H",NA
"Labor believes that companies doing the wrong thing must be caught and brought to justice.",NA,"304",NA
"A Shorten Labor Government will:Remove the facilitation payment defence, which currently allows companies to make small, tax-deductible bribes;",NA,"304",NA
"Introduce a debarment regime to ban companies engaged in bribery from Federal Government contracts;",NA,"304",NA
"Demand any Deferred Prosecution Agreement regime is tough on companies breaking the law; and",NA,"304",NA
"Establish a national anti-bribery regime to ensure our federal law outlaws public and private bribery.",NA,"304",NA
"We will pay for it by making multinationals pay their fair share and closing tax loopholes used by the top end of town.",NA,"403",NA
"Victorian Pride Centre and Joy FM",NA,"H",NA
"The world-class Victorian Pride Centre project in St Kilda will be delivered in full thanks to a $10 million investment from Federal Labor.",NA,"503",NA
"LABOR’S PLAN",NA,"H",NA
"Eight major LGBTIQ community organisations will call the Centre home including radio station JOY 94.9, Thorne Harbour Health, the Australian Lesbian and Gay Archives, and counselling service Switchboard.",NA,"503",NA
"In addition to Federal Labor’s $10 million investment, JOY 94.9 will also benefit from an extra $600,000 to build new studios in the Victorian Pride Centre and upgrade to digital broadcasting.",NA,"503",NA
"JOY 94.9 is the only LGBTIQ radio station in Australia, and an important voice for the community.",NA,"503",NA
"Our investment will help JOY 94.9’s excellent work reach an even bigger audience.",NA,"503",NA
"Supporting the LGBTIQ community will be a priority for a Shorten Labor Government.",NA,"503",NA
"We stood with LGBTIQ Australians to fight for marriage equality,",NA,"503",NA
"and we will change the law to protect gay students and teachers from discrimination – once and for all.",NA,"503",NA
"Federal Labor’s $10 million investment means the Victorian Pride Centre project is now fully funded.",NA,"503",NA
"It comes on top of significant commitments from the Andrews Labor Government in Victoria, the City of Port Phillip, and the Victorian AIDS Council (now Thorne Harbour Health).",NA,"503",NA
"This is a true team effort.",NA,"503",NA
"The Victorian Pride Centre will also serve as the headquarters for Midsumma Festival, the Melbourne Queer Film Festival, the youth group Minus 18, the Australian LGBTIQ Multicultural Council, and Team Melbourne, a peak organisation representing over 20 LGBTIQ sporting clubs.",NA,"503",NA
"We will pay for it by making multinationals pay their fair share and closing tax loopholes used by the top end of town.",NA,"403",NA
"Labor's Plan For Advanced Manufacturing Jobs",NA,"H",NA
"Labor's Plan For Advanced Manufacturing Jobs",NA,"H",NA
"A Shorten Labor Government will establish a $1 billion Advanced Manufacturing Future Fund (AMFF) to help innovative Australian manufacturers expand their businesses",NA,"402",NA
"and create new jobs.",NA,"701",NA
"The Advanced Manufacturing Future Fund will support firms that find it difficult to obtain private sources of finance.",NA,"402",NA
"Lack of access to finance is a key impediment to the ability of Australian small and medium enterprises (SMEs) to grow and adopt new technologies.",NA,"402",NA
"Recent ABS data states that 52 per cent of manufacturers faced barriers to the introduction of new goods, services, processes or methods, and that of these 25 per cent reported a “lack of access to additional funds” as a barrier.",NA,"402",NA
"The Abbott-Turnbull-Morrison Liberals gutted Australia’s industry and innovation programs when they came to office, abolishing Industry Innovation Precincts, Commercialisation Australia and Enterprise Connect.",NA,"402",NA
"The Liberals goaded Holden and Toyota into leaving Australia, effectively ending the historic Australian automotive production industry and dozens of supporting industries that were part of its supply chain.",NA,"402",NA
"The Liberals refused to implement adequate transition policies for the workers in both the production plants and supply chain firms.",NA,"701",NA
"LABOR’S PLAN:",NA,"H",NA
"The Advanced Manufacturing Future Fund will be modelled on Labor’s highly successful Clean Energy Finance Corporation (CEFC).",NA,"402",NA
"It will facilitate investment in advanced manufacturing, engineering and design by partnering with private finance to reduce the perceived risk in innovative projects.",NA,"402",NA
"Reducing that risk will make these projects more attractive to lenders of private capital.",NA,"401",NA
"Building on what we know works from the CEFC, the Fund will continue Labor’s work in developing an innovative industry policy for the future.",NA,"402",NA
"The Fund will apply commercial rigour when making investments, and will offer financing including, but not limited to, equity, concessional loans and loan guarantees.",NA,"402",NA
"A Labor Government would, via the Fund’s board, request that priority be given to transformative investments in the automotive manufacturing and food manufacturing sectors.",NA,"402",NA
"We will pay for the Fund by making multinationals pay their fair share of tax and closing tax loopholes used by the top end of town.",NA,"403",NA
"The policy has a budget cost of $68 million over the forward estimates.",NA,"402",NA
"Royal Commission Into Violence And Abuse Against People With Disability",NA,"H",NA
"The Royal Commission into violence, abuse, neglect and exploitation of people with disability is a critically important step for Australia and is fully supported by Labor.",NA,"503",NA
"Labor committed to a Royal Commission two years ago.",NA,"503",NA
"In contrast the Abbott-Turnbull-Morrison Government voted against a Royal Commission twice.",NA,"503",NA
"A Royal Commission is important because it will have the power to compel witnesses, evidence and testimony.",NA,"503",NA
"The mistreatment of Australians with disability is a national shame and this Royal Commission must be a turning point for our country.",NA,"503",NA
"It must lead to deep and lasting changes, not just in the way governments and services work – but in the way people with disability are regarded and included by society.",NA,"503",NA
"Labor is very disappointed that the terms of reference for the Royal Commission do not make any reference to the investigation of redress.",NA,"503",NA
"This must be investigated as part of a process of justice and healing.",NA,"503",NA
"A Shorten Labor Government will amend the Terms of Reference for the Inquiry to include the investigation of redress.",NA,"503",NA
"People with disability, their families and advocates have long been campaigning for a Royal Commission. It is overdue.",NA,"503",NA
"A future Labor Government will make sure people have the support they need to fully participate in the inquiry.",NA,"503",NA
"In addition to voting against a Royal Commission into violence and abuse against people with disability twice, the Liberals resorted to desperate tactics – including the longest Question Time in history – to avoid establishing one.",NA,"503",NA
"Australians with disability deserve full and equal citizenship.",NA,"503",NA
"That means equal opportunities in all parts of life, including education, employment, health, justice and civil society.",NA,"503",NA
"Labor's Plan For Stronger Gas Export Controls",NA,"H",NA
"Labor's Plan For Stronger Gas Export Controls",NA,"H",NA
"A Shorten Labor Government will ensure Australia’s energy needs are put first, introducing measures to boost local gas supply,",NA,"404",NA
"put downward pressure on gas prices",NA,"412",NA
"and protect Australian jobs.",NA,"701",NA
"Australia produces two times more gas than we consume.",NA,"404",NA
"We are the second largest gas exporter in the world, and projected to become the largest.",NA,"404",NA
"Yet gas prices have skyrocketed in the face of supply shortages,",NA,"412",NA
"putting manufacturing jobs at risk",NA,"701",NA
"and impacting our electricity security.",NA,"404",NA
"The Liberals have refused to take real action to address the impact that soaring gas exports are having on Australian gas users, especially manufacturers.",NA,"404",NA
"The Liberals have preferred to blame others while they enter handshake agreements with the big gas exporters.",NA,"404",NA
"LABOR’S PLAN:",NA,"H",NA
"Labor will:Introduce a permanent export control trigger put downward pressure on gas prices",NA,"412",NA
"and protect Australian jobs.",NA,"701",NA
"This can be pulled when gas prices are too high, not just when a gas shortfall is forecast.",NA,"412",NA
"If prices are too high – based on a benchmark set by the ACCC – then the trigger can be pulled to enact export controls.",NA,"412",NA
"Boost supply for domestic use by introducing a National Interest Test that applies to all new LNG export facilities or significant expansions of existing facilities.",NA,"404",NA
"This would mean that domestic use will be a consideration in the approval of these projects.",NA,"404",NA
"Give the ACCC new powers to monitor prices and crack down on anti-competitive behaviour in the gas market that causes inflated prices, and to make the market more transparent and competitive.",NA,"412",NA
"Establish an expert panel, the Domestic Gas Review Board, to oversee the application of the National Interest Test and the permanent gas export control trigger.",NA,"412",NA
"We will work with manufacturers and industry on the implementation of Labor’s plan to build a sustainable gas industry, including an export industry, that operates in our national interest and puts Australian jobs and gas users first.",NA,"404",NA
"Labor's Plan For Energy Efficiency",NA,"H",NA
"Labor's Plan For Energy Efficiency",NA,"H",NA
"A Shorten Labor Government will implement a comprehensive plan to improve energy productivity in industry,",NA,"416.2",NA
"to cut power bills for households and businesses",NA,"412",NA
"and reduce pollution.",NA,"501",NA
"Australian industry and households can substantially reduce energy bills by improving energy efficiency and decreasing energy waste, getting more out of each unit of energy.",NA,"416.2",NA
"This will improve industry competitiveness,",NA,"403",NA
"cut energy bills,",NA,"412",NA
"cut pollution",NA,"501",NA
"and importantly, protect and create jobs.",NA,"701",NA
"Australia’s level of energy efficiency is very low by international standards.",NA,"416.2",NA
"The latest American Council for an Energy Efficient Economy’s International Energy Efficiency Scorecard ranks Australia 18th in the total measure of energy efficiency, and 22nd in terms of industrial energy efficiency, just behind Russia.",NA,"416.2",NA
"Australia’s energy efficiency performance has also been falling over time.",NA,"416.2",NA
"Australia’s latest 18th overall energy efficiency ranking was preceded in 2016 by a ranking of 14th, and in 2014 by a ranking of 10th.",NA,"416.2",NA
"The International Energy Agency also ranked Australia last out of developed countries in energy efficiency policy and performance.",NA,"416.2",NA
"LABOR’S PLAN:",NA,"H",NA
"Labor will end the Liberals’ negligence when it comes to energy efficiency.",NA,"416.2",NA
"We will implement a comprehensive set of measures to get Australia on track to a more productive and lower energy cost economy,",NA,"416.2",NA
"cut power bills for households and businesses",NA,"412",NA
"and reduce pollution.",NA,"501",NA
"We will:Allow ARENA to support energy efficiency projects.",NA,"416.2",NA
"Re-focus the efforts of the Clean Energy Finance Corporation to increase its support for energy efficiency projects.",NA,"416.2",NA
"Introduce a Manufacturing Energy Efficiency Accelerator program with a thousand grants of $20,000 for Australian manufacturers to engage experts to provide manufacturers with energy efficiency advice and support.",NA,"416.2",NA
"Develop an accreditation system for energy auditors and training programs for manufacturers.",NA,"411",NA
"Revitalise energy efficiency reforms at COAG to enhance COAG’s National Energy Productivity Plan, reform energy efficiency governance, support the harmonisation of state-based Energy Efficiency Obligation schemes, and revitalise COAG’s efforts to introduce a National Home Comfort Rating System.",NA,"416.2",NA
"We will pay for it by making multinationals pay their fair share and closing tax loopholes used by the top end of town.",NA,"403",NA
"Labor's Plan For Building Safety",NA,"H",NA
"Labor's Plan For Building Safety",NA,"H",NA
"A Shorten Labor Government will re-regulate the building industry to reduce risks to public safety and prevent non-compliance.",NA,"403",NA
"Thirty years of deregulation in the building industry have failed to protect public safety.",NA,"403",NA
"Australians continue to see the importation of asbestos, the installation of non-compliant fire sprinkler systems, and buildings constructed with non-compliant flammable cladding.",NA,"403",NA
"Fires in high-rise buildings in Melbourne’s Docklands, London’s Grenfell Tower fire, and more recently Neo200 tower on Spencer Street, Melbourne, are stark reminders of the dangers of using non-compliant materials in construction.",NA,"403",NA
"And, the cracks in Sydney’s Opal building show that it is not only in disastrous fires that privatisation and deregulation have failed consumers.",NA,"403",NA
"The Liberals only have one strategy to deal with building fire safety and regulation – hope.",NA,"403",NA
"All the Liberals have done is to blame the states and issue media releases saying “trust us”, while dismissing a ban on flammable cladding as “impractical and impossible”.",NA,"403",NA
"The Liberals have completely abdicated responsibility for public safety.",NA,"403",NA
"LABOR’S PLAN:",NA,"H",NA
"A Shorten Labor Government will better protect Australians in their homes and workplaces by:Establishing a national licencing scheme for all building practitioners, with requirements for continued professional development.",NA,"403",NA
"Introducing a new penalties regime for practitioners who breach the National Construction Code.",NA,"403",NA
"Banning the importation, future sale and use of flammable cladding with a polyethylene (PE) core.",NA,"403",NA
"Re-establishment of the Minister for Industry – not the Assistant Minister – as Chair of the Building Ministers’ Forum.",NA,"403",NA
"The regulatory and enforcement regime is broken, and national action is required to restore compliance with the National Construction Code and toughen up penalties.",NA,"403",NA
"A Shorten Labor Government will work with state and territory governments to design a national licencing scheme for building practitioners.",NA,"403",NA
"This would include installers, fire protection practitioners, certifiers and surveyors – many of whom are not currently subject to formal licencing or inspection.",NA,"403",NA
"By establishing a national licencing regime, separate to the Federal Safety Commissioner’s existing role, we will restore integrity to a fragmented system that is spread over a mishmash of eight jurisdictions and 19 regulators, all of which have different requirements and standards for building practitioners.",NA,"403",NA
"As part of the national licencing scheme negotiations, Labor will also develop and implement a more efficient and consistent penalties process, with stronger sanctions for breaches of the National Construction Code.",NA,"403",NA
"Compliance with building regulations must be enforced in order to restore accountability to the industry.",NA,"403",NA
"We will pay for it by making multinationals pay their fair share of tax and closing tax loopholes used by the top end of town.",NA,"403",NA
"Labor's Plan For Rail Manufacturing Jobs",NA,"H",NA
"Labor's Plan For Rail Manufacturing Jobs",NA,"H",NA
"A Shorten Labor Government will ensure that more trains are built in Australia by local workers.",NA,"701",NA
"We will establish a National Rail Plan to ensure that every dollar of Federal funding spent on rail projects goes towards creating local jobs and protecting our rail industry.",NA,"701",NA
"Australia will spend more on rail in the next decade than on submarines.",NA,"411",NA
"Labor believes that investment in rail should create local jobs",NA,"701",NA
"and boost our domestic manufacturing capability – rather than just flowing to overseas industry competitors.",NA,"406",NA
"Australia’s state-based rail manufacturing sector is fragmented, inefficient and disconnected.",NA,"411",NA
"At present, states and territories are not required to coordinate or benchmark their procurement of rail infrastructure and rolling stock.",NA,"411",NA
"Due to this lack of coordination, rail manufacturing has operated on a ‘boom and bust’ business cycle, with very high volume years sometimes followed with years in which no orders are placed at all.",NA,"411",NA
"Labor is serious about investing in rail.",NA,"411",NA
"We have committed $3.7 billion to new urban rail infrastructure around the country.",NA,"411",NA
"Governments and private companies will spend more than $100 billion on rail-based public transport projects throughout Australia in the next two decades, and a national plan is crucial to ensure we harness the massive opportunities that will arise from this investment.",NA,"411",NA
"A national plan will deliver more jobs",NA,"701",NA
"and a more productive rail manufacturing industry.",NA,"411",NA
"Liberal governments across Australia have tried to justify overseas procurement as providing “better value for taxpayers”.",NA,"411",NA
"But introduction of these off-the-shelf purchases has revealed the holes in that argument, with rolling stock turning out to be not fit for purpose and requiring onshore modification.",NA,"411",NA
"NSW’s Korean-built intercity trains are wider bodied than existing trains and required extensive platform modifications, and Queensland Rail’s Next Generation Rolling Stock had to undergo extensive modification at Downer Rail’s workshop in Maryborough.",NA,"411",NA
"LABOR’S PLAN:",NA,"H",NA
"Labor will work with the states and territories through the Council of Australian Governments to develop a National Rail Procurement and Manufacturing Strategy.",NA,"411",NA
"As part of this strategy, future Commonwealth grant funding for rail infrastructure projects will be linked to objectives such as work being undertaken in Australia and jurisdictions cooperating on procurement.",NA,"411",NA
"Labor will also: · Establish an Office of National Rail Industry Coordination to undertake a national audit of the adequacy, capacity and condition of passenger trains nationally and to develop train priority plans, including a proposed delivery schedule, for the next 10 years.",NA,"411",NA
"· Reinstate the important role of the Rail Supplier Advocate – cut by the Liberals in 2013 – to help small and medium-sized enterprises identify export opportunities and get a foot in the door with government purchasing bodies.",NA,"411",NA
"· Establish a Rail Industry Innovation Council to prevent the loss of more jobs",NA,"701",NA
"and address the need for more local research & development, skills and capabilities.",NA,"411",NA
"The policy has a budget cost of $7.9 million over the forward estimates.",NA,"411",NA
"We will pay for it by making multinationals pay their fair share of tax and closing tax loopholes used by the top end of town.",NA,"403",NA
"Labor's Commitment to Multicultural Australia",NA,"H",NA
"Labor's Commitment to Multicultural Australia",NA,"H",NA
"Australia is a nation of 25 million stories from all corners of the globe and our diversity makes us one of the most multicultural countries on earth.",NA,"607.1",NA
"Labor is committed to greater inclusion and ensuring that all Australians know they are valued for their contribution.",NA,"607.1",NA
"We have a plan to deliver a Fair Go for Multicultural Australia.",NA,"607.1",NA
"MULTICULTURAL AGED CARE EXPANSION",NA,"H",NA
"A Shorten Labor Government will invest $100 million to expand access to culturally appropriate aged care facilities throughout Australia.",NA,"607.1",NA
"This new funding will support new facilities, as well as upgrades and improvements to existing facilities that service our diverse ethnic communities.",NA,"607.1",NA
"Labor will ensure ageing Australians are in an environment where the language, food, and surroundings are familiar.",NA,"607.2",NA
"We know how important it is for people in aged care to be comfortable and secure so they can age with dignity.",NA,"607.2",NA
"There remains a need for cultural sensitivity across all areas of aged care, including wellbeing and rehabilitation, not just palliative or end-of-life care.",NA,"607.2",NA
"LONG STAY PARENT VISA",NA,"H",NA
"A Shorten Labor Government will deliver a fairer Long Stay Parent visa so that Australian families from migrant and multicultural backgrounds can reunite with their loved ones and so grandparents can have quality time with their grandchildren.",NA,"607.2",NA
"Labor’s visa will be uncapped – available for both sets of parents – and is one quarter of the cost of the Liberals’ visa.",NA,"607.2",NA
"Labor knows that modern Australia and multicultural Australia are the same thing – which is why we value families being able to spend time together and help each other.",NA,"607.2",NA
"PROTECTING 18C",NA,"H",NA
"Labor is proud of Australia’s multicultural society, and believes every Australian deserves the right to live free from racial and ethnic vilification.",NA,"607.1",NA
"Section 18C of the Racial Discrimination Act has served Australia well for more than two decades and we have resisted attempts by the conservatives to abolish it.",NA,"607.1",NA
"The only outcome from repealing section 18C of the Racial Discrimination Act would be more hate speech.",NA,"607.1",NA
"Labor will continue to fight for important protections against racial hate speech in Australia, including 18C.",NA,"607.1",NA
"CITIZENSHIP",NA,"H",NA
"A Shorten Labor Government strongly opposes unfair changes to the Australian citizenship law.",NA,"607.2",NA
"Scott Morrison and the Liberals are saying to migrants that unless you can speak university-level English, you will not be allowed to become an Australian citizen.",NA,"607.2",NA
"Labor rejects these unfair changes.",NA,"607.2",NA
"Labor believes everyone who lives in Australia should have the opportunity to attain conversational-level English and we will provide the resources to help them.",NA,"607.2",NA
"That is the appropriate standard applied in the current test for Australian Citizenship and we will stick with it.",NA,"607.2",NA
"COMMUNITY LANGUAGE PROGRAM",NA,"H",NA
"A Shorten Labor Government will invest an extra $8 million in community language schools so that more Australian children get the chance to learn other languages.",NA,"607.2",NA
"Grants of up to $25,000 per school will go towards the cost of setting up a new school, extending classes to pre-schoolers, better teacher training or more classroom resources.",NA,"607.2",NA
"Community language schools have been operating in Australia for more than 150 years.",NA,"607.2",NA
"There are now about 700 community language schools across the country, teaching around 100,000 students in over 80 languages.",NA,"607.2",NA
"Community language schools contribute to Australia’s standing as a successful multicultural nation.",NA,"607.2",NA
"They help preserve and celebrate cultures and traditions and promote diversity, inclusion, and respect.",NA,"607.2",NA
"We will pay for this commitment by making multinationals pay their fair share and closing tax loopholes used by the top end of town.",NA,"607.2",NA
"Labor's Plan For A National Inquiry Into Research",NA,"H",NA
"Labor's Plan For A National Inquiry Into Research",NA,"H",NA
"Labor will institute a once in a generation inquiry into the Commonwealth Government’s research system, to be led by Professor Ian Chubb, former Chief Scientist of Australia and former Vice Chancellor of the Australian National University.",NA,"411",NA
"Australia’s overall research framework and its coherence have not had serious review for years.",NA,"411",NA
"In the meantime, marginal changes have been made to policy, funding cuts have been imposed and political interference has left behind a system that could benefit from a root-and-branch examination.",NA,"411",NA
"This is not novel or unique to Australia.",NA,"411",NA
"Most notably both the United Kingdom and Canada have recently undertaken and implemented reviews to ensure that maximum value is obtained from the public investment in research.",NA,"411",NA
"In 2015 Sir Paul Nurse conducted a review of research funding – Ensuring a successful UK research endeavour.",NA,"411",NA
"The review recommended the establishment of a new body, UK Research and Innovation, to provide better co-ordination and coherence to the UK’s various funding councils and research funders.",NA,"411",NA
"In Canada the Fundamental Science Review, colloquially known as the Naylor Review, inquired into federally funded research.",NA,"411",NA
"Its final report, Investing in Canada’s future: Strengthening the Foundations of Canadian Research, led to the creation of the Canadian Research Coordinating Committee, the establishment of a Tri-Agency Fund to streamline research funding and the Innovation Superclusters Initiative on key areas of dense government and business activity.",NA,"411",NA
"We must ensure that Australia maintains its international competitive advantage, and that we do not lose our capacity to attract and retain the world’s best researchers.",NA,"411",NA
"The Abbott-Turnbull-Morrison Government has broken the relationship between the Commonwealth and the Australian research community.",NA,"411",NA
"They have constantly interfered and manipulated on political and ideological grounds.",NA,"411",NA
"Time and time again they have demonstrated their contempt for Australia’s research enterprise.",NA,"411",NA
"Under Labor this will change.",NA,"411",NA
"LABOR’S PLAN:",NA,"H",NA
"Labor will establish a review into Research in Australia.",NA,"411",NA
"The review will focus on international best practice in organising our research system and the need to maintain our capacity for basic and translational research.",NA,"411",NA
"The review will be expected to provide the government with a comprehensive explanation of Australia’s research effort – its coherence and its quality, its gaps and its needs.",NA,"411",NA
"The assessment of the overall research framework will be conducted by Professor Ian Chubb AC FAA FTSE FACE FRSN.",NA,"411",NA
"He will be supported by an Advisory Group that will include members whose background gives them a broad perspective on the research sector.",NA,"411",NA
"The Group will include: Professor Christobel Saunders AO FRCS FRACS FAAHMS, University of Western Australia;Professor Emma Johnston AO FRSN, University of New South Wales; Professor Karen Hussey University of Queensland;Mr Phil Clark AM, JP Morgan Advisory Council;Professor Glyn Davis AC FASSA FIIPA",NA,"411",NA
"Additional members will be announced in due course.",NA,"411",NA
"NDIS - More Jobs Better Services",NA,"H",NA
"NDIS - More Jobs Better Services",NA,"H",NA
"A Shorten Labor Government will get the NDIS back on track by investing $40 million in local NDIS workforce trials and urgently developing a national NDIS workforce strategy.",NA,"701",NA
"LABOR’S PLAN",NA,"H",NA
"A Shorten Labor Government will establish two-year local NDIS workforce trials in 2020 and 2021 to sustainably grow and maintain a skilled NDIS workforce.",NA,"701",NA
"The trials will be flexible and place-based.",NA,"701",NA
"They will be a partnership between people with disability, providers, TAFE, government and workers.",NA,"701",NA
"This plan will help locals get the skills they need to fill the 90,000 NDIS jobs that will be created in the next five years.",NA,"701",NA
"The NDIS workforce trials will have three components: 1. Ensuring NDIS workers have the foundation skills they need, with up to 3,000 training support payments of $2,000 for induction training.",NA,"411",NA
"2. Supporting NDIS workers to achieve Certificate III qualifications, with up to 2,000 training support payments of $4,000.",NA,"701",NA
"3. Providing a portable professional development entitlement for NDIS workers, with up to 5,000 training support payments of $750 per year, so people can take time off work to specialise and upgrade their skills.",NA,"411",NA
"The trials will establish the best flexible local solutions to skills shortages; gaps in the training curriculum and course availability; and barriers to getting the right people working in the NDIS.",NA,"411",NA
"Labor knows that making ends meet while training is one of the main barriers to people taking up NDIS job opportunities.",NA,"701",NA
"This is true for people looking to start working in the sector for the first time; and for existing workers looking to upgrade their qualifications and specialise, often by studying and working part-time.",NA,"701",NA
"Students in the trials will not have out-of-pocket training costs because Labor will scrap up-front TAFE fees for 100,000 students, including 20,000 students studying to get skills for the NDIS and aged care.",NA,"701",NA
"The initial trial sites will be:Canberra – where the NDIS is creating between 1,000 and 1,200 new jobs.",NA,"701",NA
"Townsville region – where the NDIS is creating between 800 and 950 new jobs.",NA,"701",NA
"Joondalup – where the NDIS roll-out is just beginning and hundreds of new workers will be needed.",NA,"701",NA
"A Shorten Labor Government will work with state and territory governments to expand the workforce trial to other locations.",NA,"701",NA
"A Shorten Labor Government will also develop a comprehensive national NDIS workforce strategy.",NA,"701",NA
"This will be done in partnership with people with disability, families and advocates; service providers; state and territory governments; TAFE; and workers.",NA,"405",NA
"A Shorten Labor Government will invest $40 million in building the NDIS workforce over the forward estimates.",NA,"701",NA
"We will pay for it by making multinationals pay their fair share and closing tax loopholes used by the top end of town.",NA,"403",NA
"Why is this needed?",NA,"701",NA
"Scott Morrison and the Liberals have short-changed the NDIS and the Australians who rely on it by delaying the rollout and capping staff in a bid to deliver a surplus.",NA,"701",NA
"The Liberals’ budget includes a $1.6 billion NDIS underspend next year alone.",NA,"701",NA
"This is a direct result of their failure to deliver the NDIS as promised.",NA,"701",NA
"77,000 people are missing out on the NDIS and people are using just 50 per cent of their first NDIS plan, largely because local services and a trained workforce simply aren’t available.",NA,"701",NA
"The NDIS is creating one in five new jobs.",NA,"701",NA
"Up to 90,000 extra NDIS workers will be needed over the next five years, with support workers making up over 70 per cent of these new jobs.",NA,"701",NA
"Over the last six years, the Liberals have failed to plan for the growing NDIS workforce.",NA,"701",NA
"As a result, people with disability often cannot access the services they need, and locals are missing out on new job opportunities.",NA,"701",NA
"Labor’s plan will help:People with disability, their families and carers.",NA,"503",NA
"NDIS workers and those wanting a rewarding job in disability care.",NA,"701",NA
"National Principals Academy",NA,"H",NA
"National Principals Academy",NA,"H",NA
"A Shorten Labor Government will establish a new National Principals’ Academy to give thousands of Australian principals advanced leadership training and support.",NA,"506",NA
"We know that school leaders can have a dramatic impact on the performance of students.",NA,"506",NA
"That’s why we want to help principals be the best they can be.",NA,"506",NA
"Training offered by the Academy will focus on advanced leadership, teaching and learning.",NA,"506",NA
"The training will be available to current and aspiring school principals, as well as other school leaders.",NA,"506",NA
"Labor wants Australia to have the best school system in the world.",NA,"506",NA
"To achieve that, we need the best possible school leadership.",NA,"506",NA
"We will pay for it by making multinationals pay their fair share and closing tax loopholes used by the top end of town.",NA,"403",NA
"Research Integrity",NA,"H",NA
"Labor's Plan for Research Integrity",NA,"H",NA
"A Shorten Labor Government will restore integrity to the Australian Research Council and end the political manipulation of world-class, peer-reviewed assessment of competitive grants.",NA,"411",NA
"Australia has two major research funding councils, The Australian Research Council (ARC) and the National Health and Medical Research Council (NHMRC).",NA,"411",NA
"The job of these councils is to ensure our nation has strong, effective processes to make sure only the best research gets funded.",NA,"411",NA
"The Abbott-Turnbull-Morrison Government’s secret political interventions into the ARC grant process has been exposed, as has the Liberals’ obsession with playing culture war games and suppressing expert advice they don’t like.",NA,"411",NA
"They have also abandoned measures that ensured a Minister’s refusal to sign off on ARC recommendations for funding would be fully transparent.",NA,"411",NA
"For a century, Australia’s research system has been guided by the principle that politicians should not be allowed to pick and choose what research gets conducted or funded at universities.",NA,"411",NA
"In the UK this is called the Haldane principle.",NA,"411",NA
"These basic protections are not enshrined in law.",NA,"411",NA
"They should not need to be, but the actions of Liberal ministers have made it necessary.",NA,"411",NA
"The Abbott-Turnbull-Morrison Government has broken the relationship between the Commonwealth and the Australian research community.",NA,"411",NA
"They have constantly interfered and manipulated, on political and ideological grounds, in the allocation of science and research funding.",NA,"411",NA
"Time and time again they have demonstrated their contempt for Australia’s research enterprise.",NA,"411",NA
"Only Labor will end the war on research.",NA,"411",NA
"LABOR’S PLAN:",NA,"H",NA
"Labor will legislate to restore the integrity of the Australian Research Council.",NA,"411",NA
"Our legislation will place an explicit reference to an Australian interpretation of the Haldane principle – that politicians should not pick and choose individual research projects based on political whim – into the objects of the Australian Research Council Act.",NA,"411",NA
"We will also legislate a requirement that ministers must table an explanation in Parliament within 15 sitting days of rejecting a recommendation of funding by the Chief Executive Officer of the ARC.",NA,"411",NA
"Further changes, if required, will be informed by Professor Chubb’s Research in Australia review.",NA,"411",NA
"Students with Disability",NA,"H",NA
"Support for Students with Disability",NA,"H",NA
"A Shorten Labor Government will invest an extra $300 million to ensure students with disability get the support they need at school.",NA,"503",NA
"Under the Liberals, many students with disability are missing out on the help they need.",NA,"503",NA
"Labor’s investment is a significant contribution towards making sure that students with disability can reach their full potential in every school and school system.",NA,"503",NA
"Our commitment is in addition to the disability loading included as part of needs-based school funding.",NA,"503",NA
"It will be allocated on a per student basis consistent with the current disability loading.",NA,"503",NA
"The extra funding will deliver individualised learning for students with disability by paying for more teachers, teacher aides, teacher training, updated technology, or upgrades to school facilities to improve access.",NA,"503",NA
"We will pay for it by making multinationals pay their fair share and closing tax loopholes used by the top end of town.",NA,"403",NA
"Swim Smart",NA,"H",NA
"Swim Smart",NA,"H",NA
"A Shorten Labor Government will make sure Australian children have access to swimming and water safety lessons in primary school.",NA,"504",NA
"In 2017-18, nearly 250 people drowned in Australian waterways.",NA,"504",NA
"One in five drownings were people under the age of 25.",NA,"504",NA
"We want to make sure Australian children are strong swimmers and safe in the water.",NA,"504",NA
"Currently, access to school-based swimming lessons is inconsistent, with access depending on the location, type of school and whether their parents can afford private lessons.",NA,"504",NA
"Currently, about one in five children leave primary school unable to swim 50 metres.",NA,"504",NA
"This is unfair and unsafe.",NA,"504",NA
"We don’t want children to miss out.",NA,"504",NA
"LABOR’S PLAN",NA,"H",NA
"From the 2020 school year, we will fund additional swimming lessons for schools that need it, catch-up lessons for children needing extra support, and more support for the cost of transport and pool entry fees.",NA,"504",NA
"Labor will work with States and Territories, Catholic and Independent schools to deliver the program to schools who require extra support.",NA,"504",NA
"We will also work with local government, swim schools and lifesaving clubs to help ensure students have access.",NA,"504",NA
"The program will also provide additional support to children with disability, to ensure they can participate in water safety and learn to swim programs just like their classmates.",NA,"504",NA
"This policy will have a budget cost of $64 million over the forward estimates and will be in addition to existing State and Territory programs.",NA,"504",NA
"We will pay for it by making multinationals pay their fair share and closing tax loopholes used by the top end of town.",NA,"403",NA
"Bursaries for Top Achievers",NA,"H",NA
"Bursaries for Top Achievers",NA,"506",NA
"A Shorten Labor Government will give our nation’s top achievers bursaries of up to $40,000 to encourage the best and brightest Australians into teaching.",NA,"506",NA
"Year 12 students with exceptional marks and people with outstanding achievement at university or in the workforce will compete for up to 1,000 cash bonuses each year.",NA,"506",NA
"The tax-free bursaries of $10,000 per annum will be paid to recipients for the duration of a teaching degree, up to a maximum of four years.",NA,"506",NA
"After graduating, recipients will be expected to work in public schools for between one and four years, depending on how long they received the bursary.",NA,"506",NA
"We will pay for it by making multinationals pay their fair share and closing tax loopholes used by the top end of town.",NA,"403",NA
"Community Language Schools",NA,"H",NA
"Community Language Schools",NA,"H",NA
"A Shorten Labor Government will invest an extra $8 million in community language schools so more Australian children get the chance to learn other languages, including pre-schoolers.",NA,"607.1",NA
"Currently, community language schools teach mostly school age children, but the younger someone starts learning another language, the easier it is to pick up.",NA,"607.1",NA
"LABOR’S PLAN",NA,"H",NA
"Grants of up to $25,000 per school will allow language programs to be expanded to preschool children.",NA,"607.1",NA
"The grants could also go towards the costs of setting up a new school, better teacher training, or classroom resources.",NA,"506",NA
"Community language schools have been operating in Australia for more than 150 years.",NA,"607.1",NA
"There are now about 700 community language schools across the country, teaching around 100,000 students in over 80 languages.",NA,"607.1",NA
"The more Australians we have learning languages other than English, the better for our economy and our society.",NA,"607.1",NA
"Community language schools contribute to Australia’s standing as a successful multicultural nation.",NA,"607.1",NA
"They help preserve and celebrate cultures and traditions as well as promote diversity, inclusion, and respect.",NA,"607.1",NA
"This policy has a cost of $8 million over the forward estimates.",NA,"607.1",NA
"We will pay for it by making multinationals pay their fair share and closing tax loopholes used by the top end of town.",NA,"403",NA
"Evidence Institute for Schools",NA,"H",NA
"Labor will establish a $275 million research institute – the Evidence Institute for Schools - that will help improve schools and early childhood education centres by ensuring teachers and parents have high quality research at their fingertips.",NA,"411",NA
"This is about making sure that we have the right research to inform teachers and early educators, and to help them refine and improve what they do together in schools.",NA,"411",NA
"LABOR’S PLAN",NA,"H",NA
"Labor’s Evidence Institute for Schools will be independent of government.",NA,"411",NA
"The Institute will:1. Commission new research.",NA,"411",NA
"The Institute will involve thousands of schools in ground-breaking research and include teachers as researchers.",NA,"411",NA
"The research priorities will be determined by the key concerns of principals, teachers, and parents.",NA,"411",NA
"2. Help teachers and early educators stay up-to-date.",NA,"506",NA
"The Institute will ensure free toolkits, implementation resources, and practice guides are available which summarises evidence, making it easily applicable to the classroom setting.",NA,"506",NA
"3. Save money and lift standards.",NA,"506",NA
"The Institute will undertake independent program reviews that assess the many programs being promoted and sold into schools.",NA,"506",NA
"Thousands of products are being promoted that claim to improve educational outcomes.",NA,"506",NA
"Schools shouldn’t waste money on ones that don’t work.",NA,"506",NA
"4. Help schools doing excellent work to share their success with other schools.",NA,"506",NA
"We want to make best practice common practice.",NA,"506",NA
"Schools will be identified and supported in collaboration with States and Territories and the non-government sector.",NA,"506",NA
"The Institute will help make sure Labor’s extra investment in schools’ funding achieves better results for our children, so we can quickly scale up programs that work, and dump those that don’t.",NA,"506",NA
"We will pay for it by making multinationals pay their fair share and closing tax loopholes used by the top end of town.",NA,"403",NA
"Asian Languages and Literacy",NA,"H",NA
"Asian Languages and Literacy",NA,"H",NA
"A Shorten Labor Government will get more Australians studying Asian languages to ensure the next generation is prepared for the jobs and economic opportunities of the Asian century.",NA,"607.1",NA
"Asia is home to the fastest-growing middle class on earth, and Australia is right on its doorstep.",NA,"607.1",NA
"Almost nine in 10 of the next billion middle class consumers will be Asian.",NA,"607.1",NA
"For Australian business to realise the most economic benefit, we must urgently improve on Asian languages and literacy.",NA,"607.1",NA
"In recent years, the proportion of school students choosing to study Asian languages in Year 12 has stagnated, and in some cases, gone backwards.",NA,"607.1",NA
"LABOR’S PLAN",NA,"H",NA
"Our plan will: 1. Boost the supply of Asian language teachers.",NA,"607.1",NA
"Up to 100 scholarships a year for Australians who are Asian language native speakers and for top performers in priority Asian languages in Year 12, to go on to study a teaching qualification.",NA,"607.1",NA
"2. Establish a new nationwide FutureAsia – Asia Capable Schools program.",NA,"607.1",NA
"Intensive training for 5,000 principals and senior teachers to drive sustained whole-of-school change by supporting them to make the necessary updates to their curriculum and teacher capability.",NA,"607.1",NA
"The training will cover the skills students will need for the Australian jobs created in the Asian Century, as well as Asian languages, histories, geographies, arts, literature, and how these translate to the school curriculum.",NA,"701",NA
"Labor would also seek matching funding from the States so this program can be rolled out for all 10,000 Australian principals over a five year period.",NA,"607.1",NA
"3. Improve Asian languages curriculum materials from pre-school to Year 12.",NA,"607.1",NA
"This would build on the existing Early Language Literacy App and Language Learning Space.",NA,"607.1",NA
"Hindi will be added as a first priority - Indonesian, Mandarin, and Japanese are already covered by the App.",NA,"607.1",NA
"4. Set ambitious targets and goals for Asian languages.",NA,"607.1",NA
"Working with the States and Territories through COAG, and with non-government schools.",NA,"607.1",NA
"5. Collect better data about the take-up of Asian languages in Australia so we can more easily track the progress and take-up of Asian languages.",NA,"607.1",NA
"Since 2011, no detailed, Australia-wide data on Asian language study in schools has been collected.",NA,"607.1",NA
"6. Establish an Advisory Council on Asia Capabilities.",NA,"607.1",NA
"Headed up by experts from academia, the education sector, business, and not-for-profits to drive research and generate new ideas to boost teaching and learning about Asia across all levels of Australia’s education system.",NA,"607.1",NA
"7. Undertake a whole-of-government audit of Federal and State government policies and programs on Asian literacy and languages education.",NA,"607.1",NA
"To stop costly duplication and to ensure government money is well targeted at achieving improved Asia capability.",NA,"607.1",NA
"8. Convene regular meetings of Indo-Pacific Education Ministers.",NA,"607.1",NA
"To further strengthen educational links between Australia and our Asian neighbours.",NA,"607.1",NA
"The meetings will discuss collaborative education initiatives, scholarships, and strengthening ties across school and post-secondary education systems.",NA,"607.1",NA
"We will pay for these committments by making multinationals pay their fair share and closing tax loopholes used by the top end of town.",NA,"607.1",NA
"NAPLAN Review",NA,"H",NA
"NAPLAN Review",NA,"H",NA
"Labor supports taking a serious look at how to improve the insights we get from tests like NAPLAN, and how we can better focus on the progress of students and schools over time.",NA,"506",NA
"After 10 years of testing, Labor believes it’s time to make sure NAPLAN is serving students, parents, and teachers as best it can.",NA,"506",NA
"We think we can have a sensible conversation about how we test, what we test, and how results are reported fairly and accurately.",NA,"506",NA
"But it’s very important we continue to have a way of making certain our children are learning and progressing at school.",NA,"506",NA
"Labor wants our children to know how to read, write and do maths - to successfully get the basics under their belts.",NA,"506",NA
"Diagnostic tests, such as NAPLAN, help give us a picture of how children, schools, and systems are doing.",NA,"506",NA
"But there’s no doubt that some of this testing has become very high stakes.",NA,"506",NA
"It’s up to all of us, parents and teachers, to reassure children that these kinds of tests are just a way of finding out where we can help them more.",NA,"506",NA
"We don't want young students stressing about these tests.",NA,"506",NA
"The tests are supposed to tell us where we need to redouble our efforts.",NA,"506",NA
"They're supposed to give us valuable information about how we do better in the classroom.",NA,"506",NA
"They're not supposed to be making children sleepless or sick with nerves.",NA,"506",NA
"More University Places",NA,"H",NA
"A Shorten Labor Government will uncap university places – ensuring around 200,000 more Australians will get access to a university education over the next decade.",NA,"506",NA
"The Liberals put an effective cap on the number of student places when they cut $2.2 billion from universities in December 2017.",NA,"506",NA
"The limit on places means thousands of Australians will miss out on university.",NA,"506",NA
"Labor doesn’t think that’s fair, so we will abolish the cap.",NA,"506",NA
"Nine in ten jobs created in the coming years will need a university or TAFE qualification.",NA,"701",NA
"Labor wants Australia to be a country with a strong economy,",NA,"410",NA
"and secure, decently paid jobs.",NA,"701",NA
"That’s why, unlike the Liberals, we will make investment in education a top priority.",NA,"506",NA
"Labor uncapped student places back in 2008, which by 2016 had seen an extra 220,000 students get the opportunity of a university education.",NA,"506",NA
"Many of these students were the first in their family to attend university.",NA,"506",NA
"We will pay for this by making multinationals pay their fair share and closing tax loopholes used by the top end of town.",NA,"506",NA
"Building TAFE For The Future",NA,"H",NA
"A Shorten Labor Government will restore public TAFE to the centre of vocational education system.",NA,"411",NA
"A skilled and educated workforce is a national economic priority, and TAFE is the lifeblood of our vocational education and training system.",NA,"411",NA
"In too many towns and regional centres across Australia, TAFE campuses have closed, courses have been scaled back and fees have increased.",NA,"411",NA
"Under the Liberals the government-funded hours of training delivered through TAFE collapsed by more than 30 per cent between 2013 and 2017.",NA,"411",NA
"Under the Liberals’ watch, unscrupulous private for-profit providers gouged Commonwealth loans schemes, leaving students and staff stranded with unfair debts.",NA,"411",NA
"LABOR’S PLAN",NA,"H",NA
"A Shorten Labor Government will invest in better vocational education and enduring careers for Australians.",NA,"411",NA
"Labor will:Invest $200 million to reverse the decline in TAFE facilities, and revitalise TAFE campuses across Australia.",NA,"411",NA
"Guarantee TAFE at least two thirds of public vocational education funding.",NA,"411",NA
"Prioritise education and training that set people up for good working lives.",NA,"411",NA
"Keep quality regional campuses open to support industry and the community.",NA,"411",NA
"We will pay for this by making multinationals pay their fair share and closing tax loopholes used by the top end of town.",NA,"411",NA
"Better Medicare & Centrelink Services",NA,"H",NA
"A Shorten Labor Government will improve Medicare and Centrelink services and cut waiting times for pensioners, carers, students and social security recipients across Australia.",NA,"504",NA
"LABOR’S PLAN",NA,"H",NA
"A Shorten Labor Government will invest in 1,200 new permanent, full-time Medicare and Centrelink staff around the country.",NA,"504",NA
"These new staff will be properly trained.",NA,"504",NA
"They will help improve Medicare and Centrelink services and reduce payment processing and waiting times",NA,"504",NA
"and will boost local economies.",NA,"410",NA
"The Liberals have cut thousands of permanent Medicare and Centrelink jobs – and outsourced staff.",NA,"701",NA
"As a result, services have suffered.",NA,"504",NA
"Call wait times have blown out, and pensioners are spending hours waiting at Centrelink, instead of enjoying their retirement.",NA,"504",NA
"Labor’s plan is good for:Medicare cardholders.",NA,"504",NA
"Pensioners, carers, students and social security recipients.",NA,"504",NA
"Families that access the Child Care Subsidy, Family Tax Benefit or Paid Parental Leave.",NA,"504",NA
"Farm Productivity and Sustainable Profitability Program",NA,"H",NA
"After six years of policy failure, the Morrison Government rushed the Future Drought Fund legislation through the Parliament in one Parliamentary sitting week, despite the fact the fund will not fund any projects until 2020/21.",NA,"703.1",NA
"On October 26 2018 the Government held a Drought Summit.",NA,"703.1",NA
"Scepticism about the value of a summit was vindicated when Scott Morrison announced the Future Drought Fund on the morning of the summit and before the talk-fest began.",NA,"703.1",NA
"This typifies this Government’s approach to drought policy: on-the-run and politically driven.",NA,"703.1",NA
"Labor is concerned that the Future Drought Fund will become another National Party slush fund.",NA,"703.1",NA
"It’s a plan to spend money on something, but the Government appears not to know what that something is.",NA,"703.1",NA
"Only vague information has been provided as to how the Government intends to spend the $100 million each year.",NA,"703.1",NA
"It has talked about technology adoption and natural resource management, but these are topics the Government has shown no interest in for more than five years.",NA,"703.1",NA
"LABOR'S PLAN",NA,"H",NA
"A Labor Government will implement the Farm Productivity and Sustainable Profitability Program delivering the same level of funding the Morrison Government has committed to in the Drought Future Fund ($400 million over four years) without abolishing the Building Australia Infrastructure Fund.",NA,"703.1",NA
"The climate is growing more challenging for our farmers and drought can no longer be viewed as an exceptional event.",NA,"703.1",NA
"Rather, a hotter and drier environment should be considered the new normal.",NA,"703.1",NA
"Labor believes there is a role for government in helping farmers adapt to changing weather patterns.",NA,"703.1",NA
"This means that in addition to in-drought policy responses, government must lead a resilience and productivity agenda.",NA,"703.1",NA
"Policy development must be evidence-based, be guided by the known science, and should focus on a whole-of-industry productivity and resilience-building agenda.",NA,"703.1",NA
"In other words, the policy strives to help not only those who can no longer achieve profitability in times of drought but rather, lift productivity and sustainable profitability across all farm businesses.",NA,"703.1",NA
"Policies with too great a focus on those farm businesses which are least viable in the hottest and driest of periods risk being most defined by resource misallocation and policy failure.",NA,"703.1",NA
"Labor will not wait until 20/21 to take decisions on spending measures and we will design policy initiatives for the whole sector based on expert advice.",NA,"703.1",NA
"Labor will establish a Panel of Guardians for the Program, to advise government on policy design and implementation strategies.",NA,"703.1",NA
"A Shorten Labor Government will establish the Panel within the first 60 days of office and put it immediately to work.",NA,"703.1",NA
"The Panel of Guardians will include:A representative of a national farm leadership group.",NA,"703.1",NA
"A leading soils and environmental science expert.",NA,"703.1",NA
"A water projects and water efficiency expert.",NA,"703.1",NA
"A leading economist.",NA,"703.1",NA
"The Soils Advocate.",NA,"703.1",NA
"The Chair or CEO of the Council of RDCs.",NA,"703.1",NA
"The Secretary of the relevant CoAG Committee.",NA,"703.1",NA
"The Panel will report to the Minister for Agriculture and will be asked to provide a detailed plan within 12 months.",NA,"703.1",NA
"Labor's Plan To Protect The ABC",NA,"H",NA
"A Shorten Labor Government will ensure the ABC remains in public hands and is funded to fulfil its Charter for all Australians.",NA,"413",NA
"Labor is united in its belief that the ABC is one of Australia’s most important institutions.",NA,"202.1",NA
"Now, more than ever, Australians need an independent ABC – your trusted, valued and efficient national public broadcaster.",NA,"202.1",NA
"Meanwhile the Liberals have waged the biggest attack on ABC independence in a generation.",NA,"202.1",NA
"The recent Senate Inquiry into allegations of political interference in the ABC demonstrates the Liberals have used every lever at their disposal to undermine the ABC, from budget cuts and hand-picked board appointments, to damaging inquiries and bills to meddle with the ABC Charter.",NA,"202.1",NA
"Through it all, the ABC has continued to deliver the quality programs and services that inform and entertain us, contribute to our national identity and reflect who we are.",NA,"202.1",NA
"But the ABC warns that Scott Morrison’s latest cut of $90 million “will make it very difficult for the ABC to meet its charter requirements and audience expectations” and “cannot be met by efficiency measures alone”.",NA,"202.1",NA
"LABOR’S PLAN:",NA,"H",NA
"A Shorten Labor Government will:Reverse Scott Morrison’s unfair cut of $83.7 million to the ABC.",NA,"202.1",NA
"Guarantee funding stability over the ABC’s three-year budget cycle.",NA,"202.1",NA
"Provide an additional $40 million to the ABC for Australian content",NA,"202.1",NA
"Provide an additional $17 million to the ABC to:Bolster regional news and emergency broadcasting.",NA,"202.1",NA
"Help restore shortwave radio in the Northern Territory.",NA,"202.1",NA
"Support a news literacy program to fight disinformation and fake news.",NA,"202.1",NA
"Support the upgrade of systems for the provision of audio description to blind and low vision Australians.",NA,"202.1",NA
"Labor will also halt any further spending of the $17.1 million of taxpayer funds Scott Morrison announced for the provision of commercial TV content to the Pacific, with the intention of redirecting it to public broadcasting in a manner consistent with the outcomes of two departmental reviews into soft power and international broadcasting.",NA,"202.1",NA
"Labor awaits the recommendations of these reviews before finalising an integrated policy response.",NA,"202.1",NA
"This builds on the ALP National Platform which records Labor’s commitment to maintaining the ABC as an independent and comprehensive national broadcaster, never to be privatised.",NA,"202.1",NA
"We will pay for these commitments by making multinationals pay their fair share and closing tax loopholes used by the top end of town.",NA,"202.1",NA
"University Pathway Fund",NA,"H",NA
"A Shorten Labor Government will invest an extra $193 million to help ensure all Australians get the chance to study at university.",NA,"506",NA
"Labor’s $193 million commitment will go towards mentoring, support and other specialised programs designed to boost opportunities for university study in communities where graduation rates are low.",NA,"506",NA
"Labor believes it should be your ability, not your bank balance that determines whether you get the chance to study at university.",NA,"506",NA
"Currently, a young person from Moreton Bay in Queensland is about five times less likely to get a university degree than someone on Sydney’s North Shore.",NA,"506",NA
"Labor wants to change that.",NA,"506",NA
"We want to support students who are the first generation in their family to go to university.",NA,"506",NA
"We want our universities to attract more students from our outer suburbs and the country,",NA,"506",NA
"more Indigenous students,",NA,"503",NA
"and more students with disability.",NA,"503",NA
"Universities must be actively recruiting and supporting these students.",NA,"506",NA
"Our funding will also encourage universities to collaborate with TAFEs and not-for-profit and community organisations, in areas including mentoring and outreach.",NA,"506",NA
"We will pay for the fund by making multinationals pay their fair share and closing tax loopholes used by the top end of town.",NA,"506",NA
"Support Our Dairy Industry",NA,"H",NA
"It is no exaggeration to say that we are facing a crisis in the dairy sector.",NA,"703.1",NA
"If we don’t act, we face the very real prospect our drinking milk will come from imported milk powder.",NA,"703.1",NA
"Caught in a cost-price squeeze compounded by drought, our dairy farmers face an uncertain future and are desperately in need of some meaningful government action.",NA,"703.1",NA
"LABOR'S PLAN",NA,"H",NA
"A Shorten Labor Government will:• Establish a Mandatory Code of Conduct to address market power imbalance between dairy farmers and processors.",NA,"703.1",NA
"Labor will make the Mandatory Code a priority.",NA,"703.1",NA
"• Pursue the implementation of Minimum Farm Gate Milk Price for farmers.",NA,"703.1",NA
"A Shorten Labor Government will task the ACCC to test, assess and shape our minimum farm gate milk price proposal.",NA,"703.1",NA
"Most Australians are protected by a minimum wage and our dairy farmers should be too.",NA,"703.1",NA
"A minimum farm gate price will provide that protection.",NA,"703.1",NA
"The Minimum Farm Gate Milk Price will be different in every dairy region because every region is different.",NA,"703.1",NA
"Once the independent and expert body assesses the average cost of producing milk in a given region, it will declare the minimum price farmers can be paid.",NA,"703.1",NA
"Farmers will continue to bargain for the highest price they can secure.",NA,"703.1",NA
"But they can budget ahead knowing that their revenue will be at least the floor price.",NA,"703.1",NA
"That guaranteed income should in turn deliver the certainty and confidence needed to plan and to invest in productivity-lifting innovation and infrastructure.",NA,"703.1",NA
"• Bring energy costs down.",NA,"H",NA
"Energy consumption is a big cost for dairy farmers.",NA,"703.1",NA
"Labor’s energy policy will restore investment certainty and put downward pressure on electricity prices.",NA,"703.1",NA
"• Bolster extension Services.",NA,"H",NA
"Labor’s Farm Productivity and Sustainable Profitability Plan will include a focus on farm extension to ensure our farmers have access to the latest productivity enhancing innovation to put more farmers on the path to sustainable profitability.",NA,"703.1",NA
"Labor’s Farm Productivity and Sustainable Profitability Plan will be developed by an expert panel including scientists, economists, research bodies and farm industry leaders.",NA,"703.1",NA
"The expert panel will be in place within 60 days following an election and will report to government within 12 months.",NA,"703.1",NA
"Its advice will be made public.",NA,"703.1",NA
"CoAG Process For Drought Reform",NA,"H",NA
"Restore the CoAG process for drought reform and dispatch Australia’s agriculture-based Research and Development Corporations (RDCs) to help farmers build defences against the impacts of an increasingly variable climate such as protracted drought, severe storms, frost, pests and diseases.",NA,"703.1",NA
"Barnaby Joyce abolished the COAG process for drought reform with now more than 5 years of policy development being wasted.",NA,"703.1",NA
"The then Abbott Government abolished the Standing Committee on Primary Industries in December 2013.",NA,"703.1",NA
"The then Agriculture Minister, Barnaby Joyce said he would meet with his fellow ministers on an ad hoc basis, which has been once a year.",NA,"703.1",NA
"Joyce said the decision to streamline the councils was a cost-saving measure but couldn't say exactly how much the government saved by scrapping SCoPI.",NA,"703.1",NA
"Prior to the Council being abolished it sought to pursue and monitor priority issues of national significance affecting Australia’s primary production sectors which required a sustained and collaborative effort across jurisdictions.",NA,"703.1",NA
"LABOR'S PLAN",NA,"H",NA
"A Shorten Labor Government will restore the CoAG process for drought reform and dispatch Australia’s agriculture-based Research and Development Corporations (RDCs) to help farmers build defences against the impacts of an increasingly variable climate such as protracted drought, severe storms, frost, pests and diseases.",NA,"703.1",NA
"Labor will ask the Council of RDCs to lead the development of an Agricultural Climate Response Plan (ACRP) to dramatically increase the uptake of drought mitigation, best practice and sustainable farming methods.",NA,"703.1",NA
"Many farmers are already building resilience and adopting best land management practices which help them defend against drought and we need to help others do the same.",NA,"703.1",NA
"National Leadership On Animal Welfare",NA,"H",NA
"Labor’s six-point plan to re-establish national leadership on animal welfare",NA,"703.1",NA
"One of the first acts of the Abbott Government on coming to office was the abolition of the Australian Animal Welfare Strategy and the Animal Welfare Unit with the Department of Agriculture.",NA,"703.1",NA
"Under the Liberal Nationals Government animal welfare policy has deteriorated.",NA,"703.1",NA
"LABOR'S PLAN",NA,"H",NA
"A Shorten Labor Government will: 1. Establish an independent Inspector-General of Animal Welfare and Live Animal ExportsWe will provide $1 million a year to establish the Inspector-General of Animal Welfare as an independent statutory position operating from within the Department of Agriculture.",NA,"703.1",NA
"The Inspector-General will be responsible for advising on the protection of animals in all Commonwealth-regulated activities and will report directly to the Minister of the day on issues concerning live exports, animal welfare standards and guidelines.",NA,"703.1",NA
"The Inspector-General will also work with the states and territories to establish an independent Office of Animal Welfare to oversee animal protection and welfare activities nationally.",NA,"703.1",NA
"2. Re-establish state and territory cooperation on animal welfare matters Under the former Labor Government, the Commonwealth, states and territories cooperated on animal welfare and primary industry issues through a range of official forums which have since been abolished by the Abbott-Turnbull-Morrison Government.",NA,"703.1",NA
"Labor will re-establish state and territory cooperation to ensure animal welfare matters receive the consistent national approach they deserve.",NA,"703.1",NA
"3. Renew the Australian Animal Welfare Strategy Labor will work with state and territory governments, industry and animal welfare groups to update and renew the Australian Animal Welfare Strategy for the coming decade.",NA,"703.1",NA
"We will draw on the best available research and evidence to develop a strategy that confirms Australia as a leader in our region for the care and protection of animals.",NA,"703.1",NA
"4. Review the Exporter Supply Chain Assurance System The Exporter Supply Chain Assurance System plays a critical role in reassuring Australian agricultural producers, their customers and the broader community that animal welfare is being protected at every stage from the farm gate to the plate.",NA,"703.1",NA
"A Shorten Labor Government will conduct a top-to-bottom review of the system to ensure it is working as effectively and efficiently as possible.",NA,"703.1",NA
"Provide more transparency and accountabilityUnder Labor, the Minister for Agriculture will provide quarterly reports to the Parliament on:• New and emerging markets.",NA,"703.1",NA
"• The number of head exported.",NA,"703.1",NA
"• Any allegations of breaches of animal welfare standards and investigations undertaken.",NA,"703.1",NA
"• Any sanctions or other action taken for breaches of Australia’s animal welfare standards.",NA,"703.1",NA
"6. Labor will immediately ban the northern summer live sheep trade and propose a plan which would phase out the live sheep trade within five years.",NA,"703.1",NA
"The only way to ensure scientific animal welfare standards are met, community expectations on animal welfare are met and for certainty to be provided for our farmers is to ban the northern summer live sheep export trade and to implement an orderly phase out over a five year period.",NA,"703.1",NA
"We will pay for these commitments by making multinationals pay their fair share and closing tax loopholes used by the top end of town.",NA,"703.1",NA
"Labor's Plan To Drive A Better Deal For Auto Dealers",NA,"H",NA
"Labor will deliver clear and fair rules between car dealerships and car manufacturers to better support small business and consumers.",NA,"403",NA
"The current power imbalance means manufacturers can impose unfair contract terms and set dealership expectations which are to their own advantage, making it difficult for local dealers to properly look after their customers.",NA,"403",NA
"As part of its New Car Retailing Industry report, the Australian Competition and Consumer Commission investigated concerns raised by new car dealers about the commercial arrangements between car manufacturers and dealers.",NA,"403",NA
"The power imbalance arises because the terms of dealer agreements are set by the manufacturer and dealers risk huge costs if the manufacturer decides not to renew the agreement.",NA,"403",NA
"Manufacturer policies often do not include claim-handling processes that specifically address or comply with consumer responsibilities under the Australian Consumer Law.",NA,"403",NA
"This hurts dealers, and can adversely affect how cars are serviced and repaired, as well as how owners' warranty claims are handled.",NA,"403",NA
"LABOR’S PLAN:",NA,"H",NA
"A Shorten Labor Government will drive a better deal for auto dealers by levelling the playing field between overseas car manufacturers and the small businesses that operate car dealerships.",NA,"403",NA
"Labor will implement an industry-specific code through regulations under the Competition and Consumer Act to deliver clear rules for manufacturers and dealerships.",NA,"403",NA
"The independent code will create a set of rules that both the manufacturers and dealers must observe when establishing expectations around dealer conduct.",NA,"403",NA
"Food And Fibre Education Support",NA,"H",NA
"A Shorten Labor Government will secure the future of Primary Industries Education Foundation Australia (PIEFA).",NA,"703.1",NA
"PIEFA was originally funded by the former Labor Government in 2009 and is the lead body for food and fibre education in Australian schools.",NA,"703.1",NA
"It plays an essential role in coordinating; facilitating and managing resources and teacher professional learning to support Australian schools to deliver high-quality outcomes.",NA,"703.1",NA
"PIEFA is a membership backed organisation with engagement from 11 Rural Research and Development Corporations and provides support to all initiatives designed to teach school students about the source of their food and fibre production and the various career pathways.",NA,"703.1",NA
"PIEFA has had continuous membership by the Federal Government since its inception in 2009.",NA,"703.1",NA
"The Morrison has not renewed its membership for 2018/19.",NA,"703.1",NA
"Visit piefa.edu.au for more information",NA,"703.1",NA
"Stats",NA,"H",NA
"In 2012 PIEFA commissioned the Australian Council of Educational Research to undertake a study into students’ perceptions of the agriculture sector.",NA,"703.1",NA
"The results were shocking and have been well-documented since.",NA,"703.1",NA
"These included:74 per cent of students believed cotton was an animal",NA,"703.1",NA
"25 per cent of students thought yoghurt was a plant",NA,"703.1",NA
"45 per cent of students did not identify bread, cheese or bananas as farmed",NA,"703.1",NA
"40 per cent of students believed farming damaged the",NA,"703.1",NA
"50 per cent of students did not think there was science in primary",NA,"703.1",NA
"55 per cent of students did not think there was innovation or IT in primary",NA,"703.1",NA
"LABOR'S PLAN",NA,"H",NA
"A Shorten Labor Government will secure the future of Primary Industries Education Foundation Australia (PIEFA).",NA,"703.1",NA
"Funding to be provided through the Federal Department of Agriculture and Water",NA,"703.1",NA
"The funding to PIEFA will be for continued membership at $100,000 pa over a four-year period ($400,000 ex GST in total).",NA,"703.1",NA
"For 10 Years PIEFA has been working with our schools to ensure our kids know where their food and fibre comes from, how it is produced and how important the sector is to our economy.",NA,"703.1",NA
"The Foundation also alerts young Australians to the many career opportunities in the agriculture sector and it’s vision is for “An Australian Community that understands and values its primary industries sector.”",NA,"703.1",NA
"Labor will continue to support the work of PIEFA to ensure that the approximately 3,600,000 students enrolled in Australian schools have access to food and fibre specific curriculum content.",NA,"703.1",NA
"Labor understands and values Australia’s primary industries sector and seeks to decrease the disconnect Australian school students have as to knowing where and how food and fibre is produced.",NA,"703.1",NA
"Rural and Regional Higher Education",NA,"H",NA
"A Shorten Labor Government will commit $3.2 million for programs to support students in country areas to go to University or TAFE, including mentoring and tutorials, delivered through 22 new community-owned Regional Study Hubs.",NA,"506",NA
"We will appoint a dedicated Regional and Remote Commissioner to develop strategies and policies to support country students and regional Higher-Ed institutions.",NA,"506",NA
"The policy is funded through Labor’s University Pathway Fund.",NA,"506",NA
"We will pay for it by making multinationals pay their fair share and closing tax loopholes used by the top end of town.",NA,"403",NA
"Labor's Groundbreaking Bank Victim Compensation Package",NA,"H",NA
"A Shorten Labor Government will overhaul compensation for victims of banking misconduct, ensuring they get a fair chance to pursue compensation.",NA,"605.1",NA
"Labor will boost compensation caps at the Australian Financial Complaints Authority (AFCA), establish an independent retrospective compensation scheme to give past victims of financial services misconduct a chance to pursue justice, and establish a compensation scheme of last resort in financial services.",NA,"605.1",NA
"The stories of bank victims highlight the horrific effect that bank misconduct has had on their lives and they deserve fair compensation.",NA,"605.1",NA
"The current AFCA compensation caps are inadequate.",NA,"605.1",NA
"Too many consumers miss out on fair compensation.",NA,"605.1",NA
"LABOR’S PLAN:",NA,"H",NA
"Fairer compensation caps",NA,"H",NA
"A Shorten Labor Government will quadruple the compensation caps at AFCA for consumers from $500,000 to $2 million, double the compensation cap for small businesses to $2 million,",NA,"402",NA
"and double the cap for farmers to $4 million.",NA,"703.1",NA
"For the first time, Labor will ensure that victims can get fair compensation for the effect of misconduct on their lives by removing the $5,000 AFCA sub-cap on non-financial loss.",NA,"605.1",NA
"When Australians have their lives turned upside down by bank misconduct, they should be able to pursue fair compensation through AFCA.",NA,"605.1",NA
"A retrospective compensation scheme",NA,"H",NA
"Labor will establish a retrospective compensation scheme so that past victims of bank misconduct can have one last chance to pursue justice.",NA,"605.1",NA
"This scheme will be independent of AFCA and victims of misconduct dating back to 1 January 2008 will be able to apply to have their case heard.",NA,"605.1",NA
"Under Labor, victims will also be able to access compensation with higher AFCA compensation caps through the retrospective compensation scheme.",NA,"605.1",NA
"A prospective compensation scheme of last resort",NA,"H",NA
"Labor will establish a prospective compensation scheme of last resort within AFCA.",NA,"605.1",NA
"This scheme will be funded by industry and will be used to pay compensation awarded by AFCA where a financial service provider goes bust.",NA,"605.1",NA
"Currently, if a victim wins at AFCA but the financial service provider doesn’t pay, they are left with nowhere to go.",NA,"605.1",NA
"This is not fair.",NA,"605.1",NA
"Labor’s compensation scheme of last resort will ensure that these victims get the compensation they deserve.",NA,"605.1",NA
"Labor will ensure that banks and financial service providers are held to account and pay fair compensation to victims of their misconduct.",NA,"605.1",NA
"Labor's Plan For Fairer Tax Administration",NA,"H",NA
"A Shorten Labor Government will establish an independent appeals area within the Australian Taxation Office and make our tax system fairer by funding 10 free tax clinics across the country.",NA,"403",NA
"Labor is committed to giving all taxpayers – particularly small and family businesses – a fair appeals process when dealing with the Australian Taxation Office (ATO).",NA,"403",NA
"Genuine concerns have been raised about the ATO’s engagement with small businesses on tax disputes, including a lack of perceived and real structural separation within the ATO of officials who make tax assessments from those who handle disputes and appeals.",NA,"403",NA
"While multinationals and millionaires can afford the experts to navigate the tax system, low and middle income Australians are often intimidated by the tax system and unsure where to turn to get help.",NA,"403",NA
"LABOR’S PLAN:",NA,"H",NA
"New Second Commissioner - Appeals",NA,"H",NA
"A Shorten Labor Government will legislate to establish a new position of Second Commissioner – Appeals within the Australian Taxation Office, reporting to the Commissioner of Taxation, to head up a new appeals area within the Australian Taxation Office.",NA,"403",NA
"A separate appeals area in the ATO will mean small business disputes are given the care and attention they deserve.",NA,"403",NA
"This area will have responsibility for managing tax disputes for all taxpayers, through pre-assessment reviews, objections, litigation including identifying test cases and providing oversight on settlements, and facilitating the use of alternative dispute resolution throughout the compliance and dispute resolution process.",NA,"403",NA
"Free Tax Clinics",NA,"H",NA
"A Shorten Labor Government will make our tax system fairer by funding 10 free tax clinics in universities across the country to provide free tax assistance for vulnerable communities, individuals and small businesses.",NA,"403",NA
"Each tax clinic will have volunteers, students and pro bono tax practitioners on hand to help low income taxpayers and microbusinesses with administrative tax matters, including completing tax returns and responding to queries raised by the ATO.",NA,"403",NA
"As part of the 10 free tax clinics, Labor will secure the ongoing tax clinic trial at Curtin University in Perth.",NA,"403",NA
"We will also change the law to allow clinics to register as tax agents in their own right, as well as providing deductible gift recipient status to facilitate partnerships with experienced tax professionals and institutions.",NA,"403",NA
"We will pay for it by making multinationals pay their fair share and closing tax loopholes used by the top end of town.",NA,"403",NA
"Reviewing Newstart",NA,"H",NA
"A Shorten Labor Government will review the adequacy of Newstart.",NA,"701",NA
"Labor recognises that the rate of Newstart is too low and is now acting as a barrier to people finding work;",NA,"701",NA
"with people struggling to afford transport, clothes and essentials.",NA,"701",NA
"LABOR’S PLAN",NA,"H",NA
"Labor will conduct a root and branch review of Newstart – as well as related payments and supports.",NA,"701",NA
"The review will focus on ensuring that our safety net is alleviating poverty and helping people into the workforce.",NA,"701",NA
"It will identify what parts of the system need to change, and how those changes should be made.",NA,"701",NA
"The review will examine the complex interactions between Newstart and other parts of the payments system, our tax system and employment services.",NA,"701",NA
"A Shorten Labor Government will work to ensure social security system continues to protect the most vulnerable Australians.",NA,"701",NA
"Crackdown On Child Care Inducements",NA,"H",NA
"A Shorten Labor Government will ban child care and early education providers from offering inducements to boost their enrolment numbers, protecting parents from being lured into child care arrangements which may not suit their needs.",NA,"504",NA
"The Federal Government is projected to spend $7.7 billion on the Child Care Subsidy this year.",NA,"504",NA
"This funding is to support families meet the costs of child care and early education – not for providers to give away in a mad scramble to increase enrolments.",NA,"504",NA
"Recent reports have highlighted the alarming lengths which some child care and early learning centres are willing to go to in order to secure enrolments in their centres.",NA,"504",NA
"Some examples of the inducements being offered include holiday packages in resorts, cash refunds, and free iPads.",NA,"504",NA
"Labor does not believe this in an appropriate use of taxpayer funds.",NA,"504",NA
"LABOR’S PLAN",NA,"H",NA
"If elected, Labor will ban providers from offering any goods, services or activity that is unrelated to the delivery of early childhood services to incentivise parents and carers to enrol their child in a centre.",NA,"504",NA
"Under Labor’s policy, families and educators will be able to confidentially notify the Department of Education and Training of any incentives or behaviour which they suspect is an inappropriate inducement.",NA,"504",NA
"Any provider found to be offering such inducements will have their licence to receive the Child Care Subsidy revoked.",NA,"504",NA
"Labor’s Plan To End Bamboozling Pricing For Overseas Money Transfers",NA,"H",NA
"A Shorten Labor Government will make it cheaper for Australians to send money overseas to loved ones by helping drive down international remittance and transfer fees.",NA,"403",NA
"Labor will stop hidden fees by requiring banks and remittance providers to disclose the full cost of international remittances prior to remittance.",NA,"403",NA
"Right now, many banks and money transfer companies are confusing customers with a mix of fees and exchange rate mark-ups.",NA,"403",NA
"The result is that it is almost impossible to compare the true cost of transferring money overseas.",NA,"403",NA
"One study found that a person who tries to send $1,000 from Australia to another country will see $77 eaten up by transaction fees and exchange rate spreads.",NA,"403",NA
"LABOR’S PLAN:",NA,"H",NA
"Labor wants to ensure that Australians who send money overseas get a competitive deal.",NA,"403",NA
"That’s why a Shorten Labor Government will require remittance providers to disclose the full cost of international remittances prior to remittance, bringing it into line with comparison rates Australians already enjoy when shopping for car loans, mortgages and credit cards.",NA,"403",NA
"A Shorten Labor Government will task the Australian Competition and Consumer Commission to determine if misleading ‘no fees or charges’ advertising by remittance providers can be controlled using the Australian Competition Law, or if further enforcement mechanisms are necessary.",NA,"403",NA
"Tougher Anti-Dumping Regime",NA,"H",NA
"A Shorten Labor Government will protect Australian jobs by making it easier for local manufacturing firms to take effective action against the dumping of below-cost foreign goods into Australia.",NA,"701",NA
"Dumping is cheating, and it is a particular problem for Australia’s steel industry.",NA,"406",NA
"The announcement by the United States of a 25 per cent tariff on imported steel from a number of other countries increases the threat of more steel being dumped in Australia, putting further pressure on an industry already feeling the impact of a glut of foreign steel production.",NA,"406",NA
"LABOR’S PLAN:",NA,"H",NA
"Labor will support local businesses by:Tripling penalties for circumventing trade remedies.",NA,"406",NA
"Better resourcing the Anti-Dumping Commission by increasing funding by $3.5 million a year, which will increase staff numbers at the Commission by about 30.",NA,"406",NA
"Transferring responsibilities for safeguard measures from the Productivity Commission to the Anti-Dumping Commission.",NA,"406",NA
"By putting all of our trade remedies under one roof, Australian industry will be afforded the same support as our global trade competitors.",NA,"406",NA
"Introducing a mechanism that will allow businesses in anti-dumping investigations to nominate the form of duty that should be applied.",NA,"406",NA
"This will form part of the recommendation to the minister by the Anti-Dumping Commissioner.",NA,"406",NA
"Restrict the time available for cited dumpers to request a review of Anti-Dumping Commission decisions to prevent them gaming the system to their own advantage.",NA,"406",NA
"Amend the Census and Statistics Act to improve access to trade and import data held by the Australian Bureau of Statistics, making it easier to prove when dumping has occurred.",NA,"406",NA
"Australian manufacturing jobs depend upon strong anti-dumping laws.",NA,"406",NA
"The decision by the United States to increase tariffs has seen other steel-producing countries try to use Australia as a dumping ground for steel.",NA,"406",NA
"This is putting Australian jobs at risk.",NA,"701",NA
"Labor will not let Australia become a dumping ground for below-cost foreign goods that put Australian manufacturing jobs at risk.",NA,"701",NA
"Unlike the Liberals and Nationals, who are sitting on their hands when it comes to anti-dumping laws, Labor will take action to make sure Australian businesses and workers get a fair go.",NA,"406",NA
"We will pay for it by making multinationals pay their fair share of tax and closing tax loopholes used by the top end of town,",NA,"403",NA
"and also by penalties imposed on and duty recovered from dumpers of products.",NA,"406",NA
"Labor's Plan To Save Workers' Super From Dodgy Bosses",NA,"H",NA
"A Shorten Labor Government will help workers get their unpaid superannuation from unscrupulous employers – and we’ll make sure dodgy bosses are appropriately punished.",NA,"701",NA
"Australia has a significant issue with underpayment or non-payment of superannuation.",NA,"701",NA
"According to Industry Super Australia:2.98 million Australians experienced superannuation non-payment or underpayment totalling $5.9 billion, based on Australian Taxation Office (ATO) statistics from 2015-16.",NA,"701",NA
"75 per cent of workers affected by unpaid or underpaid superannuation are under 35 years of age, earn under $30,000, and/or are in blue collar jobs.",NA,"701",NA
"Scott Morrison and the Liberals have tried to give dodgy bosses who don’t pay super an amnesty on penalties – letting them get away with it scot-free.",NA,"701",NA
"LABOR’S PLAN:",NA,"H",NA
"Labor will change the law to include a right to superannuation within the National Employment Standards, which will give workers the power to pursue their unpaid superannuation.",NA,"701",NA
"Currently, unpaid or underpaid employer superannuation contributions are a debt owed to the ATO, rather than the worker.",NA,"701",NA
"Unless there is a clause in their award or agreement, workers can’t chase this money as the money is not technically owed to them.",NA,"701",NA
"By placing superannuation within the National Employment Standards in the Fair Work Act, a Shorten Labor Government will empower workers to recoup unpaid super from employers through the Fair Work Commission or the Federal Court.",NA,"701",NA
"Labor will also strengthen the ATO compliance regime and increase penalties for employers for underpayment or non-payment of superannuation.",NA,"701",NA
"Employers who underpay superannuation to their staff because of a false or misleading statement will face fines equal to 100 per cent of the unpaid super.",NA,"701",NA
"Employers who fail to tell the ATO about unpaid superannuation when asked will face fines equal to 300 per cent of the unpaid super.",NA,"701",NA
"Playgroups and Toy Libraries",NA,"H",NA
"A Shorten Labor Government will expand community-based playgroups and toy libraries with a $6.1 million grassroots program.",NA,"504",NA
"Playgroups and toy libraries help bolster social connections for both parents and children during their early years of development - that’s why Labor is investing to expand their reach.",NA,"504",NA
"Across Australia more than 250,000 children and families use 7,500 playgroups and 380 toy libraries, encouraging play-based learning and social development in babies and young children, and facilitating friendships and peer support for their parents and carers.",NA,"504",NA
"LABOR’S PLAN",NA,"H",NA
"Labor’s $6.1 million investment in playgroups and toy libraries will provide grants to eligible groups with one off grants of:$15,000 to establish new or expand existing Toy Libraries or Playgroups or undertake minor capital works.",NA,"504",NA
"The grant will cover the costs involved in setting up or expanding, such as buying toys or refurbishing a space.",NA,"504",NA
"$5,000 for existing organisations to purchase new toys, books, paints, craft materials or other consumables.",NA,"504",NA
"$50,000 each to Playgroups Australia and Toy Libraries Australia as the peak bodies to support the expansion of toy libraries and playgroups, by developing resources, advice, information materials and provide insurance.",NA,"504",NA
"We will pay for it by making multinationals pay their fair share and closing tax loopholes used by the top end of town.",NA,"403",NA
"Preventing Family Violence",NA,"H",NA
"A Shorten Labor Government will make preventing and responding to family violence a national priority.",NA,"504",NA
"LABOR'S PLAN",NA,"H",NA
"One woman a week is murdered by a current or former partner.",NA,"504",NA
"Family violence hurts children and ripples through generations.",NA,"504",NA
"This must change.",NA,"504",NA
"A Shorten Labor Government will more than double investment in the Fourth Action Plan to prevent and respond to family violence, delivering record Commonwealth funding of over $660 million.",NA,"504",NA
"Early intervention and education, frontline services, emergency accommodation and legal services will all receive a significant boost under Labor.",NA,"504",NA
"More support for frontline services",NA,"504",NA
"Double Fourth Action Plan funding for refuges and emergency accommodation.",NA,"504",NA
"Investing an additional $60 million, meaning more refuges in areas of need, modern core-and-cluster facilities that accommodate older children and pets, accessibility upgrades, and better facilities for younger children.",NA,"504",NA
"$20 million of this investment will be set aside for Aboriginal and Torres Strait Islander refuges and safe houses.",NA,"504",NA
"More transitional and affordable housing.",NA,"504",NA
"Establishing an $88 million Safe Housing Fund to deliver transitional and emergency housing for women and children escaping violence, older women at risk of homelessness and young people exiting out of home care.",NA,"504",NA
"We will also construct 250,000 affordable homes, helping women and children escaping family violence to quickly find stability and re-build their lives.",NA,"504",NA
"More legal assistance: Establishing a $90 million Preventing Family Violence Legal Services Fund, including:",NA,"504",NA
"$42.5 million extra for Community Legal Centres.",NA,"504",NA
"This will mean 115,000 more women able to access professional legal assistance when they need it most.",NA,"504",NA
"$21.5 million extra for Family Violence Prevention Legal Centres.",NA,"504",NA
"This will make dedicated legal support available to First Nations women in more areas and provide a much-needed boost in areas where women are currently being turned away because of inadequate funding.",NA,"504",NA
"$21 million to double the number of Specialist Domestic Violence Units and Health Justice partnerships.",NA,"504",NA
"This will mean an additional 18 Specialist Domestic Violence units and five extra Health Justice Partnerships – providing specialist support to women in hospitals, health services and in the community.",NA,"504",NA
"$5 million to support the expansion of Family and Domestic Violence courts by establishing national standards and providing training for judicial and court officers.",NA,"504",NA
"Investing in prevention",NA,"504",NA
"Community led responses.",NA,"504",NA
"Providing $62 million in Local Community Prevention and Frontline Service Grants, including dedicated streams for First Nations women, women with disability, culturally and linguistically diverse women and LGBTIQ people.",NA,"504",NA
"Labor will work with local sporting organisations on prevention programs,",NA,"504",NA
"invest in support for children affected by family violence",NA,"504",NA
"and resource evidence-based men’s behaviour change programs.",NA,"504",NA
"A Shorten Labor Government will also ensure dedicated LGBTIQ family violence services are established in all states and territories.",NA,"504",NA
"Supporting respectful relationships education in schools: Providing $35 million to state and territory and non-government school systems to deliver best-practice, evidence-based, age-appropriate respectful relationships education in schools.",NA,"504",NA
"Better risk management: Trialling the Integrated Safety Response model in up to five locations, at a cost of $2 million.",NA,"504",NA
"This strategy pulls existing services together to reach at-risk families earlier and proactively deliver men’s behaviour change programs.",NA,"504",NA
"More practical support for women",NA,"504",NA
"Flexible Support Packages: Investing $60 million in 20,000 Flexible Support Packages of up to $10,000 to support people escaping family violence in the ways that help them the most - such as rent, furniture, transport, medication, home security and transport costs.",NA,"504",NA
"Paid domestic violence leave: Legislating 10 days paid domestic violence leave as part of the National Employment Standard.",NA,"504",NA
"Because people experiencing family violence should not have to choose between leaving a violent relationship and keeping their job.",NA,"504",NA
"Better Centrelink Services: Supporting women and their children, including through: //25 Family Violence Specialists to provide trauma informed and rapid support for people experiencing family violence – including through co-location with specialist family violence services.",NA,"504",NA
"Priority processing and a dedicated Family Violence phone line, to make sure people get payments quickly and can get straight through to a specialist who can support them.",NA,"504",NA
"Extending the Crisis Payment claim window to four weeks in cases of family violence, as people are often unable to claim without the current one-week window.",NA,"504",NA
"Waiving social security debt incurred through family violence coercion and pursuing perpetrators for the debt when safe to do so.",NA,"504",NA
"Reviewing Centrelink processes and services to make sure staff have up-to-date family violence training.",NA,"504",NA
"And making it easier for people to identify that they are experiencing family violence and get help; on the phone, at terminals, through forms and at Centrelink offices.",NA,"504",NA
"Supporting Women on temporary visas: Reviewing immigration and social security arrangements and invest $5 million in services and interpreters.",NA,"504",NA
"The Australian Law Reform Commission and the Victorian Royal Commission have recommended changes, as visa status is often used control women and temporary residents can struggle to access the services they need.",NA,"504",NA
"Recognising economic abuse: Changing the law to ensure that economic abuse is a recognised form of family violence, and that dowry abuse can be one of many kinds of financial abuse.",NA,"504",NA
"Tackling forced marriage: Introducing forced marriage protection orders and establishing a Commonwealth Forced Marriage Unit to assist victims, at a cost of $13.6 million.",NA,"504",NA
"Making family violence a national priority",NA,"504",NA
"National leadership: Making the prevention of violence against women and their children a COAG priority.",NA,"504",NA
"Because all governments need to work together towards lasting change.",NA,"504",NA
"New national plan: Immediately starting work on a new 10-Year plan to prevent violence against women and their children.",NA,"504",NA
"For the first time this will include dedicated national strategies for:First Nations women.",NA,"503",NA
"Women with disability.",NA,"503",NA
"Culturally and linguistically diverse women.",NA,"503",NA
"LGBTIQ people.",NA,"503",NA
"Labor will also establish a national advisory group to guide the development of the plan – replacing the advisory panel axed by the Liberals.",NA,"504",NA
"Labor is committed to the $328 million investment in the Fourth Action Plan, including its focus on prevention.",NA,"504",NA
"Labor will also work with the sector to implement recommendations from the Senate committee inquiry into 1800RESPECT that will strengthen service delivery going forward.",NA,"504",NA
"A Shorten Labor Government will show the national leadership required to put the prevention of family violence back at the top of the national agenda.",NA,"504",NA
"We will pay for it by making multinationals pay their fair share and closing tax loopholes used by the top end of town.",NA,"403",NA
"Labor's Plan For ADF Troops Equipment",NA,"H",NA
"A Shorten Labor Government will enable ADF troops to have greater choice when it comes to selecting their issued boots for service.",NA,"701",NA
"Currently ADF members are issued with boots at Defence’s expense.",NA,"701",NA
"If the member wishes to have a different boot they must purchase it, at their own expense, from an established list.",NA,"701",NA
"Under a Shorten Labor Government, ADF members will be able to select a boot from a panel of pre-approved providers which Defence will then supply and pay for.",NA,"701",NA
"LABOR’S PLAN",NA,"H",NA
"Labor’s plan to expand access to approved boots will help better support our serving personnel.",NA,"701",NA
"A Shorten Labor Government will ensure the rollout of this program also creates local jobs.",NA,"701",NA
"There are a number of Australian companies that will be able to meet the detailed specifications of the ADF and provide the boots.",NA,"701",NA
"The success of the ADF depends, in part, on the quality and appropriateness of the clothing and equipment our ADF personnel wear.",NA,"701",NA
"We know that one size does not fit all, with some members requiring alternative options.",NA,"701",NA
"We would review this program after 24 months to ensure the effectiveness of the program and the satisfaction with requirements of both the ADF and our military personnel.",NA,"701",NA
"The policy has a budget cost of $800,000 over the forward estimates.",NA,"701",NA
"We will pay for this program by making multinationals pay their fair share and closing tax loopholes used by the top end of town.",NA,"701",NA
"Labor's Plan For Implementing The Banking Royal Commission Recommendations",NA,"H",NA
"Labor will act quickly, fairly and strongly to implement the recommendations of the Banking Royal Commission.",NA,"403",NA
"Labor has released a comprehensive plan to implement the recommendations of the Hayne Royal Commission.",NA,"403",NA
"After voting 26 times against a Banking Royal Commission, the Liberals cannot be trusted to implement its recommendations.",NA,"403",NA
"In fact, 36 days after releasing their lacklustre response, the Liberals backflipped and reneged on their commitment to introduce a key recommendation: the ending of trailing commissions to mortgage brokers.",NA,"403",NA
"Labor called for a Royal Commission, Labor fought for a Royal Commission, and Labor will work day and night to ensure Australians are protected from banking misconduct.",NA,"403",NA
"LABOR’S PLAN:",NA,"H",NA
"Labor will fully implement 75 of the 76 recommendations, and will implement the final recommendation, Recommendation 1.3 – Mortgage Broker Remuneration, in a manner that achieves the objectives but without harming competition in the retail mortgage market.",NA,"403",NA
"Labor knows strong action needs to be taken on these reforms and to better protect Australians from banking misconduct.",NA,"403",NA
"A Shorten Labor Government will establish a ground-breaking compensation package to enable victims to get fair compensation and create a Banking Fairness Fund to support community services that assist victims of bank misconduct.",NA,"403",NA
"Labor's Plan For An Infrastructure Investment Bank For The Pacific",NA,"H",NA
"A Shorten Labor Government will establish an Infrastructure Investment Bank for the Pacific to actively facilitate concessional loans and financing for investment for vital, nation-building projects required by our Pacific neighbours.",NA,"101",NA
"The Liberals have neglected our Pacific partners through savage cuts to the aid program,",NA,"101",NA
"an erosion of our footprint in the region,",NA,"101",NA
"and a failure to address core issues of concern in the region such as climate change.",NA,"501",NA
"LABOR’S PLAN",NA,"H",NA
"Development assistance is critical to our Pacific island partners, and a Shorten Labor Government will grow our aid commitment to the region.",NA,"101",NA
"We will encourage others, including the private sector, to invest in projects that drive development in the region from roads and ports to water supply, communications technology and energy infrastructure.",NA,"101",NA
"Establishment of the Infrastructure Development Bank will elevate Australia’s status as a ‘partner-of-choice’ for Pacific development and enhance security and enhance security",NA,"101",NA
"A Shorten Labor Government will rebuild the prominence and trust in our Pacific relationships that have been squandered under the Liberals.",NA,"101",NA
"Labor's Plan For A Military Covenant",NA,"H",NA
"A Shorten Labor Government will establish a Military Covenant, to be signed between the Prime Minister and the Chief of the Defence Force.",NA,"104",NA
"When a person commits their life to serve in the Australian Defence Force, to defend our nation and protect our national interests and values, we in turn undertake a commitment to supporting them and their loved ones both during and after their service.",NA,"104",NA
"LABOR’S PLAN",NA,"H",NA
"The Covenant would be a set of principles endorsed by both the Federal Government and the Australian Defence Force that recognises the unique service provided to the country by military personnel, and the corresponding obligation that the country looks after those who have served.",NA,"104",NA
"Unlike the Military Covenant proposed by the Liberals, Labor’s Covenant will cover serving Defence personnel as well as veterans.",NA,"104",NA
"The Liberals’ decision to exclude current serving members is a significant shortfall that overlooks a large component of the military community.",NA,"104",NA
"In conjunction with signing the Covenant, Labor will also enact legislation that provides for an annual report to the Parliament highlighting the ways in which our obligation to our current and ex-serving defence personnel and their families is being met.",NA,"104",NA
"The Liberal’s proposal for a Covenant has no reporting requirement and is seriously deficient as a result.",NA,"104",NA
"Labor's Plan For Strengthening Australia's Diplomatic Engagement In The Indo-Pacific",NA,"H",NA
"A Shorten Labor Government will strengthen Australia’s engagement in the Indo-Pacific region by establishing four new diplomatic posts and establishing a new category of geo-economic counsellor across our diplomatic network.",NA,"101",NA
"Under the Liberals, Australia’s diplomatic effort has been under-resourced for a country of our economic weight and status.",NA,"101",NA
"It is in Australia’s national interest to enhance our diplomatic efforts, particularly in our region.",NA,"101",NA
"Given the growing importance of Australia’s relationship with Indonesia, a new post there will be a priority.",NA,"101",NA
"LABOR’S PLAN",NA,"H",NA
"Labor will establish a new category of geo-economic counsellors across our diplomatic network.",NA,"101",NA
"Bangkok, Beijing, Hanoi, Jakarta, New Delhi, Tokyo and Washington will be important initial locations.",NA,"101",NA
"These positions will identify improved ways of connecting and leveraging Australian private sector and civil society activities in the interests of broader foreign policy objectives.",NA,"101",NA
"The geo-economic counsellors will also help to ensure our development, trade and diplomatic policies are integrated and that our development assistance programs across the region are visible to, and coordinated with, the various Australian enterprises operating there.",NA,"101",NA
"Labor will also provide an additional $4 million to expand the existing Australian Cultural Diplomacy Grants program.",NA,"101",NA
"This additional funding will focus on Australia’s cultural activities in Asia and the Pacific – helping to present to the region an accurate image of who we are.",NA,"101",NA
"It will support more exchanges and partnerships with arts organisations here in Australia to promote greater collaboration in both performance and production.",NA,"101",NA
"While Scott Morrison is seeking to use foreign policy as a political tool, Labor is doing the work to put in place the foundations for a more prosperous relationship with our region.",NA,"101",NA
"These policies have a budget cost over the forward estimates at $20.6 million for the four new Posts, $3.6 million for the new geo-economic counsellors, and $4 million for the cultural diplomacy grants program.",NA,"101",NA
"We will pay for these initiatives by making multinationals pay their fair share and closing tax loopholes used by the top end of town.",NA,"101",NA
"Honouring Veterans",NA,"H",NA
"A Shorten Labor Government will appropriately celebrate the role of all Australian veterans, investing $118 million to honour their service and support their families.",NA,"706",NA
"Labor’s plan will address inequity in the treatment of our veterans in payment for funeral expenses;",NA,"706",NA
"provide greater support for veteran carers;",NA,"504",NA
"expand therapy support for veterans;",NA,"706",NA
"and boost research into veterans’ mental health.",NA,"411",NA
"To recognise further the sacrifices of our veterans, Labor will establish a grants program to ensure memorials in Australia are upgraded to mark the service of all Australians who have fought in war",NA,"706",NA
"and develop a Joint Master Plan to preserve the significance of the Kokoda Trail.",NA,"706",NA
"Importantly, a Shorten Labor Government will preserve the Department of Veterans’ Affairs as a single department dedicated to support the unique needs of our veterans – we call on Scott Morrison to commit to do the same.",NA,"706",NA
"LABOR’S PLAN",NA,"H",NA
"Labor will build on the extensive commitments already made to support our veterans, including our announced Veterans Employment Package, through:Removing the inequity in the treatment of our veterans when paying funeral expenses, due to different legislative provisions.",NA,"706",NA
"This will assist more than 84,000 veterans and their families by increasing the amount they receive for funeral expenses.",NA,"706",NA
"Providing funding for carer retreats to assist those who struggle with social isolation and provide greater emotional support to those who are looking after our veterans.",NA,"504",NA
"Expanding veterans’ access to mental health treatment through the development of an art therapy program.",NA,"706",NA
"Boosting research into veterans’ mental health, to provide greater understanding of the mental, physical and social health of current and ex-serving members of the Australian Defence Force.",NA,"411",NA
"Establishing Their Enduring Legacy grants program to ensure memorials throughout Australia are upgraded to reflect all Australians who have fought in wars.",NA,"706",NA
"Developing a Kokoda Trail Joint Master Plan to recognise the environmental,",NA,"501",NA
"cultural",NA,"502",NA
"and wartime significance of the Kokoda Trail.",NA,"706",NA
"Preserving the Department of Veterans’ Affairs as a single dedicated department for our veterans.",NA,"706",NA
"Abolition of the department was a recommendation of the draft Productivity Report commissioned by the Liberals.",NA,"706",NA
"These program initiatives represent an investment of $118 million, which we will pay for by making multinationals pay their fair share and closing tax loopholes used by the top end of town.",NA,"706",NA
"Labor's Plan For International Development Assistance",NA,"H",NA
"A Shorten Labor Government will increase Official Development Assistance as a percentage of Gross National Income (GNI) every year that we are in office, starting with our first Budget.",NA,"107",NA
"The Liberals have slashed our aid budget every year they have been in office, with cuts of more than $11 billion seeing the aid budget fall to just 0.22 per cent of GNI – the lowest level on record.",NA,"107",NA
"On the current trajectory, it is forecast to drop further to as low as just 0.16 per cent.",NA,"107",NA
"These cuts have undermined our ability to achieve objectives that support our national and security interests.",NA,"107",NA
"LABOR’S PLAN",NA,"H",NA
"Labor believes Australia should do its fair share internationally, and work with the international community to achieve the longstanding funding targets set out in the Sustainable Development Goals.",NA,"107",NA
"When Labor was last in power, Australia’s development assistance budget rose every year – reaching around 0.35 per cent of GNI.",NA,"107",NA
"Rebuilding Australia’s international development assistance program is a core element of Labor’s foreign policy.",NA,"107",NA
"A strong civil society is vital to democracy, inclusion, transparency and openness, accountability, and the protection of minorities and marginalised groups.",NA,"202.1",NA
"A Shorten Labor Government will engage with civil society, not just as partners in the delivery of projects, but to support and strengthen the work they do and the role they play in their own countries.",NA,"202.1",NA
"A Shorten Labor Government will invest $32 million in a Pacific Avoidable Blindness and Vision Loss Fund.",NA,"107",NA
"Loss of sight condemns people in developing countries to a life of poverty and decreased life expectancy.",NA,"107",NA
"It is estimated that in the developing world 80 per cent of all blindness and vision impairment is avoidable or treatable.",NA,"107",NA
"Australia is well placed to help eliminate avoidable blindness and vision impairment in our region, however, the Abbott-Turnbull-Morrison Government has reduced annual aid expenditure on eye health by approximately 41 per cent over the last four years.",NA,"107",NA
"A Shorten Labor Government will partner with organisations such as The Fred Hollows Foundation, Vision 2020 Australia and the Royal Australian and New Zealand College of Ophthalmologists to clear a backlog of cataract treatments and aid those with moderate to severe visual impairments in the Pacific.",NA,"107",NA
"It will also train up to 600 health workers across the region and support program implementation in-country, including delivering screening and examination for eye health conditions.",NA,"107",NA
"Labor will also increase the annual base grant funding for fully accredited non-government organisations in the Australian NGO Cooperation Program at a cost of $32 million over the forward estimates.",NA,"107",NA
"This increase reflects Labor’s commitment to working with NGOs to strengthen Australia’s aid delivery.",NA,"107",NA
"We will fund these commitments by making multinationals pay their fair share and closing tax loopholes used by the top end of town.",NA,"107",NA
"Labor's Plan For Addressing The Global Humanitarian Crisis",NA,"H",NA
"A Shorten Labor Government will ensure Australia can do our part to resettle genuine refugees facing persecution.",NA,"602.2",NA
"While the global humanitarian crisis has continued to grow, with over 25 million refugees worldwide, the Liberals have failed to improve Australia’s humanitarian response on the international stage.",NA,"602.2",NA
"LABOR’S PLAN",NA,"H",NA
"In response to this humanitarian crisis, a Shorten Labor Government will provide $500 million to the work of the United Nations High Commission for Refugees to deliver stronger asylum seeker assessment and resettlement processes across the region.",NA,"602.2",NA
"Labor will also reform the community support program to develop a Community Sponsored Refugee Program to, over time, allow up to 5,000 refugees to resettle in Australia annually.",NA,"602.2",NA
"Groups such as state and local governments, community organisations, businesses, unions, and faith-based organisations will be able to sponsor humanitarian entrants into Australia.",NA,"602.2",NA
"This program does not have a budget impact.",NA,"602.2",NA
"Appoint a Special Envoy for Refugee and Asylum Seeker Issues to advance Australia’s interests and leadership on refugee issues within the region, secure third country resettlement agreements, develop an Australian Refugee Commission, and provide policy advice for Australia’s Humanitarian Program.",NA,"602.2",NA
"This comprehensive suite of measures is underpinned by a commitment to maintain Australia’s strong borders – to ensure people smugglers are never able to exploit vulnerable people ever again.",NA,"104",NA
"Labor is getting the balance right – we will maintain strong borders,",NA,"104",NA
"keep the people smugglers out of business,",NA,"104",NA
"and do our part to address the global humanitarian crisis.",NA,"602.2",NA
"We will pay for these initiatives by making multinationals pay their fair share and closing tax loopholes used by the top end of town.",NA,"602.2",NA
"Labor's Plan For The AFP In Hobart",NA,"H",NA
"A Shorten Labor Government will reinstate 16 Australian Federal Police (AFP) officers at Hobart Airport, restoring a permanent AFP presence that was cut by the Liberals.",NA,"605.1",NA
"This will strengthen our national security, enhance safety at the airport, improve detection of federal crimes and enable Tasmania Police to re-divert resources back to community safety across Tasmania.",NA,"605.1",NA
"In 2014, the Liberals removed Hobart Airport’s permanent AFP detail – a decision condemned by the Australian Federal Police Association, the Police Association of Tasmania, the Tasmanian Government, and state and federal Liberals.",NA,"605.1",NA
"LABOR’S PLAN",NA,"H",NA
"Hobart Airport is the only airport in an Australian capital city without an AFP presence.",NA,"605.1",NA
"The AFP presence in Tasmania overall has fallen from 30 personnel to five – an extraordinary 84 per cent reduction under the Liberals.",NA,"605.1",NA
"These cuts have forced Tasmania Police to divert resources away from community policing and emergency management services across Tasmania to protect Hobart Airport.",NA,"605.1",NA
"The AFP are experts in ensuring our national security, fighting serious crimes such as drug trafficking, firearms trafficking, human trafficking, fraud and organised crime.",NA,"605.1",NA
"The Liberals relentless cuts are likely to be impacting on the AFP operations in Tasmania.",NA,"605.1",NA
"Tasmanians have exactly the same right as any other Australian to the protection of the AFP.",NA,"605.1",NA
"Labor’s plan will boost the number of AFP in Tasmania from five personnel to 21 to ensure more effective cooperation with state police and federal authorities to keep Tasmanians safe.",NA,"605.1",NA
"This policy has a budget cost $41 million over the budget forward estimates.",NA,"605.1",NA
"We will pay for this policy by making multinationals pay their fair share and closing tax loopholes used by the top end of town.",NA,"605.1",NA
"Labor's Plan For Urgent Humanitarian Relief",NA,"H",NA
"A Shorten Labor Government will commit $30 million in new urgent humanitarian relief funding to help address some of the world’s most pressing humanitarian crises.",NA,"107",NA
"LABOR’S PLAN",NA,"H",NA
"A Shorten Labor Government will increase Australia’s funding to the United Nations Relief and Works Agency for Palestine Refugees by $20 million.",NA,"107",NA
"Labor will also provide an additional commitment of $10 million to address the urgent humanitarian crisis affecting the Rohingya people.",NA,"107",NA
"Since coming to power the Liberals have cut well over $11 billion from the development budget, driving Australia’s aid spending down to its lowest level on record.",NA,"107",NA
"These cuts to development assistance are a source of international embarrassment for Australia, and are at odds with the generous spirit of the Australian people.",NA,"107",NA
"We will pay for these initiatives by making multinationals pay their fair share and closing tax loopholes used by the top end of town.",NA,"107",NA
"Labor's Plan For A Veterans' Employment Package",NA,"H",NA
"A Shorten Labor Government will deliver a comprehensive Veterans Employment Package to provide greater support to our defence personnel as they transition to civilian life.",NA,"706",NA
"Labor’s plan will better support our veterans who are moving into the civilian workforce by doing more to boost recognition of their significant skills and experiences.",NA,"706",NA
"It is estimated that the unemployment rate for veterans is sitting at 30 per cent.",NA,"706",NA
"For those who did not medically discharge, there is an estimated 11.2 per cent unemployment rate – which is more than double the national rate.",NA,"706",NA
"This is unacceptable.",NA,"706",NA
"LABOR’S PLAN",NA,"H",NA
"Labor’s comprehensive package will provide greater support to our defence personnel as they transition to civilian life and will focus on the following;Helping businesses to train veterans.",NA,"706",NA
"A new veterans employment service.",NA,"706",NA
"Expanding access to additional education and civilian training.",NA,"706",NA
"Translating the experience of veterans.",NA,"706",NA
"The policy has a budget cost of $121.1 million over the forward estimates.",NA,"706",NA
"We will pay for it by making multinationals pay their fair share and closing tax loopholes used by the top end of town.",NA,"403",NA
"Labor's Plan For A Veterans' Recovery Centre (Ipswich)",NA,"H",NA
"A Shorten Labor Government will invest in the welfare of veterans and ex-service personnel in the wider Ipswich area by providing funding for a Veterans Recovery Centre (VRC).",NA,"706",NA
"Throughout the wider Ipswich region there are more than 16,000 veterans and their families who access support through the Department of Veterans’ Affairs and ex-service organisations.",NA,"706",NA
"A VRC will provide a location to access a number of key support services for our veterans, ex-Service personnel and their families.",NA,"706",NA
"Despite promises from the LNP at the last Federal Election to fund this project there has been no action taken.",NA,"706",NA
"As such, Labor has stepped up by committing the $1 million the Liberals have failed to deliver for the establishment of this VRC.",NA,"706",NA
"LABOR’S PLAN",NA,"H",NA
"The VRC will be a family friendly space which will provide greater support services to all ex-service personnel including our younger veterans and their families, ensuring they can access a number of services under the one roof.",NA,"706",NA
"VRC services and support will include access to advocate and pension officers; access to JP services; a library; conference room; communal areas; kitchen and barbeque amenities.",NA,"706",NA
"Importantly, this centre will also provide a space to engage in peer-to-peer support.",NA,"706",NA
"This centre will also work as a conduit and support service for our service men and women and their families as they transition from the ADF to civilian life.",NA,"706",NA
"We will pay for the VRC by making multinationals pay their fair share and closing tax loopholes used by the top end of town.",NA,"706",NA
"Labor's Plan For An Anti-Slavery Commissioner",NA,"H",NA
"A Shorten Labor Government will strengthen the Modern Slavery Act by creating an independent Anti-Slavery Commissioner and introducing penalties for offences.",NA,"201.2",NA
"There are an estimated 48.5 million people in slavery worldwide, many of whom are victims of exploitation in private sector activities, such as manufacturing, construction and agriculture.",NA,"201.2",NA
"LABOR’S PLAN",NA,"H",NA
"Labor believes Australia has an important role to play in fighting modern slavery.",NA,"201.2",NA
"Two-thirds of people trapped in slavery worldwide are reported to be in the Asia-Pacific region, and it is estimated that an unbelievable 4,300 people are currently trapped in slavery right here in Australia in exploitative criminal syndicates involved in forced labour, sex trafficking and debt bondage.",NA,"201.2",NA
"After Labor committed to introducing a Modern Slavery Act in 2017 – with penalties for non-compliance and an Independent Anti-Slavery Commissioner.",NA,"201.2",NA
"The Government finally brought legislation through the Parliament last year, which passed with Labor’s support, but the Government refused to commit to penalties for non-compliance or an Independent Anti-Slavery Commissioner.",NA,"201.2",NA
"Labor believes we should not be leaving it to big business to police themselves on slavery.",NA,"201.2",NA
"And we urgently need more support for victims of this awful practice.",NA,"201.2",NA
"That’s why, if elected, Labor will introduce penalties for big businesses who breach the Modern Slavery Act,",NA,"201.2",NA
"and establish an independent Anti-Slavery Commissioner to help the people trapped in slavery right here in Australia.",NA,"201.2",NA
"Labor's Plan For A Western Front Fellowship",NA,"H",NA
"A Shorten Labor Government will establish a fellowship program based within the Sir John Monash Centre at the Australian National Memorial in Villers-Bretonneux, France.",NA,"706",NA
"With the conclusion of the Centenary of Anzac, it is important we consider how best we can continue to acknowledge the service and sacrifice of the brave men who served on the Western Front, ensuring the legacy which is ingrained in our history remains relevant.",NA,"706",NA
"This program will serve as a tangible and fitting memorial to the contribution of our diggers on the Western Front.",NA,"706",NA
"LABOR’S PLAN",NA,"H",NA
"Villers-Bretonneux is a site of significance for Australians, following the Battle of Villers-Bretonneux in 1918.",NA,"706",NA
"This Battle, described as a crucial turning point in the War, saw approximately 3,900 men participate in the ferocious night attack which took back the town from German troops.",NA,"706",NA
"Participants in Labor’s fellowship program will be based at the Sir John Monash Centre and provide tours to both Australian and International tourists, offering an Australian perspective on the conflict and its ongoing significance.",NA,"706",NA
"Applications will be open to full time post-secondary students undertaking study who have a passion for history.",NA,"706",NA
"Participants will explain the significance of the site and answer questions from the public on Australian military history, including sites, local attractions and points of interest in the region.",NA,"706",NA
"Supported by a stipend, successful applicants will be based in Villers-Bretonneux for a period of four months.",NA,"706",NA
"We will pay for the fellowship by making multinationals pay their fair share and closing tax loopholes used by the top end of town.",NA,"706",NA
"Labor's Plan For Food And Fibre Manufacturing",NA,"H",NA
"A Shorten Labor Government will back Australians working in the manufacturing industry with a new $25 million food and fibre industry plan to drive local jobs",NA,"701",NA
"and innovation,",NA,"411",NA
"as well as attract investment in manufacturing, particularly in rural and regional areas.",NA,"703.1",NA
"There are huge opportunities to grow our food and fibre industries: timber, wood products, furniture, paper products manufacturing, as well as developing newer materials like carbon fibre, light-weight materials, bio-products and advanced polymers.",NA,"703.1",NA
"These industries are creating new opportunities for local jobs",NA,"701",NA
"and investment, both along the food and fibre value chain and throughout other manufacturing sectors.",NA,"703.1",NA
"Both food and fibre manufacturing industries are concentrated in regional areas and both these industries and workers face the same challenges from the increased use of technology and moving to Industry 4.0.",NA,"703.1",NA
"Only Labor understands there is a continuing need for innovation, enterprise capability and commercialisation support in these strategic industries.",NA,"703.1",NA
"LABOR’S PLAN:",NA,"H",NA
"Labor’s plan will support Australian made food and fibre manufacturing.",NA,"703.1",NA
"Labor has also announced that a Shorten Labor Government would prioritise Australian made and locally made products through procurement policies, including in the food and fibre industries.",NA,"703.1",NA
"Labor’s $25 million food and fibre industry strategy will:Provide a 21st century industry national innovation and industry framework for the food and fibre industries.",NA,"703.1",NA
"Establish a national tripartite innovation council for food and fibre manufacturing, bringing together industry, researchers and unions that would articulate a vision for the future of the sector.",NA,"703.1",NA
"The council would:Prepare an innovation roadmap.",NA,"703.1",NA
"Stimulate new research and investment in new products and systems.",NA,"703.1",NA
"Prepare the industry for future growth.",NA,"703.1",NA
"Provide funding for strategic innovation and co-investment initiatives in the food and fibre industries that demonstrate the way ahead.",NA,"703.1",NA
"Appoint a Supplier Advocate to coordinate delivery of the plan.",NA,"703.1",NA
"Strengthen the sector’s engagement with the science and research sector and support Labor’s goal of a national investment of 3 per cent of gross domestic product (GDP) in Research and Development each year.",NA,"703.1",NA
"Ensure there is a joined-up national effort to support the industry and provide a strong basis for collaboration with the states and regional bodies.",NA,"703.1",NA
"Link the sector more effectively to our science and research workforce and infrastructure, to skill development and opportunities for new products and markets.",NA,"703.1",NA
"Complement Labor’s specific industry plans in meat and forestry.",NA,"703.1",NA
"Labor will also make an additional $10 million investment to expand the Mackay Renewable Biocommodities Pilot Plant so it can develop new fermentation, separation and product purification technologies, and develop new product types, including green chemicals and biotechnology products.",NA,"703.1",NA
"This is all part of Labor’s plan for a 21st century manufacturing economy.",NA,"703.1",NA
"We will pay for it by making multinationals pay their fair share and closing tax loopholes used by the top end of town.",NA,"403",NA
"Labor's Plan For A Veterans' Support Hub In The Northern Territory",NA,"H",NA
"A Shorten Labor Government will invest in the health and wellbeing of our veterans in the Top End by establishing the Scott Palmer Service and Veterans’ Support Hub.",NA,"706",NA
"The Scott Palmer Service and Veterans’ Support Hub will be a dedicated centre to provide support to our current and ex-serving Defence personnel, first responders and their families.",NA,"706",NA
"The Hub is named after Private Scott Travis Palmer who tragically lost his life on operational service in Afghanistan in 2010.",NA,"706",NA
"LABOR’S PLAN",NA,"H",NA
"With this $4.9 million investment from Federal Labor, NT will finally have a centre for current and ex-serving ADF members, first responders and their families that will provide services and support in health and wellbeing, access to counsellors and a place to go for assistance in accessing community, state, federal and cross-sector services.",NA,"706",NA
"The Hub will also be a place where people can go to connect, meet and relax; with a children’s play area, recreational rooms and indoor and outdoor reflection spaces.",NA,"706",NA
"Federal Labor will partner with the Northern Territory Government which has committed to providing land for this Hub.",NA,"706",NA
"This partnership will continue to work with local stakeholders to support our veterans, Defence personnel, first responders and their families.",NA,"706",NA
"The hub will provide specialist support assisting former personnel deal with the impact of their deployment, separation and family integration, PTSD, stress-related issues and other health issues caused during their service.",NA,"706",NA
"It will also provide community outreach programs and initiatives to our veterans and their families.",NA,"706",NA
"We will pay for the Scott Palmer Service and Veterans’ Support Hub by making multinationals pay their fair share and closing tax loopholes used by the top end of town.",NA,"706",NA
"Labor's Plan For A Family Engagement And Support Strategy For Defence Personnel And Veterans",NA,"H",NA
"A Shorten Labor Government will develop a Family Engagement and Support Strategy for Defence Personnel and Veterans to provide greater support to our military families.",NA,"706",NA
"ADF families play a pivotal role in supporting our current serving ADF men, women and veterans, which is why it is important we ensure they have the support they need to address the unique challenges of military family life.",NA,"706",NA
"LABOR’S PLAN",NA,"H",NA
"This strategy will implement a key recommendation of the National Mental Health Commissions’ review into Services Available to Veterans and Current Serving Members of the Australian Defence Force in Relation to the Prevention of Self-harm and Suicide.",NA,"706",NA
"In responding to the review recommendations, the Liberals have failed to commit to developing a strategy to provide greater support and resources to military families.",NA,"706",NA
"There is no doubt that families play a critical role in providing support to our serving and ex-service personnel and developing a family strategy also acknowledges the important role of families in the rehabilitation of ADF members and veterans from both physical and mental injury and illness.",NA,"706",NA
"The development of this strategy has a budget cost of $2.0 million.",NA,"706",NA
"We will pay for the strategy by making multinationals pay their fair share and closing tax loopholes used by the top end of town.",NA,"706",NA
"University Future Fund",NA,"H",NA
"A Shorten Labor Government will create a $300 million University Future Fund for higher education infrastructure and priorities.",NA,"506",NA
"Labor is making this investment in our universities so that they can continue to ensure they have the best facilities and infrastructure to deliver world-class teaching, research and engagement.",NA,"506",NA
"Funding will be made available to fast-track small to medium funding grants so that universities can update or renovate facilities;",NA,"506",NA
"or invest in new or updated research equipment, labs or other important facilities.",NA,"506",NA
"Since the Liberals decision to effectively abandon the highly successful Education Investment Fund (EIF), Australia’s universities have had no access to funds to support infrastructure and facilities investment.",NA,"506",NA
"Labor stood strong against the Liberals plans to abolish the EIF.",NA,"506",NA
"We know that we can’t ensure Australia’s universities continue to be world-leading if we don’t provide certainty of funding as well as access to infrastructure funding.",NA,"506",NA
"Unfortunately, the Liberals have left the EIF in a very uncertain state.",NA,"506",NA
"Labor’s new funding commitment will ensure that funding is available in the coming years for critical infrastructure.",NA,"506",NA
"We will pay for the fund by making multinationals pay their fair share and closing tax loopholes used by the top end of town.",NA,"506",NA
"Pensioner Dental Plan",NA,"H",NA
"A Shorten Labor Government will invest $2.4 billion in a Pensioner Dental Plan.",NA,"504",NA
"LABOR’S PLAN",NA,"H",NA
"A Shorten Labor Government will invest $2.4 billion in a Pensioner Dental Plan – giving up to three million Australians access to free dental care and taking the next step towards Labor’s vision for universal access to dental care in Australia.",NA,"504",NA
"Each year, over 185,000 older Australians skip getting the dental care they need due to the cost.",NA,"504",NA
"And yet, more than half of Australians aged 65 and over have moderate or severe gum disease1 and one in five have no natural teeth.",NA,"504",NA
"Poor oral health undermines the broader physical and mental health of older Australians, as well as their social and economic participation.",NA,"504",NA
"Poor oral health also imposes a substantial burden on Australia’s health system – in 2015-16 there were more than 67,000 potentially preventable hospitalisations for dental conditions.",NA,"504",NA
"Under Labor’s Pensioner Dental Plan, age pensioners and Commonwealth Seniors Health Card holders will be able to access $1,000 worth of dental services every two years.",NA,"504",NA
"Within this cap, Medicare will cover a wide range of dental services such as: examinations, x-rays, cleaning, fluoride treatment, fissure sealants, fillings, root canals, extractions, periodontal treatment and dentures.",NA,"504",NA
"Labor will work with dentists and to roll out the scheme and work with the states and territories to enable public dentists to access the scheme, providing a substantial boost to federal funding for public dental services.",NA,"504",NA
"Aboriginal Medical Services, which provide vital dental care for First Nations peoples, will also be able to access the scheme.",NA,"504",NA
"Labor will pay for our Pensioner Dental Plan by making multinationals pay their fair share and closing tax loopholes used by the top end of town.",NA,"504",NA
"Labor's Plan To Support Women's Reproductive Rights",NA,"H",NA
"A Shorten Labor Government will deliver Australia’s first ever National Sexual and Reproductive Health Strategy to make sure all Australian women can access legal, safe, affordable reproductive health services.",NA,"201.2",NA
"Reproductive choice and access to basic health care are fundamental rights.",NA,"201.2",NA
"Labor’s plan will improve access to contraception and ensure women can access the health services they need, where and when they need them.",NA,"504",NA
"The Liberal Government has refused to support improved reproductive health services, saying that the debate about women’s access to basic health care needs isn’t “good for our country.”",NA,"504",NA
"LABOR’S PLAN:",NA,"H",NA
"Labor will develop and implement Australia’s first National Sexual and Reproductive Health Strategy to deliver improved reproductive choice and better health outcomes for Australian women and their families.",NA,"504",NA
"Labor will:Take national leadership to progress the decriminalisation of abortion across Australia.",NA,"604",NA
"Support all women to access termination services in public hospitals.",NA,"504",NA
"Establish a new Tasmanian Reproductive Health Hub so women aren’t forced to travel interstate to have a termination.",NA,"504",NA
"Improve access to effective contraceptives to reduce rates of unplanned pregnancies by reviewing the Medicare rebate for long-acting reversible contraceptives.",NA,"504",NA
"Ask the Therapeutic Goods Administration to advise government on options to reduce barriers to improve access to the contraceptive pill.",NA,"504",NA
"Support medical practitioners who prescribe medical terminations through a new online community of practice so GPs can access peer support and advice, as well as connect with pharmacists and other service providers.",NA,"504",NA
"Review Medicare rebates associated with medical terminations to address access and affordability issues.",NA,"504",NA
"Fund a national telephone referral service linking women to safe, credentialed providers of termination services.",NA,"504",NA
"Restore funding to the Australian Women’s Health Network.",NA,"504",NA
"Labor’s ground-breaking strategy will focus on five key priority areas:Restoring national leadership to ensure that Australians can access safe, legal, quality sexual and reproductive health services and supports based on health care need – not geography, socioeconomic status or other characteristics.",NA,"504",NA
"Improving access to services to support reproductive rights so that women can access safe, legal, affordable termination services if they need them.",NA,"604",NA
"Supporting women to manage their ability to conceive a child to reduce unplanned pregnancies and boost women’s control over their fertility.",NA,"504",NA
"Preventing, diagnosing and treating sexually transmissible infections to reduce their impact on women’s sexual and reproductive health.",NA,"504",NA
"Addressing specific reproductive health issues such as endometriosis, polycystic ovarian syndrome, transvaginal mesh and female genital mutilation.",NA,"504",NA
"Labor's FutureAsia Plan",NA,"H",NA
"A Shorten Government will deliver a FutureAsia plan which continues and builds on Labor’s tradition of regional engagement.",NA,"101",NA
"Our approach will grow our Asia relevant capabilities, including through better trade, investment, education and cultural links.",NA,"101",NA
"Our economic future and our place amongst the G20 nations in decades to come will increasingly rely on our engagement with Asia.",NA,"101",NA
"There are few more important things for our economic future than significantly improving our trade, investment, diplomatic, education and cultural links with Asia, home to the fastest growing middle class on earth, and right on Australia’s doorstep.",NA,"408",NA
"For Australian business to realise the greatest economic benefit from growth in our region, we must urgently improve our Asian languages and literacy.",NA,"410",NA
"We need a step change in our thinking – a fundamental whole of government effort to deepen and broaden our engagement with Asia.",NA,"101",NA
"Engagement with Asia requires more than words.",NA,"101",NA
"It requires a commitment to working across government and with business, the education sector, industry and across the community to deepen our ties, to improve our Asia capability and to enable more opportunities for Australians.",NA,"408",NA
"We need to ensure Australians are prepared for the jobs and economic opportunities of the Asian century, which is why lifting Australia’s Asia relevant capabilities is an economic imperative.",NA,"408",NA
"LABOR’S PLAN:",NA,"H",NA
"Labor will establish FutureAsia - a new whole of government plan to underpin our efforts to deepen and broaden our engagement through:A new Asia Capable Schools program that will train up to 5,000 principals and senior teachers to drive sustained whole of school change by supporting them to make the necessary updates to their curriculum and teacher capability.",NA,"101",NA
"Providing up to 100 scholarships a year for Australians who are Asian language native speakers and for top performers in priority Asian languages in Year 12, to go on to study a teaching qualification.",NA,"101",NA
"Improving Asian languages curriculum materials from preschool to year 12.",NA,"101",NA
"Establishing an Advisory Council on Asia Capabilities headed by experts from academia, business, and not-for-profits to drive research and generate new ideas to boost teaching and learning about Asia across all levels of Australia’s education system.",NA,"101",NA
"Establishing an Asian Diaspora program that better harnesses the people-to-people and business links of our existing Asian diaspora population.",NA,"101",NA
"Establishing the Australian-ASEAN Studies Centre.",NA,"101",NA
"Working with key trading partners to establish reciprocal internship programs to allow recent Australian graduates to help build the Asian business capability of young Australian professionals.",NA,"101",NA
"Improving economic and trade links through regular meetings of Asia-Pacific Finance Ministers in advance of the G20 Finance Ministers meeting, while also establishing a 2+2 of Australia’s and Indonesia’s Finance and Trade Ministers.",NA,"101",NA
"Implementing the recommendations of Peter Varghese’s ‘An Indian Economic Strategy to 2035,’ and commissioning a similar report to boost trade and investment with Indonesia.",NA,"408",NA
"Conducting annual trade missions to China, Indonesia and India.",NA,"101",NA
"Strengthening Australia’s engagement in the Indo-Pacific region, including by establishing four new diplomatic posts and establishing a new category of geo-economic counsellor across our diplomatic network.",NA,"101",NA
"Working with the Australian Institute of Company Directors to boost the Asian capability of Australian boards.",NA,"101",NA
"We will pay for it by making multinationals pay their fair share and closing tax loopholes used by the top end of town.",NA,"403",NA
"Labor Loves Live Music",NA,"H",NA
"A Shorten Labor Government will put forward the most comprehensive contemporary music policy ever introduced by an Australian government.",NA,"502",NA
"From encouraging more Australian children to learn and play music, to assisting young bands reach overseas markets, providing more support for live music and ensuring fans aren’t being ripped off when they buy tickets - Labor wants to see more Australians making music, listening to music, and seeing music live.",NA,"502",NA
"The music industry contributes nearly $6 billion to the Australian economy each year.",NA,"410",NA
"According to the Australian Recording Industry Association, the Australian music industry will be worth $100 billion globally within a decade.",NA,"410",NA
"Live music alone supports around 64,000 jobs in Australia.",NA,"701",NA
"More Australians attend live music than sport.",NA,"502",NA
"Labor wants to make sure the live music industry continues to grow and see more Australians with stable jobs in a thriving local industry.",NA,"502",NA
"Labor’s music policy all comes back to one single objective: we want to inspire the next generation of Australian artists and see more international success stories.",NA,"502",NA
"Labor wants to make sure Australian kids have the chance to learn music, regardless of where they live.",NA,"502",NA
"While many Australian kids are lucky enough to have parents who encourage them to learn an instrument at a young age, more and more kids now rely on their school to learn to play an instrument.",NA,"502",NA
"To help schools facilitate learning, a Shorten Labor Government will provide $7 million in extra support for music education and music teachers.",NA,"502",NA
"The funding will go towards expanding school programs such as SongMakers which brings musicians into schools, and The Song Room, dedicated to providing music and art lessons to disadvantaged kids.",NA,"502",NA
"One of the biggest barriers for younger musicians is having a space to practice together.",NA,"502",NA
"Labor will provide $5 million in grant funding to establish and grow music hubs around the country.",NA,"502",NA
"This funding will provide support to councils, schools, neighbourhood centres or community spaces to set up a music hub where students and musicians in the local area can come together to learn, collaborate and practice.",NA,"502",NA
"Funding could be used for soundproofing, equipment, instruments, acoustic assessments or refurbishments.",NA,"502",NA
"Labor will commit over $10 million to the new Sounds Australia to deliver the functions of the office of live music to help them work with local governments to remove barriers for live music venues around the country.",NA,"502",NA
"Labor will also double the funding to the New Recordings program to help a further ten new Australian artists record an EP.",NA,"502",NA
"The current program allows for ten albums to be recorded a year and has helped artists such as Courtney Barnett and Alex the Astronaut gain an audience.",NA,"502",NA
"Labor’s commitment to the new Sounds Australia will expand its reach and build on the 1,500 Australian groups that have been showcased at international events in over 23 countries.",NA,"502",NA
"Part of showcasing our music overseas will be small grants that are made available to help promote emerging Australian bands around the world, particularly in new markets such as Asia.",NA,"502",NA
"Sounds Australia and the Association of Artists Managers will work together and, when needed, provide modest grants to assist with practical measures to help bands get a foothold including costs of airfares, local management and connections and assistance with booking venues.",NA,"502",NA
"These grants could mean the difference between a new band making it in a new market or not.",NA,"502",NA
"Labor’s music policy will also include measures such as: Cracking down on ticket scalping websites such as",NA,"502",NA
"A cap on reselling tickets at 110% of their price, so scalpers can't rip off fans.",NA,"502",NA
"Increased funding for music and mental health programs.",NA,"502",NA
"We want Australian music to be heard, Australian artists to stay in the industry and the next generation to be inspired.",NA,"502",NA
"And we want to make it easier for music fans to buy tickets to the bands they love.",NA,"502",NA
"Labor will pay for these commitments by making multinationals pay their fair share and closing tax loopholes used by the top end of town.",NA,"502",NA
"National Inquiry Into Post-Secondary Education",NA,"H",NA
"A Shorten Labor Government will establish a once in generation National Inquiry into Post-Secondary Education that will look at every aspect of the vocational and higher education systems.",NA,"506",NA
"Labor’s proposal will ensure every student can best respond to the needs of Australia’s economy and society.",NA,"506",NA
"This will be the first time a national inquiry has put TAFE and unis on an equal footing.",NA,"506",NA
"This is about making sure Australians have access to the best post-secondary opportunities in the world.",NA,"506",NA
"Labor believes we need to be thinking about children who are just starting school now – what will work and life look like for them in years to come, and what kind of post-secondary education will best prepare them?",NA,"506",NA
"If Australia is to continue to be a wealthy, highly-educated nation, we must boost participation in quality post-secondary education.",NA,"506",NA
"Countries in our region are investing heavily in education and skills.",NA,"506",NA
"Experts have warned, if we rest on our laurels, Australia risks being left behind.",NA,"506",NA
"We want this inquiry ready to go in the first 100 days of a Labor Government.",NA,"506",NA
"The inquiry will be conducted within existing departmental resources.",NA,"506",NA
"Labor's Plan For A Fair Deal For Australian Accommodation Providers And Consumers",NA,"H",NA
"Labor will ban unfair contract terms imposed by multinational online travel booking platforms on Australian accommodation providers and support the competition watchdog to further inquire into so-called “price parity” clauses across other platforms.",NA,"403",NA
"Two overseas multinational companies control up to 85 per cent of online accommodation bookings in Australia.",NA,"403",NA
"Most of the bookings are for the small businesses that provide accommodation such as hotels, serviced and holiday apartments, and guesthouses.",NA,"403",NA
"This power imbalance is reflected most forcefully by the use of “price parity clauses” - contractual terms between hotels and online travel booking platforms.",NA,"403",NA
"Price parity clauses prevent an accommodation provider from listing a better offer on their own website.",NA,"403",NA
"Meanwhile, commissions taken by platforms, which face small marginal costs, have increased in recent years, and can be 15-30 per cent of the total accommodation fee.",NA,"403",NA
"This outcome is not fair for Australian small and medium sized accommodation providers and bad for consumers looking for the best deal.",NA,"403",NA
"LABOR’S PLAN:",NA,"H",NA
"1. Amend the Competition and Consumer Act 2010 to ban price parity clauses between online travel agencies and accommodation providers.",NA,"403",NA
"2. Support the competition regulator to use a market study to inquire into price parity clauses across other platforms and industries.",NA,"403",NA
"Labor's Plan To Make Superannuation Fairer",NA,"H",NA
"A Shorten Labor Government will ensure superannuation tax concessions go to those who most need assistance to save for a secure retirement.",NA,"403",NA
"Offering incentives through the tax system is an important way to encourage Australians to save for their retirement.",NA,"403",NA
"But our current settings are not fair, and they aren’t sustainable.",NA,"503",NA
"Superannuation tax concessions should be targeted to the cohort of people that need help to save more.",NA,"503",NA
"LABOR’S PLAN:",NA,"H",NA
"Labor will lower the annual non-concessional contributions cap to $75,000",NA,"403",NA
"Only 0.7 per cent of Australian taxpayers made $100,000 or more in non-concessional contributions in 2012-13.",NA,"403",NA
"Over 86 per cent of taxpayers made no non-concessional contributions whatsoever in that same year.",NA,"403",NA
"Many Australians will make a single, large non-concessional contribution at some stage in their working life – for example with an inheritance or the sale proceeds from a property.",NA,"403",NA
"The superannuation system allows for this by letting Australians bring forward three years’ worth of contributions into a single year.",NA,"403",NA
"But Treasury figures indicate the average contribution for these one-off lump sums is $135,000 – well below the $300,000 allowed under the Liberals’ plan.",NA,"403",NA
"By lowering the annual non-concessional contributions cap to $75,000, Labor will ensure the carry-forward allowance remains generous enough to accommodate the kind of one-off contributions middle and low income taxpayers make.",NA,"503",NA
"But we will also cut back opportunities for higher income earners to gain tax concessions for large annual contributions – something the Liberals have failed to do.",NA,"503",NA
"Labor will further lower the High Income Superannuation Contribution threshold to $200,000",NA,"503",NA
"The Abbott-Turnbull-Morrison Government’s superannuation changes required people earning $250,000 or more to pay 30 per cent tax on their superannuation contributions, rather than 15 per cent.",NA,"503",NA
"A Shorten Labor Government will lower the income threshold further to $200,000.",NA,"503",NA
"Over 96 per cent of all Australian taxpayers will not be affected by this change.",NA,"503",NA
"Labor will reverse the introduction of catch-up concessional contributions and changes to tax deductibility for personal superannuation contributions",NA,"503",NA
"Each of these measures are more likely to be taken up by people on higher incomes who can afford to make additional superannuation contributions.",NA,"503",NA
"Meanwhile, the number of middle and low income earners who have the financial capacity to take advantage of these changes is limited.",NA,"503",NA
"Analysis from the Parliamentary Budget Office showed that only about 2.3 per cent of taxpayers made $25,000 or more worth of concessional contributions in 2012-13, with their average income being $182,000.",NA,"503",NA
"This is because most Australians on lower incomes simply cannot afford to make additional contributions from their take-home pay.",NA,"503",NA
"Industry Super Australia analysis also shows that beneficiaries of these two measures have on average an 80 per cent higher balance than the average superannuation balance.",NA,"503",NA
"Labor’s plan to make superannuation fairer will save around $5.4 billion over the forward estimates.",NA,"503",NA
"Labor's Plan To Boost Super Nest Eggs",NA,"H",NA
"A Shorten Labor Government will invest more than $655 million to boost the superannuation balances for women and low-income earners.",NA,"503",NA
"Universal compulsory super is one of Labor’s greatest achievements.",NA,"503",NA
"Super has already ensured a better retirement for millions of Australians.",NA,"503",NA
"But right now, women on average retire with over 40 per cent less super than men.",NA,"503",NA
"In 2015-16, the average balance at retirement was $270,710 for men and $157,050 for women.",NA,"503",NA
"Closing this gap is absolutely critical to ensuring that Australian women enjoy dignity and security in retirement.",NA,"503",NA
"LABOR’S PLAN:",NA,"H",NA
"A Shorten Labor Government will strengthen our superannuation system by taking steps to boost the superannuation balances for women and low-income earners.",NA,"503",NA
"A Shorten Labor Government will pay the Superannuation Guarantee on Paid Parental Leave and Dad and Partner Pay payments from 1 July 2020.",NA,"503",NA
"Labor’s policy is estimated to benefit 167,000 recipients of Paid Parental Leave payments and 80,000 recipients of Dad and Partner Pay payments in 2020-21.",NA,"503",NA
"Labor will also phase out the $450 per month minimum income threshold for eligibility for the Superannuation Guarantee from 1 July 2020.",NA,"503",NA
"About 60,000 people are estimated to become eligible for the Superannuation Guarantee from their employers in 2020-21 as a result of this policy, increasing to 400,000 people in 2024-25.",NA,"503",NA
"Labor will amend the Sex Discrimination Act to ensure that businesses are able to make higher superannuation payments for their female employees when they wish to do so.",NA,"503",NA
"We will ask the Australian Human Rights Commission to advise on the most appropriate legislative approach and to develop guidelines and advice for any organisation contemplating providing additional superannuation payments for women.",NA,"503",NA
"Labor will release an annual women’s budget statement which will provide greater transparency and consideration of gender across government as well as an opportunity to understand policy impacts across budgets.",NA,"503",NA
"Labor will ensure that Labor’s Council of Superannuation Custodians considers and reports on the impact on women of any future superannuation changes that it recommends to the Government.",NA,"503",NA
"The Council will make recommendations on legislative changes to superannuation tax policies every five years, in line with the release of the Intergenerational Report.",NA,"503",NA
"We will pay for these commitments by making multinationals pay their fair share and closing tax loopholes used by the top end of town.",NA,"503",NA
"Labor’s Plan to Fix the NDIS",NA,"H",NA
"A Shorten Labor Government will get the NDIS back on track.",NA,"503",NA
"It took a Labor Government to build the NDIS, and it will take a Shorten Labor Government to get it back on track.",NA,"503",NA
"Under the Liberals, the NDIS rollout has been too slow – with over 77,000 people missing out as a result.",NA,"503",NA
"The scheme has become too bureaucratic and the experiences of people with disability, families and carers has often been poor.",NA,"503",NA
"People are struggling to access services, and on average are being short-changed by over $13,000 per year.",NA,"503",NA
"This is not how the NDIS was supposed to be.",NA,"503",NA
"Labor created the NDIS to give people with disability choice and control over their lives.",NA,"503",NA
"But under the Liberals, too many people with disability, families and carers feel the scheme is not delivering on what was promised.",NA,"503",NA
"But worst of all, the Liberals will short-change the NDIS – and the people who rely on it – by $1.6 billion next year alone.",NA,"503",NA
"When money budgeted for the NDIS isn’t going to the NDIS, it’s a cut.",NA,"503",NA
"The Liberals are using the NDIS to prop up their tax handouts to the top end of town.",NA,"503",NA
"It’s no accident that people with disability are being short-changed.",NA,"503",NA
"It’s a direct result of the Liberals’ actions, including capping staff, delaying the rollout, failing to invest in the workforce and keeping prices for services too low.",NA,"503",NA
"After five ministers in five years, it’s time to get the NDIS back on track.",NA,"503",NA
"LABOR’S PLAN",NA,"H",NA
"A Shorten Labor Government will establish a National Disability Insurance Scheme Future Fund – guaranteeing that every dollar budgeted for the NDIS, goes to the NDIS.",NA,"503",NA
"The $1.6 billion the Liberals are taking from the NDIS 2019-20 will be put into the NDIS Future Fund, along with any future underspends.",NA,"503",NA
"It will be a ‘locked box’ to protect the NDIS from Liberal cuts.",NA,"503",NA
"A Shorten Labor Government will also put people with disability at the centre of the NDIS once again.",NA,"503",NA
"Labor will make the scheme more responsive, less complex and more people-focused.",NA,"503",NA
"Our plan includes:A new culture that puts people with disability first.",NA,"503",NA
"Establishing an NDIS Future Fund.",NA,"503",NA
"More, better-trained staff.",NA,"503",NA
"Better planning, more choice and easier reviews.",NA,"503",NA
"Ensuring equitable access to the NDIS.",NA,"503",NA
"Fixing the gaps between the NDIS and mainstream services.",NA,"503",NA
"Valuing a skilled disability workforce.",NA,"503",NA
"Keeping people with disability safe and boosting advocacy.",NA,"503",NA
"A strong disability services sector.",NA,"503",NA
"Improving research and evaluation.",NA,"503",NA
"Labor’s plan has been developed after extensive consultation with people with disability, families, carers, advocates, workers and providers across Australia.",NA,"503",NA
"A Shorten Labor Government will seek the support of the states and territories for this plan and issue a formal directive to the NDIA Board under section 125 of the NDIS Act, to quickly get the NDIS back on track.",NA,"503",NA
"Labor Will Help Developing Countries Fight Multinationals",NA,"H",NA
"A Shorten Labor Government will help developing countries claw back cash from tax avoiders, by supporting a tax compliance program that returns $100 in revenue for every $1 invested.",NA,"403",NA
"Tax havens hurt equality, especially in developing countries.",NA,"403",NA
"Globally, two out of every five dollars of multinational profits are estimated to be channelled through tax havens.",NA,"403",NA
"For regional neighbours such as the Philippines and the Solomon Islands, the amount shifted into tax havens is over 2 percent of GDP.",NA,"403",NA
"Tax avoidance takes away precious funds that could be used for vital services.",NA,"403",NA
"Labor will provide $5 million a year to Tax Inspectors Without Borders, with a portion of that funding assisting the Australian Tax Office to send tax experts to developing countries who request our help.",NA,"403",NA
"It is estimated that for every $1 spent by donor countries on the program, developing nations have recouped $100 in additional tax revenue.",NA,"403",NA
"With a 100:1 rate of return, Labor’s $5 million investment per year would recoup $500 million in revenue to help developing nations fund schools and hospitals.",NA,"403",NA
"This is part of Labor’s commitment to rebuilding our Overseas Development Assistance program, and the latest step forward on tackling multinational tax avoidance.",NA,"403",NA
"We will pay for it by making multinationals pay their fair share and closing tax loopholes used by the top end of town.",NA,"403",NA
"Labor's Plan To Take The Wheel For Aussie Car Owners And Mechanics",NA,"H",NA
"Labor will put more money back into the pockets of car owners, and give 23,000 independent repairers a boost by making multinational car manufacturers share their technical information so that vehicles can be serviced by any mechanic.",NA,"402",NA
"New cars are computers on wheels.",NA,"403",NA
"Real-time access to digital files and codes, which vary from car to car, is needed to complete many aspects of a repair or service.",NA,"403",NA
"Car manufacturers generally own and control this technical information and in many cases are the only sources.",NA,"403",NA
"Whatever car you own, everyone should be able to choose where they get their car serviced.",NA,"403",NA
"But the multinational car manufacturers guarding this information push up prices for car services,",NA,"403",NA
"and limit the ability of independent mechanics to grow their businesses",NA,"403",NA
"and generate more jobs.",NA,"701",NA
"The Liberals have only been interested in protecting their multinational mates, not driving a better deal for car owners and independent mechanics.",NA,"403",NA
"LABOR’S PLAN:",NA,"H",NA
"A Shorten Labor Government will require car manufacturers to share technical information with independent mechanics on commercially fair and reasonable terms, with safeguards that enable environmental, safety and security-related technical information to be shared with the independent sector.",NA,"403",NA
"Labor will stick up for small businesses, Aussie tradies and keeping the cost of living down for families.",NA,"403",NA
"This reform will not only deliver savings to drivers, who will have better choice and easier access to repairs, but also create a level playing field for independent mechanics who will be able to stay in business as a result.",NA,"403",NA
"Labour Hire",NA,"H",NA
"A Shorten Labor Government will implement a “same job, same pay” policy and introduce a National Labour Hire Licensing Scheme",NA,"701",NA
"Too many workers in Australia are subject to unfair labour hire practices, often treated like second class citizens with lower wages, worse conditions and no job security.",NA,"701",NA
"Labor’s “same job, same pay” policy will ensure that labour hire workers are paid and treated fairly, and their employment is not used to undermine the pay and conditions of direct employees.",NA,"701",NA
"Labor believes workers with the same training and experience, doing the same job side by side, should be paid the same amount.",NA,"701",NA
"Labor will legislate to ensure that workers employed through a labour hire company will receive the same pay and conditions as people employed directly by the host company.",NA,"701",NA
"Labor will establish a National Labour Hire Licensing Scheme to protect workers from exploitation.",NA,"701",NA
"We will require all labour hire companies to be licensed.",NA,"701",NA
"Companies that are based overseas and supply labour to Australian firms, either directly or through other companies, will also have to be licensed to do business here.",NA,"701",NA
"In contrast, the Liberal government has failed to act to stamp out dodgy labour hire practices and further, has rejected a comprehensive regulation scheme for the labour hire industry.",NA,"701",NA
"These reckless decisions have meant that many Australian workers are less secure in their jobs and potentially face a greater risk of exploitation.",NA,"701",NA
"Labor's Plan For Pay Transparency For Large Company CEOs",NA,"H",NA
"Labor will promote fairness and tackle inequality in the workplace by requiring large companies to report the ratio of their CEO pay to the pay of the median employee.",NA,"701",NA
"Wages for everyday Australians have been stagnant, and growth in profits has significantly outpaced growth in average wages.",NA,"701",NA
"Current evidence shows that the average total pay of ASX100 CEOs rose by 9 per cent recently – over four times the speed of average wage growth.",NA,"701",NA
"The median ASX100 CEO earned more than $4 million.",NA,"701",NA
"The best-paid of Australian CEOs made $37 million in 2016-17.",NA,"701",NA
"That’s $10 every eight seconds.",NA,"701",NA
"This is a local response to a global problem.",NA,"701",NA
"In 2015, CEOs of S&P500 companies in the US averaged a pay packet 335 times the size of the average American worker.",NA,"701",NA
"Labor will address public concern that CEO salaries are growing at an unfair rate and leaving workers behind.",NA,"701",NA
"LABOR’S PLAN:",NA,"H",NA
"A Shorten Labor Government will require listed firms with more than 250 employees to report the ratio of their CEO pay to the pay of the median employee.",NA,"701",NA
"Alongside their pay ratio, firms would be encouraged to provide a public explanation of the remuneration strategy.",NA,"701",NA
"By extending current market reporting requirements for public companies, it will help inform investors as they calculate risks and decide where to invest their money.",NA,"701",NA
"This is a pro-growth reform and complements other transparency initiatives announced by Labor, including the public release of gender pay gap information within firms, our Tax Haven Transparency package, and the annual release of tax data for more large private firms.",NA,"701",NA
"The requirement parallels measures introduced in the United States and Britain.",NA,"701",NA
"The measure would apply from the 2021 financial year, to allow the Australian Securities and Investments Commission time to issue appropriate guidance, and for firms to comply with the new requirements.",NA,"701",NA
"Labor's Plan For Inclusive Ownership & Inclusive Growth: Cooperatives And Mutual Enterprises",NA,"H",NA
"A Shorten Labor Government will support Australia’s Cooperative and Mutual Enterprises sector.",NA,"402",NA
"Today in Australia, we need initiatives that will build the strength of our communities and increase competition in markets dominated by a few large firms.",NA,"403",NA
"This holds true for many sectors including banking, agriculture, health care, and insurance.",NA,"402",NA
"That’s because social capital – the networks of trust and reciprocity that link multiple individuals together – is declining.",NA,"402",NA
"Cooperatives (Co-ops) and mutuals are a flexible structure with the potential to not only create economic value, but also to foster community.",NA,"410",NA
"There is also evidence that employees in worker-owned firms are more productive and more satisfied, and that such firms have less turnover and enjoy greater staff loyalty.",NA,"701",NA
"Co-ops and mutuals face a number of barriers, ranging from access to capital, equal access to grants, and equal treatment for the sector with other firm structures in all areas of the economy.",NA,"402",NA
"Labor’s reform proposals build on Labor’s 2016 election commitments which are based on the recommendations of the Senate Economics Committee Inquiry into member-owned firms.",NA,"402",NA
"LABOR’S PLAN: A Shorten Labor Government will support Australia’s Cooperative and Mutual Enterprises sector. Today in Australia, we need initiatives that will build the strength of our communities and increase competition in markets dominated by a few large firms. This holds true for many sectors including banking, agriculture, health care, and insurance. That’s because social capital – the networks of trust and reciprocity that link multiple individuals together – is declining. Cooperatives (Co-ops) and mutuals are a flexible structure with the potential to not only create economic value, but also to foster community. There is also evidence that employees in worker-owned firms are more productive and more satisfied, and that such firms have less turnover and enjoy greater staff loyalty.",NA,NA,NA
"LABOR’S PLAN:",NA,"H",NA
"Labor will create a Competition and Growth Taskforce to sit within Treasury and include staff from diverse backgrounds including not-for-profits, superannuation and the cooperative and mutuals sector.",NA,"403",NA
"The Taskforce will work on issues tasked to it by government and undertake independent research and policy development.",NA,"403",NA
"The Taskforce would immediately be tasked with:Corporate governance reform, filling the gap left by the abolition of the Corporations and Markets Advisory Committee by the Liberals, who defunded it at the behest of their vested interest mates.",NA,"403",NA
"The Taskforce would be asked to immediately focus on completing the Annual General Meeting and Shareholder Engagement report that the CAMAC started.",NA,"403",NA
"Guiding the implementation of the remaining recommendations of the Senate Economics References Committee Inquiry into Co-ops and Mutuals, which primarily involve the coordination of government regulation and information to reflect business plurality.",NA,"403",NA
"Reviewing national harmonisation of cooperative laws, including exploring the referral of state powers (legislated under the Cooperatives National Law) to the federal government, and bringing cooperatives into the proposed Director Identification Number regime.",NA,"403",NA
"Making recommendations to government on small business transition policies – particularly in relation to small business owners who wish to sell their business to their employees upon retirement as a worker-owned cooperative.",NA,"403",NA
"Guiding policy on encouraging employee ownership, including employee share ownership schemes.",NA,"403",NA
"The Labor Party committed to ensuring fairer access to capital in 2016, with Parliament later adopting the policy.",NA,"403",NA
"We will ensure those reforms work as intended.",NA,"403",NA
"Labor will give the sector equal access to government grants.",NA,"402",NA
"Labor believes member-owned firms should be eligible for government grants on an equal footing with other organisations.",NA,"402",NA
"The clearest example is the Indigenous Advancement Strategy, which does not allow non-corporations to apply for grants above a certain threshold.",NA,"402",NA
"Cooperatives are a way for Indigenous collectives to further the goal of self-determination.",NA,"402",NA
"The Labor Party committed to ensuring fairer access to capital in 2016, with Parliament later adopting the policy. We will ensure those reforms work as intended. Labor will give the sector equal access to government grants.",NA,NA,NA
"Labor believes member-owned firms should be eligible for government grants on an equal footing with other organisations.",NA,"402",NA
"The clearest example is the Indigenous Advancement Strategy, which does not allow non-corporations to apply for grants above a certain threshold.",NA,"402",NA
"Cooperatives are a way for Indigenous collectives to further the goal of self-determination.",NA,"402",NA
"Fairer Markets For A Fairer Australia",NA,"H",NA
"Labor will stand up to the market power of multinationals and the top end of town, massively increase penalties for bad behaviour, fight inequality and clamp down on anti-consumer behaviour by big business by reforming competition laws.",NA,"403",NA
"Australia has a competition problem – there is not enough of it.",NA,"403",NA
"Our industries are concentrated.",NA,"403",NA
"Our markets show signs of weak competition and feature large power imbalances.",NA,"403",NA
"Recent analysis shows that more than half of Australia’s markets are concentrated – meaning that the four largest firms control a third of the market or more.",NA,"403",NA
"Increased concentration is often associated with reduced competition, resulting in higher prices and higher inequality, and lower productivity, innovation, investment, quality and consumer choice.",NA,"403",NA
"The Liberals don’t like competition.",NA,"403",NA
"They prefer to defend their mates in the top end of town.",NA,"403",NA
"Under the Abbott-Turnbull-Morrison Government, it fell to Labor to legislate fair competition reforms, including Small Business Access to Justice, which helps small businesses take on market dominant competitors in court without the risk of being bankrupted by the legal fees of their opponent.",NA,"403",NA
"LABOR’S PLAN:",NA,"H",NA
"Raise the maximum dollar penalty for companies that break competition laws and rip off consumers from $10 million to $50 million per offence.",NA,"403",NA
"Double the ACCC’s litigation budget to $49 million.",NA,"403",NA
"Adopt the European Union’s penalty system for anti-competitive conduct, which is based on 30 per cent of the annual sales of the relevant product or service, multiplied by the number of years the infringement took place, capped at 10 per cent of annual turnover.",NA,"403",NA
"Empower consumer and small business advocacy groups to make ‘supercomplaints’ about rip-offs to the ACCC. Supercomplaints will require an investigation and public response from the watchdog with a limited response time.",NA,"403",NA
"Mergers that have occurred in concentrated markets, or have previously raised regulator concerns or enforceable undertakings, will require a review five and ten years after the merger to evaluate the competition and consumer outcomes of the merger, and the broader public interest (including whether mergers reduced wages, cut jobs, lowered product quality, limited access to services, stifled innovation, damaged suppliers, or hindered the ability of small businesses and entrepreneurs to compete).",NA,"403",NA
"Give a truly independent market studies function to the ACCC to explore public interest issues such as pricing discrepancies and increased market concentration.",NA,"403",NA
"Amend the Competition and Consumer Act to allow courts to apply higher penalties for conduct that targets or disproportionately impacts disadvantaged Australians.",NA,"403",NA
"Require the ACCC to prioritise investigations of conduct that targets or disproportionately impacts disadvantaged Australians.",NA,"403",NA
"Investigate the impact of increased market concentration on income inequality in Australia and produce policy recommendations on how the negative effects of market concentration can be mitigated.",NA,"403",NA
"Encourage states and territories to include competition principles in planning and zoning legislation, with a specific focus on shortfalls of appropriately zoned land for key services in disadvantaged communities.",NA,"403",NA
"Labor's Tradie Pay Guarantee And Plan To Fight Phoenixing",NA,"H",NA
"Labor will implement a Tradie Pay Guarantee, a Tradie Litigation Fund, and a series of reforms to detect, deter, and punish fraudulent phoenix operators hurting honest small businesses and employees.",NA,"403",NA
"Phoenix activity is a deliberate liquidation strategy to avoid debts, taxes and other liabilities, particularly worker entitlements and outstanding bills to small business suppliers.",NA,"403",NA
"It often involves a second company, newly incorporated and structured for this purpose, which arises from the ashes of its failed predecessor, yet the second company’s directors and business are essentially the same.",NA,"403",NA
"This type of fraud costs the economy more than $5 billion a year.",NA,"403",NA
"Phoenix activity affects all sectors of the economy, but the construction sector is the worst hit - directly impacting sub-contractors, tradies, and their families.",NA,"403",NA
"LABOR’S PLAN:",NA,"H",NA
"Tradie Pay Guarantee",NA,"H",NA
"A Shorten Labor Government will protect sub-contractors working on government projects from being left unpaid when dodgy businesses go bust through the implementation of the Tradie Pay Guarantee.",NA,"403",NA
"Labor will trial a new requirement for large Commonwealth construction projects that would see project bank accounts established that use cascading statutory trusts, ensuring that all businesses down the supply chain get paid on time, and set up an efficient process for handling disputes and establish a federal security of payments legislative regime based on the recommendations of the Murray Review.",NA,"403",NA
"Labor will then work with the States and Territories to harmonise schemes across the country where possible, including consulting on the referral of powers to the federal program.",NA,"403",NA
"This would apply to a broader range of construction activity.",NA,"403",NA
"Labor will commit $7 million for the development and implementation of the Tradie Pay Guarantee.",NA,"403",NA
"Tradie Litigation Fund",NA,"H",NA
"Labor will create aN $8 million Tradie Litigation Fund for sub-contractors to access justice and see regulators take dodgy bosses to court and win.",NA,"605.1",NA
"The new $8 million Tradie Litigation Fund will give the Australian Securities and Investments Commission the ability to run more difficult court cases without draining the corporate watchdog’s resources.",NA,"605.1",NA
"Not only will this give tradies their day in court, it will also act both as a punishment and a deterrent for dodgy directors.",NA,"605.1",NA
"People who deliberately burn their companies should be subject to the full consequences of failing directors’ duties, including being liable for compensation, fines of up to $200,000 or five years behind bars.",NA,"605.1",NA
"Detect, Deter, and Punish Phoenix Operators",NA,"H",NA
"A Shorten Labor Government will implement the following anti-phoenixing measures:1. Require all company directors to obtain a Director Identification Number (DIN) with a 100-point ID check.",NA,"403",NA
"This stops dodgy directors signing up under false details and allows regulators to track their operation.",NA,"403",NA
"2. Increase penalties associated with phoenix activity.",NA,"403",NA
"3. Allow the Commissioner of Taxation to name and shame individuals and entities as a penalty for the most serious tax offences.",NA,"403",NA
"4. Allow the Commissioner of Taxation to apply to the Australian Securities and Investments Commission for disqualification orders for directors who engaged in or oversaw serious non-compliance.",NA,"403",NA
"5. Introduce an objective test for transactions depriving employees of their entitlements.",NA,"403",NA
"6. Clarify the availability of compensation orders against accessories under the Fair Work Act 2009.",NA,"403",NA
"7. Undertake consultation on targeted integrity measures based on the recommendations of the Melbourne Law School / Monash Business School Phoenix Research Team recommendations.",NA,"403",NA
"8. Include all labour hire contracting firms in the Taxable Payment Reporting System, to increase tax compliance in a phoenix-risk sector",NA,"403",NA
"Labor's Plan to deliver Better Regional Communications",NA,"H",NA
"Labor understands just how critical connectivity is to improving quality of life,",NA,"504",NA
"boosting productivity",NA,"410",NA
"and supporting jobs in the regions.",NA,"701",NA
"Having access to fast, reliable and affordable communications is an enabler of social and economic opportunity, particularly in regional communities that face barriers of distance.",NA,"411",NA
"This is why Labor established a ubiquitous National Broadband Network (NBN), and invested $250 million in the Regional Backbone Blackspots Program.",NA,"411",NA
"We will continue to invest in better connectivity to help bridge the digital divide in regional communities.",NA,"411",NA
"LABOR’S PLAN:",NA,"H",NA
"A Shorten Labor Government will invest $245 million to address mobile black spots, improve digital inclusion and fund local projects to improve connectivity in regional communities.",NA,"411",NA
"This $245 million commitment shows Labor is the party most committed to regional communications,",NA,"411",NA
"and forms part of our broader commitment to support local productivity,",NA,"301",NA
"jobs",NA,"701",NA
"and enhanced connectivity in regional Australia – and to improve the NBN.",NA,"411",NA
"Labor’s Plan to deliver Better Regional Communications will:1. Fix more mobile black spots: Labor will allocate $160 million to deliver improved mobile coverage through two further rounds of the Mobile Black Spot Program, as well as strengthening co-location and infrastructure sharing opportunities for new mobile towers funded by the program.",NA,"411",NA
"2. Invest in local projects to address regional connectivity issues: Labor will allocate $60 million to local projects to address regional connectivity issues by working with state and local government and other stakeholders to develop Connected Community Plans.",NA,"411",NA
"This place-based approach will help identify priorities for investment in local connectivity projects and digital literacy initiatives, including in remote Indigenous communities.",NA,"411",NA
"3. Improve data collection to support better decision-making: Labor will work with industry and regulators to develop more accurate and comparable mobile coverage maps to support policy making.",NA,"411",NA
"We will also empower the ACCC to track capital investment in regional mobile networks, including 5G, to support policy analysis, program design and decision making to benefit regional consumers.",NA,"411",NA
"4. Work with the States and Territories to better co-ordinate investment: Labor will work with the States and Territories to maximise co-investment opportunities in mobile and other network infrastructure; ensure that Commonwealth investment in road and rail projects incorporates a communications coverage plan where feasible; and investigate co-building of mobile network infrastructure in areas of defined need such as transport routes, where public land can be leveraged in exchange for cooperation amongst mobile network operators.",NA,"411",NA
"5. Improve consistency of back-up power arrangements for new mobile towers located in bushfire prone areas: Labor will work with industry and consult experts on options to improve the consistency of battery back-up arrangements for new base stations built in bushfire prone areas.",NA,"411",NA
"6. Improve Remote Indigenous Communications: Labor will provide funding to improve remote Indigenous telecommunications and broadcasting to help address digital literacy, improve access to basic services and address the digital divide in remote communities.",NA,"411",NA
"If elected, we will also restore much needed rigour to ensure taxpayer’s money is delivering the benefits that regional Australians deserve.",NA,"411",NA
"The Liberals and nationals have been caught out for failings in administering regional funding. The Australian National Audit Office (ANAO) found 89 of 499 base stations — nearly 1 in 5 towers funded under Round 1 of the Mobile Black Spot Program — delivered no new coverage at a cost of $28 million.",NA,"411",NA
"From their second-rate copper NBN, to bungling of mobile black spots delivery, the Liberals and Nationals cannot be trusted when it comes to regional communications.",NA,"411",NA
"As it stands, 31 black spot towers promised by the Liberals and Nationals after the 2013 election are yet to be delivered, and a further 71 of the 102 towers promised as 2016 election commitments in are also incomplete.",NA,"411",NA
"Regional Australians and taxpayers deserve better than this.",NA,"411",NA
"DELIVERING A BETTER NBN EXPERIENCE FOR REGIONAL AUSTRALIA",NA,"411",NA
"Labor’s Plan for Better Regional Communications will be supported by our commitment to deliver a better experience for regional NBN consumers by:Establishing an NBN Service Guarantee to improve service standards, and better protect consumers and small businesses against excessive NBN downtime.",NA,"411",NA
"Undertaking a review of the future funding and capacity requirements of the NBN fixed-wireless network.",NA,"411",NA
"Improving reliability and speed for up to 750,000 Fibre to the Node households, many of which are in the regions, where the NBN copper network is over-represented.",NA,"411",NA
"Undertaking fibre upgrade trials to validate costs and inform options for future co-investment to deliver more fibre.",NA,"411",NA
"The choice at the next election could not be clearer.",NA,"411",NA
"Regional Australians can have better schools, hospitals and connectivity under Labor, or bigger tax loopholes for the top end of town under the Liberals.",NA,"411",NA
"After six years of dysfunction and chaos within the Liberals and Nationals, our united Labor team is ready.",NA,"411",NA
"Labor Will Make Unfair Contract Terms Illegal",NA,"H",NA
"A Shorten Labor Government will protect small businesses by making unfair contract terms illegal and punishable with significant fines.",NA,"605.1",NA
"Australia’s current laws aren’t tough enough.",NA,"605.1",NA
"While contract terms that unfairly exploit a power imbalance between a big business and a small business can be voided by a court, there’s no punishment for the entity exploiting its market power.",NA,"605.1",NA
"This means there is nothing discouraging the big end of town from pushing smaller, dependent firms to sign onto unfair arrangements.",NA,"403",NA
"The Australian Competition and Consumer Commission previously stated that making unfair contract terms illegal “… would act as a better deterrent. In the ACCC’s view, currently there is minimal incentive for businesses to comply with [current unfair contract term] laws.”",NA,"403",NA
"Common unfair contract terms include: allowing the contract provider to unilaterally vary all terms, broad and unreasonable powers to protect themselves against loss or damage at the expense of the small business, or an unreasonable ability to cancel or end an agreement.",NA,"403",NA
"LABOR’S PLAN:",NA,"H",NA
"A Shorten Labor Government will ensure that the top end of town can’t get away with putting dodgy clauses into their contracts by:Making unfair contract terms illegal.",NA,"403",NA
"Introducing penalties for contracts that contain unfair contract terms.",NA,"605.1",NA
"Expanding the definition of small businesses eligible for protection from such contract terms (expanding eligibility for protection from businesses with up to 20 employees to also include businesses with annual turnover of up to $10 million).",NA,"403",NA
"These measures will complement Labor’s successfully legislated Small Business Access to Justice reforms which help small businesses take court cases to address anti-competitive conduct, and our Fairer Markets for A Fairer Australia competition reforms.",NA,"403",NA
"Labor's Comprehensive Plan For Housing Affordability",NA,"H",NA
"Labor has a comprehensive plan to tackle the housing affordability crisis, including by reforming tax concessions like negative gearing and increasing housing supply through a more viable Build-to-Rent sector and working with the community sector to build 250,000 new homes.",NA,"504",NA
"Australia is in the midst of a housing affordability and homelessness crisis under the Morrison Government – our housing system simply isn’t delivering for working and middle-class Australians.",NA,"504",NA
"Rates of home ownership have plummeted to historic lows, record numbers of families are experiencing rental and mortgage stress, and many of the most vulnerable in our communities are at‐risk or experiencing homelessness.",NA,"504",NA
"Secure housing is essential to wellbeing, participation and inclusion.",NA,"504",NA
"All Australians have a right to safe, affordable and appropriate housing throughout their lives.",NA,"504",NA
"But the Abbott-Turnbull-Morrison Government has failed to provide national leadership in housing policy or to invest in the supply of Australia’s affordable housing stock.",NA,"504",NA
"A Shorten Labor Government will:Reform negative gearing so that deductions can only be claimed on newly built homes, which will increase new housing supply",NA,"504",NA
"and support jobs.",NA,"701",NA
"We will reform the capital gains tax concession and allow existing investors to maintain their current CGT and negative gearing entitlements.",NA,"403",NA
"There will be no retrospective taxation or impost on existing investors.",NA,"403",NA
"Build 250,000 new affordable rental homes over the next decade in partnership with the community housing sector for Australians on low and moderate incomes.",NA,"504",NA
"We will also ensure that 1 in 10 employees engaged in building new housing stock under our scheme are apprentices.",NA,"402",NA
"Create a viable Build to Rent sector in Australia – giving institutional investors better tax concessions; encouraging more construction; and stimulating the housing market.",NA,"402",NA
"We will do this by cutting the managed investment trust withholding rate in half from 30 per cent to 15 per cent to encourage new housing supply.",NA,"402",NA
"Provide $88 million over two years for a new Safe Housing Fund to increase transitional housing options for women and children escaping domestic and family violence, young people exiting out-of-home care and older women on low incomes who are at risk of homelessness.",NA,"504",NA
"Limit direct borrowing by Self-Managed Superannuation Funds.",NA,"403",NA
"Limited recourse borrowing in SMSFs has exploded in recent years, increasing risk in the superannuation system and crowding out first home owners.",NA,"403",NA
"Facilitate COAG processes to introduce a uniform vacant property tax across all major cities.",NA,"403",NA
"Increase fees for overseas investors buying Australian real estate and increase penalties when they break the law.",NA,"403",NA
"Achieve better results from National Agreements, including better rights for renters, planning reform, inclusionary zoning, and accelerated land release.",NA,"503",NA
"Re-establish the National Housing Supply Council and appoint a dedicated Federal Housing and Homelessness Minister.",NA,"503",NA
"Establish a new and independent COAG Economic Reform Council that will be given the autonomy to examine, track and report to COAG on long-term reform priorities, including on housing affordability and supply.",NA,"403",NA
"A Shorten Labor Government will ensure that the issue of affordable housing for all Australians is front and centre of our national agenda for the next decade and beyond.",NA,"403",NA
"Labors Fairer Long Stay Parent Visa",NA,"H",NA
"A Shorten Labor Government will deliver a fairer Long Stay Parent visa so that Australian families from migrant and multicultural backgrounds can reunite with loved ones.",NA,"607.2",NA
"As Australia’s migrant and multicultural communities re-establish their lives in Australia, the ability for families to reunite with parents and grandparents still overseas with existing visas is limited, expensive and some have wait times of up to 50 years.",NA,"607.2",NA
"Many elderly parents want to reunite with their families, but under the existing visa system, they have to travel to Australia as tourists.",NA,"607.2",NA
"This can be costly, frustrating, disruptive and exhausting as elderly parents are made to ferry between countries.",NA,"607.2",NA
"The Liberals’ unfair Temporary Sponsored Parent visa is completely different from the commitment they took to the 2016 election – with unfair conditions and higher fees for families wanting to reunite.",NA,"607.2",NA
"Most cruelly, the Liberals are forcing families to choose which parents or in-laws they reunite with by limiting the visa to one set of parents per household.",NA,"607.2",NA
"LABOR’S PLAN",NA,"H",NA
"Labor’s fairer Long Stay Parent visa will allow parents and in-laws to reunite with their families and let all grandparents spend quality time with their grandkids:",NA,"607.2",NA
"Labor’s Fairer Long Stay Parent VisaLiberals’ Unfair Temporary Sponsored Parent visaUncappedVisas capped to 15,000 placesFamilies can reunite with both sets of parentsLimited to one set of parents per householdCost:$2,500 for a 5-year visa$1,250 for a 3-year visaCost:$10,000 for a 5-year visa$5,000 for a 3-year visaCan be renewed in AustraliaCan’t be renewed in Australia",NA,NA,NA
"Labor’s fairer Long Stay Parent visa will be more affordable for families – unlike the Liberal’s expensive fees that see families paying up to $40,000 to access visas.",NA,"607.2",NA
"Only a Shorten Labor Government will deliver a fair go for Australia’s proud migrant and multicultural communities with our fairer Long Stay Parent visa.",NA,"607.2",NA
"National Bike Paths Strategy",NA,"H",NA
"A Shorten Labor Government will invest $260 million to upgrade the nation’s cycling paths to encourage more people to ride bicycles to work or school",NA,"411",NA
"and capitalise on the rapidly expanding cycling tourism market.",NA,"410",NA
"Labor’s National Bike Paths Strategy will provide the largest ever investment in bike paths from the Federal Government and underscores our commitment to active transport.",NA,"411",NA
"Labor will partner with state and territory governments or local councils to unlock even more investment and make a difference to the health, safety and overall amenity for people living in cities and towns across Australia.",NA,"411",NA
"According to research by the National Heart Foundation and the Cycling Promotion Fund, a key reason Australians cite for not cycling is concern for their safety when they ride on roads.",NA,"411",NA
"Further research by the Bureau of Infrastructure, Transport and Regional Economics has found that 80 per cent of cyclists would ride more frequently if there were more bike paths.",NA,"411",NA
"Labor’s record investment in bike paths will remove these obstacles to greater participation in cycling, with higher cycling rates not only improving health outcomes for cyclists",NA,"504",NA
"but also taking cars off our congested roads.",NA,"501",NA
"We will achieve this by delivering strategic projects that target missing links, requiring project proponents to use best practice as part of the design parameters.",NA,"411",NA
"Labor’s new cycling strategy will also target the growing tourism sector of cycling tourism, also known as trail tourism, which offers great opportunities for regional communities.",NA,"410",NA
"Cycling tourists spend $300 million a year in New Zealand, with more than a third of the visitors coming from overseas.",NA,"410",NA
"Australia can be a bigger part of this growing tourism sector which will also help regional communities link up local tourism attractions via bikeways.",NA,"410",NA
"Labor will also look to develop in Government a national guide for cities that provides detailed national and international best practice designs and resources for practitioners for the effective design and delivery of bicycle infrastructure to enable significant cycling participation, while ensuring innovative outcomes for the entire transport system and return on investment for funds invested.",NA,"411",NA
"Labor’s National Bike Paths Strategy builds on our legacy, where the former Federal Labor Government oversaw record investment in bike paths across the nation.",NA,"411",NA
"It also builds on commitments already made by Labor, namely that infrastructure project proposals show consideration of integration of active transport.",NA,"411",NA
"Labor has listened to communities and representatives from across cycling networks and today’s policy reflects their calls for greater investment.",NA,"411",NA
"Only Labor can be trusted to deliver the infrastructure projects Australia needs.",NA,"411",NA
"Labor's Plan For Marine Science",NA,"H",NA
"A Shorten Labor Government will invest more than $100 million into marine science in Australia’s north, including a $30 million redevelopment of the iconic ReefHQ in Townsville, additional funding for the Australian Institute of Marine Science (AIMS), the refit of the RV Cape Ferguson science vessel and a major new reef research initiative.",NA,"411",NA
"Labor understands the importance of science to our role as custodian of some of nature’s greatest wonders just off our shores, the Great Barrier Reef, Ningaloo Reef and Shark Bay in WA.",NA,"411",NA
"These are not only natural wonders but are also vital to northern Australia’s – especially northern Queensland’s - tourism industry, and much of the service sector around Cairns and Townsville.",NA,"502",NA
"Protecting our marine estate and the benefits it provides requires management based on the best science, and development of new approaches and technologies which policy makers can deploy with certainty.",NA,"411",NA
"Marine science is critical to realising these opportunities and responding to these rapidly emerging challenges.",NA,"411",NA
"Under the Abbott-Turnbull-Morrison Government, science, research and innovation funding has declined by $1.2 billion in real terms.",NA,"411",NA
"The 2014 budget cut AIMS funding by $7.8 million.",NA,"411",NA
"And just last year the Liberals chose to grant precious funds to help save the reef - a $444 million grant - to the small, private Great Barrier Reef Foundation, rather than allocate this funding to the government reef agencies like AIMS.",NA,"411",NA
"LABOR’S PLAN:",NA,"H",NA
"Labor’s plan will invest in the infrastructure and capability of Australian inshore marine science, including a refurbishment of Australia’s world class Great Barrier Reef education and research facility, Reef HQ Aquarium.",NA,"411",NA
"It will provide an additional investment to bring about a step change in capability for the AIMS by providing resourcing to invest in technological change and employ additional scientists and technologists.",NA,"411",NA
"It will also refit and extend the life of the RV Cape Ferguson, which is the inshore research vessel for the Great Barrier Reef.",NA,"411",NA
"These investments will enable AIMS to serve the nation by providing the tools to help protect the Great Barrier Reef, providing new insights into inshore marine systems across Northern Australia.",NA,"411",NA
"The package will also invest in a new Australian Research Council special research initiative to conduct vital research supporting the social and economic adaptation of communities to the challenges of reef restoration and adaptation.",NA,"411",NA
"Labor will also invest $30 million in Reef HQ.",NA,"411",NA
"Labor will refurbish this tired and aging facility and transform it into a National Education Centre for the Great Barrier Reef which all Australians can be proud of.",NA,"411",NA
"This election is a choice between Labor’s plan for better science,",NA,"411",NA
"better hospitals",NA,"504",NA
"and better schools versus bigger tax loopholes for the top end of town under the Liberals.",NA,"504",NA
"After six years of Liberal cuts and chaos, our united Labor team is ready.",NA,"411",NA
"Council of Super Custodians",NA,"H",NA
"Labor will create a Council of Superannuation Custodians to guide changes to the superannuation system.",NA,"403",NA
"The Council of Superannuation Custodians will help take superannuation decisions out of the annual budget cycle and will ensure the overarching integrity of the system.",NA,"403",NA
"This will take effect after Labor enacts its already announced changes to superannuation tax concessions, and other changes to superannuation to make the system fairer, including paying the Superannuation Guarantee on Paid Parental Leave and enshrining superannuation within the National Employment Standards.",NA,"403",NA
"Better Protections For Casual Workers",NA,"H",NA
"A Shorten Labor Government will legislate to allow workers the right to request permanent part-time or full-time employment after 12 months with the same employer.",NA,"701",NA
"A Shorten Labor Government will get historically low wages moving again by acting on job security.",NA,"701",NA
"Labor will legislate to allow workers the right to request permanent part-time or full-time employment after 12 months with the same employer.",NA,"701",NA
"Too many Australians are employed as casuals with no clear prospect of a permanent position, and endless job insecurity.",NA,"701",NA
"Too often long-term casual work is used as a mechanism to pay workers less, deprive them of leave, and make them easier to sack.",NA,"701",NA
"In Australia, 2.6 million workers are considered casual – that’s one in four workers who are not entitled to paid leave.",NA,"701",NA
"More than half of them have been with their employer for more than 12 months (59 per cent) and 192,000 workers have been with their current employer for more than 10 years.",NA,"701",NA
"While some people like the flexibility that casual work provides, for others it has become a constant worry: never knowing what it’s like to have a paid sick day or paid holiday.",NA,"701",NA
"For these workers it’s tough to pay the rent or the mortgage and the bills, let alone make longer-term decisions like taking out a car loan or buying their own home.",NA,"701",NA
"Currently there is no obligation for an employer to offer a permanent job to a casual working regular hours and shifts, and an employer effectively decides who is and isn’t a casual.",NA,"701",NA
"The Liberals have failed to do anything about this for five years.",NA,"701",NA
"They deny there is any problem with casualisation or precarious work.",NA,"701",NA
"LABOR’S PLAN:",NA,"H",NA
"Labor will give long-term casuals the right to request permanent part-time or full-time employment after 12 months.",NA,"701",NA
"We will provide workers the right to challenge an employer who unreasonably refuses such a request.",NA,"701",NA
"Labor will also end the use of so-called ‘permanent casuals’ by introducing an objective definition of the term ‘casual’.",NA,"701",NA
"We will work with workers, employers, unions and employer organisations to clearly define casual work – so employers and workers know with certainty whether a worker is really a 'casual'.",NA,"701",NA
"A Fair Go For LGBTIQ Australians",NA,"H",NA
"A Shorten Labor Government will deliver a fairer Australia for LGBTIQ people by tackling discrimination and giving a stronger voice to LGBTIQ Australians.",NA,"503",NA
"Labor has a proud record of promoting and defending the rights of LGBTIQ people.",NA,"503",NA
"When Labor was last in Government we introduced an unprecedented number of reforms and rights protections for LGBTIQ Australians, ending legal discrimination in 85 pieces of Commonwealth legislation.",NA,"503",NA
"We fought side by side with LGBTIQ Australians in the fight for Marriage Equality, and together, we won.",NA,"503",NA
"We understand, however, that there is more to do.",NA,"503",NA
"LABOR’S PLAN",NA,"H",NA
"A Shorten Labor Government will:Establish a National LGBTIQ Ministerial Advisory Council",NA,"503",NA
"Protect LGBTIQ students and staff from discrimination in schools",NA,"503",NA
"Work with the states and territories on a nationwide ban on so-called “LGBTIQ Conversion Therapy”",NA,"503",NA
"Establish a full-time LGBTIQ Human Rights Commissioner within the Australian Human Rights Commission",NA,"503",NA
"Work to remove all remaining discrimination at the federal level",NA,"503",NA
"Provide small grants to LGBTIQ Community organisations",NA,"503",NA
"Provide $10 million to the new Victorian Pride Centre",NA,"503",NA
"$600,000 for JoyFM",NA,"503",NA
"Make HIV history, with a package of measures to end new infections",NA,"503",NA
"Work to ensure aged care is appropriate for the LGBTIQ community.",NA,"503",NA
"Environmental Laws",NA,"H",NA
"A Shorten Labor Government will ensure the federal government returns to a leadership role in protecting our natural environment by creating an Australian Environment Act, and establishing a Federal Environmental Protection Agency.",NA,"501",NA
"The current environment Act is now 20 years old and has never been significantly reformed.",NA,"501",NA
"It is time to bring it into the twenty-first century.",NA,"501",NA
"In 2018, it is bizarre that the national environmental law does not properly factor in climate change.",NA,"501",NA
"Labor’s process will involve undertaking significant reform of Australia’s environmental law, committing to an Australian Environment Act in our first term.",NA,"501",NA
"It will be an Act that both protects our environment",NA,"501",NA
"and also supports job-creating development by streamlining and harmonising processes.",NA,"701",NA
"Labor will also establish a new agency, a Federal EPA, with a mission to protect Australia’s natural environment.",NA,"501",NA
"It will be informed by the best available scientific advice, ensure compliance with environmental law, and have the ability to conduct public inquiries on important environmental matters.",NA,"501",NA
"The new legal framework will compel the federal government to actively protect our unique natural environment and demonstrate national leadership.",NA,"501",NA
"Labor will establish a high-powered working group of experts including scientists, environmental lawyers and public policy thinkers to refine the clear concepts that underpin this reform.",NA,"501",NA
"We will also ensure all stakeholders – including the States and Territories, Aboriginal and Torres Strait Islander representatives, impacted industries and business groups, trade unions and civil society – have a seat at the table.",NA,"501",NA
"The Australian Environment Act will aim to tackle problems identified by industry which has identified inefficiencies, delays and hurdles in the current law.",NA,"501",NA
"The new law will protect the environment while aiming to give business more certainty.",NA,"501",NA
"The Abbott-Turnbull-Morrison Government has vacated the field in environmental leadership. Under this government, Australia’s natural environment is going backwards.",NA,"501",NA
"Under Malcolm Turnbull, Australia took the largest step backwards in conservation by any government anywhere in the world by stripping back Australia’s marine parks,",NA,"501",NA
"and in 2018 the Liberals awarded nearly half a billion dollars to a small private foundation instead of directly investing in restoring the health of the Great Barrier Reef.",NA,"413",NA
"It’s time for Australia’s environmental laws to properly protect our beautiful natural land and oceans.",NA,"501",NA
"Recent examples of either the current environmental law failing or the Abbott-Turnbull-Morrison Government seeming to ignore the law include:Large scale land clearing in Reef catchments in Queensland.",NA,"501",NA
"The ‘mean’ approval time being reported as 860 days.",NA,"501",NA
"Enabling use of the Sydney Opera House as a billboard, an action that went against the management plan required under the national environmental law.",NA,"501",NA
"Not using the water trigger for dams and pipelines associated with large coal mines.",NA,"501",NA
"The export of 200 rare and threatened birds to a German alleged organised crime syndicate.",NA,"501",NA
"National Park & Ride Fund",NA,"H",NA
"A Shorten Labor Government will establish a $300 million National Park and Ride Fund for new or expanded car parks at public transport hubs, such as train stations.",NA,"411",NA
"Labor backs public transport – it’s good for commuters and it eases congestion on our roads.",NA,"411",NA
"But too many residents in our cities and major regional areas are frustrated at the lack of available parking at train and bus stations as they travel into the city for work.",NA,"411",NA
"At town hall meetings across the country, locals have told Labor MPs, Senators and candidates that they are fed up with the car park at their station being completely full early in the morning.",NA,"411",NA
"It means people are forced to park far away from their train or bus station, or they have to drive into the city instead.",NA,"411",NA
"This problem is happening because governments aren’t investing in infrastructure to keep up with rapid population growth in outer suburbs and regional areas, and it’s impacting on families’ quality of life.",NA,"411",NA
"Labor’s Park and Ride Fund will deliver grant funding to local communities – via state and local governments – to construct new car parks and expanded existing ones in high-growth areas with demonstrated commuter need.",NA,"411",NA
"A Shorten Labor Government will partner with local communities to fund the projects on a co-investment basis.",NA,"411",NA
"As part of the application process, local and state governments will be asked to demonstrate that a car park is the best solution and most cost-effective way to use available land.",NA,"411",NA
"Australians want better schools,",NA,"504",NA
"better hospitals,",NA,"504",NA
"and better access to public transport.",NA,"411",NA
"That’s what Labor will deliver.",NA,"411",NA
"The out-of-touch Liberals are only for the top end of town.",NA,"411",NA
"A Shorten Labor Government will deliver a fair go for all Australians.",NA,"411",NA
"Closing the Indigenous Justice Gap",NA,"H",NA
"A Shorten Labor Government will deliver a $107 million package to address the disadvantage experienced by First Nations peoples in the justice system.",NA,"607.3",NA
"Nowhere is the story of unfairness and diminished opportunity more clearly defined than in the justice gap experienced by First Nations peoples.",NA,"607.3",NA
"For too long, our justice system has failed First Nations peoples.",NA,"607.3",NA
"It has been 28 years since the Royal Commission into Aboriginal Deaths in Custody and yet the vicious cycle that drives the unacceptable over-representation of Indigenous Australians in our justice system continues.",NA,"607.3",NA
"Labor believes that in tackling the entrenched disadvantages faced by First Nations peoples in the justice system, we must be guided by those who live the reality of the justice gap – Aboriginal and Torres Strait Islander peoples and their community-controlled, representative organisations.",NA,"607.3",NA
"LABOR’S PLAN",NA,"H",NA
"A Labor Government will:Strengthen access to justice for First Nations peoples by providing $40 million over four years to Aboriginal and Torres Strait Islander Legal Services. This will greatly enhance its ability to fulfil its critical functions.",NA,"607.3",NA
"Provide $4 million over four years to the National Aboriginal and Torres Strait Islander Legal Services, to build its capacity to lead the sector and to improve justice outcomes based on community, culture and empowerment.",NA,"607.3",NA
"Work with the states and territories to adopt justice targets under the Closing the Gap framework.",NA,"607.3",NA
"Work with state and territory governments to grow and sustain alternative sentencing mechanisms such as Koori Courts and mediation forums to reduce pressure on the overburdened justice system.",NA,"607.3",NA
"Invest $21.75 million over four years into progressing justice reinvestment.",NA,"607.3",NA
"Extend the justice reinvestment project currently underway in Bourke, New South Wales; and introduce the trial to sites in Western Australia, Queensland and the Northern Territory.",NA,"607.3",NA
"Establish three new launch sites in a major city, regional town and remote community that build on existing community-led initiatives to explore the role of justice reinvestment in preventing crime and reducing incarceration.",NA,"607.3",NA
"Through COAG, establish a national coordinating body, as recommended by the Australian Law Reform Commission, to build the evidence base; collect data and measure progress as the new targets are implemented; and to monitor the effectiveness of justice reinvestment in the Australian context.",NA,"607.3",NA
"Work in partnership with First Nations women to address unacceptably high rates of violence against Indigenous women.",NA,"607.3",NA
"Labor will provide a dedicated First Nations’ stream of the $60 million Community Prevention and Frontline Service Grants program to support community-led and culturally-appropriate prevention programs.",NA,"607.3",NA
"Invest in Aboriginal-controlled frontline services, including at least $20 million for refuges and safe houses and a $21.5 million boost to Family Violence Prevention Legal Services over four years.",NA,"607.3",NA
"Only Labor can be trusted to deliver a fair go under the law for First Australians.",NA,"607.3",NA
"This election is a choice between a properly funded, First Nations-led and evidence-based justice package under Labor, or further cuts and chaos to Aboriginal and Torres Strait Islander Legal Services under the Liberals.",NA,"607.3",NA
"Indigenous Rangers",NA,"H",NA
"A Shorten Labor Government will double the number of full-time Aboriginal and Torres Strait Islander Rangers, providing the required funding over five years, to over 1,600 full-time-equivalent Indigenous Rangers under the Working for Country program.",NA,"607.3",NA
"Indigenous Rangers are good for jobs and good for the environment.",NA,"607.3",NA
"Labor is backing them all the way.",NA,"607.3",NA
"More than a third of Indigenous Rangers are women, delivering jobs and empowerment in remote communities.",NA,"607.3",NA
"Combining the latest environmental science with traditional knowledge and training in conservation, Indigenous Rangers are well placed to protect and rehabilitate their land.",NA,"607.3",NA
"It’s what Aboriginal and Torres Strait Islander people have always done.",NA,"607.3",NA
"Labor is serious about providing meaningful jobs in remote areas, with real social, economic and cultural benefits to flow from Working on Country.",NA,"607.3",NA
"Save The Murray-Darling Basin",NA,"H",NA
"When Labor was in government, we got the Murray-Darling Basin Plan in place after a century of conflict.",NA,"501",NA
"Now, under the Liberals and Nationals, the entire plan is now at risk.",NA,"501",NA
"The purpose of the reform was to restore the system to health, but the plan becomes meaningless if there is no integrity to the system for measuring water.",NA,"501",NA
"The Murray-Darling Basin Plan must be delivered in full and on time if there is any hope for the health of the basin.",NA,"501",NA
"We saw for 100 years what the Murray-Darling Basin looked like without a plan.",NA,"501",NA
"When different sides were not meeting in the middle, the result was a river system starved of water as environmental necessity was overridden by personal interest.",NA,"501",NA
"The past demonstrates the importance of a strong plan to keep the river healthy and personal interest in check.",NA,"501",NA
"Labor is committed to:Introducing legislation to repeal the 1,500GL cap on water buybacks.",NA,"501",NA
"Restoring the integrity of the Murray-Darling Basin Authority by moving its compliance functions to the new Federal EPA, and ordering a formal review of claims that public servants acted unlawfully.",NA,"501",NA
"Urgently reviewing the impact of climate change on the Murray-Darling Basin now and into the future to determine any change in inflows and evaporation rates.",NA,"501",NA
"Urgently renegotiating the Menindee Lakes agreement, which determines how the lakes are managed and is now decades out of date.",NA,"501",NA
"Cultural Water",NA,"H",NA
"Part of Labor’s strong commitment to the delivery of the Murray-Darling Basin Plan was the inclusion of First Nations peoples in consultation, planning and management processes regarding Indigenous cultural water.",NA,"607.3",NA
"A Shorten Labor Government will establish a National Indigenous Water Committee to ensure Indigenous water rights are properly managed and to drive policy change that guarantees cultural objectives for water access are achieved.",NA,"607.3",NA
"Water is an ancient and central component of Aboriginal life, dictating where Indigenous communities settled and shaping their spiritual identity.",NA,"607.3",NA
"Labor respects and honours the deep spiritual, cultural and customary connections Aboriginal and Torres Strait Islander peoples have with the Australian landscape, and in particular the Murray-Darling Basin.",NA,"607.3",NA
"Records show that Indigenous communities have lived along the banks of the rivers for close to 30,000 years.",NA,"607.3",NA
"Labor supports measures that help to address barriers faced by Indigenous people in water access and management, including addressing socio-economic disadvantages and knowledge gaps on water management mechanisms.",NA,"607.3",NA
"The Abbott-Turnbull-Morrison Government has followed Labor’s lead with the National Cultural Flows Research Project.",NA,"607.3",NA
"This is a small step in the right direction, but does not go far enough in ensuring Indigenous people are adequately consulted and actively engaged in the water planning and distribution practices that are currently taking place.",NA,"607.3",NA
"Labor is also committed to establishing the National Indigenous Water Committee to ensure cultural objectives are explicitly identified and provided for in future water plans, the progress of which will be regularly monitored and publicly reported on.",NA,"607.3",NA
"Further, the National Water Commissioner will drive policy change and innovation, and investigate ways in which the use of water can be used for the economic development and empowerment of Indigenous communities.",NA,"607.3",NA
"Through this, Labor will ensure that adequate training and business development programs are in place to enable Indigenous communities to maximise the value of their cultural water resources.",NA,"607.3",NA
"Labor recognises and values the traditional ownership of Indigenous communities in regard to cultural water and environmental flows.",NA,"607.3",NA
"The creation of the National Indigenous Water Committee will support Indigenous participation, autonomy and self-determination in our water management systems.",NA,"607.3",NA
"Labor developed the Murray-Darling Basin Plan and Labor is committed to delivering a healthy working basin for all users.",NA,"607.3",NA
"Labor fought hard to include Indigenous water rights.",NA,"607.3",NA
"Only Labor will continue to support Traditional Owners in ongoing water management solutions.",NA,"607.3",NA
"Urban Rivers and Corridors",NA,"H",NA
"A Shorten Labor Government will invest $200 million to restore our urban rivers to their natural beauty.",NA,"501",NA
"Australia is the nation of the great outdoors, but for too long our rivers, creeks and wetlands have been treated like industrial waste drains, ending up polluted, dirty and littered with shopping trolleys rather than being safe spaces for families, kids and school groups to visit.",NA,"501",NA
"That’s why Labor will engage state and local government, community groups and local environmental organisations to bring urban waterways and habitat corridors back to health.",NA,"501",NA
"Local environmental action groups will be able to apply for small grants, benefitting our urban environment,",NA,"402",NA
"creating jobs and re-engaging,",NA,"701",NA
"educating and mobilising local communities to act on local environmental protection.",NA,"501",NA
"Labor’s $200 million investment will unlock grant funding for projects to clean up our rivers, including:Building wetlands to capture and clean and filter stormwater.",NA,"501",NA
"Revegetation and tree planting along corridors.",NA,"501",NA
"Citizen science and education programs along creeks and corridors, including Bush Kinder.",NA,"501",NA
"Bird boxes and waste capture.",NA,"501",NA
"Employment of Indigenous Rangers.",NA,"501",NA
"Turning urban waterways back into creeks and rivers again through changing hard surfaces back to natural surfaces (cement turned to river banks).",NA,"501",NA
"Labor understands that local organisations with ‘boots on the ground’ are the most passionate and effective organisations in combating environmental degradation and promoting sustainability.",NA,"501",NA
"Community groups work hard to protect and revitalise their waterways – but it’s a day in, day out battle.",NA,"501",NA
"This investment will give them the support and resources they sorely need.",NA,"501",NA
"Labor will work to restore our urban rivers and river banks to health so that they are a place for local recreation and connection to nature, not an alternative to the rubbish tip.",NA,"501",NA
"A Shorten Labor Government will take protecting our environment seriously, making sure it’s there for future generations to enjoy,",NA,"501",NA
"maintaining Australia’s status as the great outdoors.",NA,"501",NA
"Ocean Protection and Marine National Parks",NA,"H",NA
"A Shorten Labor Government will reverse the largest removal of area from conservation in history by the Abbott-Turnbull-Morrison Government.",NA,"501",NA
"Disappointingly, the Senate did not support Labor’s motion, moved in conjunction with the Greens, to disallow the marine park management plans put in place by Josh Frydenberg when he was minister for the environment.",NA,"501",NA
"This concluded a process that commenced under the Abbott Government in 2013 and has effectively cut the highly protected areas of Commonwealth Marine Parks in half.",NA,"501",NA
"What was formerly the largest area in the world limited to recreational fishing is now being re-accessed by commercial operators, and perhaps most disturbing of all, the Morrison Government has now established a massive trawling area immediately adjacent to the Great Barrier Reef.",NA,"501",NA
"Longlining will now also be permitted north to south through the Coral Sea.",NA,"501",NA
"The original plans, now cast aside, were subject to over three years and six rounds of consultation, over 245 public and stakeholder meetings, attended by over 2,000 people, enabled 210 public comment days and considered almost three-quarters of a million public submissions.",NA,"501",NA
"This far exceeds any consultation undertaken by the Abbott-Turnbull-Morrison Government as part of its process to cut marine protection.",NA,"501",NA
"Labor has committed to reversing the largest removal of area from conservation in Australian history and restoring the original 2012 Marine Park Network in full.",NA,"501",NA
"This includes an adjustment package for commercial fishers, and will still allow recreational fishing in 96 per cent of Commonwealth waters within one hundred kilometres of the shore.",NA,"501",NA
"It does not affect the coastline or state waters.",NA,"501",NA
"Labor’s commitment to return the marine parks will also involve retaining some very minor improvements in the zoning in the current plans, including small oil and gas exclusion zones off the South Australian coast and the Kimberley Marine Park.",NA,"501",NA
"Stop The Supertrawler",NA,"H",NA
"A Shorten Labor Government will permanently ban super trawlers – factory freezer vessels – from Australia’s Small Pelagic Fishery.",NA,"703.1",NA
"Current legislation in Australia allows factory freezer vessels under 130 metres in length to operate in the Small Pelagic Fishery.",NA,"703.1",NA
"Labor is the party that first stopped the super trawler and we have tried a number of times to improve the current law.",NA,"703.1",NA
"Each time we have been blocked by the Liberals and Nationals.",NA,"703.1",NA
"Labor’s commitment will guarantee Australia’s waters are adequately protected from risks associated with the use of large-capacity factory freezer trawlers in this fishery, including the impact of localised depletion and bycatch.",NA,"501",NA
"However, it will have no impact upon existing commercial operators that are sustainably fishing our waters.",NA,"703.1",NA
"This is about getting the balance right.",NA,"703.1",NA
"Boats with factory freezing capabilities as small as 45 metres are now considered super trawlers in the Northern Hemisphere.",NA,"703.1",NA
"Labor is committed to protecting Australian waters from the risks of overfishing and from the use of large-capacity factory freezer trawlers.",NA,"501",NA
"Labor’s ban will give industry certainty and it will also mean that recreational fishers no longer need to worry about baitfish being targeted for days – or even weeks – by super trawlers that can stay out at sea for long periods.",NA,"703.1",NA
"In addition to a permanent ban on super trawlers, any unused fishing quota in the Small Pelagic Fishery will be entrusted to the Australian community and set aside in a recreational fishing trust.",NA,"501",NA
"This will mean that more baitfish stay in the water to feed larger species such as tuna.",NA,"703.1",NA
"Online Safety For Children",NA,"H",NA
"Labor wants every Australian child to be safe online.",NA,"605.1",NA
"The online environment provides opportunities for our children, but also presents challenges when it comes to cyberbullying, inappropriate content and online safety.",NA,"605.1",NA
"Labor understands a multi-faceted approach is needed to protect children as they use the internet, including adult supervision, technological access-prevention measures and education.",NA,"605.1",NA
"It's crucial all kids can access resources and build skills that help them to be safe online.",NA,"605.1",NA
"LABOR’S PLAN:",NA,"H",NA
"A Shorten Labor Government will protect a new generation of Australian children from cyber risks by creating a new eSmart Digital Licence that would begin rollout from this year.",NA,"605.1",NA
"The new eSmart licence will arm Australian children with critical digital skills to stay safe online and promote discussion about online safety between young people and their parents, carers and teachers.",NA,"605.1",NA
"For years, Australian kids have been getting a pen licence as they learn to write - this is the pen licence for the digital world.",NA,"605.1",NA
"Developed by the Alannah & Madeleine Foundation, the eSmart Digital Licence is one of the most comprehensive online safety cyber resources available.",NA,"605.1",NA
"From 2019, Labor will deliver a pilot and evaluation of the licence, with a full national rollout to every student commencing from Year 3 in 2020.",NA,"605.1",NA
"Labor's priority is ensuring eSmart licences are available to all Australian children, regardless of what school they go to.",NA,"605.1",NA
"Labor understands and respects that schools are best placed to choose the programs that suit the needs of their children and communities.",NA,"605.1",NA
"Labor's intention is to roll out the eSmart Digital Licence nationally so the resource is available for any school that wants to take it up.",NA,"605.1",NA
"Labor's commitment will cost $2.5 million and would flow from the 2019-20 financial year.",NA,"605.1",NA
"Further announcements will be made about future funding of the program following the evaluation.",NA,"605.1",NA
"Stop The Plastic Tide - Plastics, Waste And Recycling Policy",NA,"H",NA
"A Shorten Labor Government will make Australia a world leader in tackling plastic use and boosting recycling – investing $290 million to cut waste and handing on a cleaner Australia for the next generation.",NA,"501",NA
"Labor will protect our vulnerable wildlife",NA,"501",NA
"and reduce the amount of waste generated by putting in place a national ban on plastic products like microbeads and single-use plastic bags.",NA,"501",NA
"Plastic has a devastating impact on our natural environment – more than a thirds of the world’s sea turtles were found to have plastic waste in their stomachs, and it is estimated around 90 per cent of seabirds eat plastic waste.",NA,"501",NA
"Plastic breaks up into smaller pieces over time, becoming harder to manage and clean up and filtering through to waterways, lakes and oceans.",NA,"501",NA
"That’s why Labor will introduce a national ban on lightweight, single use plastic bags and microbeads from 2021.",NA,"501",NA
"We will consult with state and territory governments and industry on how best to do this.",NA,"501",NA
"This will create a consistent approach across the country – following moves of many state and territory governments to phase out single-use plastic bags, as well as manufacturers phasing out microbeads.",NA,"501",NA
"In addition, Labor will also implement a broader Recycling and Waste Strategy, including:The creation of a National Container Deposit Scheme – Labor will work with the Council of Australian Governments (COAG) to harmonise existing state schemes.",NA,"501",NA
"These schemes incentivise recycling and increase the quality of recyclables by separating out materials – making it far cheaper to be able to recycle in Australia.",NA,"501",NA
"States without a scheme will not be forced to participate in the national scheme, but will be invited to join.",NA,"501",NA
"Establishing a National Waste Commissioner – A National Waste Commissioner will work with state and local government, helping to educate the community on solutions to waste.",NA,"501",NA
"The commissioner will also be charged with working with industry on the expansion of schemes for the recycling of products when they are at the end of their use – the Product Stewardship Schemes.",NA,"501",NA
"This will cost $15 million over six years.",NA,"501",NA
"Investing in the domestic recycling industry – Labor will invest $60 million in a National Recycling Fund.",NA,"501",NA
"This will fund projects to encourage recycling, including funding for innovative waste solutions, local government recycling facilities and material processing facilities, and new approaches to tackling food waste.",NA,"501",NA
"Tackling marine plastics through $15 million to assist our neighbours clean up the Pacific Ocean – As an island continent and developed country, Australia has a responsibility within our region to clean up our oceans.",NA,"501",NA
"Australia will play its part in our region by funding international efforts to reduce marine litter through the United Nations Environment Programme, regional and bilateral assistance to Pacific nations, and funding of efforts to clean rivers and waterways in Southeast Asian neighbours, including through ASEAN-led initiatives.",NA,"501",NA
"Setting targets for federal government purchasing of recycled products – As one of Australia’s largest procurers, there is an opportunity to make the federal government a national leader in waste and recycling by prioritising the purchase of recycled products.",NA,"501",NA
"Labor will also ask the infrastructure department to investigate whether recycled products can feasibly be used as road base for infrastructure projects.",NA,"501",NA
"A Shorten Labor Government will clean up Australia’s urban waterways and stop plastics from reaching our oceans through our $200 million Urban Rivers and Corridors program – partnering with community organisations and environmental groups to revitalise the nation’s waterways and make them safe and clean places.",NA,"501",NA
"In 2018, COAG agreed to a set of targets to reduce plastics – including that 100 per cent of all Australia’s packaging will be reusable, recyclable or compostable by 2025 or earlier.",NA,"501",NA
"Labor endorses these targets. The Abbott-Turnbull-Morrison Government has been missing in action – Labor’s plan will provide the national leadership needed to get the country on track to meet our 2025 targets.",NA,"501",NA
"Australians want action from government to help reduce waste and build a circular economy.",NA,"501",NA
"So while many Australians do their duty – they recycle, compost, use keep cups for their morning coffee – we need the federal government to take a leading role to tackle some of the big, structural problems.",NA,"501",NA
"For too long, the federal government has left issues of recycling, plastics and waste to state and local government.",NA,"501",NA
"And, while state and local government have generally moved in a positive direction, plastics and waste are now becoming both a national and international problem.",NA,"501",NA
"This election is a choice between Labor’s plan a better environment, or bigger tax loopholes for the top end of town under the Liberals.",NA,"501",NA
"Only Labor is committed to delivering a better deal to the next generation.",NA,"501",NA
"After six years of Liberal cuts and chaos, our united Labor team is ready.",NA,"501",NA
"Labor's Plan For Climate Science",NA,"H",NA
"A Shorten Labor Government will commit $10 million to boost the capabilities of the CSIRO Climate Science Centre, better coordinate Australian climate science and develop an Australian climate science capability plan.",NA,"501",NA
"Our scientific community has warned us that unless we boost our capabilities and our coordination of climate science, we will not be able to meet our international obligations.",NA,"501",NA
"Australia should never again be faced with the threat of the CSIRO being forced to exit the field of climate science,",NA,"501",NA
"or sacking hundreds of climate scientists, as happened under the Liberals in 2016.",NA,"501",NA
"Climate variability and change across seasons and decades has profound consequences for primary industries, coastal and water infrastructure, the generation and delivery of energy, and transport systems in Australia and throughout the world.",NA,"501",NA
"Science improves our ability to understand and make projections of climate change.",NA,"501",NA
"It has the potential to reduce climate-related impacts and capitalise on potential opportunities associated with these changes.",NA,"501",NA
"In this way, the impact of climate science research is felt in every corner of society.",NA,"501",NA
"Labor has listened to the advice provided in the Academy of Science Review of Climate Science Capability, which was released in 2017 and stated:",NA,"501",NA
"There are weaknesses in coordination and resourcing arrangements for Australian climate science that create avoidable inefficiency.",NA,"501",NA
"Substantial gains could be realised by measures to improve coordination arrangements….",NA,"501",NA
"Academy of Science Review of Climate Science Capability, Page 5",NA,"501",NA
"The Liberals have treated Australian’s climate scientists with contempt and distain over the past six years",NA,"501",NA
"while also reducing spending on science, research and innovation by 10 per cent over the past five years, a cut of $1.1 billion.",NA,"501",NA
"LABOR’s PLAN",NA,"H",NA
"A Shorten Labor Government will develop a national climate science capability plan with the assistance of a National Scientific Expert Panel and the National Climate Science Advisory Committee.",NA,"501",NA
"Labor will commit $10 million over four years to boost the capabilities of the CSIRO Climate Centre.",NA,"501",NA
"This investment will directly boost the CSIRO climate science capabilities in Hobart, Aspendale (Melbourne) and Black Mountain (Canberra), giving the CSIRO the ability to begin to address critical gaps and skills shortages in climate science.",NA,"501",NA
"The additional funding will allow the CSIRO to hire new staff to begin addressing critical gaps in climate science identified by the experts.",NA,"501",NA
"This election is a choice between Labor’s plans for more jobs in science and research, or the Liberals’ cuts and plans to deliver bigger tax loopholes for the top end of town.",NA,"501",NA
"After six years of Liberal cuts and chaos, our united Labor team is ready to deliver a fair go for all Australians.",NA,"501",NA
"We will pay for it by making multinationals pay their fair share and closing tax loopholes used by the top end of town.",NA,"403",NA
"Native Species Protection Fund – tackling Australia’s extinction crisis",NA,"H",NA
"A Shorten Labor Government will initiate a national campaign to save Australia’s iconic native species by creating a $100 million Saving Native Species Fund.",NA,"501",NA
"According to the Department of Environment and Energy, Australia is home to more than one million species and 85 per cent of the country’s flora, 84 per cent of its mammals, 45 per cent of its birds are found nowhere else on earth.",NA,"501",NA
"But 35 per cent of all global mammal extinctions since the year 1500 have been Australian (30 out of 84 world-wide extinctions).",NA,"501",NA
"And just this year the Bramble Cay melomys – a native Australian mammal – became the first extinction attributable to climate change.",NA,"501",NA
"Australia needs urgent action to prevent further extinctions and protect our iconic animal and plant life.",NA,"501",NA
"The facts are stark:Over the past two centuries Australia has been responsible for more mammal extinctions than any other country on the planet.",NA,"501",NA
"Australia is the fourth worst country on earth when it comes to all extinctions.",NA,"501",NA
"35 per cent of all global mammal extinctions since the year 1500 have been Australian.",NA,"501",NA
"More than 500 animals are on the Australian Government’s threatened species list.",NA,"501",NA
"More than 1300 plant species are also on the list.",NA,"501",NA
"Australia is one of seven countries responsible for half of the globe’s biodiversity loss.",NA,"501",NA
"A Shorten Labor Government will reform Australia’s environment laws and create a new Environment Protection Agency.",NA,"501",NA
"It is clear that something is wrong at the heart of how we care for our environment – we need a framework which actively compels the Australian Government to protect our iconic wildlife.",NA,"501",NA
"To further drive a national effort to save our iconic wildlife, a Shorten Labor Government will establish a Native Species Protection Fund – which will seek to both restore numbers of endangered plants and animals and eliminate non-native pests.",NA,"501",NA
"The Fund will be established through an initial $100 million investment to tackle the most pressing extinction and invasive species issues.",NA,"501",NA
"Labor will call on all states and territories, business and civil society to join in a national effort to protect our iconic animal and plant species.",NA,"501",NA
"Projects could be as simple as engaging Indigenous Rangers to help eliminate invasive plants and feral animals, to much more innovative ideas: for example, it could help fund research into new forms of pest control – such as baits, poisons, or even research to engineer genetic traits to eliminate invasive species after a number of generations.",NA,"501",NA
"The Fund will also be used to increase the pace at which recovery plans are put in place and acted on which has all but ground to a halt under this government.",NA,"501",NA
"Labor will also seek to harness the initial investment to attract more funding from states and territories, the private sector and Australian philanthropists.",NA,"405",NA
"The Fund will be administered by the Environment portfolio and will not seek to replace work currently being undertaken in existing programs, but rather it will complement and add to it.",NA,"501",NA
"The Fund will be guided by the Threatened Species Scientific Committee and in consultation with experts from conservation, science/research backgrounds and the private sector to advise on best projects.",NA,"501",NA
"It will also be directed to closely collaborate with NGOs and community groups which are already working to deliver on species recovery.",NA,"501",NA
"The Environment Department and TSSC would also set a priority list of threatened species for protection and invasive species that need to be managed.",NA,"501",NA
"To maintain transparency, the Fund would publish annual reports to government, documenting progress on its mandate and the priority list.",NA,"501",NA
"One factor of success or otherwise will be when an endangered species is removed from the threatened species list.",NA,"501",NA
"As the only country occupying an entire continent, Australia has a responsibility to protect our unique natural environment.",NA,"501",NA
"We are facing an extinction crisis and only Labor is prepared to take action.",NA,"501",NA
"Supporting Recreational Fishing",NA,"H",NA
"A Shorten Labor Government will implement Australia’s most comprehensive national policy for recreational fishing.",NA,"411",NA
"LABOR’S PLAN",NA,"H",NA
"A Shorten Labor Government will support recreational fishing in Australia and seek to partner with Australia’s recreational fishers by improving infrastructure, growing native fish stocks and ensuring that at all times recreational fishers are consulted on the issues that affect them.",NA,"411",NA
"Our policy includes: A $45 million Recreational Fishing Fund",NA,"411",NA
"To improve recreational fishing infrastructure across the country, Labor will expand the $10 million Supporting Recreational Fishing Fund, to $45 million.",NA,"411",NA
"The Supporting Recreational Fishing Fund will primarily focus on upgrading existing and building new boat ramps will help improve safety for people launching their vessels.",NA,"411",NA
"Projects to be considered for funding will be identified in consultation with representatives from the recreational fishing community, peak bodies, local government and other elected officials.",NA,"405",NA
"$10 million to help replenish native fish stocks",NA,"501",NA
"Labor will invest $10 million into native fish breeding and stocking around Australia to stock 10 million native fish a year into rivers such as the Goulburn, Campaspe, Loddon, Darling, Murrumbidgee, Edwards, Wakool, Peel, Macquarie, Barwon, McIntyre, Culgoa – but this list is not finite and we will work with recreational fishing groups to determine where to make investments.",NA,"501",NA
"Labor will consult with recreational fishing groups on the best way to replenish native fish stocks, such as which species and breeds should be priorities.",NA,"501",NA
"Options for funding will include funding support for dedicated fish hatcheries and co-investing in existing state government native fish breeding programs.",NA,"501",NA
"Labor will ensure the federal program works closely with closely with similar state programs, such as that run by Fisheries Victoria.",NA,"501",NA
"Prime Minister’s Recreational Fishing Roundtable",NA,"502",NA
"A Shorten Labor Government will establish the first Prime Minister’s Recreational Fishing Roundtable.",NA,"502",NA
"The roundtable will meet once a year – industry leaders and recreational fishing groups will be invited to discuss pressing issues with both the prime minister and the minister responsible for fisheries.",NA,"502",NA
"The annual roundtable will be held in regional Australia – for example North West Tasmania, the North Coast of New South Wales, or Central or North Queensland: areas in Australia where recreational fishing is a major pastime.",NA,"502",NA
"The roundtable will be tasked with discussing guaranteed access for recreational anglers to fish, to ensure recreational fishing is supported.",NA,"502",NA
"Give Back to Habitat campaign",NA,"501",NA
"A $500,000 grant will be provided to the Give Back to Habitat campaign to support on the ground efforts to protect and restore fish habitats.",NA,"501",NA
"Recreational fishers are some of Australia’s most committed conservationists",NA,"501",NA
"Small Pelagic Fishery and super trawlers",NA,"501",NA
"Labor will ensure that Australia’s waters are adequately protected from the risks associated with the use of large-capacity factory freezer trawlers, by banning super trawlers in the Commonwealth’s Small Pelagic Fishery.",NA,"501",NA
"Recreational Fisher Consultation",NA,"706",NA
"Labor will continue to support the National Recreational Fishing Council and give our recreational fishers a seat at the decision-making table.",NA,"706",NA
"Chaired by the minister for Agriculture, Fisheries and Forestry, the council will include representatives of both recreational fishers and relevant government departments.",NA,"706",NA
"National Carp Control Plan",NA,"411",NA
"Labor notes that the delivery date for National Carp Control Plan has been extended until December 2019 to allow important new research to address knowledge gaps that have emerged as a result of current work.",NA,"411",NA
"Before making any decision, Labor will await the final report and control plan and consider the technical feasibility of releasing the carp virus, the associated costs, benefits and risks, and the views of stakeholders and the wider community, including the recreational fishing community.",NA,"411",NA
"Investment in Fishing Research",NA,"411",NA
"Labor supports investment into research on the role and impact of recreational fishing including the Fisheries Research and Development Corporation’s (FRDC) ongoing investment in recreational fishing R&D and, in particular, the current national socio-economic study of recreational fishing.",NA,"411",NA
"Gone Fishing Day",NA,"502",NA
"Labor will continue to support National Gone Fishing Day.",NA,"502",NA
"Putting People with Disability and Carers First",NA,"H",NA
"A Shorten Labor Government will improve services and support for carers, as well as invest in making Australia more accessible and inclusive.",NA,"503",NA
"Almost one in five Australians identify as living with disability, and Labor believes the right support should be available for people, regardless of whether they are eligible for the NDIS.",NA,"503",NA
"There are over 2.6 million carers in Australia whose contribution is valued at over $1 billion a week, but caring can be invisible work which is easily overlooked by government.",NA,"503",NA
"A Shorten Labor Government will listen to people with disability and carers, and consider their rights and needs when making decisions across Government.",NA,"503",NA
"LABOR’S PLAN",NA,"H",NA
"Labor’s plan for carers includes:$66 million to boost carer respite – the equivalent of more than 42,000 extra overnight care sessions per year from July 2020.",NA,"503",NA
"Carers report that access to respite is the single most important issue they face.",NA,"503",NA
"$7 million for 25 extra Centrelink Carer Specialists – to reduce phone and processing waiting times and provide accurate advice to carers.",NA,"503",NA
"Making it easier to balance caring and work – allowing Carers Allowance recipients to meet their mutual obligation requirements for other payments by applying for part-time rather than full-time work.",NA,"503",NA
"Better processes – Labor will work with carers to co-design and improve the Carer Allowance, Carer Payment and Department of Veterans Affairs application processes.",NA,"503",NA
"Two-year review of the Integrated Carer Support Service – to make sure the new system is working for carers.",NA,"503",NA
"$250,000 in catch-up funding for Carers Australia – ending the indexation freeze and delivering better support for carers and improve recognition through Carers Week.",NA,"503",NA
"National Carers Strategy – Labor will re-instate a National Carers Strategy and make carers a cross-government priority.",NA,"503",NA
"This will include annual reporting on the contribution and wellbeing of carers, the actions government will take to support carers, and establishing an advisory group to support the development of the strategy.",NA,"503",NA
"Better NDIS planning – Labor will make the completion of a Carer Statement a standard part of the NDIS planning process, to make sure NDIS plans help people to care sustainably.",NA,"503",NA
"Labor’s plan to improve accessibility and inclusion will start with:$10 million advocacy boost – doubling federal investment in disability representative organisations. //| With the NDIS continuing to roll out, and the demands of the Royal Commission, the work of advocates will only become more important.",NA,"503",NA
"$9.5 million to improve healthcare for people with intellectual disability – including better training for nurses and doctors and piloting intellectual disability health workers in 10 Primary Health Networks.",NA,"503",NA
"Six per cent Australian Public Service disability employment target by 2022 – increasing the number of people with disability in the federal public service by 3,500 in Labor’s first term.",NA,"503",NA
"This is an interim target on a pathway to further improvement, not a distant promise two elections away.",NA,"503",NA
"$4 million for audio description at the ABC and SBS – Australia is the only English-speaking OECD country without audio description.",NA,"503",NA
"This will give more Australians access to our public broadcasters.",NA,"503",NA
"$2 million for inclusive publishing – Labor will partner with the sector to deliver the Australian Inclusive Publishing Initiative.",NA,"503",NA
"Currently only five per cent of books are accessible.",NA,"503",NA
"Labor will change this.",NA,"503",NA
"$2 million for disability sport – including $1 million to help more athletes attend the next Special Olympics Junior and National Games and $1 million so RecLink can expand AAA Play and connect more people with disability and their families with sport and recreation activities.",NA,"503",NA
"$500,000 for the National Disability Awards – Labor will undo the Liberals’ cuts and work with people with disability on a new approach to the awards.",NA,"503",NA
"A new National Disability Strategy – Labor will act on the recommendation of the Productivity Commission and develop a new strategy in the context of the NDIS.",NA,"503",NA
"We will seek agreement from the states to close the gaps between mainstream services and the NDIS.",NA,"503",NA
"The new strategy will set clear and reported targets for employment, education, housing, transport, justice, health and reducing young people in nursing homes.",NA,"503",NA
"This is in addition to Labor’s commitment to reverse the Liberals’ cuts to schools, including additional investment of $300 million for students with disability.",NA,"503",NA
"This election is a choice between better services and supports for people with disability and carers, or bigger tax handouts to the top end of town under the Liberals.",NA,"503",NA
"A Fair Go For First Australians",NA,"H",NA
"A Shorten Labor Government will deliver a fair go for First Nations people, with a comprehensive plan to close the gap and build a more reconciled Australia.",NA,"607.3",NA
"Labor’s Plan",NA,"H",NA
"Labor will establish a Voice for First Nations People and seek the support of the Australian people for it to be enshrined in the constitution.",NA,"607.3",NA
"We believe that when Labor governments and First Nations people work together, we can achieve real change.",NA,"607.3",NA
"Labor will seek a new partnership with First Nations people to deliver positive change in the lives of Indigenous Australians, in the cities, regions and remote communities.",NA,"607.3",NA
"We recommit to the unfinished business of reconciliation, truth-telling and recognition.",NA,"607.3",NA
"We commit to redoubling our efforts to close the gap and achieve genuine equality for First Nations people, including the equal right to:A great education and a good job.",NA,"607.3",NA
"Be healthy and happy.",NA,"607.3",NA
"Be safe in their home and their community.",NA,"607.3",NA
"Justice in the courts of the land.",NA,"607.3",NA
"And we also pledge ourselves to work with First Nations people to care for country and protect art and culture.",NA,"607.3",NA
"New Jobs Tax Cut",NA,"H",NA
"A Shorten Labor Government will make it easier for small business to create new jobs and get more Australians into work.",NA,"701",NA
"A Shorten Labor Government will make it easier for small business to create new jobs and get more Australians into work –",NA,"701",NA
"delivering a tax cut for businesses who give young Australians a first start",NA,"402",NA
"and older Australians another go.",NA,"701",NA
"Too many mature Australians are too young to retire, but unable to find work – around 86,000 Australians aged over 55 are looking for work.",NA,"701",NA
"At the same time, young job seekers today are finding it harder to get a foot in the door - nearly one in three young people in the labour force are either unemployed or underemployed, there are almost 260,000 unemployed youth in Australia that want a job but simply aren’t being given the chance.",NA,"701",NA
"Labor’s New Jobs Tax Cut will give small businesses an incentive to put on additional employees aged under 25, over 55, or who are carers returning to the workforce.",NA,"701",NA
"Companies with turnover of less than $10 million which have been operating for more than two years will be eligible for an additional 30 per cent tax deduction for up to five new workers’ salaries for their first year of employment, capped at $50,000 per company.",NA,"701",NA
"The New Jobs Tax Cut will be available to businesses hiring Australians who face real barriers to finding work.",NA,"701",NA
"To be eligible for the additional deduction, new employees need to be unemployed for three months or more and be either:  Job seekers under the age of 25 or over 55; or",NA,"701",NA
"Parents or carers returning to work",NA,"701",NA
"The New Jobs Tax Cut is good for jobs, and good for the economy.",NA,"701",NA
"Labor’s plan will help businesses grow and help jobseekers get a foot in the door.",NA,"701",NA
"The economy isn’t working for all Australians – everything is going up except people’s wages,",NA,"701",NA
"youth unemployment is more than double the national unemployment rate",NA,"701",NA
"and a record number of Australians are working two jobs to make ends meet.",NA,"701",NA
"Labor’s plan supports Australian businesses to grow and invest,",NA,"410",NA
"supports new jobs",NA,"701",NA
"and will provide an important economic boost.",NA,"410",NA
"And we can support this smart economic investment in more jobs",NA,"701",NA
"and business growth by closing the Liberals’ tax loopholes for the top end of town.",NA,"410",NA
"This election is a choice between Labor’s strong and stable team, or the Liberals’ cuts and chaos.",NA,"701",NA
"The New Jobs Tax Cut will cost $141 million over the forward estimates.",NA,"701",NA
"Exa Rob is 56 and worked at a car manufacturing company for 20 years. He was made redundant two years ago but despite his technical expertise and significant experience he hasn’t been able to find work since. Michael runs an automotive spare parts company and is looking for someone to add to his ten full-time workforce, to be paid a gross salary of $60,000. When Michael employs Rob, he will be able to deduct $78,000 from his business revenue, reducing his businesses taxable income by an additional $18,000. Michael also takes on Alison, who has been searching for work for four months after caring for her elderly mother for the last four years, to work part-time. When he pays Alison $26,000 a year – including penalty rates – he will be able to deduct $33,800, reducing his business’s taxable income by an additional $7,800. Taken together, when Michael does his tax he gets an additional tax deduction of $25,800 for hiring Rob and Alison. Example 2: Lyn owns a small firm and needs a manager. Geoffrey worked as a senior manager in a manufacturing firm for 25 years. Despite his substantial managerial experience, he has been out of work for over a year. Lyn hires Geoffrey, paying him a managerial salary of $100,000 per annum. When employing Geoffrey, Lyn has a tax deduction $130,000, reducing her taxable income by an additional $30,000. mple 1",NA,NA,NA
"Climate Adaptation and Coastal Rehabilitation Plan",NA,"H",NA
"Recent record-setting disasters in Queensland, Tasmania and elsewhere in the country highlight how quickly climate change is altering our environment and increasing the exposure and vulnerability of Australian communities.",NA,"501",NA
"The latest science suggests that the severity and frequency of many of these climate-related impacts will increase exponentially.",NA,"501",NA
"After six years of neglect from the Liberals, Australia urgently needs a national policy to build its resilience to climate change and adapt to inevitable climate impacts.",NA,"501",NA
"The Liberal’s terrible record on cutting carbon pollution is matched by their record on climate change adaptation.",NA,"501",NA
"After six years of government, the Liberals have taken Australia backwards by:Completely excluding climate adaptation from their 2017 Review of Climate Change Policies.",NA,"501",NA
"Making deep cuts to funding for significant adaptation work at CSIRO and completely de-funding the National Climate Change Adaptation Research Facility (NCCARF), one of the hallmarks of the 2015 National Climate Resilience and Adaptation Strategy.",NA,"501",NA
"Producing a National Disaster Risk Reduction Framework that fails to take climate change seriously.",NA,"501",NA
"Despite the Liberal’s negligence on this critical issue, an enormous amount of work has taken place and is currently underway to build Australia’s resilience to climate and disaster risk at state and local levels, in the private sector, civil society, at Australian universities and scientific research institutions and in many Commonwealth Government departments.",NA,"501",NA
"This work needs national leadership to deliver community resilience to the impacts of climate change.",NA,"501",NA
"Around 85 per cent of the population now live in coastal regions and the Australian coast is of immense economic, social and environmental importance to the nation.",NA,"501",NA
"Australians love their beaches and coastal environments,",NA,"502",NA
"and they know climate change induced sea level rise poses a risk to their beloved beaches.",NA,"501",NA
"Australia’s coastal communities are already seeing the impacts of climate change and rising sea levels in increased coastal erosion, a loss of dunes and inundation.",NA,"501",NA
"They rightly want leadership from government to address the climate impacts already being felt by their communities.",NA,"501",NA
"Labor’s Climate Adaptation and Coastal Rehabilitation Plan",NA,"H",NA
"Labor will act to build the resilience of communities to climate change impacts and restore our coasts.",NA,"501",NA
"Labor’s Climate Adaptation and Coastal Rehabilitation Plan will address the damage that the Liberals have done to national leadership and capacity in climate adaptation, re-invigorate the crucial research needed to support adaptation action on the ground, coordinate local, state and national efforts to support climate adaptation and resilience, and it will deliver direct support to local communities and government to restore already impacted coasts.",NA,"501",NA
"Our plan includes:Developing a National Framework for Building Climate Resilience, bringing together local and state governments, community groups, the businesses community, researchers and relevant Commonwealth agencies and departments.",NA,"501",NA
"The National Framework will provide the leadership and coordination that has been lacking under the Liberals to develop plans, coordinate efforts, share information and inform other private and government processes and efforts.",NA,"501",NA
"Re-invigorating the National Climate Change Adaptation Research Facility (NCCARF) to support the creation and dissemination of research into local climate change impacts, through re-funding of the program with a $12 million funding boost.",NA,"411",NA
"Introducing a Coastal Rehabilitation Fund to work with communities, local governments, and the Australian Coastal Councils Association to directly support local coastal rehabilitation projects that restore beaches and other environments and improve their resilience with $50 million of grant funding.",NA,"501",NA
"Labor’s Climate Adaptation and Coastal Resilience plan will also be informed by Labor’s triennial Australian Climate Change Assessments, which will provide the most comprehensive and detailed assessment of actual and potential climate change impacts on Australia ever performed.",NA,"501",NA
"Our Plan represents the largest investment in climate change adaptation and resilience in over six years.",NA,"501",NA
"After six years of accelerating climate change impacts on our coasts and other environments, and after six years of neglect from the Liberals, a Shorten Labor Government will provide the leadership our communities and industries have been crying out for.",NA,"501",NA
"Labor will ensure our communities are able to adapt and grow resilience to climate change impacts.",NA,"501",NA
"Only a Shorten Labor Government will restore our beaches, invest in the science and provide the leadership Australia desperately needs.",NA,"501",NA
"Forestry",NA,"H",NA
"A Shorten Labor Government will deliver a positive plan for the future growth and sustainable profitability and of the forestry and forests products industries.",NA,"703.1",NA
"Our policy is about developing further productive plantation forests and farm forestry to support jobs, particularly those in our regions.",NA,"703.1",NA
"It’s important that we focus on economic, social and environmental outcomes, it’s the only way to grow jobs on a sustainable basis",NA,"416.2",NA
"and to maintain community support for the sector.",NA,"606.1",NA
"That’s why Labor has developed its positive policy in consultation with industry, unions and other key stakeholders.",NA,"703.1",NA
"There are huge opportunities to grow our fibre industries: timber, wood products, furniture, paper products manufacturing, as well as developing newer materials like carbon fibre, light-weight materials, bio-products and advanced polymers.",NA,"703.1",NA
"However, the industry will not meet its future growth potential if it cannot obtain the resources it needs.",NA,"703.1",NA
"Labor’s $20 million investment into the forestry and forest products industry will:Deliver a National Forestry Summit and a National Forestry Strategic Plan, to support the growth of a more sustainable and prosperous forestry industry.",NA,"703.1",NA
"Prioritise the removal of the Carbon Farming Initiative (CFI) water rule, a policy vital for the sustainability of the forestry industry.",NA,"703.1",NA
"Support growth in forest industries in regional Australia by investing $13 million over 4 years for 13 regional forestry hubs including the identified four trial hubs already contracted by the Government.",NA,"703.1",NA
"Reform the Forest Industry Advisory Council by broadening its membership to include broader industry and worker representation.",NA,"703.1",NA
"Consistent with the Regional Forest Agreements Act 2002 the council will act as a forum where the Minister and stakeholders in the forest and wood products industry consult together and exchange advice and information.",NA,"703.1",NA
"Restore proper Commonwealth and State relationships by re-establishing the COAG process for the Standing Council on Primary Industries.",NA,"703.1",NA
"Labor will continue to support the side meetings of the Forestry Ministers at the Federal and State levels.",NA,"703.1",NA
"Provide funding for forestry and forest products industry worker safety initiatives.",NA,"703.1",NA
"Provide up to $4 million over 3 years to address identified skill shortages in the forest and forest products industry.",NA,"703.1",NA
"Continued support for Regional Forest Agreements, that are based on the best available science as it applies to the proper consideration of social, economic and environmental factors.",NA,"416.2",NA
"Expand export opportunities by working with industry to improve trading opportunities for the wood and paper products sectors.",NA,"416.2",NA
"Labor recognises the bio-mass must only be used as a renewable energy source in a responsible, environmentally sustainable way.",NA,"416.2",NA
"Labor will oppose any policies which create an economic incentive to use old growth forests as bio-mass fuel.",NA,"416.2",NA
"But we recognise the role of bio-energy and bio-mass from plantation forests in Australia’s renewable mix and work with the forestry industry to ensure bioenergy plays a responsible role in Australia’s future renewable energy economy.",NA,"416.2",NA
"Labor will further discuss the role of bio-energy and bio-mass in Australia’s renewable mix in the context of climate change at the National Forestry Summit and the development of a Bioenergy Strategy.",NA,"416.2",NA
"These policy initiatives will be supported by Labor’s announced policies in the following areas:",NA,"416.2",NA
"Lifting research and development investment to 3 per cent of GDP per annum by 2030, to ensure manufacturing has the best scientific and research expertise available.",NA,"411",NA
"Supporting firms to innovate and grow through our $1 billion Advanced Manufacturing Future Fund (AMFF).",NA,"416.2",NA
"Encouraging business to invest in this country through the Australian Investment Guarantee (AIG), with local businesses benefiting from a new accelerated depreciation scheme for new capital assets.",NA,"416.2",NA
"Implementing a Local Projects, Local Jobs plan, that will see more government procurement and investment in major projects spent on local businesses",NA,"416.2",NA
"and local jobs.",NA,"416.2",NA
"Ending the Liberals and Nationals war on science and returning science to the centre of government by resetting the relationship between government and Australia’s scientists and researchers.",NA,"411",NA
"Investing $1 billion to boost TAFE, apprenticeships and skills including, scrapping upfront fees for 100,000 TAFE students who choose to learn the skills that Australia needs to become a modern advanced manufacturing economy.",NA,"411",NA
"Ensure Australian Standards are applied when local manufactured plywood and engineered wood products are being considered in construction projects.",NA,"703.1",NA
"Only Labor understands that the forestry sector does not have a moment to lose after enduring almost six years of no action and chaos from the Abbott-Turnbull-Morrison Government.",NA,"703.1",NA
"A Better Deal for Young Australians",NA,"H",NA
"Labor has a plan to give young Australians a fair go and a brighter future.",NA,"503",NA
"We will start by ensuring all Australians get quality education and training – delivering two years of early learning before school, proper needs-based funding to our public schools, and restoring the funding cut from our universities and TAFEs by the Liberals.",NA,"506",NA
"We will reform negative gearing to put young first homebuyers on a more level playing field with property investors seeking their sixth or seventh property.",NA,"503",NA
"We will legislate to restore the cuts to penalty rates, because we know young people rely on them to help make ends meet – particularly when studying.",NA,"701",NA
"We will change the laws to make sure penalty rates can’t be cut again.",NA,"701",NA
"We will fund better schools and hospitals by making multinationals pay their fair share and close loopholes used by the top end of town.",NA,"504",NA
"Young Australians want a positive future for themselves and for the planet.",NA,"503",NA
"Labor will deliver real action on climate change to pass on a better deal to the next generation.",NA,"501",NA
"Labor is committed to improving the lives of young Australians and we want them to have a say in what happens in this country.",NA,"202.1",NA
"Labor will give young people their own voice by establishing an independent national body to represent their views and we will install a champion for them in government with a federal Minister for Young Australians and Youth Affairs.",NA,"202.1",NA
"Labor’s Positive Strategic Plan For Sustainable Fisheries And Aquaculture Sectors",NA,"H",NA
"A Shorten Labor Government will deliver a positive strategic plan for the long-term economic",NA,"703.1",NA
"and environmental sustainability of our fisheries and aquaculture sectors.",NA,"416.2",NA
"A Shorten Labor Government will deliver a positive strategic plan for the long-term economic",NA,"703.1",NA
"and environmental sustainability of our fisheries and aquaculture sectors.",NA,"416.2",NA
"This plan sits alongside Labor’s Supporting Recreational Fishing policy, available here.",NA,"703.1",NA
"This election will be a choice between a united Shorten Labor Government which will manage our seas and waterways for the benefit of the environment and the economy, or more of the Liberals’ cuts and chaos.",NA,"703.1",NA
"Our oceans support commercial fisheries and aquaculture generating over $3 billion in net value every year, including exports of high-value products like lobster, abalone and whole tuna.",NA,"703.1",NA
"Labor will convene a national fisheries summit to bring together key stakeholders from our commercial fisheries and aquaculture sector, state and federal regulators and other interested parties, including recreational fishing representatives, to address common challenges together.",NA,"703.1",NA
"Labor’s plan for commercial fishers and the aquaculture industry will: Improve Australia’s biosecurity system and resource it adequately.",NA,"703.1",NA
"Ensure fisheries are managed sustainably; and apply the best available science and leading-edge technologies.",NA,"416.2",NA
"Improve transparency and accountability in Commonwealth managed fisheries.",NA,"703.1",NA
"Improve engagement in regional fisheries management forums in the Pacific and Indian oceans.",NA,"703.1",NA
"Resolve resource sharing issues to provide assured and fair access to Commonwealth fish resources for recreational and commercial fishers.",NA,"703.1",NA
"Fisheries and aquaculture will also benefit from Labor’s policies for: Promoting industry growth and boosting productivity by:Focusing on moving up the value chain.",NA,"703.1",NA
"Reducing unnecessary regulation.",NA,"703.1",NA
"Applying evidence-based policies.",NA,"703.1",NA
"Boosting trade by: Reducing international trade barriers.",NA,"401",NA
"Improving existing trade agreements.",NA,"401",NA
"Promoting Australia’s clean, green and ethically produced food production image.",NA,"416.2",NA
"Addressing information deficiencies, market failures in access to finance, and skill shortages.",NA,"703.1",NA
"Climate change will have a substantial impact on the marine environments around Australia and only Labor has a comprehensive climate action policy to address future challenges.",NA,"501",NA
"A Shorten Labor Government will commit $10 million to boost the capabilities of the CSIRO Climate Science Centre, better coordinate Australian climate science and develop an Australian climate science capability plan.",NA,"501",NA
"A Shorten Labor Government will restore proper Commonwealth and state and territory relationships by re-establishing the COAG process for the Standing Council on Primary Industries.",NA,"703.1",NA
"Labor will continue to support the side meetings of the Fisheries Ministers at the federal and state levels.",NA,"703.1",NA
"These policy initiatives will be supported by Labor’s announced policies to:",NA,"703.1",NA
"Lift research and development investment to 3 per cent of GDP per year by 2030, giving manufacturing the best scientific and research expertise available.",NA,"703.1",NA
"Support firms to innovate and grow through our $1 billion Advanced Manufacturing Future Fund.",NA,"402",NA
"Encourage business to invest through the Australian Investment Guarantee, with local businesses benefiting from a new accelerated depreciation scheme for new capital assets.",NA,"402",NA
"Ending the Liberals and Nationals’ war on science and returning science to the centre of government by resetting the relationship between government and Australia’s scientists and researchers.",NA,"411",NA
"Investing $1 billion to boost TAFE, apprenticeships and skills, including scrapping upfront fees for 100,000 TAFE students who choose to learn the skills that Australia needs to become a modern advanced manufacturing economy.",NA,"411",NA
"Providing a $25 million food and fibre industry strategy to drive local jobs and innovation, as well as attract investment in manufacturing, particularly in rural and regional areas.",NA,"703.1",NA
"The Abbott-Turnbull-Morrison Government have provided nothing but dysfunction and chaos for the fisheries and aquaculture sectors.",NA,"703.1",NA
"Only Labor understands that the fisheries and aquaculture sectors need a strategic plan to secure their future sustainability profitability.",NA,"416.2",NA
"End the chaos.",NA,"703.1",NA
"Vote for change.",NA,"703.1",NA
"Vote for Labor.",NA,"703.1",NA
"Deduction Cap For Managing Tax Affairs",NA,"H",NA
"In 2016-17, 69 people earned over $1 million but paid no tax.",NA,"403",NA
"Labor will make our tax system fairer by capping the size of tax deductions people can claim for “managing tax affairs”.",NA,"403",NA
"Most Australians don’t get to choose how much tax they pay – or don’t pay.",NA,"403",NA
"But some at the top end of town have been able to under Scott Morrison’s Liberals.",NA,"403",NA
"There were 26 people who earned over $1 million and paid no tax had an average deduction of $630,000 for managing their tax affairs.",NA,"403",NA
"These people should not get a tax break just because they have access to loopholes their experts can help them with.",NA,"403",NA
"LABOR’S PLAN:",NA,"H",NA
"Labor will cap the amount an individual can claim as a deduction for managing tax affairs at $3,000.",NA,"403",NA
"This deduction and cap affects individuals only, and other business-like structures such as trusts and partnerships that are taxed as individuals, and not companies.",NA,"403",NA
"A carve-out is included for individual small businesses with positive business income and annual turnover up to $2 million.",NA,"403",NA
"When announced, it was estimated that this would affect around 82,000 people.",NA,"403",NA
"That’s less than 1 per cent of the population.",NA,"403",NA
"For over 6 million Australian taxpayers, their average deduction was just $375.",NA,"403",NA
"These are just some of the ways we are closing tax loopholes used by the top end of town.",NA,"403",NA
"These reforms will save around $375 million over the forward estimates.",NA,"403",NA
"Labor's Plan For Electric Vehicle Innovation and Manufacturing",NA,"H",NA
"Vehicle electrification is key to Labor’s strategy for transition to lower transport emissions.",NA,"416.2",NA
"Australia has opportunities to rebuild and expand the automotive and associated transport industries as a part of that transition.",NA,"416.2",NA
"Australia has research, manufacturing and assembly capacity in buses, trucks, and rail, all of which is looking at electrification and alternative fuels like hydrogen as part of the transport future.",NA,"416.2",NA
"This industrial capability, plus our world-class tertiary institutions, will be the basis of an electric vehicle industry",NA,"416.2",NA
"and reducing emissions.",NA,"501",NA
"Labor will also ensure that the system-wide regulatory and safety measures needed to support electrification of the transport fleet will be taken.",NA,"416.2",NA
"The Liberals’ record on vehicle manufacturing is nothing but destruction.",NA,"416.2",NA
"They drove the major vehicle production companies offshore,",NA,"413",NA
"costing thousands of workers their jobs",NA,"701",NA
"and resulting in the closure of Australian firms.",NA,"413",NA
"LABOR’S PLAN:",NA,"H",NA
"A Shorten Labor Government will work with industry, state governments and the research sector to create jobs with a $57 million electric vehicle innovation and manufacturing strategy, integrated with Labor’s $1 billion Advanced Manufacturing Future Fund and Labor’s Australian Investment Guarantee.",NA,"701",NA
"Labor’s plan will support research and development, manufacturing, assembly and retrofitting capability in all forms of electric land transport vehicles, ensuring that Australia has a global role as a research and development centre and extending our manufacturing capabilities in all vehicles deploying electric technology and hydrogen, battery manufacturing and charging infrastructure.",NA,"416.2",NA
"Labor’s plan includes:An Electric Vehicle Innovation Council to develop and oversee a manufacturing roadmap.",NA,"416.2",NA
"$30 million for Advanced Engineering and Electric Mobility Research and Development to increase globally focused research and development within Australia",NA,"416.2",NA
"$25 million for grant funding for research, commercialisation and enterprise capability development around vehicle electrification for the local components and vehicle industry supply chain.",NA,"416.2",NA
"Appointing a supplier advocate to be the coordinator and face of the overall transition plan and promote investment in global supply chains.",NA,"416.2",NA
"Maximising industry development return on Commonwealth and state government spending – within procurement guidelines – to give preference for suppliers developing design, R&D, EV and related capabilities in Australia.",NA,"416.2",NA
"Maximising industry development returns on Commonwealth and state government spending – consistent with Labor’s Local Projects, Local Jobs policy – for suppliers developing design, R&D, EV and related capabilities in Australia.",NA,"416.2",NA
"Ensuring public safety for citizens in the operation of EV’s and safe access to charging infrastructure.",NA,"416.2",NA
"$2 million to support the establishment and operation a Sodium-ion battery manufacturing plant in Geelong in partnership with Deakin University.",NA,"416.2",NA
"This election is a choice between Labor’s plans for the electric vehicle manufacturing industry, and the Liberals’ record of destroying jobs in manufacturing and plans to deliver bigger tax loopholes for the top end of town.",NA,"416.2",NA
"After six years of Liberal cuts and chaos, our united Labor team is ready to deliver a fair go for all Australians",NA,"416.2",NA
"Australian Republic and Head of State",NA,"H",NA
"A Shorten Labor Government will hold a national vote to give every Australian voter a voice in the process of becoming a republic with an Australian Head of State.",NA,"202.4",NA
"It’s time we had an Australian Head of State.",NA,"601.1",NA
"Labor believes Australians are ready to transition to an Australian Republic, with an Australian Head of State, who can fully represent our traditions, values and aspirations as a nation.",NA,"601.1",NA
"Instead of borrowing a foreign crown from the other side of the globe, let us face the world as a proud Australian Republic with an Australian citizen as our Head of State.",NA,"601.1",NA
"LABOR’S PLAN",NA,"H",NA
"A Labor Government will:In our first term of government hold a national vote seeking the views of the Australian people about becoming a republic.",NA,"202.4",NA
"If the result is yes, Labor will promote community debate, consulting with the Australian people, other political parties and the states and territories, about the advantages and disadvantages of the various republican models.",NA,"202.4",NA
"Consult Australians about the model of appointment of an Australian Head of State.",NA,"601.1",NA
"When detailed constitutional changes are prepared, initiate an appropriate secondary referendum under the Constitution.",NA,"202.4",NA
"Only a Labor Government will provide the national leadership and maturity required to reform and modernise our Constitution to appoint an Australian as our Head of State.",NA,"601.1",NA
"Great Australian Bight",NA,"H",NA
"If elected, one of Labor’s first acts will be to commission an independent scientific study into the impact of an oil spill in the Great Australian Bight.",NA,"501",NA
"The study will be jointly commissioned by the Ministers for Resources and the Environment, and will report to both ministers.",NA,"501",NA
"Both ministers will jointly issue terms of reference to the independent study.",NA,"501",NA
"There is no approval granted for drilling in the Bight.",NA,"501",NA
"One proposal for exploratory drilling is under consideration by the independent regulator, the National Offshore Petroleum Safety and Environmental Management Authority (NOPSEMA), which has an independent assessment process underway.",NA,"501",NA
"The purpose of the study will be to help inform the decision making of the independent regulator.",NA,"501",NA
"It will be an independent scientific study to increase the capacity of the independent regulator to properly make an assessment.",NA,"501",NA
"The study will report before the project is approved.",NA,"501",NA
"Every resources project needs to stack up environmentally and financially.",NA,"501",NA
"Approvals about these types of projects are made in accordance with the law.",NA,"501",NA
"Aged Care",NA,"H",NA
"Labor is the party of aged care reform and older Australians can be assured we will always do better for older Australians in residential aged care, for those waiting for care at home and through Medicare.",NA,"504",NA
"Only Labor will be in a position to improve aged care and adequately respond to the recommendations from the Royal Commission into Aged Care Quality and Safety.",NA,"504",NA
"Labor will work with the sector, to improve aged care and respond to the Royal Commission’s recommendations once they are handed down.",NA,"504",NA
"To further improve the quality of care and support a future aged care workforce, an elected Shorten Labor Government will:Immediately investigate interventions to ensure older Australians most at need are prioritised for home care.",NA,"504",NA
"Provide opportunities through TAFE so that up to 20,000 aged care workers can obtain or improve their qualifications.",NA,"504",NA
"Immediately speed up implementation of the Matter of Care workforce strategy to address inadequate staffing in aged care.",NA,"504",NA
"Ensure that for residential aged care facilities there is a registered nurse present, on site, 24 hours a day.",NA,"504",NA
"Publish the skill mix of the workforce employed at every residential aged care facility to ensure the appropriate skills-mix of properly trained staff is present at all times.",NA,"504",NA
"Look at how best to improve access to home care packages and increasing staffing levels and skills.",NA,"504",NA
"Further address the number of GPs working in aged care to provide proper incentives for GPs to do home visits and provide services in residential aged care.",NA,"504",NA
"Consistent with Labor’s commitment to support Australians with dementia and their families and carers, a Shorten Labor Government will:",NA,"504",NA
"Make improving the care of Australians with dementia a national priority.",NA,"504",NA
"Remove the complexity of multiple interactions between the Department of Health and Ageing, Centrelink, aged care providers, and the broader health care system for Australians with dementia and their families.",NA,"504",NA
"Improve the training of aged care staff to improve the workforce’s understanding of dementia, including scholarships for nurses and carers to undertake specialist dementia care training.",NA,"504",NA
"These commitments are a start to tackling the crisis in age care.",NA,"504",NA
"Labor is committed to working through the recommendations of the Royal Commission to make the crucial reforms needed in our aged care system and ensure the long-term sustainability of the sector.",NA,"504",NA
"We should judge ourselves as a nation by how we treat our elderly.",NA,"504",NA
"Labor’s Plan for Australia’s Creative Economy",NA,"H",NA
"A Shorten Labor Government will invest $85 million to boost Australia’s creative industries – supporting more jobs",NA,"701",NA
"and more investment across our growing creative economy.",NA,"402",NA
"Australia’s creative industries are world-class – but action is needed to ensure our local sectors get the investment they need to grow and compete in the evolving global economy.",NA,"402",NA
"That is why Labor will invest $85 million in Australia’s Creative Economy to support start-ups, small and medium sized businesses and attract international investment to create the skilled jobs of the future in Australia’s creative industries.",NA,"402",NA
"As the trend to automation continues, the demand for creative skills is expected to increase.",NA,"502",NA
"The creative economy includes services across music and performing arts; web and software design; game development; film and broadcasting; publishing and visual arts; architecture and design.",NA,"502",NA
"Creative employment includes employment in the creative industries, as well as creative jobs embedded outside the creative industries in the wider economy.",NA,"502",NA
"Australia is well placed to benefit from the development of this job-generating sector, and Labor is taking a strategic and hands-on approach to ensure we do.",NA,"701",NA
"Labor will:Convene a Creative Economy Summit to gather the best ideas to boost and accelerate Australia’s creative economy.",NA,"502",NA
"Formulate a Creative Economy Strategy 2030 to harness and facilitate the cultural and industrial benefits of Australia’s creative skills.",NA,"402",NA
"Reform the policy and regulatory framework for media and communications.",NA,"402",NA
"Convene a Taskforce to modernise Australia’s screen content settings.",NA,"402",NA
"Invest $60 million into the ABC and SBS for Australian screen content.",NA,"402",NA
"Invest $25 million to reinstate the Australian Interactive Games Fund.",NA,"402",NA
"Progress First Nations Media ‘9 Calls for Action’ in partnership with the sector.",NA,"402",NA
"After six years of Liberal cuts and policy inertia, only a Shorten Labor Government will advance Australia’s Creative Economy.",NA,"402",NA
"We will pay for it by making multinationals pay their fair share and closing tax loopholes used by the top end of town.",NA,"403",NA
"Renewing Creative Australia - Labor's National Cultural Policy",NA,"H",NA
"The arts drive how we find our place here, how we learn about each other and how the world understands us.",NA,"502",NA
"A cultural policy allows the power of the arts to reach well beyond official arts bodies to the lives and experiences of every Australian.",NA,"502",NA
"Labor has a plan to support a vibrant arts sector, value our artists, foster creativity and share our stories with the world.",NA,"502",NA
"A Shorten Labor Government will:Restore a National Cultural Policy by renewing Creative Australia.",NA,"502",NA
"Reverse the ‘Brandis cuts’ to the Australia Council.",NA,"502",NA
"Support for existing First Nations theatre companies to become major performing arts companies",NA,"502",NA
"and the establishment of a new First Nations theatre company to produce, co-produce, and commission new work as well as provide skills development in the sector.",NA,"502",NA
"Funding for the ABC and SBS for scripted drama, children’s television and music.",NA,"502",NA
"Support for live performance venues.",NA,"502",NA
"Click here to find out more and read our full plan.",NA,NA,NA
"We will pay for it by making multinationals pay their fair share and closing tax loopholes used by the top end of town.",NA,"403",NA
"New low-cost small claims jurisdiction for wage underpayments",NA,"H",NA
"A Shorten Labor Government will crack down on wage theft by giving workers who are ripped off an efficient and effective avenue to reclaim unpaid wages.",NA,"701",NA
"We have seen too many examples of systemic wage theft, but lengthy and costly court proceedings often prevent and deter workers from recovering wage underpayments.",NA,"701",NA
"It shouldn’t be too hard and it shouldn’t be too costly to get what you are owed for a day’s work.",NA,"701",NA
"A Shorten Labor Government will make it easier to recover wage underpayments with a new low-cost small claims jurisdiction to sit alongside the Fair Work Commission.",NA,"701",NA
"The new jurisdiction will be designed so that most claims can be resolved in a single day.",NA,"701",NA
"It will also be a one-stop shop – able to mediate claims, but also able to make and enforce orders for repayment of wages.",NA,"701",NA
"LABOR’S PLAN",NA,"H",NA
"Individual claims up to $100,000 will be able to be brought to members of the jurisdiction.",NA,"701",NA
"Claims brought forward by groups of workers against a single employer will also be permitted.",NA,"701",NA
"Members will adjudicate on claims, and will be available for applicants in remote and regional areas, including by video conferencing.",NA,"701",NA
"Employer groups and unions will also be able to act on behalf of their members if requested to do so.",NA,"701",NA
"To increase the capability of workers and employers to present their cases to the small claims jurisdiction, Labor will expand the Community Engagement Grants Program, currently only utilised by community legal centres, by an additional $3.7 million per annum.",NA,"701",NA
"Greater protection for the Great Ocean Road, Otway Ranges and Bells Beach",NA,"H",NA
"A Shorten Labor Government will work with the Victorian Government, local government, and Traditional Owner representatives to safeguard protection of Bells Beach, the Otway Ranges and the Great Ocean Road for future generations.",NA,"501",NA
"This election will be a choice between a united Shorten Labor Government, which will protect our heritage, or more of the Liberals’ cuts and chaos.",NA,"501",NA
"The pressures on the region from both increased population and tourism has led to biodiversity loss and impact to the environment.",NA,"501",NA
"To ensure this region is properly protected for future generations, Labor will act.",NA,"501",NA
"Labor will consult with the Victorian Government, local government and Traditional Owners to determine what will be the most appropriate way to strengthen environmental protections for the region.",NA,"501",NA
"We will create and bring together a stakeholder group including the Victorian Government, Traditional Owners, representatives of all regional local government, the Great Ocean Road Regional Tourism Board, and local business and unions to consider and make recommendations for two options:• Whether to initiate the process for the Twelve Apostles and the Great Ocean Road and its scenic environs to be included on the World Heritage List.",NA,"502",NA
"• Whether creating a jointly managed Commonwealth-State National Park could be suitable for the region",NA,"501",NA
"If the stakeholder group recommends both options, a Shorten Labor Government will pursue them.",NA,"501",NA
"Labor would work to ensure any changes will not impact existing jobs and arrangements for state forests.",NA,"701",NA
"World Heritage Listing",NA,"H",NA
"In 2011, the previous Labor government included the Great Ocean Road and scenic environs on the National Heritage List.",NA,"502",NA
"This listing stretches from the Otway Ranges, the Great Ocean Road itself, the Twelve Apostles, and iconic Bells Beach.",NA,"502",NA
"Inclusion on the National Heritage List requires a management plan for the area is developed and is a precursor to World Heritage Listing.",NA,"502",NA
"Labor will only proceed after consulting with community representatives, including local government and Traditional Owner groups.",NA,"501",NA
"We will consult on which locations within this iconic stretch of coast should be included in the application.",NA,"501",NA
"This region is an area of rich national environmental, geological and cultural significance for our continent, and in particular Victoria:• The coastline is among the world’s most magnificent cliff and ocean scenery, which includes the Twelve Apostles.",NA,"502",NA
"• The region includes unique fossils, and is one of the few locations for dinosaur fossils in southern Australia.",NA,"501",NA
"• The Great Ocean Road was constructed by over 3,000 returned servicemen following the First World War, and stands as a reminder of their continued service to the country on their return from Europe.",NA,"502",NA
"• For the Traditional Owners, Bells Beach retains significant cultural value, the area around Bells Beach was a significant gathering place, with discovery of a number of Aboriginal objects in the area in recent years.",NA,"502",NA
"• Bells Beach is a culturally significant and iconic Australian surfing beach.",NA,"502",NA
"Inclusion on the World Heritage List will be potential boost for tourism",NA,"410",NA
"and job creation on the southwest coast.",NA,"701",NA
"It also brings with it an obligation for environmental protection to protect the heritage value to ensure development is sustainable.",NA,"416.2",NA
"Victoria does not currently have an environmental site on the World Heritage List, and Labor will work to make sure the state’s natural environment receives the international recognition it deserves.",NA,"502",NA
"Labor has already announced an intention to seek World Heritage Listing for Cape York Peninsula and the Kimberley depending on the decision of Traditional Owners on boundaries, values and consent.",NA,"501",NA
"A southwest Victorian National Park",NA,"502",NA
"Labor will explore whether there could be a Great Ocean Road National Park to be jointly managed by the Commonwealth and State Government.",NA,"502",NA
"The creation of a jointly managed National Park would compel the federal government to establish management plans for the park.",NA,"502",NA
"Any national park would also have community representation, Indigenous representation and local government representation on any management boards, and the exact location of the national park would be a matter for the Victorian Government.",NA,"502",NA
"Southwest Victoria is a region of astonishing natural beauty, significant Traditional Owner cultural importance, and includes some of the most iconic surf beaches in the world.",NA,"502",NA
"It is internationally significant and an Australian treasure.",NA,"502",NA
"Labor will make $3 million available for a community consultation process and stakeholder group to make recommendations to a Shorten Labor Government by the end of 2019, and for the potential World Heritage bid.",NA,"502",NA
"Labor's Comprehensive Plan for Regional Development",NA,"H",NA
"A Shorten Labor Government will invest $795 million in a comprehensive Plan for Regional Development, to ensure the strength of our regions.",NA,"411",NA
"We need real change – because more of the same isn’t good enough.",NA,"411",NA
"This election is a choice between a Shorten Labor Government investing in the future of regional Australia, or bigger tax loopholes for the top end of town under the Liberals and Nationals.",NA,"411",NA
"Improving both regional services and investing in community infrastructure will enable regional cities and towns to grow, attract and retain the workers needed to power regional economic development.",NA,"411",NA
"Labor’s Plan for Regional Development includes replacing the Liberals and Nationals’ City Deals program with a new, more rigorous program called City Partnerships to engage all levels of government and the private sector with a strategic vision for our cities.",NA,"411",NA
"We will also create an Office for Regional Development within the department.",NA,"411",NA
"Supported by an Expert Panel, the Office for Regional Development will provide high level advice and assessment of Regional Plans put forward by the Regional Development Australia network.",NA,"411",NA
"LABOR’S PLAN",NA,"H",NA
"Labor will also invest in our regions through:· A $250 million investment in local community infrastructure.",NA,"411",NA
"Labor has consulted with councils, sporting clubs and communities across regional Australia to identify community development projects that will create jobs",NA,"701",NA
"and improve the liveability of local communities.",NA,"504",NA
"We have announced more than $250 million in new sporting facilities like swimming pools, gymnasiums, sports hubs, netball courts, cricket pitches and football fields, and other community infrastructure projects.",NA,"411",NA
"· A $245 million investment in better regional communications.",NA,"411",NA
"Regional Australia is falling behind the cities when it comes to access to broadband and mobile communications.",NA,"411",NA
"These are critical for regional development and Labor’s investment will address mobile black spots, improve digital literacy and fund local projects to improve connectivity in regional communities.",NA,"411",NA
"· A $200 million Local Community Projects Program.",NA,"411",NA
"A Shorten Labor Government will provide $200 million through a new Local Community Projects fund to kick start future projects that create jobs, drive economic growth, and build stronger healthier regional communities.",NA,"411",NA
"· $100 million for Regional Airports.",NA,"411",NA
"Better maintenance of regional airports will boost tourism and ensure that airports maintain high levels of safety.",NA,"502",NA
"A Shorten Labor Government will invest $100 million to help local councils maintain and grow regional airports – ensuring they can operate safely and connect more Australians with the regions.",NA,"411",NA
"Regional Australia should not be an afterthought.",NA,"411",NA
"After six years of dysfunction and chaos within the Liberals and Nationals, our united Labor team is ready to deliver a fair go for regional Australia.",NA,"411",NA
"End the chaos.",NA,"411",NA
"Vote for change.",NA,"411",NA
"Vote Labor.",NA,"411",NA
"Labor's Plan For Cities",NA,"H",NA
"Australia is one of the most urbanised countries on earth.",NA,"411",NA
"Although there are significant benefits that come from urbanisation, including its contribution to GDP, a number of negative side effects are taking a toll on our cities.",NA,"411",NA
"Urban sprawl, growing congestion on roads, increasingly crowded public transport, declining housing affordability and an unequal distribution of employment opportunities, particularly in outer suburbs and growth areas, impact people’s quality of life.",NA,"411",NA
"The natural environment is suffering from increased pollution and a loss of green space due to poorly planned urban development.",NA,"501",NA
"Similarly, Australia’s agricultural food bowls, which play a critical role in supplying our cities, are also under pressure.",NA,"411",NA
"Growing the productivity, sustainability and liveability of our cities requires collaboration.",NA,"411",NA
"Labor will work in partnership with state and local governments, as well as with business and communities, to ensure our cities are places of opportunity for everyone.",NA,"411",NA
"The Liberals’ Record",NA,"H",NA
"The Liberals abandoned Australian cities when they took office in 2013.",NA,"411",NA
"They abolished the Major Cities Unit, disbanded the Urban Policy Forum, discarded the annual State of Australian Cities reports, failed to appoint a Minister for Cities until 2015 and failed to produce a National Urban Policy.",NA,"411",NA
"Despite a change in rhetoric when Malcolm Turnbull became Prime Minister, the Liberal Government has continued to neglect Australian cities with no real investment for policies or programs.",NA,"411",NA
"Their ‘signature’ program – City Deals – falls well short of what is required to achieve genuine structural change in our cities and is subject to political whim.",NA,"411",NA
"Policy experts themselves have identified that this program lacks transparency and clear guidelines, treats local government as a stakeholder rather than a partner, fails to adequately engage the private sector and does not align with other relevant strategies.",NA,"411",NA
"Labor’s Record",NA,"H",NA
"Since World War II, every Labor Government has made an important contribution to Australia’s urban development and progress, including in our outer suburbs.",NA,"411",NA
"In 1945, Ben Chifley commenced post-war reconstruction with large-scale investment in public housing.",NA,"411",NA
"Gough Whitlam connected Western Sydney and other suburban areas to sewerage and established the Department of Urban and Regional Development.",NA,"411",NA
"Bob Hawke and Paul Keating invested in the Building Better Cities Program.",NA,"411",NA
"And the former Labor Government put in place a large number of policies to support the development of our cities, which included:Establishing Infrastructure Australia to provide independent advice to government about the merits of major projects.",NA,"411",NA
"Creating the Major Cities Unit and Urban Policy Forum to ensure policy is informed by expert opinion and underpinned by an evidence base, including through the annual State of Australian Cities report.",NA,"411",NA
"Establishing the Australian Council of Local Government to bring local councils into the conversation.",NA,"411",NA
"Creating the Centre of Excellence for Local Government at the University of Technology Sydney to promote best practice.",NA,"411",NA
"Conducting a review of capital city strategic planning systems through the Council of Australian Governments (COAG) – this was chaired by former Deputy Prime Minister Brian Howe with Lucy Turnbull as Deputy Chair.",NA,"411",NA
"Releasing the Urban Design Protocol after consulting extensively with industry, which promotes guidelines for sustainable urban development.",NA,"411",NA
"Releasing Australia’s first ever comprehensive National Urban Policy, which identified three key pillars of productivity, sustainability and liveability.",NA,"411",NA
"Labor’s plan for cities will build on this proud track record.",NA,"411",NA
"Collaboration",NA,"H",NA
"A Labor Government will re-establish the Urban Policy Forum to ensure meaningful engagement with policy experts and industry, drawing on their knowledge to make better decisions.",NA,"411",NA
"City Partnerships",NA,"H",NA
"Labor will overhaul and replace the Coalition’s City Deals with a City Partnerships program that will foster more genuine collaboration between the three levels of government.",NA,"301",NA
"To achieve this we will:Re-establish the Major Cities Unit within the independent Infrastructure Australia and task it with recommending and assessing the progress of City Partnerships.",NA,"411",NA
"Establish an expert panel to update strategic planning guidelines for cities as well as to develop guidelines for City Partnerships, in consultation with the Minister, which will include benefits to the economy.",NA,"411",NA
"Refresh the National Urban Policy, which Labor released when last in government, to ensure City Partnerships align with its objectives, for example, in areas like sustainability and smart technology.",NA,"411",NA
"Labor is also committed to honouring any signed City Deal, however we will offer councils and state or territory governments the opportunity to deepen their agreement.",NA,"411",NA
"Public Transport",NA,"H",NA
"Labor will continue to build on its strong track record of investing in properly integrated transport systems involving public transport and roads.",NA,"411",NA
"If elected Labor will:National:",NA,"411",NA
"Establish a Park and Ride fund to invest in parking facilities for commuters at train stations around the nation.",NA,"411",NA
"Melbourne:",NA,"H",NA
"Help complete the Melbourne Metro Tunnel, which will increase the capacity of rail network by allowing train services to be added to the Craigieburn, Cranbourne, Frankston, Pakenham, Sandringham, Sunbury, Upfield, Werribee and Williamstown lines.",NA,"411",NA
"Invest in the Suburban Rail Loop, which will deliver a new 90 kilometre underground rail line through Melbourne’s western and eastern suburbs via the airport, linking every major train line.",NA,"411",NA
"Move quickly to deliver the much-needed Frankston to Baxter Rail Upgrade, building on the significant investment the Andrews Labor Government has made in Frankston infrastructure.",NA,"411",NA
"Extend the number 11 tram route, providing better public transport services to Melbourne’s booming northern suburbs.",NA,"411",NA
"Invest in public transport solutions to serve the needs of the Monash University Clayton Campus, and the broader Monash National Employment and Innovation Cluster.",NA,"411",NA
"Labor will continue to invest in the next stages of the South Geelong to Waurn Ponds Rail Upgrade, duplicating tracks, expanding platforms, constructing a new bridge and implementing grade separations.",NA,"411",NA
"Sydney:",NA,"H",NA
"Invest in Western Sydney Rail to connect the Sydney rail network with the new Western Sydney Airport, whilst reducing congestion.",NA,"411",NA
"Invest in Sydney Metro West, which will double the rail capacity between Parramatta and the CBD, while slashing travel times between Parramatta and the City to just 20 minutes, with trains running every two minutes.",NA,"411",NA
"Brisbane:",NA,"H",NA
"End the gridlock in South East Queensland by investing in the Cross River Rail project to expand the capacity of the region’s rail network so it can deliver more trains more often including to both the Sunshine Coast and the Gold Coast.",NA,"411",NA
"Gold Coast:",NA,"H",NA
"Support the delivery of Stage 3A of the Gold Coast Light Rail project – extending the network from Broadbeach to Burleigh Heads.",NA,"411",NA
"Perth:",NA,"H",NA
"Invest in METRONET to deliver 72 kilometres of new passenger rail and up to 18 new stations, unlocking the potential of more than 5,000 hectares of land around the new stations for investment in housing, jobs and services for growing communities.",NA,"411",NA
"Adelaide:",NA,"H",NA
"Modernise and electrify the line connecting Adelaide’s CBD to Gawler on the outer northern metropolitan fringe.",NA,"411",NA
"Canberra:",NA,"H",NA
"Reduce traffic congestion for residents of the City’s south by investing in the Stage II construction of Canberra’s Light Rail project.",NA,"411",NA
"Supporting our Outer Suburbs",NA,"H",NA
"Too often we see the population of our outer suburbs increase before the necessary infrastructure, such as public transport and social infrastructure like schools, hospitals and recreational space, are put in place.",NA,"411",NA
"But if we get the planning right, particularly in our growth areas, then we can improve people’s quality of life and make our cities more efficient.",NA,"411",NA
"To this end, Labor will invest in a number of infrastructure projects in outer urban areas that are experiencing significant growth to relieve this pressure, which comes in addition to our extensive plan for public transport.",NA,"411",NA
"National:",NA,"H",NA
"Labor’s Park and Ride fund will invest in parking facilities for commuters at train stations, especially those in outer areas with growing demand.",NA,"411",NA
"Sydney’s outer suburbs:",NA,"H",NA
"Deliver key upgrades to the Appin Road to ease congestion and improve safety on this vital link between Sydney’s South West and the Illawarra.",NA,"411",NA
"Upgrade Dunheved Road between Richmond Road and Werrington Road in Penrith to transform it into a four-lane dual carriageway.",NA,"411",NA
"Build a fuel pipeline to the new Western Sydney Airport to avoid the need for trucks to cart dozens of loads of aviation fuel through Sydney suburbs each day.",NA,"411",NA
"Progress planning for the M9, also known as the Outer Sydney Orbital, in close consultation with the local community.",NA,"411",NA
"Melbourne’s outer suburbs:",NA,"H",NA
"Upgrade key arterial roads to create new jobs and slash travel times for residents in Melbourne’s northern and south eastern suburbs.",NA,"411",NA
"Build Victoria’s first fully separated high-speed busway from Doncaster Road to Hoddle Street as part of our commitment to the North East Link project, which will ease traffic congestion and connect Melbourne’s growing northern and south eastern suburbs.",NA,"411",NA
"Brisbane’s outer suburbs:",NA,"H",NA
"Upgrade the M1 Pacific Motorway between Eight Mile Plains and Daisy Hill; Daisy Hill and the Logan Motorway; Varsity Lakes and Tugun; as well as three interchanges (Exits 41, 45 and 49).",NA,"411",NA
"Extend Gateway Motorway from Bracken Ridge to the Pine River and upgrade the Bruce Highway between the intersection with the Gateway Motorway and Deception Bay Road.",NA,"411",NA
"Eliminate notorious level crossings at Lindum Road (Wynnum West); and Boundary Street (Coopers Plains).",NA,"411",NA
"Upgrade and widen the Ipswich Motorway between Rocklea and Darra.",NA,"411",NA
"Perth’s outer suburbs:",NA,"H",NA
"Upgrade and extend the Tonkin and Roe Highways to enhance road safety and ease congestion across Perth’s eastern and southern suburbs.",NA,"411",NA
"Invest in the future of Perth’s northern suburbs by expanding the Mitchell Freeway, which is one of Perth’s busiest roads - with up to 140,000 vehicles per day – and a critical to link Perth’s northern suburbs to commercial, residential and recreational facilities in the wider metropolitan area.",NA,"411",NA
"Extend Stephenson Avenue north from its intersection with Scarborough Beach Road to the Mitchel Freeway and construct a new freeway interchange, unlocking up to 95 hectares of land for housing and commercial developments.",NA,"411",NA
"Deliver a new traffic and rail bridge at Fremantle, which will duplicate the existing rail capacity, removing the current conflict between passenger and freight rail.",NA,"411",NA
"Construct an interchange at the intersection with a bridge carrying Leach Highway over Welshpool Road including the duplication of the Highway rail over-bridge south of the interchange, increasing the Highway’s long-term capacity.",NA,"411",NA
"Adelaide’s outer suburbs:",NA,"H",NA
"Continue the upgrade of North South Corridor into a non-stop motorway, with the next priority to be the section of South Road between Glenelg Tram Overpass and Tonsley.",NA,"411",NA
"Deliver critical safety upgrades to the Springbank Road, Daws Road and Goodwood Road intersection, renowned as one of Adelaide’s most dangerous.",NA,"411",NA
"Eliminate notorious level crossings in Westbourne Park and Brighton Road in Hove, which are traffic accident black spot and a cause of frustration to motorists.",NA,"411",NA
"Beyond the benefits that these infrastructure initiatives will provide, a Shorten Labor Government will bring a new, collaborative approach to the challenges that urbanisation present.",NA,"411",NA
"We will work with COAG to identify potential growth areas around our cities and to ensure that our pooled resources achieve maximum effect.",NA,"411",NA
"This will mean focussing our efforts on boosting jobs growth in outer and middle ring suburbs, either through direct investment, investing in research precincts around universities and hospitals, or through consideration of incentives for the location of business, or supporting innovative funding models for local governments in high growth areas.",NA,"701",NA
"If people can’t access employment, training or educational opportunities, if people are stuck in their cars for hours commuting to and from work, and, if people cannot enjoy their quality of life, then they can’t achieve their potential.",NA,"411",NA
"And of course, this means that, in turn, our cities won’t fulfil theirs.",NA,"411",NA
"Successful cities are inclusive cities, with diverse vibrant communities – not disconnected enclaves of privilege and disadvantage.",NA,"411",NA
"Growing Regional Cities",NA,"H",NA
"Australia’s regional cities play a critical role in contributing to the national story – socially, culturally and economically.",NA,"411",NA
"Regional cities also play an essential role in supporting the smaller towns surrounding them, which depend on them for jobs and services.",NA,"411",NA
"This brings a number of challenges and opportunities including ensuring diversity in the jobs market to retain and attract workers, access to aviation to connect with capital cities, and sufficient high quality infrastructure, access to aviation to connect with capital cities, and sufficient high quality infrastructure, to support the population including well-resourced hospitals, universities, schools and TAFEs and a properly implemented fibre National Broadband Network.",NA,"411",NA
"While regional cities are rapidly developing as economic and service hubs, like the major capitals they are facing the need for supporting investment in enabling infrastructure.",NA,"411",NA
"A Shorten Labor Government will drive good policies and investment at a Federal level and collaborate with the states and territories and local government to implement those policies, and generate positive changes on the ground.",NA,"301",NA
"Investing in community infrastructure will help improve the social amenity of regional locations so that these places can attract and retain new workers",NA,"411",NA
"and boost their tourism potential.",NA,"502",NA
"Increasing the amenity of regional cities and towns through improved services and community infrastructure, together with a focus on strategic regional development, our City Partnership program will help to address congestion problems in the urban capitals, as well as strengthening regional Australia.",NA,"411",NA
"More information is available in Labor’s plan for regional Australia.",NA,NA,NA
"High Speed Rail",NA,"H",NA
"High Speed Rail down Australia’s east coast would revolutionise interstate travel, allowing people to move between capital cities in as little as three hours.",NA,"411",NA
"It would also turbo charge the economic development of the regional centres along its route, including the Gold Coast, Casino, Grafton, Coffs Harbour, Port Macquarie, Taree, Newcastle, the Central Coast, Southern Highlands, Wagga Wagga, Albury-Wodonga and Shepparton.",NA,"411",NA
"A Labor Government will establish a High Speed Rail Authority to preserve the corridor and work through a process for gathering international expressions of interest over the construction of a High Speed Rail link between Brisbane and Melbourne via Sydney and Canberra.",NA,"411",NA
"Labor will also begin the process of preserving the identified corridor with a $1 billion investment.",NA,"411",NA
"Active Transport",NA,"H",NA
"Labor will invest $260 million to upgrade the nation’s cycling paths to encourage more people to ride bicycles to work or school and capitalise on the rapidly expanding cycling tourism market.",NA,"410",NA
"Our National Bike Paths Strategy will provide the largest ever investment in bike paths from the Federal Government and underscores our commitment to active transport.",NA,"411",NA
"Labor will partner with state and territory governments or local councils to unlock even more investment and make a difference to the health, safety and overall amenity for people living in cities and towns across Australia.",NA,"301",NA
"In government, Labor will also look to develop a national guide for cities that provides detailed national and international best practice designs and resources for practitioners for the effective design and delivery of bicycle infrastructure to enable significant cycling participation, while ensuring innovative outcomes for the entire transport system and return on investment for funds invested.",NA,"411",NA
"Labor’s National Bike Paths Strategy builds on our legacy, where the former Federal Labor Government oversaw record investment in bike paths across the nation.",NA,"411",NA
"Creating Smarter Cities",NA,"H",NA
"Labor will embed a Smart Cities Agenda in our National Urban Policy to ensure we are competitive with our global counterparts, while putting communities first.",NA,"411",NA
"Smart technology can make our cities more productive,",NA,"410",NA
"sustainable",NA,"416.2",NA
"and liveable by improving the investment decisions we make, including through more efficient management of urban infrastructure.",NA,"504",NA
"Smart cities don’t just respond to the issues of the day but anticipate the challenges of the future by being resourceful with evidence-based decision making, having an overarching strategic vision, an integrated planning approach and supporting innovation.",NA,"411",NA
"Labor’s approach will include collaboration with experts to identify new opportunities to enhance smart cities policy in Australia.",NA,"411",NA
"Labor will also broaden Infrastructure Australia’s role by requiring projects to address new criteria.",NA,"411",NA
"This means showing what provision for smart infrastructure has been included to ensure maximum benefit is achieved from any investment.",NA,"411",NA
"This could include upgrading existing infrastructure where identified as appropriate, which saves both time and money.",NA,"411",NA
"Housing",NA,"H",NA
"Labor understands the profound impact housing stress, housing insecurity and homelessness can have on families and individuals in cities and towns around Australia.",NA,"504",NA
"Labor’s comprehensive plan to tackle housing affordability includes:",NA,"504",NA
"Reforming negative gearing so that deductions can only be claimed on newly built homes, which will increase new housing supply",NA,"504",NA
"and support jobs.",NA,"701",NA
"We will reform the capital gains tax concession and allow existing investors to maintain their current capital gains tax and negative gearing entitlements.",NA,"403",NA
"There will be no retrospective taxation or impost on existing investors.",NA,"504",NA
"Building 250,000 new affordable rental homes over the next decade in partnership with the community housing sector for Australians on low and moderate incomes.",NA,"504",NA
"We will also ensure that one in 10 employees engaged in building new housing stock under our scheme are apprentices.",NA,"504",NA
"Creating a viable Build to Rent sector in Australia – giving institutional investors better tax concessions; encouraging more construction; and stimulating the housing market.",NA,"504",NA
"We will do this by cutting the managed investment trust withholding rate in half from 30 per cent to 15 per cent to encourage new housing supply.",NA,"504",NA
"Providing $88 million over two years for a new Safe Housing Fund to increase transitional housing options for women and children escaping domestic and family violence, young people exiting out-of-home care and older women on low incomes who are at risk of homelessness.",NA,"504",NA
"Limiting direct borrowing by Self-Managed Superannuation Funds.",NA,"504",NA
"Limited recourse borrowing in Self-Managed Superannuation Funds has exploded in recent years, increasing risk in the superannuation system and crowding out first homeowners.",NA,"504",NA
"Facilitating COAG processes to introduce a uniform vacant property tax across all major cities.",NA,"504",NA
"Increasing fees for overseas investors buying Australian real estate and increase penalties when they break the law.",NA,"504",NA
"Achieving better results from National Agreements, including better rights for renters, planning reform, inclusionary zoning, and accelerated land release.",NA,"504",NA
"Re-establishing the National Housing Supply Council and appoint a dedicated Federal Housing and Homelessness Minister.",NA,"504",NA
"Establishing a new and independent COAG Economic Reform Council that will be given the autonomy to examine, track and report to COAG on long-term reform priorities, including on housing affordability and supply.",NA,"504",NA
"Labor will also partner with the community housing sector and institutional investors to build 250,000 new, affordable and low energy consumption homes over the next decade.",NA,"504",NA
"Living Cities Strategy",NA,"H",NA
"Real action on climate change isn’t just about protecting our environment –",NA,"501",NA
"it’s also about future-proofing our economy",NA,"410",NA
"and protecting jobs.",NA,"701",NA
"It also means recognising the need to change the way our cities work to keep our cities liveable.",NA,"411",NA
"Labor will collaborate with industry and governments to develop a Living Cities Strategy that considers the policy options and levers available to the Federal Government that could facilitate the preservation, enhancement and creation of green and blue infrastructure in urban areas.",NA,"411",NA
"This Strategy could include developing a green infrastructure plan, mapping and reporting on open space, new criteria to assess cities in the State of Australian Cities reports, opportunities to grow open space and improved governance to facilitate best practice.",NA,"411",NA
"Getting planning and infrastructure right within our cities is critical in order to reduce Australia’s harmful carbon emissions, meet the Paris Targets and Sustainable Development Goals and move toward a zero emissions future.",NA,"411",NA
"It also provides an opportunity for the Federal Government to address recommendations listed in the ‘Building Up and Moving Out’ Report, which is the outcome of the inquiry into the Australian Government’s role in the development of cities.",NA,"411",NA
"Policies already developed by Labor including on smart cities, active transport, urban rivers and city partnerships should also be used to assist in meeting the objectives of the Strategy.",NA,"411",NA
"Labor will also look at best practice when it comes to:Ensuring action on climate change is built into major urban strategic plans (mitigation and adaptation).",NA,"411",NA
"The integration of water, wastewater and stormwater into urban planning to improve overall (including health and liveability) outcomes for our cities and regions.",NA,"411",NA
"Facilitating the transition to renewable energy by supporting urban innovation and green urban growth e.g. net zero carbon and liveable precincts.",NA,"411",NA
"Urban Rivers",NA,"H",NA
"Labor will establish a $200 million Urban Rivers Fund to restore our cities’ rivers to their natural beauty.",NA,"501",NA
"This fund will oversee investment in projects that make a difference in and around our waterways, such as building wetlands to capture and clean and filter stormwater.",NA,"501",NA
"Labor will engage state and local government, community groups and local environmental organisations to bring urban waterways and habitat corridors back to health.",NA,"501",NA
"Local environmental action groups will be able to apply for small grants, benefitting our urban environment,",NA,"501",NA
"creating jobs",NA,"701",NA
"and re-engaging, educating and mobilising local communities to act on local environmental protection.",NA,"606.1",NA
"Expanding the Western Sydney City Deal",NA,"H",NA
"Labor will expand the Western Sydney City Deal to include Blacktown City Council through our City Partnerships program.",NA,"411",NA
"The Western Sydney City Deal was signed in March 2018 and includes the local government areas of Blue Mountains, Camden, Campbelltown, Fairfield, Hawkesbury, Liverpool, Penrith and Wollondilly.",NA,"411",NA
"Including Blacktown City Council in our City Partnership for Western Sydney makes strategic sense given its focus on job creation and unlocking a 30-minute city.",NA,"411",NA
"Labor will also invest $7.5 million in local priority projects identified by Blacktown City Council, consistent with what the other local councils received and calls on the New South Wales Government to match this commitment.",NA,"411",NA
"Labor's Statement on Local Government",NA,"H",NA
"A Shorten Labor Government will partner with local government to build better local communities and tackle some of the key challenges the sector faces.",NA,"301",NA
"We will contribute nearly $1 billion in new funding to local government through initiatives outlined in our Local Government Plan.",NA,"301",NA
"This is in addition to the $9.5 billion dollars in Financial Assistance Grants, $2 billion Roads to Recovery Funding and $419 million for the Bridges Renewal Program.",NA,"301",NA
"This election will be a choice between a united Shorten Labor Government which will invest in our communities to make sure they have the infrastructure and services they need, or more of the Liberals’ cuts and chaos.",NA,"301",NA
"Local councils are on the front line of many big challenges, including climate change, waste management and meeting the expanding needs of our communities.",NA,"501",NA
"Labor will partner with local government to improve sports grounds, community hubs, libraries, and arts and cultural centres which improve amenity and build community.",NA,"502",NA
"Labor has already announced more than $250 million on new spending for local government infrastructure, including community centres upgrades to parks and sporting facilities.",NA,"301",NA
"In addition, Labor’s new $200 million Local Community Projects fund will provide funding to support regional development.",NA,"301",NA
"Labor will invest $260 million to upgrade the nation’s cycling paths to encourage more people to ride bicycles to work or school",NA,"411",NA
"and capitalise on the rapidly expanding cycling tourism market.",NA,"410",NA
"To assist with the challenge of waste management and building a circular economy, Labor will provide $15 million to establish a National Waste Commissioner to work with state and local governments and help educate the community on solutions to waste, and work with industry to expand recycling and Product Stewardship Schemes.",NA,"416.2",NA
"Labor will also invest $60 million through our National Recycling Fund to encourage recycling, including funding for innovative waste solutions, local government recycling facilities and material processing facilities, and new approaches to tackling food waste.",NA,"416.2",NA
"Labor will provide $62 million to ensure our coastal communities are able to adapt and build their resilience to climate change.",NA,"501",NA
"We will do this by coordinating local, state and national efforts to support climate adaptation and resilience and delivering direct support to local communities and government to restore our coasts.",NA,"301",NA
"To address overcrowding and create jobs in remote Indigenous communities, Labor will provide a $1.5 billion, 10-year investment in Indigenous housing which will deliver a decade of funding certainty to the Northern Territory, by committing an additional $550 million over five years from 2023-24, doubling the commitment by the Liberals.",NA,"301",NA
"Labor will also provide $251 million in funding to Queensland, Western Australia and South Australia in 2019-20.",NA,"301",NA
"Labor’s City Partnerships will engage with all three levels of government through genuine collaboration, as well as with the private sector, to set out a strategic vision for our cities and linked to a renewed National Urban Policy.",NA,"301",NA
"Labor is committed to building the nation-building infrastructure Australia needs.",NA,"411",NA
"We will work with state and territory governments to get projects up and running, with earlier investments in all states and territories.",NA,"301",NA
"Local councils have told Labor that improving communications infrastructure is a major priority for them, to help regional development",NA,"411",NA
"and create jobs.",NA,"701",NA
"A Shorten Labor Government will invest $245 million to address mobile black spots, improve digital literacy and fund local projects to improve connectivity in regional communities.",NA,"411",NA
"These commitments demonstrate that Labor has been listening to the local government sector and that Labor values the contribution of councils to our regional development agenda.",NA,"301",NA
"Labor shares the vision of local councils to create vibrant, liveable places across Australia that provide the social amenity and community services that underpin our national prosperity and wellbeing and is committed to working with them to achieve this.",NA,"301",NA
"We need real change – because more of the same isn’t good enough.",NA,"305.1",NA
"After six years of dysfunction and chaos within the Liberals and Nationals, our united Labor team is ready to deliver a fair go for regional Australia.",NA,"305.1",NA
"End the chaos.",NA,"305.1",NA
"Vote for change.",NA,"305.1",NA
"Vote Labor.",NA,"305.1",NA
"La A Shorten Labor Government will partner with local government to build better local communities and tackle some of the key challenges the sector faces. We will contribute nearly $1 billion in new funding to local government through initiatives outlined in our Local Government Plan. This is in addition to the $9.5 billion in Financial Assistance Grants, $2 billion Roads to Recovery Funding and $419 million for the Bridges Renewal Program. This election will be a choice between a united Shorten Labor Government which will invest in our communities to make sure they have the infrastructure and services they need, or more of the Liberals’ cuts and chaos. Local councils are on the front line of many big challenges, including climate change, waste management and meeting the expanding needs of our communities. Labor will partner with local government to improve sports grounds, community hubs, libraries, and arts and cultural centres, all of which improve amenity and build community. Labor has already announced more than $250 million on new spending for local government infrastructure, including community centres upgrades to parks and sporting facilities. In addition, Labor’s new $200 million Local Community Projects Fund will provide funding to support regional development. Labor will invest $260 million in a National Bike Path Strategy to encourage more people to ride bicycles to work or school and capitalise on the rapidly expanding cycling tourism market. To assist with the challenge of waste management and building a circular economy, Labor will provide $15 million to establish a National Waste Commissioner to work with state governments and local government and help educate the community on solutions to waste, and work with industry to expand recycling and Product Stewardship Schemes. Labor will also invest $60 million through our National Recycling Fund to encourage recycling, including funding for innovative waste solutions, local government recycling facilities and material processing facilities, and new approaches to tackling food waste. Labor will provide $62 million to ensure our coastal communities are able to adapt and build their resilience to climate change. We will do this by coordinating local, state and national efforts to support climate adaptation and resilience and delivering direct support to local communities and government to restore our coasts. To address overcrowding and create jobs in remote Indigenous communities, Labor will provide a $1.5 billion, 10-year investment in Indigenous housing, which will deliver a decade of funding certainty to the Northern Territory by committing an additional $550 million over five years from 2023-24, doubling the commitment by the Liberals. Labor will also provide $251 million in funding to Queensland, Western Australia and South Australia in 2019-20. Labor’s City Partnerships will engage with all three levels of government through genuine collaboration, as well as with the private sector, to set out a strategic vision for our cities and linked to a renewed National Urban Policy. Labor is committed to building the nation-building infrastructure Australia needs. We will work with state and territory governments to get projects up and running, with earlier investments in all states and territories. Local councils have told Labor that improving communications infrastructure is a major priority for them, to help regional developmentand create jobs. A Shorten Labor Government will invest $245 million to address mobile black spots, improve digital literacy and fund local projects to improve connectivity in regional communities. These commitments demonstrate that Labor has been listening to the local government sector and that Labor values the contribution of councils to our regional development agenda. Labor shares the vision of local councils to create vibrant, liveable places across Australia that provide the social amenity and community services that underpin our national prosperity and wellbeing and is committed to working with them to achieve this. bor's Plan for Local Government",NA,NA,NA
