"text","text_en","cmp_code","eu_code"
"Delivering a strong, prosperous economy and a safe, secure Australia",NA,NA,NA
"In the two years since the last election, my colleagues and I have travelled to all parts of Australia listening and talking with people about their lives, their families and their hopes for our country.",NA,NA,NA
"We have also consulted with experts about opportunities to harness Australia’s great potential.",NA,NA,NA
"From these conversations at homes, work places, factories, farms, school halls, businesses and universities, we have developed our plan to offer Hope, Reward and Opportunity for all Australians.",NA,NA,NA
"Our plan is to build a stronger Australia by building a stronger economy, stronger communities, a cleaner environment, stronger borders and more modern infrastructure.",NA,NA,NA
"The Coalition’s priority will be to build a stronger, more productive and diverse economy through lower taxes,",NA,NA,NA
"more efficient government",NA,NA,NA
"and more productive businesses that will deliver more jobs, higher wages and better services for all Australians.",NA,NA,NA
"With a modernized economy and the right policies, Australians can once again have competitive manufacturing industries, a dynamic services sector and a growing knowledge economy as well as strong agriculture and mining.",NA,NA,NA
"We can also once again have a strong vibrant small business sector creating stronger jobs growth.",NA,NA,NA
"Within five years I am confident that our economy can deliver at least one million new jobs; and two million new jobs within the next decade.",NA,NA,NA
"Our vision for Australia is grounded in the belief that I expressed in my very first speech to the Parliament 19 years ago, that “there is no limit to what Australia can achieve”",NA,NA,NA
"In the seven parliaments I have served since that first speech, as a backbencher, parliamentary secretary, minister, cabinet minister, Leader of the House and now as a party leader, I have not wavered in my belief that our best days as a nation are still ahead of us",NA,NA,NA
"Here, in these pages, is the stronger Australia–a truly 21st Century Australia–that the next Coalition Government will build",NA,NA,NA
"This is the Australia that we believe in",NA,NA,NA
"“There is no limit to what Australia can achieve.”",NA,NA,NA
"1 The Coalition’s top policy priorities",NA,NA,NA
"1. We will build a stronger, more productive and diverse economy with lower taxes, more efficient government and more productive businesses that will deliver more jobs, higher real incomes and better services for you and your family.",NA,"410",NA
"2. We will get the Budget back under control, cut waste and start reducing debt – to keep interest rates as low as possible; and to protect the Australian economy from future economic shocks.",NA,"414",NA
"3. We will help families get ahead by freeing them from the burdens of the carbon tax – to protect Australian jobs and reduce cost-of-living pressures, especially rising electricity and gas prices.",NA,"603",NA
"4. We will help small businesses grow and create more jobs – by reducing business costs and cutting taxes as well as cutting red and green tape costs by $1 billion every year.",NA,"402",NA
"5. We will create stronger jobs growth by building a diverse, world-class 5-Pillar economy – by building on our strengths in Manufacturing Innovation, Advanced Services, Agriculture Exports, world-class Education and Research, as well as boosting Mining Exports.",NA,"411",NA
"6. We will generate one million new jobs over the next five years and two million new jobs within a decade by growing a bigger, more productive and prosperous economy.",NA,"410",NA
"7. We will build more modern infrastructure to get things moving – with an emphasis on reducing the bottlenecks on our gridlocked roads and highways.",NA,"411",NA
"8. We will deliver better services including health services – by putting local communities in charge of hospitals and improving co-operation with the States and Territories.",NA,"504",NA
"9. We will deliver better education – by putting local communities in charge of improving the performance of local schools.",NA,"506",NA
"10. We will take direct action to reduce carbon emissions inside Australia, not overseas – and also establish a 15,000-strong Green Army to clean-up the environment.",NA,"501",NA
"11. We will deliver stronger borders – where the boats are stopped – with tough and proven measures.",NA,"406",NA
"12. We will deliver strong and stable government that restores accountability – to deliver a better future for all Australians.",NA,"305",NA
"We will deliver a strong, prosperous economy",NA,"410",NA
"and a safe, secure Australia.",NA,"605",NA
"Our plan will build a stronger, more productive and prosperous Australia – a truly 21st Century Australia – so that all Australians can get ahead in the global economy, live in a better country and get a better future.",NA,"601",NA
"2 The Coalition’s Plan: building a stronger 21st Century Australia",NA,NA,NA
"Our positive, inclusive vision for Australia",NA,NA,NA
"We believe in Australia and we believe “there is no limit to what Australia can achieve.”",NA,"601",NA
"That’s why our plan is to build a stronger, more productive and prosperous Australia – a truly 21st Century Australia – so that all Australians can get ahead in the global economy, live in a better country and have a better future.",NA,"410",NA
"With your support we will deliver a strong, prosperous economy",NA,"410",NA
"and a safe, secure Australia.",NA,"605",NA
"We will offer every Australian Hope, Reward and Opportunity.",NA,"000",NA
"We’ve been listening",NA,NA,NA
"Your opinion counts.",NA,NA,NA
"That’s why the Coalition Team has travelled all over Australia listening and talking with people about their lives, their jobs and their hopes for their children and our country.",NA,"000",NA
"Australians have told us of their growing concerns.",NA,NA,NA
"Concerns about increasing pressures on family budgets and the huge rise in the cost-of-living – especially rapidly rising electricity and gas prices.",NA,"603",NA
"Concerns about poor superannuation returns and being able to afford a secure retirement.",NA,"603",NA
"Concerns about leaving the next generation worse off and unfairly burdening their children’s and grandchildren’s future with higher taxes and debt.",NA,"414",NA
"Concerns about the lack of modern infrastructure and the bottlenecks on our gridlocked roads.",NA,"411",NA
"Concerns about job security, youth unemployment and the slowing economy.",NA,"410",NA
"Concerns about tax increases, government waste and government debt.",NA,"303",NA
"Concerns about increasing numbers of illegal boat arrivals and the huge blow-out in taxpayer costs.",NA,"406",NA
"We’ve been listening to small business",NA,NA,NA
"Small business people have told us of their growing concerns.",NA,"704",NA
"Concerns about the government not understanding the needs of small business and how the government is increasing the burdens on business.",NA,"704",NA
"Concerns about rapidly rising business costs and taxes – especially rising electricity and gas prices caused by the carbon tax.",NA,"704",NA
"Concerns about increasing levels of red tape and paperwork and increasing levels of bureaucratic over-regulation.",NA,"704",NA
"Concerns about workplace productivity problems.",NA,"704",NA
"Concerns about the economy and the impact of the high Australian dollar on their businesses.",NA,"704",NA
"Concerns about whether they can afford to hire people because of increasing union militancy and the growing uncertainty this creates for businesses.",NA,"704",NA
"We’ve been consulting with the experts",NA,NA,NA
"We have also been consulting widely with business and various experts about confronting the challenges facing Australia.",NA,"404",NA
"For example: the need to foster productivity, competitiveness and growth if we are to lift Australians’ living standards and what needs to be done to unleash Australia’s real economic potential, particularly in the context of the great transformation currently occurring in the Asian region.",NA,"410",NA
"We have taken all these ideas into account in developing our plan for Australia’s future.",NA,"404",NA
"It’s time to honestly face Australia’s challenges",NA,NA,NA
"Australia has come a long way but we must now honestly and seriously address the real challenges and issues confronting the nation particularly in this new debt challenged world.",NA,"000",NA
"We must be realistic and practical and we must adopt real solutions to these challenges.",NA,"000",NA
"For example:",NA,NA,NA
"we must start living within our means and start paying down government debt to protect ourselves against any future economic shocks and to avoid leaving a debt legacy to our children;",NA,"414",NA
"we must start addressing the unsustainable structural imbalances in our Budget and get the Budget back on track to strong and sustainable surpluses;",NA,"414",NA
"we must free Australia from the shackles and burdens holding us back and unleash Australia’s real economic potential so we can compete more effectively in Asia;",NA,"401",NA
"we must boost productivity growth to make Australia more competitive, productive and prosperous;",NA,"410",NA
"we must start building a more diverse, world-class economy–a 5-Pillar economy–that builds on our strengths as a nation and builds real prosperity for the future so that living standards improve, not fall, in the years ahead;",NA,"410",NA
"we must build more modern infrastructure suited to the21st Century;",NA,"411",NA
"we must work more cooperatively with the States to improve education and health services at the local level;",NA,"506",NA
"we must reduce cost-of-living pressures on families;",NA,"603",NA
"we must secure our borders–where the boats are stopped; and",NA,"406",NA
"we must rebuild our weakened defence force and we must make the nation stronger, not weaker.",NA,"104",NA
"This forthcoming election is the most important in decades",NA,NA,NA
"At this election the Australian people will face one of the most important elections in decades as they decide the future direction of the country.",NA,"000",NA
"Australians will decide which leader and party will put the national interest first;",NA,"000",NA
"provide strong, stable and accountable government;",NA,"305",NA
"deliver a strong, prosperous economy",NA,"410",NA
"and a safe, secure Australia for the uncertain times ahead.",NA,"601",NA
"Our plan addresses the main challenges facing Australia",NA,NA,NA
"This document, ‘Our Plan: Real Solutions for all Australians’ outlines the clear direction, values and policy priorities that will guide the next Coalition Government.",NA,"000",NA
"Our plan honestly confronts Australia’s real challenges with real solutions and outlines action to deliver a strong, prosperous economy and a safe, secure future for all of us",NA,"000",NA
"Building a stronger economy.",NA,NA,NA
"Our main goal is to secure Australia’s economic future",NA,"410",NA
"and to protect Australians from any future external economic shocks to avoid leaving our children worse off.",NA,"406",NA
"We have a detailed plan to build a world-class 5-Pillar economy that will deliver more jobs and generate the real wealth necessary to finance better government services for Australian families.",NA,"410",NA
"Charting a longer term course for Australia",NA,NA,NA
"The Coalition’s ambitious plan charts a longer term course for modernizing and transforming Australia’s economy to ensure it is more suited to the challenges of the 21st Century–by making Australia more competitive in the global economy,",NA,"410",NA
"by lowering taxes,",NA,"402",NA
"by boosting productivity growth,",NA,"410",NA
"by getting small businesses growing again and creating more jobs,",NA,"402",NA
"by modernizing our industries and workforce",NA,"411",NA
"and developing a more diverse world-class economy–which under a Coalition Government will deliver one million new jobs over the next five years and two million new jobs within the next decade.",NA,"410",NA
"Our aim is to deliver a better future for all Australians",NA,NA,NA
"Our aim is to build a stronger Australia –a truly 21st Century Australia –so that all Australians can get ahead in the global economy, live in a better country and have a better future.",NA,"410",NA
"Our aim is to deliver a strong and prosperous economy;",NA,"410",NA
"a safe and secure nation with secure borders and a strong defence force;",NA,"104",NA
"a decent and respectful society that gives a ‘fair go’ to all and encourages people to thrive and get ahead;",NA,"503",NA
"a country with a network of strong communities with more modern infrastructure;",NA,"411",NA
"a land with a cleaner environment and a more sustainable future;",NA,"501",NA
"a country with a culture of Hope, Reward and Opportunity;",NA,"601",NA
"and a country that is a more prosperous, safe and secure place to live.",NA,"601",NA
"Australians deserve to live in the best country in the world",NA,NA,NA
"Last but not least, the Coalition believes there are no limits to what this great country can achieve for its people.",NA,"601",NA
"We need to remove the shackles and burdens holding Australia back and to unleash Australia’s real potential.",NA,"601",NA
"It’s time to build a truly strong, productive and prosperous 21st Century Australia",NA,"601",NA
"After all, Australians deserve to live in the best country in the world with the best prospects for the future.",NA,"601",NA
"Australians deserve Hope, Reward and Opportunity.",NA,"601",NA
"Australians deserve a better future.",NA,"601",NA
"Australians deserve better government.",NA,"601",NA
"3 A time for a decision about the future",NA,NA,NA
"The key challenge facing Australia",NA,NA,NA
"To safeguard Australia’s economic future the key challenge facing Australia is to compete successfully in a more fiercely competitive world.",NA,"410",NA
"Undoubtedly, Australia’s underlying challenge is to strengthen its economy and make real improvements in productivity, competitiveness and growth to ensure Australia’s future prosperity.",NA,"410",NA
"Many businesses don’t need to be told by government that Asia offers opportunities because of a rapidly rising middle class.",NA,"410",NA
"But they do want government to help equip the economy for the competitive challenges ahead so that we can actually realise these opportunities.",NA,"410",NA
"Asia’s growth offers Australia tremendous potential to significantly increase our exports by utilising our competitive advantages as a nation – as long as we position ourselves so that we are ready to seize these opportunities and unleash Australia’s real economic potential.",NA,"410",NA
"For example, estimates suggest that Asian demand could almost double our net energy exports over the next 20 years.",NA,"410",NA
"And that comes on top of projections that the volume of our minerals exports could increase by 40 per cent to 60 per cent in the period to 2025.",NA,"410",NA
"In the education sector, we will expand our exports, particularly in the Asian region using a number of channels including online.",NA,"410",NA
"As ANZ chief executive Mike Smith1 has warned, Australia risks losing out on a $3 trillion economic opportunity in the Asian region if it does not urgently address productivity concerns.",NA,"410",NA
"Mr Smith said tax and labour reforms were critical and warned that incorrect policy settings risked Australia not being able to finance the $3 trillion that ANZ estimated Australia needs over the next 20 years to seize the resource and agricultural opportunities presented by the rising Asian middle class.",NA,"410",NA
"Tackling the real challenges here in Australia",NA,NA,NA
"The real challenges facing Australia range from the need for lower, simpler and fairer taxes, to improving productivity, to promote industries to take advantage of the opportunities ahead.",NA,"402",NA
"In summary:",NA,NA,NA
"we need to improve productivity, competitiveness and growth;",NA,"410",NA
"we need to reduce Australia’s sovereign risk profile and restore Australia’s competitive reputation overseas;",NA,"410",NA
"we need to address Australia’s growing workplace militancy, flexibility and productivity challenges;",NA,"702",NA
"we need to scrap unnecessary taxes like the carbon tax that reduce our comparative advantages;",NA,"402",NA
"we need to scrap a mining tax that discourages investment by imposing very high effective tax rates on risky projects, while collecting little revenue – particularly after reimbursing the States for their mining royalties;",NA,"402",NA
"we need to streamline environmental approvals – and stop the delays, complexities and uncertainties imposed by the Commonwealth and States;",NA,"402",NA
"we need to reduce the cost base of our mining projects so that Australian projects are favoured over other countries’ and our projects move further up the ladder on resource companies’ development plans;",NA,"406",NA
"we need to increase the flexibility of our economy to respond when economic shocks hit;",NA,"401",NA
"we need to address the infrastructure blockages holding us back; and",NA,"411",NA
"we need to support our small business sector.",NA,"402",NA
"The economic vitality of our country is being sapped because the small businesses of our country are being suffocated.",NA,"402",NA
"There are 11,000 fewer small businesses actually employing people now than there were in 2007.",NA,"402",NA
"Small business start-ups have dropped by a staggering 95 per cent.",NA,"402",NA
"The number going bankrupt has increased by 48 per cent.",NA,"402",NA
"Small business insolvencies instigated by the Australian Taxation Office are up 46 per cent on previous years.",NA,"402",NA
"Australia needs to restore responsible economic management",NA,NA,NA
"It is imperative that Australia restores responsible economic management, adopts a strong economic plan and changes the direction of its structural Budget as quickly as possible to get back on the path to building real prosperity, not false prosperity.",NA,"414",NA
"Unfortunately Labor has no economic plan – instead it thinks the answer to every problem is more spending and more taxes.",NA,"414",NA
"Australia has been living beyond its means, recklessly spending more than it earns",NA,"414",NA
"As a result we are now borrowing more and mortgaging our future, forcing our children to pay for the government’s debt of today.",NA,"414",NA
"Australia’s current structural Budget position is poor",NA,NA,NA
"Australia is now more vulnerable to economic shocks due to excessive deficits and debt spending.",NA,"414",NA
"There is no credible plan to repay debt – making Australia more vulnerable to another financial crisis.",NA,"414",NA
"Yet Labor is now creating expectations by promising new spending programmes that are not funded, making the structural Budget position even worse.",NA,"414",NA
"The Australian Financial Review has identified that under Labor, Australia now has a $120 billion Budget black hole of unfunded policy promises.",NA,"414",NA
"On the matter of the ongoing structural integrity of the Budget – Chris Richardson, one of Australia’s leading economic forecasters said: “The Budget remains in trouble”2",NA,"414",NA
"There have now been four years of back-to-back Budget deficits at record levels with another deficit in prospect.",NA,"414",NA
"Kevin Rudd and Julia Gillard have burned through almost $200 billion worth of excessive Commonwealth government spending.",NA,"414",NA
"Last year’s deficit was initially expected to be $12.3 billion but it turned out to be $43.4 billion – a $30+ billion blow-out!",NA,"414",NA
"Labor has not delivered on its financial promises and has never returned a Budget surplus, only excuses.",NA,"414",NA
"Labor is now raising taxes and using accounting tricks to manipulate Budget outcomes.",NA,"414",NA
"And it has still not tackled the problem of the structural position of the Budget.",NA,"414",NA
"Australia needs to develop a more productive economy",NA,NA,NA
"Spending policies are now overriding productivity enhancing policies.",NA,"410",NA
"Unfortunately, like Europe, under Labor Australia remains fixated on the spending side of the economy rather than on the productive side of the economy–the side that creates greater wealth and prosperity for the nation.",NA,"410",NA
"Since the global financial crisis, Labor has encouraged policies that are arguably the opposite of improving long-run sustainable growth in national output –the key determinants of which are saving and productivity improvements.",NA,"410",NA
"Productivity growth has fallen significantly",NA,NA,NA
"The Economist Intelligence Unit now ranks Australia as the second worst of 51 countries for productivity growth ahead only of Botswana.",NA,"410",NA
"The next wave of investment is now at risk",NA,NA,NA
"About $75 billion worth of resource projects have been cancelled in the past 12 months and a further $100 billion are at serious risk.",NA,"402",NA
"For example: BHP has deferred its massive Olympic Dam expansion in South Australia and in Western Australia, Fortescue and BHP have scaled back expansion plans and Japan’s Mitsubishi has shelved the$6 billion Oakajee development.",NA,"402",NA
"With commodity prices still high despite recent falls, this raises serious questions:",NA,NA,NA
"about the imposition of new taxes like the mining tax and carbon tax –particularly when we are the only country with a resource based economy to impose an economy-wide carbon tax;",NA,"402",NA
"about Australia’s sovereign risk profile which has dramatically increased with the introduction of these new taxes;",NA,"402",NA
"about Australia’s poor recent levels of productivity performance and the need to make Australia more competitive and productive;",NA,"410",NA
"about growing union militancy in work places; and",NA,"702",NA
"about Australia’s high project development costs now affecting investment decisions",NA,"402",NA
"GDP is growing too slowly",NA,NA,NA
"Australia’s GDP per head has grown by only just over 0.5 per cent per year under Labor compared to well over 2 per cent a year under the Coalition.",NA,"410",NA
"The economy is now slowing with the Reserve Bank cutting its economic growth forecasts and warning the resources boom is losing steam faster than expected.",NA,"410",NA
"As UBS economist Scott Haslem said: “While the RBA sounds less certain on domestic growth…they now appear even more worried about domestic inflation and productivity.”",NA,"410",NA
"Monetary policy is now being used to try and catch a falling economy.",NA,"410",NA
"“We Australians are a great people with a great destiny.”",NA,"601",NA
"Over-regulation is strangling our businesses and driving up costs",NA,NA,NA
"An Australian Chamber of Commerce and industry survey showed that 73 per cent of businesses report greater increases in regulation over the past two years and 60 per cent of businesses spend over $5,000 a year just meeting regulatory requirements.",NA,"303",NA
"Inflexible work practices are holding our industries back",NA,NA,NA
"The Australian Industry Group warns there are too many unnecessary barriers on productivity and flexibility that will lead to more business closures and jobs going overseas.",NA,"702",NA
"They say it’s not about slashing wages, working conditions or living standards, but they fear the nation is going “the wrong way down a one-way street.”",NA,"702",NA
"Australia’s pace of jobs growth has been 30 percent lower under Labor",NA,NA,NA
"Under Labor, the pace of jobs growth has averaged 1.5 per cent a year compared with 2.2 per cent under the Coalition –a 30 per cent slower pace of jobs growth.",NA,"410",NA
"And less than half of the new jobs under Labor have been private sector jobs compared with over 70 per cent under the Howard Government.",NA,"410",NA
"Jobs growth over the past two years has slowed to its weakest pace in 15 years.",NA,"410",NA
"And Australia’s work force participation rate has dropped.",NA,"410",NA
"Without a strong, g rowing economy, other challenges can’t be properly addressed",NA,NA,NA
"Without a strong, prosperous economy the nation won’t have the financial means to address all the other challenges facing Australia,",NA,"410",NA
"like the need for more modern infrastructure,",NA,"411",NA
"better services like health and education",NA,"504",NA
"and the National Disability Insurance Scheme (NDIS)",NA,"504",NA
"as well as the need to restore defence funding.",NA,"104",NA
"That’s why a strong, prosperous economy is central to everything.",NA,"410",NA
"Australians are being let down by a bad government",NA,NA,NA
"Australians know that this is a great country let down by a bad government interested only in its own survival–with no economic plan for Australia other than to run deficits and spend more money.",NA,"305",NA
"4 Delivering a strong, prosperous economy",NA,NA,NA
"The importance of a responsible economic strategy",NA,NA,NA
"We have an economic plan for Australia – a plan to deliver a strong, prosperous economy based on the fundamental truth that the best long-term economic strategy for Australia is to get our finances in order,",NA,"414",NA
"build a strong growth-powered economy with less debt",NA,"410",NA
"and make Australia more productive and competitive in the global economy.",NA,"410",NA
"Our plan will deliver more jobs, higher real wages and better living standards for all Australians",NA,"414",NA
"The elements of our economic plan",NA,NA,NA
"We will live within our means, get the Budget back under control and pay back debt",NA,"414",NA
"We will lower taxes to stimulate stronger economic growth and unleash our real economic potential.",NA,"402",NA
"We will boost productivity to secure greater prosperity",NA,"410",NA
"and build more 21st Century infrastructure.",NA,"411",NA
"We will deepen our engagement with Asia and deliver more growth from Asia.",NA,"101",NA
"We will help small business create stronger jobs growth.",NA,"402",NA
"We will build a more diverse, world-class 5-Pillar economy that unleashes Australia’s potential.",NA,"410",NA
"Building a strong, productive and prosperous economy with less debt benefits everyone",NA,NA,NA
"We believe a strong, productive and prosperous economy,",NA,"410",NA
"ideally free from the burdens of debt, is the basis for realising all our other goals for Australia.",NA,"414",NA
"In fact, it provides the financial means to enable us to help those in need, particularly the disadvantaged.",NA,"504",NA
"A prosperous economy with less debt is the essential ingredient that allows us all to secure the aspirations we have for ourselves, our families and our country.",NA,"414",NA
"“The best way to restore politicians’ standing is to have governments which meddle less and lead more.”",NA,"401",NA
"5 Living within our means and getting the Budget back under control",NA,NA,NA
"POLICY PRIORITY",NA,NA,NA
"We will get the Budget back under control, cut waste and start reducing debt – to take unnecessary pressure off interest rates; and to protect the Australian economy from another financial crisis.",NA,"414",NA
"Protecting Australia from a debt crisis – paying down debt",NA,NA,NA
"We have an economic plan for Australia – a plan to live within our means and get the Budget back under control.",NA,"414",NA
"With Australia’s net debt over $160 billion, Australia is more vulnerable to an economic shock and has less protection in the event of a financial crisis.",NA,"414",NA
"This is why we are so determined to get the Budget back under control and get back on the path to real prosperity.",NA,"414",NA
"Sound budget management means a sustainable surplus over the medium-term because governments have to live within their means if we wish to leave the next generation better off, not worse off.",NA,"414",NA
"We will manage the economy and Budget responsibly to ensure our children are not burdened by unfairly high taxes and left with an unfair debt legacy.",NA,"414",NA
"The Coalition will protect the Australian economy from economic shocks and create the conditions which keep interest rates as low as possible and reduce debt interest payments, which are now costing the Australian public over $7 billion a year.",NA,"414",NA
"By repaying debt, this annual $7 billion of debt interest payments could instead be better spent on better services such as health and education and for tax relief.",NA,"414",NA
"Getting the Budget back under control",NA,NA,NA
"We will:",NA,NA,NA
"get the Budget back under control, start delivering real Budget surpluses, pay down debt and take pressure off the high Australian dollar;",NA,"414",NA
"immediately establish a Commission of Audit to identify savings and efficiencies in all areas of government,",NA,"303",NA
"so we can reduce government debt and start delivering better value for money and sustainable Budget surpluses into the future;",NA,"414",NA
"end government waste and ensure better value-for-money in government programmes so that Australia no longer needs to keep borrowing money to prop up its Budget; and",NA,"303",NA
"start reducing government debt so the government won’t need to spend $7 billion a year on wasted interest payments.",NA,"414",NA
"Living within our means on a sustainable basis",NA,NA,NA
"We will restore prudent financial management and live within our means on a sustainable, longer-term basis to restore structural integrity to the Budget.",NA,"414",NA
"We will:",NA,NA,NA
"act in a responsible way to protect Australian families and deliver better frontline services",NA,"504",NA
"whilst repairing Australia’s Budget and putting it on a sustainable, longer-term footing;",NA,"414",NA
"get spending down by fixing the overlap between different levels of government and by reducing the size of the bloated Commonwealth payroll, with a focus on natural attrition, to bring it closer to its size at the close of the Howard Government; and",NA,"303",NA
"deliver a more effective and responsive public service focused on your needs.",NA,"414",NA
"6 Lowering taxes to unleash our real economic potential",NA,NA,NA
"Delivering lower taxes and growing a stronger economy",NA,NA,NA
"We have an economic plan for Australia – a plan to lower taxes to stimulate stronger economic growth and make Australia more competitive in the global economy.",NA,"402",NA
"We will abolish unnecessary taxes to unleash Australia’s real economic potential and to encourage businesses to invest and grow and create more jobs.",NA,"402",NA
"Personal income tax cut – without the carbon tax",NA,NA,NA
"We will fund personal income tax cuts for individuals and families – without a carbon tax.",NA,"402",NA
"We pledge to the families of Australia that we will never make your lives harder by imposing needless new taxes and we will free Australians from the burdens of the carbon tax.",NA,"402",NA
"Cutting company tax – without the mining tax",NA,NA,NA
"We will deliver a modest cut in company tax – funded from savings in the Budget.",NA,"402",NA
"Scrapping the carbon tax – reducing cost-of-living pressures",NA,NA,NA
"We will immediately introduce legislation to scrap the world’s biggest carbon tax and start reducing cost of living pressures for all Australians caused by rapidly rising electricity and gas prices.",NA,"402",NA
"By repealing the world’s biggest carbon tax we will secure a bigger economy – an extra $1 trillion of lost output cumulatively by 2050 on Labor’s own figures, or the equivalent of shutting down the whole Australian economy for almost a year.",NA,"402",NA
"This will secure more Australian jobs, boost Australia’s exports and make Australia’s businesses more competitive and productive.",NA,"402",NA
"No other energy-rich country has introduced an economy wide carbon tax.",NA,"402",NA
"The world’s biggest carbon tax damages the Australian economy, drives up prices unnecessarily, hits the cost-of-living of families, hurts small businesses and makes all Australian businesses less competitive in both domestic and international markets.",NA,"402",NA
"We will take direct action to reduce carbon emissions.",NA,"501",NA
"Through the Coalition’s Direct Action Plan we will deliver on our commitment to a five per cent reduction in carbon emissions by 2020.",NA,"501",NA
"We will reduce emissions inside Australia, not by paying billions of dollars to foreign carbon traders.",NA,"501",NA
"We will act immediately to abolish the carbon tax.",NA,"402",NA
"On day one of a new government– we will instruct the Department of Prime Minister and Cabinet to draft legislation to repeal the carbon tax.",NA,"402",NA
"The Finance Minister will notify the Clean Energy Finance Corporation that it should suspend its operations and instruct the Department of Finance to draft legislation to permanently shut down the$10 billion fund.",NA,"501",NA
"The Environment Minister will instruct the department to start implementing the Coalition’s Direct Action Plan on climate change and carbon emissions.",NA,"501",NA
"Legislation to repeal the carbon tax will be the first piece of legislation the Coalition will introduce.",NA,"402",NA
"“No country has ever taxed itself into prosperity.”",NA,"402",NA
"Abolishing the mining tax – growing a stronger economy",NA,NA,NA
"We will abolish the mining tax and restore Australia’s international reputation as a safe and reliable place to invest, making Australia more competitive in the global economy.",NA,"402",NA
"• We are determined to attract more investment in Australia’s mining sector, encourage the development of the world’s best mining industry and harness the comparative advantages we have as one of the world’s great mining and energy rich resource countries.",NA,"402",NA
"The mining tax damages Australia’s international reputation overseas, increases our sovereign risk profile, damages investor confidence and deters investment in Australia in favour of other countries.",NA,"402",NA
"The compliance costs of the mining tax push up costs for our mining companies making them less productive and less competitive.",NA,"402",NA
"As a result, Australia is becoming less competitive in the global economy and is heading in the wrong direction.",NA,"402",NA
"The Coalition is determined to deliver a more positive environment for mining.",NA,"402",NA
"By abolishing the mining tax, we will re-energise the entire industry and this will lead to increased mining investment with more mining projects coming on stream.",NA,"402",NA
"This will lead to an eventual boost in Australia’s exports, strengthening the economy and creating more Australian jobs over the medium-longer term.",NA,"402",NA
"The Australian people will benefit significantly from a bigger and stronger mining industry that pays more taxes and invests in more mining projects in Australia, rather than overseas.",NA,"402",NA
"Welcoming investment",NA,NA,NA
"By lowering taxes and reducing Australia’s sovereign risk profile we will declare to the world that Australia is ‘open-for-business’ again and that will lift confidence and investment in our industries.",NA,"402",NA
"7 Boosting productivity and securing greater prosperity",NA,NA,NA
"Securing the future prosperity of our country",NA,NA,NA
"We have an economic plan for Australia – a plan to boost productivity to make Australia more competitive in the global economy and to lift Australians’ standard of living.",NA,"410",NA
"In a competitive world economy, standing still is not an option.",NA,"410",NA
"That’s why we must immediately take the decisions necessary to boost productivity growth and encourage world’s best practice to modernise and transform Australia’s businesses and industries for the 21st Century.",NA,"402",NA
"Our Better Productivity Plan",NA,NA,NA
"Everything in our Better Productivity Plan is designed to make Australia more productive and to make our economy more competitive, because that is the key to building a better future with better prospects for all Australians.",NA,"402",NA
"We will implement our Better Productivity Plan and deliver higher productivity growth by:",NA,"402",NA
"encouraging more people into the workforce to be productive contributors in the nation’s life and to help make Australia a more successful country;",NA,"402",NA
"making public institutions more cost effective and responsive so they too can contribute to making Australia more productive and successful;",NA,"303",NA
"cutting government red and green tape so businesses can become more productive and devote their energies towards business and jobs growth;",NA,"303",NA
"improving competition rules so competitive forces drive productivity growth;",NA,"403",NA
"getting greater value from infrastructure spending so every dollar of spending becomes more productive and the infrastructure contributes to real economic growth; and",NA,"303",NA
"rebalancing workplace relations to reduce union militancy in workplaces",NA,"702",NA
"and to encourage higher pay for better work.",NA,"410",NA
"Productivity Priorities Working Group",NA,NA,NA
"We have established a Productivity Priorities Working Group to consult with business and community stakeholders on the implementation of our Better Productivity Plan – so that it can be implemented from day one and a new government can ‘hit the ground running’.",NA,"410",NA
"Improving productivity – by boosting workforce participation",NA,NA,NA
"We will deliver higher productivity growth by boosting workforce participation.",NA,"701",NA
"We will encourage every Australian to be a productive contributor in the nation’s life and give every Australian the opportunity to get ahead and build a better life for themselves and their families.",NA,"503",NA
"We will provide incentives for employers to employ young people and seniors and take them off welfare.",NA,"706",NA
"We will ensure that people of working age are actually working, preferably for a wage – but if not, for the dole – by reinvigorating the work-for-the-dole programme that was one of the great successes of the previous Coalition Government.",NA,"505",NA
"We will introduce a genuine Paid Parental Leave Scheme and help ensure that childcare is more accessible, affordable and flexible – ensuring all families have more choice",NA,"504",NA
"The Coalition’s Paid Parental Leave scheme is based on a mother’s real wage, rather than a minimum wage.",NA,"504",NA
"According to the Productivity Commission’s report into parental leave, Australia is one of only two countries where parental leave isn’t based on the mother’s actual wage",NA,"504",NA
"We will introduce a new Job Commitment Bonus for long-term employees who get a job and remain off welfare for 12 months and a further bonus if they remain off welfare for 24 months.",NA,"505",NA
"We will introduce a new Jobseeker Relocation Bonus for young job seekers who move to take a job.",NA,"706",NA
"We will provide better structured incentives for employers to employ people over 50 years of age.",NA,"706",NA
"We will make work-for-the-dole mandatory for all long-term unemployed welfare beneficiaries under 50 years of age and tighten work-for-the-dole requirements.",NA,"505",NA
"We will start suspending dole payments for people under 30 years of age in areas where unskilled work is readily available.",NA,"505",NA
"We will adopt a smarter approach to the disability pension that distinguishes between disabilities that are likely to be permanent and those that are not, which will help to prevent older unemployed people being parked on welfare.",NA,"505",NA
"We will support the Australian Employment Covenant and its many supporting employers to create more opportunities for indigenous Australians to get ahead by actively engaging more indigenous Australians in real jobs.",NA,"705",NA
"Improving productivity – by improving government services",NA,NA,NA
"We will deliver higher productivity growth by making public institutions more cost effective and responsive, so they too can contribute to making Australia more productive and successful.",NA,"303",NA
"• We will make our hospitals and schools more responsive to community needs and more efficient.",NA,"504",NA
"Community controlled public hospitals and independent public schools where individuals have a stake in the institution and a say at the board table, with a focus on improvement and delivering better results, lead to greater productivity.",NA,"504",NA
"If the public schools and public hospitals that comprise more than 5 per cent of our total economy are more responsive and efficient, productivity will improve.",NA,"504",NA
"“We need governments which believe in Australia and Australians.”",NA,"601",NA
"Improving productivity – by cutting government red and green tape",NA,NA,NA
"We will deliver higher productivity growth by cutting government red and green tape – so businesses can become more productive and devote their energies towards business and jobs growth.",NA,"303",NA
"Productivity will go up when people running businesses have more time for innovation, customer sales and actually running their businesses because they will spend less time and money on unnecessary paper work with no real benefit.",NA,"303",NA
"We will cut government red tape costs on businesses and community groups by $1 billion a year.",NA,"303",NA
"We will deliver a State-based one-stop shop for environmental approvals to streamline the environmental approval process, reduce costs for business and boost productivity while retaining current high environmental standards.",NA,"303",NA
"We will give every significant Commonwealth government agency/department an annual target for red tape cost reductions and public service bonuses will depend upon those targets being met.",NA,"303",NA
"Where possible we will replace burdensome regulatory reporting requirements with independent audits backed by penalties for organisations that fail to comply with set standards.",NA,"303",NA
"Every Cabinet submission will once more contain a regulation impact statement that will quantify the compliance costs imposed and matching compliance cost cuts.",NA,"303",NA
"Every year, there will be a Deregulation Report tabled in the parliament and two sitting days will be dedicated to the repeal of redundant legislation and review of regulations.",NA,"303",NA
"Responsibility for deregulation will be assumed by the Department of Prime Minister and Cabinet so that deregulation and productivity will have a whole-of-government focus.",NA,"303",NA
"Improving productivity – by improving competition policy",NA,NA,NA
"We will improve competition rules so competitive forces drive productivity growth.",NA,"403",NA
"We will review competition policy and deliver more competitive markets because there will be, for the first time in two decades, a root and branch review of competition laws.",NA,"403",NA
"We will ensure that big and small businesses get a ‘fair-go’ and do the right thing by each other in their respective marketplaces.",NA,"403",NA
"If they are competing on a genuinely level playing field where the most cost-effective products dominate markets regardless of who supplies them, our productivity will go up and consumers will see real and lasting benefits.",NA,"403",NA
"Improving productivity – by building more modern infrastructure",NA,NA,NA
"We will get on with the job of building the modern infrastructure required to unclog our congested roads and highways to improve the productive use of the nation’s time – millions of hours of wasted time can be converted into more productive economic activities, helping to grow a stronger economy.",NA,"411",NA
"If workers spend less time in traffic jams they will have more time at work and more time with their families.",NA,"411",NA
"Improving productivity – by reducing union militancy in workplaces",NA,NA,NA
"We will deliver higher productivity growth by rebalancing workplace relations to reduce union militancy and to encourage higher pay for better work.",NA,"702",NA
"If there are fewer strikes and if unions are better governed, our economy will become more productive and competitive.",NA,"702",NA
"We will fully restore the Australian Building and Construction Commission (ABCC) so that there will be less union militancy.",NA,"702",NA
"This will help keep business costs down and improve productivity.",NA,"702",NA
"We will work within the existing framework and with the independent umpire Fair Work Australia and the Fair Work Ombudsman to restore the balance in workplaces.",NA,"702",NA
"We will establish a Registered Organisations Commission to overcome the inadequacies revealed by Fair Work Australia’s investigation into the Health Services Union.",NA,"702",NA
"We will amend laws so that registered organisations and their officials have to play by similar rules, to make similar disclosures and be subject to similar penalties as companies and their directors.",NA,"702",NA
"8 Delivering more growth from Asia",NA,NA,NA
"Focusing on opportunities in the Asian region",NA,NA,NA
"We have an economic plan for Australia – a plan to deliver more growth from Asia",NA,"101",NA
"We will position Australia to seize the opportunities in the Asian region by strengthening our trading relationships, welcoming investment, boosting our exports and deepening Australia’s knowledge of and engagement with countries in Asia.",NA,"101",NA
"We will modernise and transform our economy and make Australia more productive and competitive.",NA,"101",NA
"We will develop stronger people-to-people relationships and foster the mind-set and skills-set needed to make the most of Asia’s ongoing economic transformation.",NA,"101",NA
"We recognise the rapid emergence not only of China, but also India and Indonesia – and the opportunities this will afford Australia in the years ahead.",NA,"101",NA
"Delivering new regional Free Trade Agreements",NA,NA,NA
"We will take real action to increase economic activity, strengthen our trading relationships and grow a stronger economy by fast tracking Free Trade Agreements (FTAs) with China, Indonesia, Japan and India amongst others.",NA,"101",NA
"Building more opportunities for Australia’s exporters",NA,NA,NA
"By focusing on opportunities in the Asian region and building a strong diverse 5-Pillar economy we will boost our export of goods and services– particularly by building on our strengths in Manufacturing Innovation, Agriculture Exports, Advanced Services, world-class Education and Research, as well as Mining Exports.",NA,"101",NA
"We will strengthen our diplomatic relationship and trade ties with India",NA,"101",NA
"and boost mining exports by exporting uranium to India.",NA,"410",NA
"Developing our Asia-capability",NA,NA,NA
"We will develop more Asia-capable talent and help Australians gain study and work experience, form relationships, learn to adapt behaviour to Asian Contexts and learn to work more effectively with Asian governments.",NA,"101",NA
"We will develop Australia’s ‘Asia literacy’ beyond language skills.",NA,"101",NA
"We will develop strong people-to-people relationships",NA,"101",NA
"Our intention is to develop a ‘deep knowledge’ of Asia and to broaden and deepen our engagement and relationships in the region.",NA,"101",NA
"Establishing a new two-way ‘Colombo Plan’.",NA,NA,NA
"Within two years we will build a better and stronger network of cultural and trade relationships in our region by establishing a new two-way ‘Colombo Plan’ that doesn’t just bring the best and brightest talent from the region to learn in Australia but more importantly takes Australia’s best and brightest talent to learn more about the countries in our region.",NA,"101",NA
"We will achieve better engagement with Asia through this new two-way ‘Colombo Plan’ which sends our future leaders to Asian universities as well as bringing their future leaders here through a scholarship programme.",NA,"101",NA
"By fostering these relationships we will develop the important people to-people links and the leadership relationships of the future as was previously done under Sir Robert Menzies’ ‘Colombo Plan’.",NA,"101",NA
"Ensuring high school students learn an Asian language",NA,NA,NA
"We will aim to have 40 per cent of high school students studying a foreign language, preferably an Asian language, in year 12, to ensure the youth of Australia become more ‘Asia-capable’ and are better equipped in the future to engage with our trading partners in our region and in the global economy.",NA,"101",NA
"“The next Coalition Government will fight the tyranny of low expectations.”",NA,"506",NA
"9 Helping small business create stronger jobs growth",NA,NA,NA
"POLICY PRIORITY",NA,NA,NA
"We will get small businesses growing and creating more jobs – by reducing business costs, cutting taxes, cutting red tape costs by $1 billion a year and delivering on our Better Productivity Plan.",NA,"402",NA
"Helping small business",NA,NA,NA
"We have an economic plan for Australia – a plan to help small businesses grow and create stronger jobs growth.",NA,"402",NA
"Employing almost half of the workforce in Australia, small businesses are the real “job creators” in the economy.",NA,"402",NA
"By unshackling the small business sector we will unleash the potential of small businesses to grow and create more jobs.",NA,"402",NA
"Lowering taxes and reducing business costs",NA,NA,NA
"We will reduce costs for every business by cutting taxes: by abolishing the carbon tax and cutting company tax.",NA,"402",NA
"We will stop small businesses paying 10 per cent more for their electricity and 9 per cent more for their gas bills and paying more for everything else they need by abolishing the carbon tax.",NA,"402",NA
"We will deliver a modest company tax cut, funded from savings in the Budget.",NA,"402",NA
"Cutting red and green tape – removing the burdens on small business",NA,NA,NA
"We will cut government red and green tape and reduce the regulatory burdens that small businesses face – so businesses can become more productive and devote their energies towards business and jobs growth.",NA,"303",NA
"We will get businesses growing by cutting red tape costs to business by $1 billion each year.",NA,"303",NA
"We will streamline environmental approvals through a State-based one-stop shop environmental approval process.",NA,"303",NA
"This will save time and money, cut down on paperwork and boost productivity",NA,"303",NA
"We will require Parliament to spend two days a year removing legislation and regulations to help ease the burden on small businesses.",NA,"303",NA
"We will allow small business to send one payment directly to the Australian Taxation Office for superannuation and then the Australian Taxation Office will do the rest, if that’s what small business would prefer.",NA,"303",NA
"We will give employers the option of ‘opting in’ to managing the administration of Paid Parental Leave to their employees.",NA,"303",NA
"If they choose not to be the government’s paymaster, payments will be made directly to the employee.",NA,"303",NA
"This will relieve small businesses of their role as paymaster of the government’s inadequate Paid Parental Leave scheme.",NA,"303",NA
"We will have a genuine Paid Parental Leave scheme and we won’t force small business to do the paperwork for it.",NA,"303",NA
"Our scheme will benefit small business because it will make it easier for them to retain capable female staff.",NA,"303",NA
"Doubling the annual rate of small business growth",NA,NA,NA
"We will double the current annual rate of growth of small businesses because we understand that small businesses are the real ‘job creators’ in our economy.",NA,"402",NA
"We will achieve an annual growth rate in the numbers of small businesses of 1.5 per cent – the same rate the Howard Government was achieving.",NA,"402",NA
"We will then be adding more than 30,000 new small businesses each year",NA,"402",NA
"That’s double the rate achieved under the current government.",NA,"402",NA
"We want small businesses providing more than half the jobs in the private sector because that is where people get a start in life, that is where entrepreneurship is fostered and innovation happens.",NA,"402",NA
"This is an important part of building a more productive nation and is at the heart of building our economy.",NA,"402",NA
"Reviewing competition laws and policy",NA,NA,NA
"We will conduct, for the first time in two decades, a root and branch review of competition laws and policy and deliver more competitive markets.",NA,"403",NA
"Extending unfair contract protection to small business",NA,NA,NA
"We will extend unfair contract protection currently available to consumers, to small businesses.",NA,"402",NA
"We will ensure that big and small businesses get a ‘fair-go’ and do the right thing by each other in their respective marketplaces, delivering real and lasting benefits to consumers.",NA,"402",NA
"10 Building a 5-Pillar economy and unleashing Australia’s potential",NA,NA,NA
"POLICY PRIORITY",NA,NA,NA
"We will create stronger jobs growth by building a diverse, world-class 5-Pillar economy – by building on our strengths in Manufacturing Innovation, Advanced Services, Agriculture Exports, world-class Education and Research, as well as boosting Mining Exports",NA,"410",NA
"Building a diverse 5-Pillar economy.",NA,NA,NA
"To guard against having all our eggs in the one basket of mining, we will build a more diverse, world-class economy – a 5-Pillar economy – to unleash Australia’s real economic potential.",NA,"410",NA
"We will build on our strengths in Manufacturing Innovation, Agriculture Exports, Advanced Services, world-class Education and Research, as well as boosting our Mining Exports, to make the most of our comparative advantages in international markets.",NA,"410",NA
"Delivering stronger jobs growth",NA,NA,NA
"By developing a world-class 5-Pillar economy we will deliver one million new jobs over the next five years and two million new jobs over the next decade as we modernise and transform all sectors of our economy.",NA,"410",NA
"Prime Minister’s Business Advisory Council",NA,NA,NA
"We will establish a new Prime Minister’s Business Advisory Council to advise the Executive Government on developing the economy.",NA,"404",NA
"The Business Advisory Council will be chaired by leading Australian business leader Mr Maurice Newman AC and meet three times a year.",NA,"404",NA
"It will include, amongst others, representatives from the Manufacturing, Agricultural, Services, Education and Resources sectors of the economy.",NA,"404",NA
"Building on our strengths in Manufacturing Innovation",NA,NA,NA
"We will unleash the real economic potential in our manufacturing industry by removing the shackles and burdens holding the industry back and by making the industry more productive and competitive.",NA,"401",NA
"We will:",NA,NA,NA
"repeal the world’s biggest carbon tax which makes Australian businesses, particularly manufacturing, less competitive in domestic and international markets;",NA,"402",NA
"cut red tape costs by $1 billion a year;",NA,"303",NA
"get business costs down and get productivity up by ensuring Australian businesses have the right incentives to invest in Research and Development;",NA,"402",NA
"create the environment to revitalise Australian industry’s international competitiveness;",NA,"402",NA
"we will provide better links between government, business and research institutions;",NA,"303",NA
"act immediately to deliver a level playing field for Australia’s manufacturing businesses with more effective anti-dumping measures.",NA,"406",NA
"We will crackdown on overseas producers who don’t cooperate with anti-dumping investigations.",NA,"406",NA
"We will strengthen enforcement of the provisions of the World Trade Organisation Agreement on subsidies and countervailing measures.",NA,"406",NA
"We will transfer anti-dumping responsibilities from Customs to the Department of Industry; and",NA,"406",NA
"build on our comparative strength in Manufacturing Innovation.",NA,"402",NA
"Building on our strengths in Agriculture Exports",NA,NA,NA
"We will unleash the real economic potential in our agricultural industry by removing the shackles and burdens holding the industry back and by making the industry more productive and globally competitive.",NA,"703",NA
"We will:",NA,NA,NA
"build on our comparative strength in food production and better manage our precious water resources to help our agriculture sector become the ‘Food Bowl of Asia’ and achieve ‘food security’ in a world demanding more of our food resources;",NA,"703",NA
"support our fishing industry and review the declaration of new Marine Protected Areas.",NA,"703",NA
"We will establish genuine consultation with the fishing industry on research and strengthen the connection between science and fishing policy; and",NA,"703",NA
"provide policy stability and certainty to our live exports trade avoiding damaging backflips like Labor’s overnight decision to suspend live cattle trade with Indonesia.",NA,"703",NA
"Building on our strengths in Advanced Services",NA,NA,NA
"We will unleash the real economic potential in our service industries by making the industry more productive and globally competitive.",NA,"703",NA
"We will deliver broadband faster, sooner and at less expense to taxpayers and consumers than Labor’s National Broadband Network.",NA,"703",NA
"We will:",NA,NA,NA
"cut red tapecostsby$1 billion per year;",NA,"703",NA
"build on our comparative strength in Advanced Services to boost our exports to Asia",NA,"703",NA
"We will seize the enormous opportunities for this highly diversified sector, particularly in relation to financial services, health services, engineering and architectural services;",NA,"703",NA
"encourage modernisation and the development of Advanced Services and support the use of new technologies, particularly digital and IT;",NA,"703",NA
"expand our skills into the Asian region; and",NA,"703",NA
"give priority to the recommendations of the Johnson Report into Australia as a Financial Centre to further grow our financial services industry’s ability to export its world-class expertise to Asia and beyond.",NA,"703",NA
"Building a world-class Education and Research sector",NA,NA,NA
"We will unleash the real economic potential in our Education and Research sector by removing the shackles and burdens holding the industry back and by making the industry more productive and globally competitive.",NA,"411",NA
"We will:",NA,NA,NA
"encourage modernisation and the development of world-class Education and Research capabilities and support the use of new technologies, particularly digital and IT; //|and",NA,"411",NA
"expand our education export sector, particularly in the Asian region using a number of channels including online.",NA,"411",NA
"Building a world-class Mining, Energy and Resources sector",NA,NA,NA
"We will unleash the real economic potential in our mining industry by removing the shackles and burdens holding the industry back and by making the industry more productive and globally competitive.",NA,"401",NA
"We will:",NA,NA,NA
"build on our strength as one of the world’s rich resource-based economies;",NA,"410",NA
"re-energise our mining comoanies by abolishing Labor’s carbon and mining taxes",NA,"402",NA
"establish a one-stop shop for environmental approvals and speed up the time for bringing projects on-stream; and",NA,"303",NA
"declare Australia ‘open for business’ and restore Australia’s international reputation as a safe place to invest.",NA,"402",NA
"“The sum of human happiness is most likely to be maximised when government knows its limits.”",NA,"303",NA
"“Government should be at least as interested in the creation of wealth as in its redistribution.”",NA,"303",NA
"11 Delivering modern infrastructure and building a 21st Century Australia",NA,NA,NA
"Building the modern infrastructure Australia needs",NA,NA,NA
"We have an economic plan for Australia – a plan to build more modern infrastructure to boost productivity.",NA,"411",NA
"We will deliver the modern infrastructure that a first world 21st Century country deserves.",NA,"411",NA
"You will see cranes over our cities as we get on with the job of building more modern infrastructure, with a special emphasis on reducing the bottlenecks on our gridlocked roads and highways.",NA,"411",NA
"Big new projects will be underway within 12 months of a change of government.",NA,"411",NA
"Our big cities are as vital to our economy as our vast resource developments and can be properly considered a critical part of our national economic infrastructure.",NA,"411",NA
"They are key to the development of a more productive and prosperous Australia.",NA,"411",NA
"Delivering a 15-year rolling plan for national infrastructure projects",NA,NA,NA
"We will develop a rolling 15-year infrastructure plan of national projects and work closely with Infrastructure Australia in establishing project priorities and delivery timetables.",NA,"411",NA
"This will be a Commonwealth and State government plan and will be revised every five years.",NA,"411",NA
"Empowering Infrastructure Australia to deliver better value from infrastructure spending",NA,NA,NA
"We will deliver better value from infrastructure spending by working in close collaboration with Infrastructure Australia.",NA,"411",NA
"Infrastructure projects are very expensive and taxpayers must be guaranteed that their money is spent in the most cost effective manner possible so that we end up with more productive infrastructure, rather than just wasted money.",NA,"303",NA
"We will strengthen the role of Infrastructure Australia, improve its governance and make it more transparent and accountable, as well as a more effective adviser.",NA,"411",NA
"We will require all Commonwealth-funded projects worth more than $100 million to undergo a cost-benefit analysis by Infrastructure Australia to ensure the best use of available taxpayer monies.",NA,"303",NA
"We will require Infrastructure Australia to publish justifications for all its project recommendations.",NA,"303",NA
"We will prioritise projects based on a proper cost-benefit analysis.",NA,"303",NA
"Within 12 months of election we will announce infrastructure priorities and construction timetables in consultation with the States.",NA,"303",NA
"Encouraging more private investment in infrastructure projects",NA,NA,NA
"We will investigate ways to get more private funding into high priority infrastructure projects to enable us to do more to modernise Australia.",NA,"411",NA
"We will ask the Office of Financial Management to examine an Infrastructure Partnership Bonds Scheme to encourage billions of dollars of additional private investment in infrastructure projects, so that we can get more things done.",NA,"411",NA
"POLICY PRIORITY",NA,NA,NA
"We will build more modern infrastructure to get things moving – with a special emphasis on reducing the bottlenecks on our gridlocked roads and highways.",NA,"411",NA
"Delivering major roads and highways to get things moving",NA,NA,NA
"We will work with the States and the private sector to accelerate the delivery of a major roads and highways programme that reduces bottlenecks – to improve productivity and safety for all road users.",NA,"411",NA
"We will contribute $1.5 billion to get the M4 East (WestConnex Project) underway in Sydney to complete the east-west corridor.",NA,"411",NA
"We will contribute $1.5 billion to get the East-West Link road tunnel underway in Melbourne to link the Eastern Freeway and Western Ring Road and we will further improve the Geelong Princes Highway.",NA,"411",NA
"We will contribute $1 billion towards the upgrade of the Gateway Motorway in Brisbane and we will develop the Toowoomba Range crossing.",NA,"411",NA
"We will contribute $400 million and get the duplication of the Midland Highway between Hobart and Launceston done in Tasmania.",NA,"411",NA
"We will contribute $5.6 billion to complete the duplication of the Pacific Highway from Newcastle to the Queensland border.",NA,"411",NA
"We are committed to the Perth Gateway project and will make further road infrastructure commitments in South Australia before the next election.",NA,"411",NA
"Delivering more affordable broadband – rolling it out faster",NA,NA,NA
"The Coalition will deliver high speed broadband that is both affordable for families and businesses and cost effective for taxpayers.",NA,"411",NA
"We will for the first time do a fully transparent cost-benefit analysis of the National Broadband Network, to find out the quickest and most cost-efficient way to upgrade broadband to all areas where services are now unavailable or sub-standard.",NA,"411",NA
"This is the cost-benefit analysis Labor didn’t do before committing to spend tens of billions of dollars on the NBN.",NA,"411",NA
"We will roll out super-fast broadband using whichever is the most effective and cost efficient technology and we will use existing infrastructure where we can.",NA,"411",NA
"We will roll it out faster to high priority areas.",NA,"411",NA
"We will end billions of dollars of wasteful spending on the NBN and deliver more of the modern infrastructure we urgently need while encouraging competition wherever possible to put downward pressure on prices.",NA,"411",NA
"Building more dams – providing water security",NA,NA,NA
"We will start the detailed planning necessary to build new dams – to secure the nation’s water supplies, deliver strong economic benefits for Australia, while also protecting our environment.",NA,"411",NA
"The Coalition’s Dams Taskforce is looking at potential investments in dam capacity across Australia.",NA,"411",NA
"12 Delivering more jobs, higher wages and higher living standards",NA,NA,NA
"Delivering stronger jobs growth and a bigger economy",NA,NA,NA
"Our economic plan will deliver stronger jobs growth right across Australia by unleashing Australia’s real economic potential and growing a bigger, more productive and prosperous economy.",NA,"410",NA
"Delivering two million new jobs over the next decade",NA,NA,NA
"We will generate one million new jobs over the next five years and two million new jobs over the next decade as we unleash Australia’s real economic potential, modernise our businesses and industries as well as transform to a stronger and more prosperous economy.",NA,"410",NA
"Delivering higher real wages and higher living standards",NA,NA,NA
"We will deliver higher real wages and higher living standards by providing real opportunities for productivity growth as we transform and grow the economy and encourage higher pay for better work.",NA,"410",NA
"We will tackle Australia’s lagging productivity growth problem by pursuing our Better Productivity Plan and building a more productive and prosperous economy that will enable higher real wages and lift Australia’s living standards.",NA,"410",NA
"Helping unemployed young people to get a job",NA,NA,NA
"We will encourage unemployed young people to get back into the workforce – particularly in those areas where unskilled jobs are readily available.",NA,"706",NA
"Helping women get ahead",NA,NA,NA
"We will help the women and families of Australia get ahead and have a real choice to have children and a career with a genuine Paid Parental Leave scheme, supported by an affordable, flexible and accessible childcare system.",NA,"706",NA
"POLICY PRIORITY",NA,NA,NA
"We will generate one million new jobs over the next five years and two million new jobs over the next 10 years by growing a bigger, more productive and prosperous economy.",NA,"706",NA
"13 Reducing cost-of-living pressures for families",NA,NA,NA
"Delivering Hope, Reward and Opportunity for families",NA,NA,NA
"We believe that strong families are the bedrock of a healthy society and should receive support and encouragement from government.",NA,"603",NA
"A supportive family is the greatest source of emotional stability and social development anyone can have.",NA,"603",NA
"The Coalition believes that the role of government is to support and expand choices for families, not to make their choices for them.",NA,"603",NA
"We will improve rewards from working, reduce cost-of-living pressures and help families with the real costs of raising children as we reset our country’s course to one that sees increasing confidence, renewed productivity growth and real improvement in the wealth of households.",NA,"603",NA
"We believe that people who work hard and put money aside so they won’t be a burden on others should be encouraged, not hit with higher taxes.",NA,"414",NA
"Abolishing the carbon tax and reducing cost-of-living pressures",NA,NA,NA
"We will start reducing cost of living pressures for families by immediately scrapping the world’s biggest carbon tax – taking pressure off rapidly rising electricity and gas bills.",NA,"402",NA
"We will put downward pressure on prices by getting the ACCC to make sure that prices do not remain artificially raised when we abolish the carbon tax.",NA,"403",NA
"Lowering taxes – improving rewards from hard work",NA,NA,NA
"We will fund personal income tax cuts for individuals and families – without a carbon tax.",NA,"402",NA
"We pledge to the families of Australia that we will never make your lives harder by imposing unnecessary new taxes and we will free Australians from the burdens of the carbon tax.",NA,"402",NA
"Keeping interest rates low",NA,NA,NA
"We will keep interest rates as low as possible by ending government waste, paying back debt and balancing the Budget.",NA,"414",NA
"Protecting and strengthening Medicare and private health insurance",NA,NA,NA
"We will protect and strengthen Medicare by restoring the Private Health Insurance Rebate as soon as we responsibly can.",NA,"504",NA
"POLICY PRIORITY",NA,NA,NA
"We will help families get ahead by freeing them from the burdens of the carbon tax – to protect Australian jobs and reduce cost-of-living pressures – especially on rising electricity and gas prices.",NA,"402",NA
"Delivering more affordable and flexible childcare",NA,NA,NA
"We will help ensure that child care is more accessible, affordable and flexible, to help families juggle work and family commitments, by getting the Productivity Commission to urgently undertake a major inquiry into the child care system.",NA,"504",NA
"We need a better child care system that’s not just geared to 9-to-5 workers–to give women a better chance to combine families with careers.",NA,"504",NA
"We will look at ways so child care can become more flexible and responsive to the differing needs and lifestyles of parents, as work patterns and demands on parents are different today than even a decade ago.",NA,"504",NA
"Delivering genuine Paid Parental Leave",NA,NA,NA
"We will deliver a genuine Paid Parental Leave scheme to give mothers six months leave based on their actual wage – to help young families get ahead.",NA,"504",NA
"This will give women a more realistic choice if they want to combine work with family and continue their careers.",NA,"706",NA
"According to the Productivity Commission report into parental leave, Australia is one of only two countries where parental leave isn’t based on a mother’s actual wage.",NA,"504",NA
"If people receive their actual wage while sick or on holiday, they should also receive their actual wage while on parental leave.",NA,"504",NA
"Parental leave is supposed to be a workplace entitlement, not a welfare payment",NA,"701",NA
"Delivering better cyber safety for families",NA,NA,NA
"We will work together with social media operators, schools, parents and children to tackle cyber bullying and other harmful material and behaviour targeted at individual children online.",NA,"605",NA
"Delivering better local roads and more modern infrastructure",NA,NA,NA
"We will deliver better planned infrastructure including more modern highways that unlock the traffic jams and bottle necks in our gridlocked cities and provide better and safer highways in country areas.",NA,"411",NA
"If workers spend less time in traffic jams they will have more time at home with their families.",NA,"411",NA
"14 Delivering a more secure retirement for older Australians",NA,NA,NA
"Giving older Australians the secure retirement they deserve",NA,NA,NA
"After a lifetime of hard work, older Australians are entitled to a safe and secure retirement.",NA,"706",NA
"We will ensure older Australians and seniors enjoy the safe and secure retirement they deserve by delivering a strong, prosperous economy which will then ensure that the government has the financial means to provide the real support required by older Australians in their later years.",NA,"706",NA
"Delivering stability and certainty on superannuation",NA,NA,NA
"We will deliver greater stability and certainty on superannuation – we won’t move the goalposts.",NA,"706",NA
"It is unfortunate that Labor has wasted so much money and made so many threats and changes to the superannuation system, cutting back on contribution levels and discouraging many people from providing more for their own self-funded retiremen.",NA,"706",NA
"This has not been in the long-term interests of Australians or Australia.",NA,"706",NA
"We will ensure that no more negative unexpected changes occur to the superannuation system so that those planning for their retirement can face the future with a higher degree of predictability.",NA,"706",NA
"We believe the people who want to plan and save for their own retirement should be supported by government, not penalised.",NA,"706",NA
"“I stand for government which gets off people’s backs.”",NA,"706",NA
"Assisting mature age workers with employment",NA,NA,NA
"We will assist mature age workers by providing better structured incentives for employers who employ workers who are over the age of 50.",NA,"706",NA
"Pensioners and self-funded retirees",NA,NA,NA
"We will support pensioners and self-funded retirees by tackling the number one issue that adversely affects them – the ever increasing cost of living, especially the cost of electricity and other utilities.",NA,"706",NA
"We will abolish the carbon tax which will see an immediate 10 per cent reduction in electricity prices and we will give the ACCC the task of ensuring the benefits of the repeal are passed onto consumers without delay.",NA,"706",NA
"Even though we will abolish the carbon tax, we will fund tax cuts and pension increases without a carbon tax, benefiting older Australians.",NA,"706",NA
"A better deal for our veterans",NA,NA,NA
"We will support our veterans by properly indexing the Defence Force Retirement Benefits and Defence Force Retirement and Death Benefit military superannuation pensions and we will deliver this in our first Budget.",NA,"104",NA
"Improving health services and aged care for older Australians",NA,NA,NA
"We will negotiate an Aged Care Provider Agreement with the aged care sector.",NA,"706",NA
"This first ever Aged Care Provider Agreement, will set the framework for ageing and aged care arrangements in Australia over the next four years and into the future.",NA,"706",NA
"Taking into account the Productivity Commission Caring for Older Australians report, we will reduce needless bureaucracy in the sector while making sure the sector remains focused on high quality care.",NA,"706",NA
"We will protect and strengthen Medicare by restoring the Private Health Insurance Rebate as soon as we responsibly can.",NA,"706",NA
"15 Delivering better services and a better society",NA,NA,NA
"Our aim is to deliver a better future for all Australians",NA,NA,NA
"Our aim is to build a stronger Australia so that all Australians can get ahead in the global economy, live in a better country and have a better future.",NA,"410",NA
"That’s why the Coalition is so determined to deliver a strong, prosperous economy because it allows us to invest more in government services – like the NDIS, health, aged care and education.",NA,"410",NA
"A strong, productive and prosperous economy is central to everything in our society.",NA,"410",NA
"It enables us to deliver better services at the local community level so our children can get a good education, so Australians know that when they get sick or old they can get care and if they fall on hard times they can get help.",NA,"410",NA
"Improving co-operation with State governments through the Council of Australian Governments",NA,NA,NA
"We will deliver better government services by working in close co-operation with the State and Territory governments who are largely responsible for the delivery of government services.",NA,"303",NA
"We will significantly increase co-operation with State and Territory governments by reforming the Council of Australian Governments (COAG), rather than using it as a parking lot for tough decisions which are sidelined by political grandstanding.",NA,"303",NA
"We will get on with the job of clearing the backlog of jobs on the agenda and immediately tackle the top priorities in order to deliver better services on the ground as soon as possible.",NA,"303",NA
"We will focus COAG on a smaller number of core issues and ensure they are resolved quickly.",NA,"303",NA
"We will reduce the number of COAG committees and require Ministers to show why it is essential their portfolio reforms must be resolved by COAG.",NA,"303",NA
"Helping the disabled and carers – responsibly implementing the NDIS",NA,NA,NA
"We are fully committed to helping people with disabilities and their carers and delivering the NDIS as soon as possible in line with the Productivity Commission’s timetable.",NA,"504",NA
"Full implementation of the NDIS will be a new deal for people with disabilities and their carers.",NA,"504",NA
"We will establish a bi-partisan parliamentary committee jointly chaired by both sides of the Parliament, with Members and Senators with a strong personal interest in making the NDIS happen.",NA,"504",NA
"The committee will put the NDIS in place as a united project across party lines.",NA,"504",NA
"“The Coalition is much more interested in an empowered community than we are in an empowered government.”",NA,"504",NA
"16 Delivering better health services",NA,NA,NA
"Improving the performance of public hospitals at the local level",NA,NA,NA
"We will work with the States to ensure their hospitals are managed by local hospital boards so that communities get better health services and better value for their money.",NA,"504",NA
"We will put local communities and experts, not unaccountable bureaucrats, in charge of improving the performance of public hospitals – by creating community-controlled hospital boards to appoint the CEO and manage hospital budgets, by instilling a ‘patient care first’ culture amongst staff and ensuring the delivery of better health outcomes at the local hospital level.",NA,"504",NA
"Improving mental health services",NA,NA,NA
"We will deliver better mental health services and provide better employment services for people with a mental health issue.",NA,"504",NA
"We will take real action and support better mental health services with Early Psychosis Prevention and Intervention Centres (EPPICs); boosting of basic and applied research into mental health; new headspace sites; better employment opportunities to those with serious mental health problems, boosting outside services that job agencies can provide to clients with mental health issues and a Mental Health Workforce Training Institute.",NA,"504",NA
"Funding diabetes research",NA,NA,NA
"We will provide $35 million to help find a cure for type 1 diabetes.",NA,"504",NA
"This will assist the Juvenile Diabetes Research Foundation’s Clinical Research Network to fund a significant number of additional patient trials locally and internationally and take a co-ordinated nationwide approach to diabetes research.",NA,"504",NA
"Improving access to medicines",NA,NA,NA
"We will restore transparency, certainty and confidence to the process by which medicines are listed on the Pharmaceutical Benefits Scheme (PBS) – ensuring medicines are listed on the basis of advice from the independent Pharmaceutical Benefits Advisory Committee, not on the whim of the government.",NA,"504",NA
"Improving private health insurance",NA,NA,NA
"We will strengthen Medicare and take pressure off the public hospital system by restoring the Private Health Insurance Rebate as soon as we responsibly can.",NA,"504",NA
"This will encourage more Australians to take up private health insurance.",NA,"504",NA
"Bringing dental into Medicare",NA,NA,NA
"We aspire to improve and restore dental services through Medicare as soon as we responsibly can.",NA,"504",NA
"POLICY PRIORITY",NA,NA,NA
"We will deliver better services including health services – by putting local communities in charge of hospitals and improving co-operation with States and Territories",NA,"504",NA
"17 Delivering better education",NA,NA,NA
"POLICY PRIORITY",NA,NA,NA
"We will deliver better education – by putting local communities in charge of improving the performance of local schools.",NA,"506",NA
"Improving the performance of schools at the local level",NA,NA,NA
"We will provide better schools, encourage better teachers and provide more choice for parents by giving communities and parents greater control over schools.",NA,"506",NA
"We will put parents, principals and school communities, not unaccountable bureaucrats, in charge of determining how their school will be run to improve performance – by instilling a ‘students come first’ culture amongst staff and ensuring the delivery of better education outcomes at the local school level.",NA,"506",NA
"We will work with the States and Territories to encourage State schools to choose to become independent schools, providing simpler budgeting and resources allocation and more autonomy in decision making.",NA,"506",NA
"We will support teachers in the classroom by ensuring our curriculum is rigorous without being too prescriptive or overcrowded.",NA,"506",NA
"We will continue current levels of funding for schools, indexed to deal with real increases in costs and we will ensure that money is targeted based on the social and economic status of the community.",NA,"506",NA
"We will make more investment in science education at primary schools.",NA,"506",NA
"We will restore the Primary Connections science education programme which is strongly supported by Australian Nobel Laureate, Professor Brian Schmidt, following recent Labor cuts to the successful programme.",NA,"506",NA
"We will work together with social media operators, schools, parents and children to tackle cyber bullying and other harmful material and behaviour targeted at individual children online, by measures such as ensuring large social media operators rapidly remove harmful online material directed at a child.",NA,"506",NA
"We will continue the National School Chaplaincy Programme in Schools to support the emotional wellbeing of students.",NA,"506",NA
"Strengthening higher education.",NA,NA,NA
"We will strengthen higher education and encourage Australians of all ages to further their education so that they can gain a comparative advantage and get ahead in the new global economy.",NA,"411",NA
"We believe higher education has a vital dual role in our society as an engine of economic growth, through educating our workforce and producing quality research.",NA,"411",NA
"We will ensure the continuation of the current arrangements of university funding.",NA,"411",NA
"We will work with the sector to reduce the burden of red tape, regulation and reporting, freeing up the sector to concentrate on delivering results and services.",NA,"411",NA
"We will review and restructure government research funding to make sure each dollar is spent as effectively as possible.",NA,"411",NA
"We will ensure the sector has a stable, long-term source of infrastructure funding",NA,"411",NA
"We will work with the sector to grow higher education as an export industry and to support international students studying in Australia.",NA,"411",NA
"Investing in job skills training",NA,NA,NA
"We will invest in advanced job skills training– including trade skills.",NA,"411",NA
"We will boost and retain skills in the work place and give incentives to employers to take young people and older Australians off welfare and into work.",NA,"411",NA
"Our immigration programme will focus on skilled migrants targeting skills shortages and people who can make a contribution from day one in a job.",NA,"411",NA
"We will work urgently with the States to aim to have 40 percent of Year 12 students studying a foreign language, preferably an Asian language, within a decade to equip them with the skills necessary for the jobs of the future.",NA,"411",NA
"New opportunities for our youth to learn in the Asian region",NA,NA,NA
"We aim to develop stronger people-to-people relationships with the countries in our region and this presents enormous opportunities for the youth of Australia.",NA,"107",NA
"We will establish a new two-way ‘Colombo Plan’ that doesn’t just bring the best and brightest talent from the region to Australia’s universities but that also takes Australia’s best and brightest talent to Asian universities to learn more about the countries in our region and to develop closer ties and stronger people-to-people relationships.",NA,"107",NA
"By awarding scholarships to our students and fostering this ‘Asia-capable’ learning and developing these people-to-people relationships in those countries we are really developing the leaders of the future as was previously done under Sir Robert Menzies’ ‘Colombo Plan’.",NA,"107",NA
"It is through such people-to-people schemes that deeper engagement and closer ties with the countries in our region can be developed.",NA,"107",NA
"“Within two years, under a Liberal and National government, there will be a new Colombo Plan.”",NA,"107",NA
"18 Delivering stronger and better communities",NA,NA,NA
"Delivering a ‘fair go’ for regional Australia",NA,NA,NA
"We will stand up for regional Australia to ensure that they receive their ‘fair share’ of support from government on a wide range of policy programmes.",NA,"503",NA
"We will restore policy stability and certainty to our live exports trade.",NA,"703",NA
"We will better manage our precious water resources to help our agriculture sector grow to become the ‘Food Bowl of Asia’ and achieve ‘food security’ in a world demanding more food resources.",NA,"703",NA
"We will further unlock potential growth in Northern Australia as we develop new land as a result of building new dams and securing our nation’s water supplies.",NA,"411",NA
"We will deliver a strong, powerhouse economy delivering more jobs and generating the real wealth needed to drive growth in Australia’s tourism industry.",NA,"410",NA
"We are investigating options to strengthen the rules governing the sale of Australian agricultural land and agribusinesses to foreign entities.",NA,"406",NA
"Improving housing affordability – supporting housing development",NA,NA,NA
"We will improve housing affordability and encourage high levels of home ownership",NA,"401",NA
"We will work closely with the States and Territories who have primary responsibility for housing to reduce red tape holding up the supply of housing and construction and to increase land release for new homes.",NA,"303",NA
"Carefully managing the issues of population, citizenship and settlement",NA,NA,NA
"We will carefully manage the issues of population, citizenship and settlement to foster stronger economic growth and enhance Australia’s social fabric.",NA,"601",NA
"We will ensure that our non-discriminatory immigration programme helps those in need and serves our national interest.",NA,"601",NA
"We will make sure that Australia’s refugee and humanitarian resettlement programme provides places to those most in need.",NA,"201",NA
"We will ensure a minimum of 1,000 places are available for women at risk and their dependents and appropriate settlement services are available once they arrive in Australia.",NA,"201",NA
"We will ensure the migration programme is skewed towards skilled workers to enable the growth of a more productive and prosperous economy – particularly for those areas where skilled workers are not available and where our industries need to grow.",NA,"410",NA
"We will ensure our immigration programme is focused on people who can make a contribution from day one in a job – thereby lessening the burden on taxpayers.",NA,"406",NA
"Improving community safety and fighting crime",NA,NA,NA
"We will stand up for communities so that people feel safe in their streets.",NA,"605",NA
"We will establish a new national Safer Streets programme and expand the use of CCTV cameras in crime prevention and detection.",NA,"605",NA
"“Politicians can’t really hope to understand the issues if they rarely leave capital cities.”",NA,"605",NA
"We will establish a new Commonwealth/State Standing Council on Law, Crime and Community Safety to bring together lawmakers and law-enforcers to develop a national focus to fighting crime – and to report on key issues within 12 months.",NA,"605",NA
"We will work with the States and Territories to improve Australia’s capacity to respond to natural disasters and emergencies both domestically and internationally for better and faster deployment of search dogs nationally by creating an Australian Search Dog Framework.",NA,"605",NA
"Supporting and strengthening community groups and the voluntary sector",NA,NA,NA
"We will support community groups to strengthen local communities and enhance the social fabric.",NA,"606",NA
"We will provide $10 million support to assist surf lifesaving clubs buy needed equipment and to tackle drowning black-spots.",NA,"606",NA
"We will re-establish the successful Coalition Community-Business Partnerships to engage with local communities and advise on encouraging more philanthropy by business and in assisting charities and community groups in their local area.",NA,"606",NA
"Encouraging indigenous Australians to get ahead",NA,NA,NA
"We will work with indigenous communities to bring in a new suite of purposeful and innovative strategies that will help indigenous people to get ahead.",NA,"503",NA
"We will eliminate red tape and streamline programmes to move away from the complex web of overlapping initiatives that have failed to end disadvantage.",NA,"503",NA
"We will direct funding away from bureaucracies and overlapping and competing programmes towards local communities and real action so that indigenous Australians get the services they need.",NA,"503",NA
"We will work with families to ensure all indigenous children attend school every day.",NA,"503",NA
"A good education is the foundation of a good life and children must go to school.",NA,"506",NA
"We will support the Australian Employment Covenant and its many supporting employers to create more opportunities for indigenous Australians to get ahead and actively engage more indigenous Australians in real jobs.",NA,"503",NA
"We will provide$10 million to fund four trial sites to train 1,000 indigenous people for guaranteed jobs, working with the Australian Employment Covenant and Generation One.",NA,"503",NA
"We will end training for training’s sake and implement employment or work for the dole programmes that prepare and support indigenous Australians to work.",NA,"503",NA
"Tony Abbott will continue to spend a week a year in a remote community, to gain a better understanding of people’s needs, as he has done for many years.",NA,"503",NA
"“The measure of a decent society is how it looks after its most vulnerable members”",NA,"503",NA
"Protecting freedom of speech – supporting an open media",NA,NA,NA
"We will protect the media from over-regulation; support an open and accountable media; and protect the freedom of speech to strengthen our vibrant democracy.",NA,"201",NA
"We will reject Labor’s push for increased regulation of the media, including the Finkelstein Report proposals for a powerful ‘News Media Council’ to ‘set journalistic standards’ for print and online media.",NA,"201",NA
"We will work with the media to ensure they actively strengthen their standards so they meet community expectations of the levels of journalism Australians expect and deserve.",NA,"201",NA
"We do not support a ‘public interest test’ for assessing media mergers and acquisitions as it would be subjective, susceptible to political manipulation and would lead to uncertainty for media businesses.",NA,"201",NA
"Current laws and the Australian Communications and Media Authority, as the regulator, provide adequate protection in this area.",NA,"201",NA
"We will support freedom of speech, particularly in relation to anti-discrimination legislation.",NA,"201",NA
"Prohibitions on inciting racial hatred or intimidation of particular groups should be focused on offences of incitement and causing fear but not a prohibition on causing offence.",NA,"201",NA
"19 Delivering a cleaner and more sustainable environment",NA,NA,NA
"Cleaning up our own environment",NA,NA,NA
"We will take direct action to reduce carbon emissions – and establish a 15,000-strong Green Army charged with the clean-up and conservation of our environment – so that we can all enjoy a cleaner environment and a more sustainable future without the impost of the carbon tax which is causing real economic damage to our economy and affecting the living standards of Australian families.",NA,"501",NA
"Reducing carbon emissions inside Australia, not overseas",NA,NA,NA
"We will take direct action to reduce carbon emissions in a practical, affordable way inside Australia, not overseas.",NA,"501",NA
"We remain committed to a five per cent reduction in emissions by 2020.",NA,"501",NA
"We will establish an Emissions Reduction Fund of $3 billion to allocate money in response to emission reduction tenders to projects designed to reduce carbon emissions.",NA,"501",NA
"All money spent will be on Australian green projects, not foreign carbon credits, keeping more jobs in Australia.",NA,"501",NA
"We will support projects such as the exploration of soil carbon technologies and abatement, putting carbon back in soils and providing for a once in a generation replenishment of our farmlands.",NA,"501",NA
"POLICY PRIORITY",NA,"501",NA
"We will take direct action to reduce carbon emissions inside Australia, not overseas – and also establish a 15,000-strong Green Army to clean-up the environment.",NA,"501",NA
"Delivering a better environment",NA,NA,NA
"We will establish a 15,000-strong Green Army to clean up and protect the environment in local communities throughout Australia supplementing the current land care efforts of councils, farmers and volunteers.",NA,"501",NA
"The Green Army will undertake projects like restoring and rejuvenating bushland, planting trees and cleaning-up the Tamar River in Tasmania.",NA,"501",NA
"Improving water security – better water management",NA,NA,NA
"We will enhance Australia’s natural water supplies and reduce Australia’s reliance on energy-hungry desalination plants.",NA,"411",NA
"We will deliver on the 10-point plan for the Murray-Darling announced by the Howard Government.",NA,"411",NA
"We will restore the Murray-Darling to health while still ensuring the viability of Australia’s food producing communities.",NA,"411",NA
"The future of the Murray-Darling should not and cannot be a choice just between the environment and agriculture.",NA,"411",NA
"The Coalition will address both parts of this equation.",NA,"411",NA
"We will start the detailed long-term planning necessary to build new dams to secure the nation’s water supplies into the future, deliver strong economic benefits for Australia, while also protecting our environment.",NA,"411",NA
"Improving the environmental approval process",NA,NA,NA
"We will streamline the environmental approval process for all users – resulting in less duplication across federal and State jurisdictions and delivering a real boost to the nation’s productivity.",NA,"303",NA
"We will establish a one-stop shop environmental approvals process covering both Commonwealth and State legislation, that maintains high environmental standards, delivers certainty for all users and importantly makes swift decisions.",NA,"303",NA
"Supporting communities – creating a sustainable environment",NA,NA,NA
"We will adopt a practical, balanced and sustainable approach to environmental issues based on linking sound scientific findings with the needs of all users resulting in more sustainable commercial activities and better environmental outcomes.",NA,"416",NA
"For example, we will support the fishing industry.",NA,"416",NA
"We will adopt a more balanced approach by setting up more rigorous assessments for new Marine Protected Areas that will mean the areas are assessed in accordance with objective scientific, economic and social evidence.",NA,"416",NA
"Our aim is to continue to protect marine environments and the fishing communities which rely on them.",NA,"416",NA
"20 Delivering stronger borders and a more secure nation",NA,NA,NA
"Putting the national interest first",NA,NA,NA
"The Coalition will put the national interest first, deliver stronger borders, provide a world-class defence force and protect the nation’s interests overseas.",NA,"601",NA
"We will take immediate action to protect both the integrity of our borders and Australia’s immigration programme.",NA,"601",NA
"We will not allow illegal boat arrivals and people smugglers to either determine Australia’s immigration programme, or undermine the Australian people’s confidence in the programme.",NA,"601",NA
"Delivering stronger borders – where the boats are stopped",NA,NA,NA
"We will deliver stronger borders – where the boats are stopped – with tough and proven measures.",NA,"601",NA
"If elected Prime Minister, the first overseas trip that Tony Abbott makes as Prime Minister will be to Indonesia to renew cooperation against people smugglers.",NA,"107",NA
"We will re-introduce the use of Temporary Protection Visas (TPVs) to deny the people smugglers a product to sell.",NA,"201",NA
"We will immediately give new orders to the Navy to tackle illegal boat arrivals and ‘turn back’ the boats where safe to do so.",NA,"601",NA
"We will give priority in processing to offshore special humanitarian visa applicants, over illegal boat arrivals.",NA,"201",NA
"We will ensure, offshore special humanitarian visa applicants receive priority in obtaining permanent residency in Australia over illegal boat arrivals.",NA,"201",NA
"We will boost rigorous offshore processing for illegal arrivals so that bad behaviour has consequences.",NA,"601",NA
"We will establish presumption against refugee status for people who arrive on boats without identity papers.",NA,"601",NA
"Where asylum seekers deliberately discard their identity documentation, we will deny them the benefit of doubt when determining their refugee status.",NA,"601",NA
"We will establish and increase mandatory minimum jail sentences for people smugglers.",NA,"605",NA
"We will reserve 11,000 of the 13,750 refugee places each year for offshore applicants.",NA,"201",NA
"We will ensure a minimum of1,000 refugee places are reserved for the most vulnerable refugees, in particular women at risk of violence and harm.",NA,"201",NA
"We will restore the single case officer appeal process.",NA,"601",NA
"POLICY PRIORITY",NA,NA,NA
"We will deliver stronger borders – where the boats are stopped – with tough and proven measures.",NA,"601",NA
"“Stopping the boats matters. It would signify that the Australian government is in every respect sovereign over Australia’s borders.”",NA,"601",NA
"Delivering a world-class defence force",NA,NA,NA
"We will rebuild our defence force by stopping Labor’s defence run-down and give our defence force the first-class resources and equipment they need.",NA,"104",NA
"We will restore responsible defence spending to 3 per cent real growth per year subject to improvements in the Budget –our aspiration is to restore funding to defence to the same level as it was under the last seven years of the Howard Government.",NA,"104",NA
"We will reinvest any responsible savings that can be found in the defence bureaucracy in greater military capacity.",NA,"104",NA
"We will immediately start the process of acquiring a number of new state-of-the-art unmanned aircraft.",NA,"104",NA
"Within 18 months, we will publish a new defence White Paper with costed, affordable ways to meet Australia’s important defence and national security objectives.",NA,"104",NA
"We will ensure that Australia does not have a submarine capability gap.",NA,"104",NA
"Within 18 months, we will make the short and medium term decisions necessary to achieve this goal.",NA,"104",NA
"Fighting terrorism in Australia",NA,NA,NA
"We will deliver improved counter-terrorism and domestic security measures in Australia and secure our ports and airports.",NA,"605",NA
"Improving foreign affairs – a stronger focus on our region",NA,NA,NA
"We will increase the importance of foreign affairs, lace a stronger focus on our region and rebuild our diplomatic footprint with more effective representation and better diplomacy.",NA,"107",NA
"We will enhance Australia’s role and engagement in the world developing greater international cooperation.",NA,"107",NA
"We will review the weighting Australia gives to its diplomatic resources including overseas representation, with a view to refocusing foreign policy on the Asia-Pacific region",NA,"101",NA
"We will rebuild relationships with our neighbours damaged by Labor’s mismanagement and failed border security policies.",NA,"107",NA
"We will enhance US access to bases in Australia and continue to support our close alliance with the US.",NA,"101",NA
"We will ensure future aid funding increases are dependent on AusAid meeting strict performance benchmarks.",NA,"107",NA
"Within two years, we will establish a new two way ‘Colombo Plan’ to deepen our knowledge and engagement with countries in our region and develop stronger people-to-people relationships by bringing the best and the brightest talent from our region to Australia and taking Australia’s best and brightest talent to countries in our region.",NA,"107",NA
"21 Delivering strong, stable, accountable government",NA,NA,NA
"Encouraging Australians to work together",NA,NA,NA
"The Coalition will do the right thing for Australia and deliver a strong, stable, accountable government that puts the national interest first and delivers a better future for all Australians.",NA,"305",NA
"We will restore accountability and improve transparency measures to be more accountable to you.",NA,"203",NA
"We will govern for all Australians, not favour any particular group.",NA,"606",NA
"We’re all in this together and we’ll encourage all Australians to work together.",NA,"606",NA
"We will end the class war and the bad blood between Labor and business that is damaging investment and employment.",NA,"606",NA
"Tony Abbott is a strong leader – a record of success",NA,NA,NA
"Tony Abbott was a senior, experienced Cabinet Minister in the Howard Coalition Government.",NA,"305",NA
"He has a law degree and a degree in economics from the University of Sydney.",NA,"305",NA
"He is a Rhodes Scholar with a Master’s degree from Oxford University.",NA,"305",NA
"He is community oriented – he is a volunteer firefighter and lifesaver, he contributes his time every year to help Aboriginal communities and he has raised over $2.5 million through his annual ‘Pollie Pedal’ bike ride for many worthy causes including for children’s cancer, a local women’s shelter and carers.",NA,"305",NA
"He has dedicated his life to public service – to serving his country and the Australian people.",NA,"305",NA
"He is married to Margie and they have three adult daughters.",NA,"000",NA
"The Coalition Team includes experienced ministers",NA,NA,NA
"Because sixteen members of the Shadow Cabinet were experienced ministers in an effective Coalition Government they will hit the ground running and they won’t have to learn the hard way that good government is about getting on with the job and delivering results and dealing with substance, not spin.",NA,"305",NA
"The Coalition Team has a successful track record",NA,NA,NA
"The Coalition Team were effective Ministers in the successful Howard Coalition Government which:",NA,"305",NA
"turned Australia’s economy around, reformed the tax system and made Australia’s economy more productive and prosperous;",NA,"305",NA
"delivered more than two million new jobs and delivered the lowest unemployment rate since the 1970s;",NA,"305",NA
"delivered a more than 20 per cent increase in real wages and a doubling of Australians’ net wealth per person;",NA,"305",NA
"delivered real tax cuts and more benefits for families;",NA,"305",NA
"delivered Budget surpluses in 10 out of 12 years, paid back Labor’s $96 billion debt and put away $70 billion in net assets; and",NA,"305",NA
"secured Australia’s borders and stopped the boats.",NA,"305",NA
"POLICY PRIORITY",NA,NA,NA
"We will deliver strong and stable government that restores accountability – to deliver a better future for all Australians.",NA,"305",NA
"All Coalition policies are affordable and fully funded",NA,NA,NA
"All Coalition policies are fully costed and fully funded.",NA,"414",NA
"The Coalition has a long track record of managing Budgets responsibly.",NA,"414",NA
"Sixteen members of the Shadow Cabinet were experienced Ministers in the effective Howard Coalition Government.",NA,"305",NA
"“Our Plan will deliver a strong, prosperous economy",NA,"410",NA
"and a safe, secure Australia.”",NA,"601",NA
