"text","text_en","cmp_code","eu_code"
"OUR PLAN FOR A STRONG NEW ECONOMY",NA,"H",NA
"JOBS AND GROWTH IN REGIONAL AUSTRALIA",NA,NA,NA
"JOBS AND GROWTH IN REGIONAL AUSTRALIA",NA,"H",NA
"Key Commitments",NA,"H",NA
"Regional Australia is critical to Australia’s economic prosperity and is home to around one third of Australia’s population.",NA,"402",NA
"Regional Australia accounts for around 65 per cent of Australia’s export earnings by value and is a major source of domestic and international tourism.",NA,"402",NA
"45 cents in every tourism dollar is spent in regional Australia.",NA,"402",NA
"Regional communities are benefitting from the Coalition’s economic plan.",NA,"305.1",NA
"Our export trade deals have made it easier for regional businesses to export to Asia",NA,"703.1",NA
"and our tax cuts for small business are creating new job opportunities.",NA,"402",NA
"Regional communities are an attractive place to live and invest.",NA,"402",NA
"They have a strong culture of innovation, offer diverse employment options, and attract the skills and talent needed to build successful businesses.",NA,"402",NA
"While the opportunities for regional Australia have never been greater, the Coalition recognises that some regions have been impacted by the slowdown in mining, falling commodity prices and changes to the manufacturing sector.",NA,"402",NA
"The Coalition will boost jobs, investment and growth in regional Australia.",NA,"402",NA
"We will establish a $200 million Regional Jobs and Investment package to deliver regional jobs and growth.",NA,"402",NA
"The Regional Jobs and Investment package will incentivise local businesses to invest and employ,",NA,"402",NA
"enable regional communities to upgrade local infrastructure and deliver new skills and training programmes",NA,"411",NA
"The package will be delivered in partnership with local communities.",NA,"402",NA
"Community leaders and local experts will be engaged to assess the needs of regional communities and develop local investment plans covering the following three areas:",NA,"402",NA
"Business innovation grants",NA,"402",NA
"Local infrastructure",NA,"411",NA
"Skills and training programmes",NA,"411",NA
"The package will support regional communities to diversify their economies, create new export opportunities",NA,"402",NA
"and help boost regional jobs.",NA,"701",NA
"The Coalition will contribute $200 million to the Regional Jobs and Investment package and will leverage a further $200 million in matched funding. Individual regions will be able to access up to $30 million in funding.",NA,"402",NA
"Our commitment will boost confidence, jobs, investment, and growth in regional Australia.",NA,"402",NA
"Our Plan for Regional Jobs and Growth",NA,"H",NA
"Regional Australia is home to around one third of Australia’s population and is an important source of job creation and exports.",NA,"402",NA
"Regional Australia accounts for around 65 per cent of Australia’s export earnings by value and more regional businesses are benefitting from our export trade deals, particularly those in the agriculture sector.",NA,"703.1",NA
"China and Japan alone account for nearly a third of all Australian agriculture exports.",NA,"703.1",NA
"Regional Australia is also a major source of domestic and international tourism, with 45 cents in every tourism dollar spent in regional Australia.",NA,"402",NA
"The Coalition will support regional jobs by establishing a $200 million Regional Jobs and Investment package.",NA,"701",NA
"We will invest $200 million, leveraging a further $200 million or more in matched funding.",NA,"402",NA
"Individual regions will be able to access up to $30 million in funding.",NA,"402",NA
"The Regional Jobs and Investment package will support regional communities to diversify their economies, create new export opportunities and help boost regional jobs.",NA,"402",NA
"It will incentivise businesses to invest in new technology, machinery or equipment to innovate and grow within the region.",NA,"402",NA
"We will work with local communities to deliver the package.",NA,"402",NA
"Local experts will be engaged to assess the needs of regional communities and develop local investment plans covering the following areas:",NA,"402",NA
"1. Business innovation grants",NA,"H",NA
"The Coalition will provide matched grants on a competitive basis to help businesses invest in new technology, diversify operations, create new export opportunities",NA,"402",NA
"and deliver new sustainable jobs.",NA,"701",NA
"An example would be a manufacturing business seeking to invest in new technology, machinery or facilities to expand or diversify production.",NA,"402",NA
"This investment will enable regional businesses to innovate, provide new export opportunities and grow and employ.",NA,"402",NA
"Business innovation grants will support local businesses in regional areas, helping them to invest and employ more staff.",NA,"402",NA
"2. Local infrastructure",NA,"H",NA
"We will provide matched funding for regions to upgrade existing local infrastructure or invest in new infrastructure.",NA,"411",NA
"We will work with local communities to identify the local infrastructure priorities of our regions.",NA,"411",NA
"An example would be upgrading or investing in new tourism infrastructure such as a large coastal pier to attract more domestic and international tourists.",NA,"411",NA
"Investing in local infrastructure will help boost the productivity of our regions,",NA,"411",NA
"deliver more jobs,",NA,"701",NA
"and generate more local investment.",NA,"411",NA
"3. Skills and training programmes",NA,"H",NA
"We will work with local communities and regional employers to deliver targeted skills and training programmes for local communities.",NA,"411",NA
"Our local skills and training programmes will address regional skills shortages.",NA,"411",NA
"They will also support workers impacted by structural change to retrain and upskill.",NA,"411",NA
"These programmes will help to prepare Australia’s regional workforce for new and existing job opportunities.",NA,"701",NA
"4. Addressing regional youth unemployment",NA,"H",NA
"The Coalition’s Regional Jobs and Investment package will complement our $840 million Youth Employment Package and ongoing initiatives that are providing more job opportunities for young Australians.",NA,"701",NA
"Specific initiatives include: Support for employers, especially small businesses, to create new jobs",NA,"402",NA
"Youth Jobs PaTH (Prepare-Trial-Hire Programme)",NA,"402",NA
"Entrepreneurship Starter Packs to assist young Australians to start their own enterprises",NA,"402",NA
"expand the New Enterprise Incentive Scheme to more young Australians",NA,"402",NA
"Our commitments will help tackle youth unemployment throughout regional Australia, delivering more opportunities for local young people and their communities.",NA,"701",NA
"The Choice",NA,"H",NA
"The Coalition has a strong record of investing in regional Australia and our economic plan is delivering investment, jobs and growth.",NA,"411",NA
"We have invested more than $20 billion in regional infrastructure since the last election, including $6.7 billion for the Bruce Highway and $5.6 billion for the Pacific Highway.",NA,"411",NA
"The Coalition is investing $3.2 billion under the Roads to Recovery Programme and $1 billion to deliver the Stronger Regions Programme.",NA,"411",NA
"We have established a $5 billion Northern Australia Infrastructure Facility to encourage more private sector investment in economic infrastructure in Australia’s north.",NA,"411",NA
"We are also expanding our Mobile Black Spot Programme, which will fix around 4,800 mobile black spots and provide better mobile phone coverage for hundreds of regional communities.",NA,"411",NA
"These investments are delivering jobs and helping to boost productivity in regional Australia.",NA,"411",NA
"Our export trade deals are creating more opportunities for regional businesses to access new markets and increase sales.",NA,"407",NA
"Australia’s agriculture exports now exceed more than $45 billion a year and are benefitting from our trade deals with China, Japan and Korea.",NA,"407",NA
"China and Japan alone now account for nearly a third of all agriculture exports and demand for Australian produce continues to grow.",NA,"703.1",NA
"The Coalition has also overseen strong growth in domestic and international tourism, directly benefitting regional communities across Australia.",NA,"402",NA
"Tourism is a major driver of regional jobs and investment, with 45 cents in every tourism dollar spent in regional Australia.",NA,"402",NA
"Only the Coalition has a plan for regional jobs.",NA,"701",NA
"We will establish a $200 million Regional Jobs and Investment package to support regional communities to diversify their economies, create new export opportunities and boost regional jobs.",NA,"701",NA
"We will deliver the package in partnership with local communities and incentivise regional businesses to investment in new technology, machinery or facilities to innovate and grow.",NA,"402",NA
"The Coalition is delivering for regional Australia.",NA,"305.1",NA
"Labor’s policies will fail to deliver jobs and opportunities for regional Australia.",NA,"305.1",NA
"Costs",NA,"H",NA
"The Coalition will invest $200 million to deliver a Regional Jobs and Investment package to help boost investment, jobs and growth in our regions.",NA,"402",NA
"SUPPORT VETERANS AND THEIR FAMILIES",NA,"H",NA
"Key Commitments",NA,"H",NA
"Australians are proud of our veterans.",NA,"601.1",NA
"Our service men and women put their lives on the line for the nation and in the defence of our values.",NA,"104",NA
"Over 312,000 Australians rely on the government through support from the Department of Veterans’ Affairs.",NA,"504",NA
"These are veterans and their families, dependants, widows and children.",NA,"504",NA
"It is a community that is growing younger.",NA,"504",NA
"As the Department of Veterans’ Affairs notes: “In 2015–16, the under-70 cohort is projected to become the majority of DVA’s clients, with the proportion growing over the ensuing five years. By 2020, one-third of DVA’s clients will be aged under 60, and 20 per cent will be aged under 50.”",NA,"504",NA
"The Coalition is committed to ensuring that current and future veterans and their families have the support that they need.",NA,"504",NA
"As the Prime Minister said at the recent RSL National Conference in Melbourne, DVA will continue to look after veterans because they need a department dedicated to meeting their own special needs.",NA,"504",NA
"The Prime Minister has made it clear that no DVA services delivered through Medicare will be outsourced or privatised under the Coalition.",NA,"504",NA
"The Coalition has a strong record supporting our veterans.",NA,"504",NA
"We have ensured more financial support and services to individual veterans than ever before.",NA,"504",NA
"We delivered fair indexation for military superannuation.",NA,"504",NA
"The Coalition will continue to support Australia’s veterans by: implementing a veterans mental health package",NA,"504",NA
"streamlining the claims process for veterans and their families",NA,"303",NA
"implementing an annual Ministerial veterans statement",NA,"706",NA
"helping homeless veterans",NA,"504",NA
"promoting jobs for veterans and improving the veterans transition process",NA,"701",NA
"establishing a female veteran’s policy forum and supporting our younger veterans",NA,"706",NA
"supporting veterans’ concerns on Mefloquine",NA,"706",NA
"commemorating service and sacrifice",NA,"706",NA
"Our Plan for Veterans",NA,"H",NA
"The veteran community is a strong and an important part of the Australian ethos.",NA,"601.1",NA
"The Coalition is committed to ensuring that current and future veterans and their families have the support that they need though our Four Pillar plan: recognition of the unique nature of military service",NA,"706",NA
"retention of a stand-alone Department of Veterans’ Affairs",NA,"706",NA
"tackling mental health challenges for veterans and their families",NA,"504",NA
"supporting veterans through adequate advocacy and welfare services",NA,"504",NA
"The Coalition will continue to support Australia’s veterans.",NA,"504",NA
"1. Supporting veterans mental health",NA,"H",NA
"The Coalition will continue to support the mental health of our veterans.",NA,"504",NA
"We will do more to ensure greater support to veterans, veterans’ families, ex-service organisations and health care practitioners.",NA,"504",NA
"We will target early intervention to treat mental illness by: providing $6 million to support the establishment of the ‘Centenary Institute’ proposed by Phoenix Australia in Melbourne to work collaboratively in support of practitioners and ex-service organisations who work closely with veterans with mental health concerns",NA,"504",NA
"providing $3.1 million to further extend access to the Veterans and Veterans Families Counselling Service programme to include family members of current and former Australian Defence Force members who die by suicide or reported suicide; siblings of Australian Defence Force members killed in service related incidents; Defence Force Abuse Taskforce complainants; families of DART complainants; and adult sons and daughters (over 26) of post-Vietnam War veterans",NA,"504",NA
"Our commitment builds on the significant new investment the Coalition made to the existing non liability health care initiative to extend eligibility for mental health conditions to all current and former permanent members of the Australian Defence Force in the 2016 Federal Budget.",NA,"504",NA
"There has been extensive funding of research into the effects of military service on veterans and their families, however, there needs to be much more done to translate the findings of this research into practical assistance.",NA,"504",NA
"The Centenary Institute will provide clinical research and professional leadership for veterans’ health.",NA,"504",NA
"Early intervention and support for veterans and their families can reduce the onset and prevalence of mental health conditions.",NA,"504",NA
"Further expansion of the Veterans and Veterans Families Counselling Service will support access to veterans and their families and encourage them to seek help early.",NA,"504",NA
"To support children whose parent or parents are serving Australian Defence Force members or a veteran effected by mental illness including PTSD we have provided $2.1 million to the Kookaburra Kids Foundation.",NA,"504",NA
"Our commitment is important to helping veterans and their families cope and address mental illness.",NA,"504",NA
"2. Streamlining the claims process",NA,"H",NA
"The Coalition allocated $48.7m in the 2016-17 budget to commence work required to fix the antiquated DVA I.T. system to deliver better customer service for veterans, underpinned by better processes and technology.",NA,"303",NA
"We have also implemented a number of initiatives designed to streamline the claims process including an alternative dispute resolution model which will enable more cases to be finalised without going to a full hearing and a new case management system for the Veterans Review Board that will streamline processes and reduce backlogs.",NA,"303",NA
"In addition, we will increase the amount veterans can be reimbursed for obtaining medical reports from the current $457.50 to up to $1,000 at a total cost of $1.2 million over four years.",NA,"504",NA
"These reports are required by veterans to assist them as part of the appeals process.",NA,"504",NA
"These initiatives will make it easier for veterans to navigate the claims system and expedite the outcome of an appeal.",NA,"303",NA
"As part of the National Consultative process, the Coalition will establish a consultative forum comprised of advocates, pension officers and others involved in the DVA claims process.",NA,"303",NA
"This Forum will review the existing claims process with a view to identifying impediments and considering improvements to the system.",NA,"303",NA
"3. Ministerial veteran’s statement",NA,"H",NA
"The Coalition’s commitment to the ‘Four Pillars’ of support for veterans and their families will be made transparent through an annual Ministerial statement to Parliament on key issues impacting the veteran community and the performance of the Department of Veterans’ Affairs.",NA,"706",NA
"This will be a transparent process which will measure the performance of the Department and increase accountability to the veteran community.",NA,"706",NA
"4. Helping homeless veterans",NA,"H",NA
"Our nation owes a great debt to those who have put their lives on the line for us and it is therefore essential that the community support those veterans who find themselves homeless and at risk of homelessness.",NA,"504",NA
"Whilst the provision of social housing is clearly a state and territory responsibility there is much more the Australian Government can do to address this important issue.",NA,"504",NA
"We will: convene a meeting of State and Territory Ministers with responsibility for veterans’ affairs to address homelessness in the veteran community",NA,"504",NA
"require Commonwealth agencies to identify whether its clients are veterans and to make that information available to ex-service and other organisations which provide support for homeless veterans",NA,"303",NA
"work with the States and Territories to support a comprehensive nationwide study that brings together work already undertaken to obtain a thorough understanding of the extent of veteran homeless and what all levels of government can do to address it",NA,"504",NA
"5. Promoting jobs for veterans",NA,"H",NA
"The Coalition will implement a new jobs programme for injured and ill veterans, which has been successfully trialled in South East Queensland and South Australia.",NA,"701",NA
"The programme will enhance the existing support currently provided to veterans as part of the Department of Veterans’ Affairs’ rehabilitation programmes by providing a greater focus on vocational outcomes, enhancing engagement with employers, and improving coordination with Defence as veterans transition to civilian life.",NA,"701",NA
"Under the trial, around 60 per cent of the veterans involved were successfully placed into civilian employment.",NA,"701",NA
"The Coalition will work with ex-service organisations and non-profits such as Soldier On and Mates4Mates to ensure that our younger veterans are catered for.",NA,"504",NA
"Employment and transition policies will be geared towards highlight the value of employing veterans.",NA,"701",NA
"Working with ex service organisations including Soldier On and the RSL the Prime Minister will convene a forum in Sydney later in 2016 to promote the unique skills veterans can bring to employers and to find more effective ways for organisations to engage veterans and their families.",NA,"701",NA
"6. Creating a better veterans’ transition process",NA,"H",NA
"The Coalition will put in place a ‘Discharge with Documentation’ policy across the Department of Defence and the Department of Veterans’ Affairs.",NA,"303",NA
"This proposal will replace the current system where defence force personnel can leave the Defence Forces without the necessary documents that they need to claim benefits from other government agencies, including the Department of Veterans’ Affairs.",NA,"303",NA
"This policy will provide a more seamless transition for service men and women from the defence forces and increase the capacity and efficiency of the Department of Veterans’ Affairs in processing claims and serving veterans and their families.",NA,"303",NA
"To facilitate improved transition from the ADF to civilian life the Departments of Defence and Veterans’ Affairs will establish a taskforce to report back to portfolio Ministers on barriers to effective transition and suggested actions to address those barriers.",NA,"506",NA
"7. Supporting Female Veterans",NA,"H",NA
"The Coalition will establish a Female Veterans Policy Forum to provide a platform to help identify policy gaps and support initiatives to better support Australia’s growing female veteran community.",NA,"706",NA
"We will provide $600,000 to establish and run this forum.",NA,"706",NA
"Female veterans can face very different health and wellbeing challenges to their male colleagues and there is currently no specific platform to consider the needs of this group.",NA,"706",NA
"8. Supporting our younger veterans",NA,"H",NA
"The Coalition will provide $4 million for a range of projects that promote social inclusion and peer to peer support for our younger veterans.",NA,"706",NA
"This funding will be provided to ex-service organisations to assist younger veterans who engage with each other differently and don’t want to be involved in formal structures in the same way that their older colleagues may do.",NA,"706",NA
"This initiative will be targeted at projects that seek to engage and actively involve our younger veterans.",NA,"706",NA
"Examples of projects that could be supported include mentoring, team building, self-improvement and creative activities.",NA,"706",NA
"9. Supporting veterans’ concerns on mefloquine",NA,"H",NA
"The Coalition understands there is concern among some veterans about the potential health impacts of the anti-malarial drug Mefloquine.",NA,"504",NA
"The Coalition will support, and build awareness of the support available, to serving and ex serving ADF members and their families.",NA,"504",NA
"The Coalition will: establish a formal community consultation mechanism to provide an open dialogue on issues concerning Mefloquine between the Defence Links Committee and the serving and ex-serving ADF community",NA,"506",NA
"develop a more comprehensive online resource that will provide information on anti-malarial medications",NA,"504",NA
"establish a dedicated DVA Mefloquine support team to assist our serving and ex-serving ADF community with mefloquine-related claims, this will provide a specialised point of contact with the DVA",NA,"504",NA
"direct the inter-departmental DVA-Defence Links Committee to examine the issues raised; consider existing relevant medical evidence and provide advice to the Government by November 2016",NA,"504",NA
"10. Commemorations",NA,"H",NA
"The Coalition will continue to support the planned Centenary of Service commemorations through to 2018.",NA,"506",NA
"In August this year we will commemorate the 50th anniversary of the battle of Long Tan and the Vietnam War with a range of events including an official reception at Parliament House in Canberra, a stand to at the Australian War Memorial and a commemorative service at Australian Vietnam Forces Memorial on Anzac Avenue.",NA,"601.1",NA
"In the coming year we will commence planning with the Vietnam veteran community for appropriate commemorative activities to mark other significant battles that occurred during the Vietnam War including the 50th anniversary of the battles of Fire Support Bases at Coral and Balmoral.",NA,"601.1",NA
"We are committed to honouring the service and sacrifice of our veterans and in the 2016 Budget we provided $7.5 to refurbish and rebuild 3,800 war graves in Papua New Guinea that have deteriorated and to undertake essential safety and maintenance work at the Hellfire Pass Memorial Museum in Thailand.",NA,"601.1",NA
"The Choice",NA,"H",NA
"The Coalition has a strong record supporting our veterans.",NA,"706",NA
"We delivered fair indexation for military superannuation.",NA,"504",NA
"We provide $11.7 billion a year to support veterans, including through health care, income support pensions and allowances.",NA,"504",NA
"We invested $5 million for the Transition and Wellbeing Research programme, which is the largest study undertaken in Australia to examine the impact of military service on the mental health, physical and social health of serving and ex-serving personnel and their families.",NA,"504",NA
"We invested $46.4 million to expand the non-liability health care initiative so that any eligible veteran can now access mental health care services for post-traumatic stress, depression, anxiety, and alcohol and substance abuse.",NA,"504",NA
"We provided greater access to the Veterans and Veterans Families Counselling Service, which we expanded to include service in disaster relief and boarder protection operations, training accidents, medically discharged personnel, submariners and partners and dependent children of these personnel.",NA,"504",NA
"We expanded the Veterans and Veterans Families Counselling Service so that veterans and their families have greater access in more locations to the support they need.",NA,"504",NA
"The Coalition’s strong record on veterans is contrasted by Labor’s contribution.",NA,"305.1",NA
"Labor did not fulfil its 2007 commitment to ‘maintain a generous military superannuation system’.",NA,"305.1",NA
"By opposing legislation, Labor delayed fair indexation for more than 57,000 military superannuants on the Defence Forces Retirement Benefits Scheme and the Defence Force Retirement and Death Benefits scheme.",NA,"504",NA
"Labor postponed the full rollout of the National ADF Family Health Care Programme twice.",NA,"504",NA
"This has meant defence force families did not have guaranteed long term basic health care.",NA,"504",NA
"Labor reduced veterans’ advocacy and welfare funding by $1 million.",NA,"504",NA
"The former Labor Government cut this funding without consultation.",NA,"504",NA
"Labor did not address concerns regarding the ICT systems of Department of Veterans’ Affairs.",NA,"504",NA
"This has created delays in claims times and DVA’s ability to support veterans and veterans’ families.",NA,"504",NA
"Costs",NA,"H",NA
"The Coalition will invest $15 million to support our veterans and their families.",NA,"706",NA
"JOBS AND GROWTH IN TASMANIA",NA,"H",NA
"Key Commitments",NA,"H",NA
"The Coalition will invest in jobs and growth for Tasmania.",NA,"701",NA
"Nearly 7,000 jobs have been created in Tasmania since the Coalition came to government.",NA,"701",NA
"We are investing in Tasmania to increase jobs and deliver more opportunities for Tasmanian businesses and families.",NA,"701",NA
"We will deliver over $2 billion in funding for Tasmanian hospitals over the next four years.",NA,"504",NA
"Under the Coalition, total Commonwealth funding to all schools across Tasmania will increase by $62.0 million, a 16.8 per cent increase from 2015–16 to 2019–20.",NA,"506",NA
"We expanded the Tasmanian Freight Equalisation Scheme, created a Major Projects Approvals Agency to expedite investment in Tasmania, provided $400 million toward the upgrade of the Midland Highway, contributed an additional $60 million for the Tranche II irrigation projects managed by Tasmanian Irrigation, and are investing over $2.1 billion to acquire Australia’s new icebreaker and further support Tasmania as the gateway to Antarctica.",NA,"411",NA
"We are delivering for Tasmania.",NA,"305.1",NA
"The Coalition will continue to support jobs and growth in Tasmania by: ensuring security of Tasmania’s electricity supply by supporting a second Basslink interconnector",NA,"411",NA
"investing $150 million to relocate and expand the University of Tasmania’s (UTAS) campuses in the heart of Burnie and Launceston to increase higher education accessibility, participation, and skills attainment",NA,"506",NA
"partnering in a City Deal for Launceston to maximise the long-term benefits of the UTAS relocation, committing a further $7.5 million to the Council to renew the Launceston CBD, making it an attractive and accessible place to work, study, visit and live",NA,"411",NA
"investing $25 million in a locally-led Regional Tasmania Jobs and Investment Package",NA,"701",NA
"investing over $2 billion to make Hobart the world centre for Antarctic research",NA,"411",NA
"providing nearly $4 million to complete the Three Capes Track and boost tourism",NA,"411",NA
"committing $4 million to establish a National Institute for Forest Products Innovation with one hub located in Launceston",NA,"411",NA
"delivering infrastructure for Tasmania",NA,"411",NA
"providing more export opportunities and tax cuts for Tasmanian businesses",NA,"402",NA
"providing $1 million to the Cradle Coast Authority to enable the Cradle Mountain Master Plan to progress to an investment-ready stage",NA,"402",NA
"The Coalition’s plan for a strong new economy will provide jobs and growth and a secure positive future for Tasmanian businesses and families.",NA,"410",NA
"Our Plan for Jobs and Growth in Tasmania",NA,"H",NA
"Nearly 7,000 jobs have been created in Tasmania since the Coalition came to government.",NA,"701",NA
"We will deliver over $2 billion in funding for Tasmanian hospitals over the next four years.",NA,"504",NA
"Under the Coalition, total Commonwealth funding to all schools across Tasmania will increase by $62.0 million, a 16.8 per cent increase from 2015–16 to 2019–20.",NA,"506",NA
"Our funding will be directed according to need and tied to evidence-based initiatives to support student achievement, such as improving literacy and numeracy, and enhancing teaching quality.",NA,"506",NA
"We expanded the Tasmanian Freight Equalisation Scheme, created a Major Projects Approvals Agency to expedite investment in Tasmania, provided $400 million toward the upgrade of the Midland Highway, contributed an additional $60 million for the Tranche II irrigation projects managed by Tasmanian Irrigation, and invested nearly $2 billion to acquire Australia’s new icebreaker to further support Tasmania as the gateway to Antarctica.",NA,"411",NA
"We are delivering for Tasmania.",NA,"305.1",NA
"The Coalition’s plan for a strong new economy will provide jobs and growth and a secure positive future for Tasmanian businesses and families.",NA,"410",NA
"1. Supporting Tasmania’s energy security",NA,"H",NA
"Tasmania needs reliable energy supplies.",NA,"411",NA
"Families and businesses should have complete confidence that their lights will turn on whenever they need.",NA,"411",NA
"The Coalition will support a second Basslink interconnector to ensure energy security and help drive development of Tasmania’s renewable energy resources, subject to the final business case which we expect to be positive based on the preliminary report by the Hon Warwick Smith AM.",NA,"411",NA
"We commissioned a report into the feasibility of a second Tasmanian interconnector.",NA,"411",NA
"The report was driven by the energy challenges Tasmania was facing with the failure of the Basslink interconnector, low hydroelectricity dam water levels, and the need to investigate how to drive the development of major new renewable energy investments.",NA,"411",NA
"The preliminary report recommends that the Commonwealth and Tasmanian Governments commit to support the construction of a second interconnector, subject to the successful completion of the final business case and the early involvement of the Clean Energy Finance Corporation.",NA,"411",NA
"A second interconnector will play an important role in Tasmania’s long-term energy security and help drive the development of Tasmania’s world class renewable energy resources.",NA,"411",NA
"Along with the potential development of more than 1,000 MW of new renewable energy, a second interconnector could drive investment of around $3 billion for Tasmania.",NA,"411",NA
"As Mr Smith made clear in his preliminary report, there is a case for developing a second interconnector in order to ensure Tasmania’s long term energy security and open the pathway for more than 1,000MW of new renewable energy investment.",NA,"411",NA
"Given the financial complexities involved in developing the business case for a second interconnector and Tasmania’s renewable energy resources, the recommendation about a key role for the Clean Energy Finance Corporation is also welcome.",NA,"411",NA
"The Coalition looks forward to Mr Smith’s final report which is due by the end of the year. It will form a major part in determining the business case for the second interconnector.",NA,"411",NA
"We have taken a sensible approach to this important issue for Tasmania – one that is about delivering real jobs and investment for all Tasmanians.",NA,"411",NA
"2. Supporting jobs and education in Tasmania",NA,"H",NA
"The Coalition will commit $150 million to relocate and expand the University of Tasmania’s (UTAS) campuses in the heart of Burnie and Launceston.",NA,"506",NA
"Our commitment will support jobs and",NA,"701",NA
"increase higher education accessibility, participation and attainment.",NA,"506",NA
"The University of Tasmania makes an important contribution to the state, not only to the education system and social fabric of the community, but also to the economy.",NA,"506",NA
"The University is one of the state’s larger employers, supporting more than one per cent of all jobs in Tasmania.",NA,"506",NA
"Its expenditure is a little over two per cent of Tasmania’s gross state product.",NA,"506",NA
"The potential for the University to make an even bigger contribution to the future of the state is clear.",NA,"506",NA
"Key performance indicators are trending upwards.",NA,"506",NA
"Student enrolments are up by more than 35 per cent over the last five years, and its world ranking has lifted to 305th in 2015, up from 400th in 2010, in the Academic Ranking of World Universities.",NA,"506",NA
"The relocation and expansion of UTAS in the heart of Burnie and Launceston will generate 3,110 local jobs and $1.1 billion in economic output during the construction phase.",NA,"506",NA
"The UTAS campus relocation programme will attract 12,000 new students to higher education in the region over the next decade to help address the state’s educational under-attainment.",NA,"506",NA
"It will help boost Tasmania’s and Australia’s attraction as a high quality international education destination, attracting an additional 1,700 international students to the region.",NA,"506",NA
"International education is one of Australia’s largest services export and a major employer.",NA,"506",NA
"In Tasmania alone, international education generates $164 million for the economy and supports an estimated 1,440 jobs.",NA,"506",NA
"Our investment will build a fit-for-purpose university campus at Inveresk in Launceston, providing modern, world-class teaching, learning and research facilities.",NA,"506",NA
"The new Launceston Institute for Applied Science and Design building will strengthen the future of science, research and the STEM disciplines in Northern Tasmania.",NA,"506",NA
"Modern and accessible educational facilities that use the latest in technology-enhanced learning environments will be constructed at West Park in Burnie, adjacent to the CBD and West Beach.",NA,"506",NA
"The Tasmanian Institute of Agriculture will be relocated to this central site and have room to grow as it extends into applied agriculture, logistics, supply chain analysis and agribusiness.",NA,"506",NA
"Both new campuses will provide innovation centres that support entrepreneurship, startups and industry supply chain spin-offs.",NA,"506",NA
"Central to the UTAS transformation agenda is the need to increase significantly the number of Associate Degree places, which are of particular benefit to students who have never previously participated in further education.",NA,"506",NA
"The Coalition has supported extending the demand driven funding system to sub-bachelor places in universities.",NA,"506",NA
"Labor has twice voted against this in Parliament and has ruled it out in the future.",NA,"506",NA
"UTAS estimates 8,000 students would benefit from Associate Degrees in Tasmania.",NA,"506",NA
"The Coalition supports increasing the number of Associate Degree places, which will benefit UTAS and other regional universities across the country.",NA,"506",NA
"The University of Tasmania will also receive $1.3 million from the National Critical Research Infrastructure Strategy (NCRIS) Agility Fund to ensure the continued effectiveness of the Integrated Marine Observing System.",NA,"411",NA
"The funding will enable UTAS to replace and upgrade priority infrastructure that will see the ongoing provision of data critical to the fishing industry, climate prediction and the resources sector.",NA,"411",NA
"NCRIS is a network of 222 institutions employing more than 1,700 highly skilled technical experts, researchers and facilities managers.",NA,"411",NA
"NCRIS facilities are used by more than 35,000 researchers across Australia and internationally.",NA,"411",NA
"The former Labor Government failed to provide ongoing funding for NCRIS.",NA,"411",NA
"The Coalition’s National Innovation and Science Agenda provided $1.5 billion to ensure that NCRIS continues to drive collaboration between researchers, government and industry to deliver practical outcomes such as the UTAS Integrated Marine Observing System.",NA,"411",NA
"3. Supporting jobs and smart cities in Tasmania",NA,"H",NA
"The investment in UTAS campus relocation will transform the CBDs of Launceston and Burnie, bringing thousands of students and new business opportunities that will energise these city centres.",NA,"410",NA
"The UTAS relocation presents a once-in-a-generation opportunity for long-term jobs and growth in Launceston which will only be realised with tight coordination and integrated planning across all three levels of governments.",NA,"410",NA
"That is why the Turnbull Coalition is partnering in a City Deal for Launceston and committing to invest in the critical infrastructure that will deliver it.",NA,"411",NA
"The Coalition will provide a further $7.5 million to the Launceston City Council to accelerate these benefits and renew the Launceston CBD, making it an attractive and accessible place to work, study, visit and live.",NA,"411",NA
"The programme of works will upgrade civic spaces with paving, tree plantings, street furniture and art.",NA,"411",NA
"New areas and amenities for on-street dining, events and play spaces will be provided.",NA,"411",NA
"Safety and amenity will be improved with CCTV and lighting installations.",NA,"411",NA
"The main bus stop will be relocated and upgraded.",NA,"411",NA
"Pedestrian access will be improved with widened footpaths, signage and smart technology apps to promote access between attractions and other precincts, including the new UTAS Inveresk campus which will connect to the CBD via a new pedestrian bridge.",NA,"411",NA
"An additional 55 wireless access points will be provided across the city providing seamless internet access all the way to the new UTAS campus.",NA,"411",NA
"The Launceston City Heart Project is a major development project, providing 138 new jobs during the construction phase and in excess of 317 direct jobs in the retail, tourism and services sectors in the CBD.",NA,"701",NA
"The award-winning $18.1 million Launceston City Heart project is the largest project ever undertaken by the City of Launceston.",NA,"411",NA
"Our investment in Launceston puts the Coalition’s Smart Cities Plan into action, with smart investment, smart policy and smart technology maximising the potential of all cities, big and small.",NA,"411",NA
"4. $25 million into a locally-led Regional Tasmania Jobs and Investment Package",NA,"H",NA
"The Coalition will invest $25 million into a locally-led Regional Tasmania Jobs and Investment Package.",NA,"701",NA
"Our jobs package will help create local jobs and growth,",NA,"701",NA
"build a highly skilled local workforce",NA,"411",NA
"take advantage of export opportunities and diversify the regional economy",NA,"410",NA
"Grants under the Regional Tasmania Jobs and Investment Package will be awarded through three streams: support for businesses to grow and bring forward expansion plans",NA,"402",NA
"building local infrastructure",NA,"411",NA
"investment in skills and training programmes to build a highly skilled local workforce",NA,"411",NA
"These grants will assist local businesses in Launceston, Devonport, Burnie and other areas across regional Tasmania to grow, as well as encourage new businesses to enter the region, creating new sustainable jobs.",NA,"402",NA
"Grants will attract at least matching co-investment so the total investment in regional Tasmania will be at least $50 million.",NA,"402",NA
"Previous Tasmanian jobs incentive packages since 2013 have demonstrated the enduring year-on-year returns that these packages bring.",NA,"402",NA
"For example, the recent Tasmanian Jobs and Investment fund will deliver 800 new jobs in Tasmania and leverage almost $100 million in new investment.",NA,"701",NA
"Our commitment will help ensure additional jobs growth and investment in Tasmania.",NA,"410",NA
"5. A global centre for Antarctic research",NA,"H",NA
"The Coalition is investing over $2.1 billion to enhance Tasmania’s status as a global hub for Antarctic research hubs and the premier Gateway to East Antarctica.",NA,"411",NA
"We have signed a contract for Australia’s new icebreaker, amounting to a $1.9 billion investment, with the custom built ship due to arrive in Australia in mid-2020.",NA,"411",NA
"More than $1.1 billion (around 80 per cent) of the operations and maintenance spend will be in Australia, with the majority expected in Tasmania.",NA,"411",NA
"The new icebreaker will help to further expand Tasmania’s role as the gateway to Antarctica, and is great news for jobs and growth in the state.",NA,"411",NA
"Australian company DMS Maritime Pty Ltd will project manage the overall ship design and building process and will then operate and maintain the icebreaker from its home port of Hobart.",NA,"411",NA
"The Coalition’s commitment to a new icebreaker is the single biggest investment in the history of the Australian Antarctic programme.",NA,"411",NA
"Our commitment will support operations and science and ensure Tasmania is the scientific partner of choice in East Antarctica.",NA,"411",NA
"In addition to funding for the icebreaker, the Australian Antarctic Strategy is supported with $255 million new funding – this includes $55 million for infrastructure and $200 million for sustainable ongoing funding for the Australian Antarctic programme.",NA,"411",NA
"A modern icebreaker is essential for the resupply of Australia’s Antarctic research stations and to lead a world-class science programme.",NA,"411",NA
"The state-of-the-art icebreaker will be uniquely tailored to meet Australia’s needs, and will be faster, larger, and stronger than the Australian Antarctic programme’s current icebreaker, Aurora Australis and also offers increased endurance and icebreaking capability.",NA,"411",NA
"The new ship provides a modern platform for marine science research in both sea ice and open water, and a moon pool for launching and retrieving remotely operated underwater vehicles.",NA,"411",NA
"The Coalition is making Tasmania a global centre for Antarctic research and science and the partner of choice in East Antarctica.",NA,"411",NA
"6. Tourism",NA,"H",NA
"Tourism is a vital part of the Australian economy, contributing more than $120 billion to the Australian economy last year.",NA,"408",NA
"Tourism is also critical to regional Australia, with 45 cents in every tourism dollar spent in regional Australia.",NA,"408",NA
"Over half (52 per cent) of Tasmania’s tourism businesses are located in regional areas.",NA,"408",NA
"Tourism is particularly important to jobs",NA,"701",NA
"and growth in Tasmania and drives nine per cent of Tasmania’s Gross Domestic Product (GDP).",NA,"410",NA
"The tourism industry employs approximately 37,000 Tasmanians.",NA,"701",NA
"The Coalition will support tourism,",NA,"402",NA
"jobs",NA,"701",NA
"and growth in Tasmania.",NA,"410",NA
"Tasmania has been leading Australia in record growth in both domestic and international visitor numbers and expenditure and is well positioned to capture the demand of mainland Australians and the emerging middle class of Asia.",NA,"410",NA
"In 2015, international visitation to Tasmania grew by 20 per cent to 211,788 visitors and spend by these visitors grew by 34 per cent to $351 million.",NA,"410",NA
"In the same period, domestic visitor nights grew by 17 per cent to 10.9 million nights and overnight trip expenditure grew 20 per cent to $2.2 billion.",NA,"410",NA
"Consumer research by Tourism Australia found that one of Australia’s greatest drawcards is the quality of its natural attractions.",NA,"408",NA
"|Australia is rated number one in the world when it comes to world class beauty and natural environment, and Tasmania delivers on this quality in spades.",NA,"408",NA
"We will: provide $3.8 million to facilitate the completion of the Three Capes Track.",NA,"402",NA
"The Track is a shining example of Tasmania’s high-end eco-tourism offering.",NA,"402",NA
"Completion of the third track will create jobs during construction and allow its full potential to be realised, benefiting the Tasmanian economy.",NA,"701",NA
"provide $1 million to the Cradle Coast Authority to enable the Cradle Mountain Master Plan to progress to an investment-ready stage.",NA,"402",NA
"Our funding will support the development of a full business case and economic impact statement, further detailed design work and engineering advice, and the preliminary environmental assessments needed to enable the project to proceed.",NA,"402",NA
"provide $70,000 to undertake a demand study into the “Geeves Effect” tourism development proposal for southern Tasmania.",NA,"402",NA
"The “Geeves Effect” is a tourism proposal in southern Tasmania encompassing the development of a wilderness precinct for tourism accommodation and activity adjacent to the Tasmania World Heritage Area at Lake Geeves.",NA,"402",NA
"The “Geeves Effect” has the potential to unlock the tourism potential of Australia’s highest cliffs in one of the world’s most significant natural World Heritage Areas by creating an environmentally sustainable and demand-driving tourism drawcard.",NA,"402",NA
"These projects have the potential to create more jobs and growth in Tasmania, providing unique destinations for tourist activity.",NA,"701",NA
"7. Establish a National Institute for Forest Products Innovation research hub",NA,"H",NA
"The Coalition will commit $4 million to establish a National Institute for Forest Products Innovation.",NA,"703.1",NA
"The Institute will operate as a dispersed network model with one hub in Launceston, based at the University of Tasmania, and another hub based in Mt Gambier in South Australia’s Green Triangle.",NA,"703.1",NA
"Each hub will receive $2 million in funding.",NA,"703.1",NA
"Forestry is worth $1 billion to Tasmania and employs close to 3,500 people across the value chain.",NA,"703.1",NA
"Our forests provide significant economic and environmental benefits to all Australians—so we need a clear plan for how we manage them into the future to capitalise on the opportunities before us.",NA,"703.1",NA
"To take full advantage of the Coalition’s commitment to the 20 year Regional Forest Agreements, the National Institute for Forest Products Innovation will support the forest industry’s focus on high-value outcomes and its contribution to low carbon, low energy economies.",NA,"703.1",NA
"Innovation in forest management, timber processing, wood fibre recovery, advanced manufacturing and the bio-economy will ensure a strong future for this critical Tasmanian industry.",NA,"703.1",NA
"8. Delivering infrastructure for Tasmania",NA,"H",NA
"The Coalition is investing nearly $1 billion in the infrastructure Tasmania needs.",NA,"411",NA
"We provided $400 million toward the upgrade of the Midland Highway, contributed an additional $60 million for the Tranche II irrigation projects managed by Tasmanian Irrigation, invested $60 million in Freight Rail Revitalisation and provided $26 million to upgrade the Brooker Highway.",NA,"411",NA
"Since the 2013 election, more than $45 million has been invested in local transport infrastructure projects.",NA,"411",NA
"Our investment in the Midland Highway is generating 260 jobs.",NA,"701",NA
"Further jobs are being created in local communities from our investments in local infrastructure around the state.",NA,"701",NA
"Tasmania is also benefitting from the Coalition’s commitment to extend from 2019 a number of programmes that fund upgrades to local roads including: Roads to Recovery – $400 million per year, Maintenance – $350 million per year, Black Spots – $60 million per year, Bridges Renewal – $60 million per year and Heavy Vehicle Safety – $40 million per year programmes.",NA,"411",NA
"We are also delivering an additional $60 million commitment to extend the successful Mobile Black Spot Programme.",NA,"411",NA
"9. Promoting exports",NA,"H",NA
"Trade and investment create job opportunities for Australians.",NA,"407",NA
"More than 450,000 jobs have been created since the Coalition came to government.",NA,"407",NA
"We delivered break-through free trade agreements with China, Japan and South Korea and upgraded our free trade agreement with Singapore.",NA,"407",NA
"These free trade agreements are delivering thousands of jobs and growth opportunities for Australian businesses.",NA,"407",NA
"Up to 10,000 new jobs are expected to be created in the financial services sector alone by 2030.",NA,"407",NA
"In the first year of operation, our agreements with South Korea and Japan delivered real benefits for the agricultural sector: the value of Australian exports of fresh beef to Japan increased by 22 per cent to just over $1 billion; exports of bottled wine to South Korea increased 53 per cent; and China’s imports of fresh Australian lobster between January and March were triple those of 12 months ago.",NA,"703.1",NA
"The Tasmanian Farmers and Graziers Association has said that the China-Australia free trade agreement will: “…open bilateral investment opportunities in agriculture that have eluded us for far too long…It’s absolutely amazing when you see the scale and interest in Tasmania from here.”",NA,"703.1",NA
"The Launceston-based Oz Honey, the largest honey company in Tasmania, will see a 15 per cent tariff on honey products entirely eliminated over four years.",NA,"703.1",NA
"The Tasmanian Salmonid Growers Association has said: “This FTA [between China and Australia] clearly opens many doors for Tasmanian seafood producers. Tasmania is in a prime spot to benefit. Until now, the absence of a bilateral FTA with China has meant Australian producers and exporters have faced significant tariffs on agricultural products and have been at a competitive disadvantage with respect to countries that already have an FTA with China – including New Zealand, Chile and the ASEAN nations.” [2]",NA,"703.1",NA
"Tasmania will be a clear winner from our free trade agreements: Tasmania exported $116.5 million of milk and milk products internationally this past financial year.",NA,"703.1",NA
"Under our free trade agreement with China, the 15 per cent tariff on liquid milk is being progressively eliminated.",NA,"703.1",NA
"Tasmania exported $56.5 million of fruit and vegetables internationally this past financial year, including berries and carrots.",NA,"703.1",NA
"Under our free trade agreement with China, berries currently face a tariff into China of up to 25 per cent.",NA,"703.1",NA
"Carrots face a tariff into China of 13 per cent.",NA,"703.1",NA
"Both of these tariffs are being progressively eliminated.",NA,"703.1",NA
"Tasmania exported $147.1 million of seafood internationally this past financial year.",NA,"703.1",NA
"Salmon faces a tariff of 12 per cent on current exports to China, but under this agreement will be progressively eliminated.",NA,"703.1",NA
"Australia’s economy will be $24 billion larger by 2035 because of the Coalition’s free trade agreements with China, Japan and South Korea.",NA,"407",NA
"The free trade agreements with China, Japan and South Korea are forecast to create some 7,900 jobs this year and over 14,500 jobs in 2020.",NA,"701",NA
"10. Delivering a tax cut for Tasmanian business",NA,"H",NA
"The Coalition will deliver a corporate tax cut for Australia’s small businesses.",NA,"402",NA
"Our commitment will mean greater cash flow for small businesses, giving them more capacity to invest, grow their business, employ more people, and push their products or services into new markets.",NA,"402",NA
"From 1 July 2016, small businesses will have their corporate tax rate progressively reduced.",NA,"402",NA
"On 1 July 2016, the tax rate will fall to 27.5 per cent.",NA,"402",NA
"This 27.5 per cent rate will be gradually extended to all companies, before falling to 27 per cent on 1 July 2024, 26 percent on 1 July 2025 and 25 per cent on 1 July 2026.",NA,"402",NA
"Because not all small businesses are incorporated, from 1 July 2016, unincorporated businesses with annual turnover less than $5 million will be able to access an increased unincorporated tax discount of 8 per cent, capped at $1,000.",NA,"402",NA
"Our commitment will support Australian business and Australia’s tourism sector.",NA,"402",NA
"11. New mobile base stations in Tasmania under the Coalition’s $220 million Mobile Black Spot Programme",NA,"H",NA
"Tasmania will receive improved mobile phone coverage if the Coalition is re-elected as part of an additional $60 million commitment on top of the $160 million already invested in mobile black spots to extend the successful Mobile Black Spot Programme.",NA,"411",NA
"New mobile base stations across Tasmania in Blackstone Heights; Flinders Island; Beechford, Lefroy; Musselroe Bay; Gunns Plains; Sulphur Creek; Devonport; Yolla; Murdunna; Wilmot; and Lachlan will bring a much-needed boost to mobile coverage, providing benefits to emergency service operators, businesses, and residents.",NA,"411",NA
"This is in addition to the 29 base stations currently being constructed in Tasmania under our previous round of the programme for Melrose; Elliott; Gawler; Loyetea; Sisters Beach; South Riana; Takone; Nunamara; Lulworth; Targa; Rossarden; Mole Creek; Cramps Bay; Whitefoord; Bicheno; Buckland; Miena; Pyengana; Swansea; Tarraleah; Apslawn; Brandum; Goshen; Wayatinah; Okehampton Beach; Bothwell; Hamilton; Steppes; and Little Swanport.",NA,"411",NA
"The Coalition is investing $220 million into fixing mobile black spots; in six years of government Labor invested $0.",NA,"411",NA
"The Coalition’s $220 million plan to address mobile black spots will ensure that Tasmania has far wider and more reliable mobile phone coverage.",NA,"411",NA
"The Choice",NA,"H",NA
"The Coalition has invested in Tasmania.",NA,"411",NA
"We expanded the Tasmanian Freight Equalisation Scheme, created a Major Projects Approvals Agency to expedite investment in Tasmania, provided $400 million toward the upgrade of the Midland Highway, contributed an additional $60 million for the Tranche II irrigation projects managed by Tasmanian Irrigation, and invested nearly $2 billion to acquire Australia’s new icebreaker to further support Tasmania as the gateway to Antarctica.",NA,"411",NA
"We have also strongly supported the University of Tasmania over the last three years and are committed to lifting aspiration and education outcomes.",NA,"506",NA
"Over the last three years student numbers at UTAS have increased by 10 per cent and the Coalition has increased UTAS’ funding for teaching and learning by 23 per cent.",NA,"506",NA
"The university has received $68 million in ARC competitive grants.",NA,"506",NA
"UTAS also receives the second highest regional loading funding of any university from the Commonwealth.",NA,"506",NA
"It represents 4 per cent of those universities in receipt of the subsidy yet its share of the total pool is more than 13 per cent.",NA,"506",NA
"The Coalition has released a higher education reform policy options paper to enable further engagement with the sector and stakeholders to chart a path to a fair, accessible, affordable and innovative world-class higher education system.",NA,"506",NA
"Since 2009, taxpayer funding for student tuition has grown by 59 per cent while nominal GDP growth over the same period has been 29 per cent.",NA,"506",NA
"The growth in taxpayer funding for student tuition is at twice the rate of the growth in the economy.",NA,"506",NA
"When Labor was last in government it announced $6.6 billion worth of cuts to higher education and research.",NA,"506",NA
"The Coalition has supported extending the demand driven funding system to sub-bachelor places in universities.",NA,"506",NA
"Labor has twice voted against this in Parliament and has ruled it out in the future.",NA,"506",NA
"UTAS estimates 8,000 students would benefit from Associate Degrees in Tasmania.",NA,"506",NA
"The Coalition is delivering the largest investment in Australia’s infrastructure in our history as part of our economic plan for jobs and growth.",NA,"411",NA
"We have committed over $50 billion to 2019-20 in critical road and rail infrastructure.",NA,"411",NA
"Costs",NA,"H",NA
"The Coalition will provide a capped contribution of $150 million to the University of Tasmania’s $300 million plan to relocate and develop its Launceston and Burnie campuses.",NA,"506",NA
"We commit a further $7.5 million to the Launceston City Council to support the $18 million Launceston City Heart Project.",NA,"411",NA
"The Coalition will commit $4 million to establish a National Institute for Forest Products Innovation.",NA,"703.1",NA
"The Institute will operate as a dispersed network model.",NA,"703.1",NA
"The Coalition will provide $2 million to the establishment of the hub at UTAS in Launceston.",NA,"703.1",NA
"We will also commit $3.8 million to facilitate the completion of the Three Capes Track, $1 million to progress the Cradle Mountain Master Plan to an investment-ready stage and $70,000 to develop a demand study for the Geeves Effect tourism proposal.",NA,"402",NA
"A SAFE AND PROSPEROUS AUSTRALIA",NA,"H",NA
"Key Commitments",NA,"H",NA
"The Government is strengthening Australia’s national security and",NA,"104",NA
"enhancing our prosperity after years of mismanagement by Labor.",NA,"410",NA
"Our economic diplomacy strategy is delivering real benefits to Australian businesses and our economy and is generating jobs.",NA,"407",NA
"The Coalition’s emphasis on consultation and mutual respect is building trust in Australia as a reliable partner of choice in the Indo-Pacific region.",NA,"407",NA
"We are broadening and deepening our bilateral relationships with key strategic and economic partners including the United States, China, Japan, South Korea, India, Singapore and Indonesia.",NA,"107",NA
"We are keeping Australians safe from terrorism by cancelling the passports of foreign fighters, making it an offence for Australians to enter declared terrorist-controlled areas in Syria and Iraq and working closely with regional friends and partners.",NA,"104",NA
"We are refocusing Australia’s diplomatic, trade and development efforts on our region.",NA,"107",NA
"We are delivering a sustainable, effective and affordable aid program that helps developing countries reduce poverty and promote sustainable economic growth, giving priority to women and girls, education, health and aid-for-trade.",NA,"107",NA
"The Government’s student overseas study program, the New Colombo Plan, is supporting Australian university students to study and undertake internships in more than 35 countries in our region.",NA,"107",NA
"This is building a generation of future Australian leaders with deeper understanding of our region and relationships to last a lifetime.",NA,"107",NA
"The Coalition’s foreign policy prepares Australia for the opportunities and challenges of the 21st century by: expanding Australia’s overseas diplomatic presence",NA,"107",NA
"boosting Australia’s crisis response capability",NA,"107",NA
"establishing regional health security partnerships",NA,"107",NA
"supporting a Pacific Women Mentoring Programme",NA,"107",NA
"developing a contemporary foreign policy strategy that builds on our achievements and focuses on 21st century challenges and opportunities",NA,"107",NA
"Our Plan for a Safe and Prosperous Australia",NA,"H",NA
"The Coalition’s commitments will strengthen Australia’s international engagement",NA,"107",NA
", protect our national security",NA,"104",NA
"and enhance the prosperity of the Australian people.",NA,"410",NA
"1. Expanding Australia’s overseas diplomatic presence",NA,"H",NA
"The Coalition will invest $58 million over four years to expand Australia’s overseas diplomatic presence as part of our economic diplomacy strategy, which is enhancing our country’s prosperity and creating jobs.",NA,"107",NA
"These new missions will increase market access for Australian businesses in the global economy, strengthen our national security, and enhance our ability to provide consular assistance to Australians working and travelling overseas.",NA,"107",NA
"Since 2013 the Coalition has established eight new diplomatic missions and Austrade posts – the largest single expansion in over 40 years.",NA,"107",NA
"2. Enhancing Australia’s crisis response capability",NA,"H",NA
"The Coalition will invest $8 million over four years to boost Australia’s crisis response capability.",NA,"107",NA
"We will establish a Global Watch Office, staffed 24 hours a day, to provide timely and accurate advice on emergency situations overseas, enhancing Australia’s capacity to respond to crises anywhere in the world.",NA,"107",NA
"The shooting down of Malaysian Airlines flight MH17 over Ukraine and other recent global emergencies, including terrorist attacks in France, Belgium and Turkey, and natural disasters in our region, have highlighted the need to enhance Australia’s crisis response capability.",NA,"107",NA
"3.Establishing a regional health security partnerships fund",NA,"H",NA
"The Coalition will invest $100 million over five years to establish a regional health security partnership fund to harness Australia’s world leading research institutions, scientific expertise, innovators and entrepreneurs to improve health outcomes in our part of the world.",NA,"107",NA
"The regional health security partnership fund will sponsor partnerships with academic, private sector, non-government and medical institutions to tackle the emerging health security risks in our region.",NA,"107",NA
"Our commitment will also support internships for Australian medical and research students and young professionals to undertake work in partner institutions in the region.",NA,"107",NA
"The Coalition’s commitment will be funded from the official development assistance budget.",NA,"107",NA
"4. Supporting a Pacific Women Mentoring Programme",NA,"H",NA
"The Coalition will invest $5.4 million over five years to support a mentoring programme that connects female leaders in Australia with emerging women leaders in our region.",NA,"107",NA
"Through exchanges and forums, Australian women will provide cross border support to emerging women leaders in the public and private sector.",NA,"107",NA
"The programme will encourage women to take on leadership roles, particularly in policy making, and deepen people-to-people links between Australia and nations in our region.",NA,"107",NA
"The empowerment of women in our region is a crucial pillar in building peace and stability.",NA,"107",NA
"The Coalition’s commitment will be funded from the official development assistance budget.",NA,"107",NA
"5. Developing a contemporary foreign policy strategy for the 21st century",NA,"H",NA
"The Coalition will develop a contemporary and comprehensive foreign policy strategy within twelve months of the election to build on our achievements over the past three years and to focus on the challenges, including new and emerging threats, and the opportunities that lie ahead.",NA,"107",NA
"The last Australian foreign policy strategy was produced by the Howard Government in 2003.",NA,"107",NA
"The strategy will include analysis of the international opportunities and challenges that Australia faces in the 21st century, and will guide foreign policy and diplomatic efforts for the future.",NA,"107",NA
"As a liberal democracy committed to the rule of law and an open export orientated market economy, Australia must continue to be a significant voice on the world stage to protect our national interest.",NA,"107",NA
"The Choice",NA,"H",NA
"The Coalition has delivered significant commitments to strengthen Australia’s foreign engagement.",NA,"107",NA
"Since the 2013 election, the Coalition has:concluded free trade agreements with three of our largest export markets – China, Japan and South Korea – after six years of Labor indecision and inaction",NA,"407",NA
"strengthened Australia’s national security, introducing new laws to keep Australians safe from terrorism and combatting ISIL in Syria and Iraq",NA,"104",NA
"launched a student overseas study program, the New Colombo Plan, to support Australian university students to study and undertake internships in the region",NA,"107",NA
"implemented an economic diplomacy strategy to support jobs and growth in Australia",NA,"407",NA
"promoted Australia’s interests at the United Nations Security Council, playing a lead role in the international response to the downing of Malaysian Airlines flight MH17 over Ukraine",NA,"107",NA
"opened eight new diplomatic missions and Austrade posts around the world – the single largest expansion of our overseas presence in 40 years",NA,"107",NA
"established the innovationXchange to develop bold and creative solutions to development challenges in our region",NA,"107",NA
"created new partnerships with the private sector to deliver development outcomes",NA,"107",NA
"strengthened Australia’s relationships with key strategic and economic partners including the United States, China, Japan, South Korea, India, Singapore and Indonesia",NA,"107",NA
"enhanced Australia’s engagement with Pacific Island countries, including normalising relations with Fiji and leading international recovery and reconstruction efforts in Vanuatu and Fiji following devastating tropical cyclones",NA,"107",NA
"established a school of government in PNG",NA,"107",NA
"Throughout its time in Government, Labor’s rushed decision making and obsession with the media cycle damaged Australia’s important bilateral relationships.",NA,"305.1",NA
"From unilaterally cancelling Australia’s live cattle trade with Indonesia to announcing a regional processing centre in Timor-Leste without proper consultation, Labor’s efforts focused on addressing its domestic political failures, rather than serving the national interest.",NA,"305.1",NA
"Labor would scrap the Coalition’s economic diplomacy agenda, which is creating new jobs for Australian workers through increased trade and investment.",NA,"305.1",NA
"Costs",NA,"H",NA
"The Coalition’s policy for a safe and prosperous Australia will not place additional costs on the Budget.",NA,"104",NA
"A STRONG NEW ECONOMY",NA,"H",NA
"In this very uncertain world, Australia needs a strong economic plan for jobs and families.",NA,"305.6",NA
"Our Plan will provide growth, jobs and a secure future for Australian families through:",NA,"410",NA
"An innovation and science programme bringing more great Australian ideas to market, providing tax incentives to invest in start-up businesses and",NA,"411",NA
"helping prepare our children for the jobs of the future by boosting participation in science, technology, engineering and maths (STEM).",NA,"411",NA
"A defence industry plan that will secure the nation",NA,"104",NA
"and supports innovative Australian companies,",NA,"402",NA
"local advanced manufacturing and hi-tech jobs, particularly in regional Australia.",NA,"701",NA
"Export trade deals to generate new business opportunities, give our farmers a competitive edge and open doors into expanding markets for our service industries.",NA,"402",NA
"Tax cuts and incentives for small businesses and hard working families.",NA,"402",NA
"A sustainable budget with crackdowns on tax avoidance and loopholes",NA,"414",NA
"The restoration of the rule of law in the construction industry by re-establishing the Australian Building and Construction Commission.",NA,"702",NA
"We are restoring honesty and fairness to the workplace relations system.",NA,"702",NA
"Our Plan will deliver the benefits of a growing economy and a better community to all Australians.",NA,"410",NA
"Our Plan will deliver a strong new economy with more than 200,000 new jobs for Australian workers.",NA,"701",NA
"Our Economic Plan is seeing results:",NA,"305.1",NA
"The Australian economy is growing at 3% a year – faster than any of the G7 economies.",NA,"410",NA
"Around 300,000 new jobs were created last year, the strongest growth in employment since 2007.",NA,"701",NA
"The Coalition is directing every lever of policy to secure our nation’s prosperity and economic security for the 21st century.",NA,"404",NA
"SUPPORTING AUSTRALIA’S FARMERS AND EXPORTERS",NA,"H",NA
"Australia’s export trade agreements with China, Japan and South Korea – three of our four largest export markets – will set Australia up for the long term.",NA,"407",NA
"These agreements will grow our economy, create jobs and benefit consumers.",NA,"407",NA
"Independent economic modelling has found that together these three free trade agreements will, over the next two decades, create many thousands of new jobs, make households more than $4,000 better off and boost GDP by almost $25 billion.",NA,"407",NA
"For Australian consumers and businesses, the new trade agreements will also place downward pressure on the prices of some goods, such as vehicles, electronics, clothes and household appliances.",NA,"407",NA
"The Trans-Pacific Partnership Agreement (TPP) promises even greater benefits for Australian exporters and investors in the fast growing Asia-Pacific region.",NA,"407",NA
"We are negotiating further export agreements with India, Indonesia, and regional and Pacific nations and have agreed to negotiate an FTA with the 28-member European Union, creating even greater opportunities for Australian businesses.",NA,"407",NA
"China",NA,"H",NA
"Australians are already benefitting from the China-Australia Free Trade Agreement through greater market access for Australian goods and services.",NA,"407",NA
"This is the most liberalising FTA that China has ever undertaken.",NA,"407",NA
"96% of Australian exports to China will be tariff free once this agreement is fully implemented.",NA,"407",NA
"Farmers will benefit with the complete removal of tariffs of key exports such as dairy, beef, lamb, wine, horticulture and seafood.",NA,"703.1",NA
"The China FTA also opens opportunities in China for Australian private hospitals, providers of aged care services, telecommunications companies and a wide range of other service providers.",NA,"407",NA
"Japan",NA,"H",NA
"The Japan-Australia Economic Partnership Agreement is the most ambitious trade deal Japan has concluded with any other country.",NA,"407",NA
"When fully implemented, more than 97% of Australian exports will enter Japan – the world’s third-largest economy – duty free or with preferential access.",NA,"407",NA
"The tariffs on our biggest agricultural export to Japan – beef – will almost be halved, while tariffs will be eliminated on other key agricultural exports, including a range of wine, seafood, processed food, fruit, vegetables and nuts.",NA,"703.1",NA
"Australia will also gain new levels of access to the Japanese market for a range of services.",NA,"407",NA
"Australian consumers will also benefit from downward pressure on prices for Japanese cars and parts and a range of household items including whitegoods and electronics through the elimination of tariffs.",NA,"407",NA
"South Korea",NA,"H",NA
"Under this agreement, almost 100% of all Australian exports to Korea will be able to enter duty free on full implementation of the Agreement.",NA,"407",NA
"Independent economic modelling estimates that, by 2030, exports of agricultural goods to South Korea will be 73% higher,",NA,"703.1",NA
"manufacturing exports will be 53% higher and mining exports will be 17% higher than would otherwise be the case.",NA,"407",NA
"Trans-Pacific Partnership",NA,"H",NA
"Our goods and services exports to the Trans-Pacific Partnership markets were worth $107 billion in 2014-15 – a third of all our exports.",NA,"407",NA
"The TPP will deliver substantial new trade and investment opportunities and greater access to the world’s most dynamic economies for our service industries.",NA,"407",NA
"Stronger Farmers, Stronger Economy",NA,"H",NA
"The opportunities for the agricultural sector are enormous.",NA,"703.1",NA
"We sit on the edge of the strongest growing region in the world, we have a developed agriculture sector with sound prospects for expansion, we have food safety, animal welfare, biosecurity and environmental credentials that are world-class and we have a well-educated and skilled workforce.",NA,"703.1",NA
"The Coalition is focused on delivering agricultural policies that deliver: increased returns for farmers at the farm gate;",NA,"703.1",NA
"a fairer go for farm businesses;",NA,"703.1",NA
"building 21st Century water, transport and communications infrastructure;",NA,"703.1",NA
"strengthening our approach to drought and risk management to boost farm resilience;",NA,"703.1",NA
"a smarter approach to farming based on a strong research and development system; and",NA,"703.1",NA
"access to premium markets.",NA,"703.1",NA
"Agricultural Competitiveness White Paper",NA,"H",NA
"The Coalition has delivered and implemented the Agricultural Competitiveness White Paper, a $4 billion investment in Australia’s farmers, strengthening the agricultural sector to ensure it remains competitive.",NA,"703.1",NA
"Through the White Paper, the Coalition is lowering tax, putting in place clearer drought support measures, cutting red and green tape, building infrastructure, encouraging trade, developing northern Australia and supporting business to innovate and create jobs.",NA,"703.1",NA
"The White Paper delivers the $500 million National Water Infrastructure Development Fund to plan for and build the water infrastructure, including new dams and pipelines, needed to secure growth in agricultural production and regional communities.",NA,"703.1",NA
"National Water Infrastructure Loan Facility",NA,"H",NA
"The Coalition Government will make available $2 billion over 10 years for loans to the state and territory governments under a new National Water Infrastructure Loan Facility.",NA,"411",NA
"The loan facility will be available from 2016-17 to enhance the capital available for water infrastructure projects, stimulating and accelerating investments in water infrastructure in regional areas by the states.",NA,"411",NA
"This will include the construction of new dams, pipelines and managed aquifer recharge projects that are economically viable and will generate affordable water to grow regional economies.",NA,"411",NA
"Access to affordable water will be a key influence over the extent to which Australia’s farm and food sectors can realise export growth opportunities and meet growing demand from population growth.",NA,"703.1",NA
"Drought assistance for farmers",NA,"H",NA
"The Coalition is committed to supporting farmers – as well as the rural communities they help to sustain – to prepare for, manage through and recover from drought and adverse conditions.",NA,"703.1",NA
"The Coalition has delivered more than $710 million in drought assistance and support to farmers and rural communities experiencing hardship.",NA,"703.1",NA
"$2.5 billion has been set aside over the next 10 years for drought concessional loans, on top of more than $426 million paid out in approved concessional loans to over 800 farm businesses so far.",NA,"703.1",NA
"We are delivering support to farmers in need by enhancing the Rural Financial Counselling Service and have introduced the Farm Household Allowance, which is a fortnightly payment that has so far assisted 6,000 farmers.",NA,"703.1",NA
"Research and Development",NA,"H",NA
"The Coalition has always been a strong supporter of the agricultural research and development (R&D) system including collection of grower levies supported by matching Commonwealth funding.",NA,"703.1",NA
"The Coalition delivering on its commitment to boost agricultural innovation and competitiveness by investing in the Research and Development for Profit program, for which $78 million in R&D projects have been approved.",NA,"703.1",NA
"In the White Paper the Coalition delivered a further $100 million for the R&D for Profit, extending the program to 2021-22.",NA,"703.1",NA
"INNOVATION AND SCIENCE AGENDA",NA,"H",NA
"The Coalition Government’s National Innovation and Science Agenda will help create a strong new economy with more jobs, by investing in the talents and ideas of the Australian people.",NA,"410",NA
"PricewaterhouseCoopers has estimated an innovation focussed Australian economy has the potential to add $37 billion to GDP in 2024 and as much as $136 billion in 2034",NA,"410",NA
"– as well as creating more than 540,000 new jobs.",NA,"701",NA
"The Coalition is investing $1.1 billion to incentivise innovation and entrepreneurship and help bring more great Australian ideas to market, by:",NA,"402",NA
"Providing tax incentives to encourage investment in innovative start-ups so they can survive and thrive;",NA,"402",NA
"Attracting more venture capital investment into high potential start-ups;",NA,"402",NA
"Making it easier for aspiring entrepreneurs to access crowd-sourced equity funding;",NA,"402",NA
"Helping small businesses attract world-class staff by improving employee share schemes;",NA,"402",NA
"Providing long-term funding certainty for cutting-edge, national research infrastructure.",NA,"411",NA
"The Agenda will also help prepare our children for the jobs of the future by boosting participation in science, technology, engineering and maths (STEM) in schools.",NA,"411",NA
"The National Innovation and Science Agenda focuses on four priority areas:",NA,"402",NA
"Culture and capital – to help businesses embrace risk and incentivise early stage investment in start-ups;",NA,"402",NA
"Collaboration – to increase the level of engagement between businesses, universities and the research sector to commercialise ideas and solve problems;",NA,"402",NA
"Talent and skills – to train Australian students for the jobs of the future and attract the world’s most innovative talent to Australia; and",NA,"411",NA
"Government as an exemplar – leading by example in the way it invests in and uses technology and data to deliver better quality services.",NA,"411",NA
"For more details about specific measures, click here. (LINK to Australian Liberal Party webpage)",NA,NA,NA
"PROTECTING OUR BORDERS",NA,"H",NA
"The Coalition has stopped the boats.",NA,"602.1",NA
"We have restored the integrity of Australia’s borders and have stopped the deaths at sea.",NA,"602.1",NA
"The Coalition removed all children who arrived by boat from detention in Australia. In contrast, Labor detained more than 8,500 children over six years.",NA,"305.1",NA
"Stopping the boats has also enabled the Government to close 17 detention centres saving the Budget $3 billion.",NA,"303",NA
"The Coalition has re-introduced Temporary Protection Visas,",NA,"602.2",NA
"commenced processing Labor’s legacy caseload of more than 30,000 illegal maritime arrivals and will continue to return those found not to be owed protection and those that commit serious crimes.",NA,"601.2",NA
"The Coalition has also restored integrity to the Refugee and Humanitarian Programme.",NA,"602.2",NA
"According to UNHCR data, Australia is one of the three most generous nations when it comes to permanently resettling refugees.",NA,"602.2",NA
"This year 13,750 places will be made available for resettlement in Australia rising to 18,750 in 2018/19. Once again these places are going to those most in need around the world, not people arriving by boat.",NA,"602.2",NA
"Stopping the boats also enabled Australia to take an additional 12,000 refugees from the conflicts in Syria and Iraq.",NA,"602.2",NA
"The first of these refugees have arrived and they are starting new lives in Australia. The Government continues to ensure that all visa grants are subject to strict security and other checks.",NA,"602.2",NA
"The Government has also established the Australian Border Force – streamlining and integrating agencies to better protect the nation’s borders and keep Australia safe and secure.",NA,"605.1",NA
"The Australian Border Force is partnering with the Australian Federal Police to combat border related crime, catch dangerous drugs like Ice at the border and target national security threats with dedicated Counter Terrorism Units at Australia’s major airports.",NA,"605.1",NA
"The Coalition will always be resolute in protecting our borders and we will stick to the policies that work.",NA,"605.1",NA
"BACKING SMALL BUSINESS",NA,"H",NA
"Small business is the engine room of the Australian economy, employing 4.7 million Australians.",NA,"401",NA
"Small and medium businesses are driving jobs growth in Australia and must continue to do so.",NA,"401",NA
"That is why last year, we announced:",NA,"402",NA
"A 1.5 percentage point tax cut for incorporated small businesses with a turnover of less than $2 million per year;",NA,"402",NA
"A 5% tax discount for unincorporated small businesses;",NA,"402",NA
"Immediate tax deductions for each and every asset purchased up to $20,000;",NA,"402",NA
"Immediate deductibility of professional expenses when establishing new small businesses.",NA,"402",NA
"The Coalition Government’s Ten Year Enterprise Tax Plan will support growth, higher wages and jobs by lowering the tax rate for companies over time to an internationally competitive level.",NA,"402",NA
"We will: Cut the small business company tax rate to 27.5 per cent for small businesses with a turnover less than $10 million.",NA,"402",NA
"Increase the unincorporated tax discount from 5 per cent to 8 per cent, capped at $1,000 for small businesses with a turnover less than $5 million.",NA,"402",NA
"Extend access to the instant asset write off so that small businesses with a turnover less than $10 million can instantly deduct each and every asset under $20,000.",NA,"402",NA
"Make life easier by simplifying Business Activity Statements (BAS), reducing reporting labels from seven to three.",NA,"303",NA
"The company tax rate will be progressively lowered to 25 per cent by 2026-27 for all companies.",NA,"402",NA
"We are also supporting small business by:",NA,"303",NA
"Cutting red tape by $4.5 billion, including simplifying the process for establishing an employee share scheme and removing almost 450,000 small businesses from the PAYG system;",NA,"303",NA
"Opening new markets by signing export trade agreements with China, Korea and Japan;",NA,"402",NA
"Extending protections against unfair contract terms to small businesses;",NA,"403",NA
"Appointing the first ever Small Business and Family Enterprise Ombudsman.",NA,"403",NA
"The Coalition is also fixing Australia’s competition laws to help small to medium companies compete with larger established ones and to ensure they’re not shut out of markets unfairly by the big players.",NA,"403",NA
"Adopting the recommendations of the Harper Review, the Coalition will repeal the current Section 46 of the Competition and Consumer Act and replace it with a new provision that prevents firms with substantial market power from engaging in conduct that has the purpose, effect or likely effect of substantially lessening competition.",NA,"403",NA
"This will prevent the misuse of market power and benefit small businesses.",NA,"403",NA
"It will enhance competition, support innovation, benefit consumers and boost jobs and growth.",NA,"410",NA
"This is an important reform for Australia’s more than two million small businesses.",NA,"401",NA
"CLEANING UP THE CONSTRUCTION INDUSTRY",NA,"H",NA
"The Coalition will reintroduce the Australian Building and Construction Commission (ABCC), to restore the rule of law in the construction industry.",NA,"702",NA
"The construction industry employs more than 1 million Australians, in around 340,000 (predominantly small) businesses.",NA,"701",NA
"Unfortunately, bullying, intimidation and lawlessness are rife.",NA,"702",NA
"As at March 2016, there were over 100 officials of the Construction, Forestry, Mining and Energy Union (CFMEU) before the courts for allegedly breaching workplace laws.",NA,"702",NA
"Currently, around 2 out of every 3 working days lost to industrial disputes are in the construction industry.",NA,"702",NA
"Since Labor abolished the ABCC, the number of working days lost to industrial disputes in the construction industry has increased by 34%.",NA,"702",NA
"Re-establishing the ABCC is critical for jobs, growth and our transition to a strong new economy.",NA,"410",NA
"Restoring the rule of law to the construction industry is also critical for Australia’s ability to afford the infrastructure of the 21st century.",NA,"411",NA
"An honest and fair workplace relations system",NA,"H",NA
"The recent Royal Commission into Trade Union Governance and Corruption found a “widespread” and “deep-seated” culture of lawlessness.",NA,"702",NA
"It concluded: “it is clear that in many parts of the world constituted by Australian trade union officials, there is room for louts, thugs, bullies, thieves, perjurers, those who threaten violence, errant fiduciaries and organisers of boycotts”.",NA,"702",NA
"The Royal Commission referred 93 individuals and entities for further investigation for breach of the civil or criminal law, but conceded “it would be utterly naive to think that what has been uncovered is anything other than the small tip of an enormous iceberg”.",NA,"702",NA
"The Coalition’s Registered Organisations Bill will restore honesty and fairness to the workplace relations system.",NA,"702",NA
"It will strengthen existing financial accounting, disclosure and transparency obligations and establish the Registered Organisations Commission – a new, independent regulator with increased powers to monitor and regulate registered organisations.",NA,"702",NA
"This will ensure union members can be confident their membership fees are being spent lawfully and in their interests – not in the interests of union bosses.",NA,"702",NA
"It will also ensure our workplace relations system delivers more jobs and economic growth.",NA,"410",NA
"HELPING FAMILIES GET AHEAD",NA,"H",NA
"The Coalition is committed to helping Australian families to get ahead.",NA,"408",NA
"Making a start on income tax relief",NA,"H",NA
"Middle income Australians are bearing a growing tax burden.",NA,"704",NA
"Without action, the average full time wage earner would face the second highest marginal tax rate this year and nearly half of all taxpayers would be in the top two brackets in ten years’ time.",NA,"704",NA
"The Coalition Government is giving hard working Australians greater incentive to earn more without being taxed more.",NA,"704",NA
"The Government will prevent average full time wage earners from moving into the second top tax bracket until 2019-20 by increasing the 32.5 per cent tax threshold from $80,000 to $87,000.",NA,"704",NA
"This will stop around 500,000 taxpayers facing the 37 per cent marginal tax rate.",NA,"704",NA
"By pushing up the tax threshold on the middle tax bracket we’ll keep full time average wage earners on the lower rate for longer.",NA,"704",NA
"This will reward hard working Australians for doing more overtime, picking up more shifts, taking a promotion or a better new job, without being penalised by paying more tax through the higher rate.",NA,"704",NA
"This change also builds on the tax cuts provided to those on incomes of less than $80,000 to compensate for the carbon tax.",NA,"503",NA
"By abolishing the carbon tax and keeping this tax relief, we delivered a genuine tax cut for those earning up to $80,000 a year.",NA,"503",NA
"More accessible and affordable childcare",NA,"H",NA
"The Government’s more than $3 billion Jobs for Families child care package will make child care simpler, more affordable and more accessible for almost one million Australian families.",NA,"504",NA
"As a result of these reforms, families with incomes of between $65,000 and $170,000 will be around $30 a week – or $1,500 a year – better off.",NA,"504",NA
"A strong safety net will provide additional learning opportunities for children in low income families or at-risk children, as well as those in the care of their grandparents.",NA,"506",NA
"Under Labor, the cost of childcare increased by over 50% in just 6 years. Our reforms will put downward pressure on child care costs.",NA,"504",NA
"To protect children from diseases, our “no-jab, no pay” rule is removing access to family and child care payments for parents who don’t vaccinate their children.",NA,"505",NA
"Real jobs for young Australians",NA,"H",NA
"To get more young Australians into work, the Coalition Government has created a new Youth Jobs PaTH (Prepare-Trial-Hire) Programme.",NA,"411",NA
"Youth Jobs PaTH provides young Australians with intensive pre-employment skills training followed by an internship placement.",NA,"411",NA
"Up to 30,000 job seekers each year will gain a four to twelve week placement in an industry of their choosing.",NA,"411",NA
"And employers who hire an eligible young job seeker in an ongoing job will receive an accelerated wage subsidy of up to $10,000, paid over six months.",NA,"402",NA
"Guranteed funding for health and education",NA,"H",NA
"The Government will also provide an additional $1.2 billion between 2018 and 2020 for schools, contingent upon reform efforts by the States and the non-government schools sector to improve education outcomes.",NA,"506",NA
"Because evidence tells us that increased funding alone won’t improve outcomes, we’re focussing on the quality of teachers and teaching, the teaching of reading and maths and the engagement of parents.",NA,"506",NA
"Through a recent agreement with all states and territories, the Coalition Government will boost funding to public hospitals by around $2.9 billion (an increase of up to 6.5% a year) over the next three years.",NA,"504",NA
"As part of this Agreement, the quality of health care will be improved, with better coordinated care for people with chronic disease and by reducing the number of avoidable hospital readmissions.",NA,"504",NA
"Protecting negative gearing",NA,"H",NA
"We will not remove or limit negative gearing – that would increase the tax burden on Australians who are just trying to invest and provide a future for their families.",NA,"401",NA
"Negative gearing is used by over 1 million Australians, two thirds of whom have taxable incomes below $80,000.",NA,"401",NA
"Banning excessive surcharges on credit cards",NA,"H",NA
"The Coalition Government has passed laws to protect consumers by banning excessive surcharges on credit cards.",NA,"403",NA
"This will ensure customers are charged no more than the amount that reflects the merchant’s costs in accepting that payment.",NA,"403",NA
"Protecting savings",NA,"H",NA
"The Coalition has also dumped Labor’s Bank Deposits Tax – to protect the savings of hard-working Australians.",NA,"401",NA
"This would have imposed costs of $1.5 billion on Australians with bank savings.",NA,"401",NA
"We also reversed a decision made by Bill Shorten as Financial Services Minister to take inactive bank accounts and life insurance policies after just 3 years (as opposed to 7 years).",NA,"401",NA
"This raid on savings by Mr Shorten meant $550 million was taken from 156,000 people in 2012-13 alone.",NA,"401",NA
"No carbon tax",NA,"H",NA
"The Coalition will continue to fight Labor’s plans to reintroduce a Carbon Tax, which would put more pressure on family budgets.",NA,"401",NA
"The removal of their last Carbon Tax is saving average households around $550 per year.",NA,"401",NA
"A STRONGER DEFENCE FORCE",NA,"H",NA
"The Government has no higher responsibility than keeping Australia safe and secure.",NA,"104",NA
"The Coalition has a responsible, long-term plan for Australia’s national security.",NA,"104",NA
"The Coalition is committed to building a more potent, agile and engaged Australian Defence Force (ADF), ready to respond whenever our interests are threatened or our help is needed.",NA,"104",NA
"To do this, we will increase Defence funding by $29.9 billion over the next ten years",NA,"104",NA
"and deliver on our 2013 election commitment to return Defence spending to 2% of GDP within the decade.",NA,"104",NA
"We are investing in new capability, including:A continuous naval shipbuilding program, commencing with nine Future Frigates and 12 Offshore Patrol Vessels;",NA,"104",NA
"Twelve new regionally-superior submarines to be built in Adelaide,",NA,"104",NA
"creating around 2,800 jobs;",NA,"701",NA
"Enhanced intelligence, surveillance and reconnaissance, space, electronic warfare and cyber capabilities;",NA,"104",NA
"and",NA,NA,NA
"Support for Australian Defence Force personnel – providing them with the advanced training, modern equipment and health care they deserve.",NA,"104",NA
"The Government is also undertaking comprehensive upgrades of Defence infrastructure across Australia to support our larger future force, including at key bases.",NA,"104",NA
"This will also see the creation of local jobs.",NA,"701",NA
"A 21st Century Defence Industry",NA,"H",NA
"We are helping Australia develop a 21st century Defence industry, by investing $1.6 billion over 10 years in programs to build industry skills and drive competitiveness, while harnessing Australian innovation and expertise.",NA,"411",NA
"Our Defence industry plan will also help to create advanced manufacturing and hi-tech jobs, particularly in regional Australia.",NA,"701",NA
"Unlike Labor, our Defence plans have been independently costed to ensure they are achievable and affordable.",NA,"414",NA
"Labor’s record",NA,"H",NA
"Labor in government ripped $18 billion out of Defence and cut Defence spending, as a proportion of GDP, to the lowest level since 1938.",NA,"104",NA
"Labor’s decisions led to 119 defence projects being delayed, 43 projects being reduced and eight projects cancelled, risking critical capability gaps.",NA,"104",NA
"Labor also failed to place a single order at an Australian naval shipyard during its six years in office.",NA,"104",NA
"Under Labor the Australian Defence industry shed more than 10% of its workforce because of budget cuts and deferrals, procrastination and lack of opportunity for Australian suppliers.",NA,"104",NA
"COMBATTING TERRORISM",NA,NA,NA
"To protect Australians from the threat of terrorism, the Government has boosted funding for our law enforcement, intelligence and security agencies by $1.3 billion since August 2014.",NA,"605.1",NA
"This investment is improving our intelligence capability and strengthening our border security against terrorism, crime and other threats, originating both here and overseas.",NA,"605.1",NA
"To keep Australians safe, the Government has also established:",NA,"605.1",NA
"The National Disruption Group – bringing together Federal agencies and state and territory police to coordinate counter-terrorism disruption operations;",NA,"605.1",NA
"An AFP Online Targeting Team to identify perpetrators online and collect evidence;",NA,"605.1",NA
"Australian Border Force Counter-Terrorism Units at all eight Australian international airports and fast-tracked biometric screening; and",NA,"605.1",NA
"The Foreign Fighters Task Force which is using its unique coercive powers and wealth of criminal intelligence to uncover terrorist networks.",NA,"605.1",NA
"AUSTRAC is now using advanced data analytics to detect and act against terrorism financing risks.",NA,"605.1",NA
"The Government is increasing its investment in Countering Violent Extremism programs, to protect young people from the risk of online engagement with violent extremists.",NA,"605.1",NA
"We are also contributing to the global fight against terrorism, through Australia’s military operations in Afghanistan, Iraq and Syria.",NA,"104",NA
"The Coalition has also strengthened laws to help our agencies to monitor, investigate, arrest and prosecute home-grown violent extremists and returning foreign fighters.",NA,"104",NA
"This includes:The ability to arrest terrorism suspects on lower thresholds (several recent arrests to prevent terrorist attacks would not have been possible without this);",NA,"605.1",NA
"The suspension of passports at short notice where ASIO is concerned an individual represents a security risk;",NA,"605.1",NA
"The ability to cancel welfare payments on security grounds;",NA,"605.1",NA
"The retention of metadata for two years, which agencies say is essential to most counter-terrorism investigations;",NA,"605.1",NA
"The designation of declared areas, making it an offence to travel to certain areas in the conflict zone without a legitimate purpose; and",NA,"605.1",NA
"Legislation to ensure terrorists who are dual nationals can be stripped of their Australian citizenship.",NA,"605.1",NA
"We have overseen the introduction of the new National Terrorism Threat Advisory System (NTTAS), which replaces the National Terrorism Threat System and the Public Alert System, to better inform the public about the likelihood and nature of an act of terrorism occurring in Australia.",NA,"605.1",NA
"In addition, the Coalition Government is also working with the states and territories to introduce new preventative detention protocols.",NA,"605.1",NA
"Labor’s record",NA,"H",NA
"Labor cut over $700 million from the Customs and Border Protection Service budget.",NA,"605.1",NA
"Despite evidence of the growing terror threat, in six years Labor didn’t pass a single law to strengthen national security agencies.",NA,"605.1",NA
"BUILDING AUSTRALIA’S INFRASTRUCTURE",NA,NA,NA
"The Coalition Government is investing a record $50 billion in Australia’s land infrastructure – to improve road and rail links, build dams and pipelines and support economic growth.",NA,"411",NA
"The Roads to Recovery funding for local roads has been increased by 83%, to $3.2 billion over the next four years",NA,"411",NA
"and $500 million has been allocated to fix road black spots, along with $300 million for the Bridges Renewal Programme.",NA,"411",NA
"As well as $248 million for the Heavy Vehicle Safety and Productivity Programme for road upgrades on key freight routes to make them safer and boost productivity;",NA,"411",NA
"the Coalition’s commitment to the Inland Rail will transform freight movements through Victoria, NSW and South East Queensland and stimulate growth and prosperity in these regions.",NA,"411",NA
"As well, Infrastructure Australia has delivered the first ever 15 Year National Infrastructure Plan.",NA,"411",NA
"New South Wales",NA,"H",NA
"Pacific Highway",NA,"H",NA
"Four lane divided road from near Newcastle to Queensland, with crashes reduced and travel times cut by up to 2.5 hours.",NA,"411",NA
"16,500 direct and indirect jobs.",NA,"701",NA
"Victoria",NA,"H",NA
"Murray Basin Rail",NA,"H",NA
"Upgrading over 1000 km of rail line to provide an alternative to road freight.",NA,"411",NA
"276 jobs.",NA,"701",NA
"Great Ocean Road",NA,"H",NA
"Strengthening bridges and upgrading pavement, guardrails, cliff and land slip sites.",NA,"411",NA
"Urban Congestion and Regional Roads Packages",NA,"H",NA
"A number of projects that will relieve congestion in urban areas.",NA,"411",NA
"Upgrading rural and regional road infrastructure in Victoria.",NA,"411",NA
"Princes Highway West",NA,"H",NA
"Duplication to help bring regional communities together and link key industries to markets.",NA,"411",NA
"Queensland",NA,"H",NA
"Bruce Highway",NA,"H",NA
"Upgrades to improve safety, congestion and flood immunity.",NA,"411",NA
"Reducing travel times for motorists and freight – including a range of safety packages and overtaking lane projects, the duplication of the Boundary Road interchange and the upgrade at Yellow Gin Creek south of Ayr.",NA,"411",NA
"Gateway Motorway North",NA,"H",NA
"Widening from 4 to 6 lanes, improving access and better connecting the Bruce Highway, Northern Brisbane and the Port of Brisbane.",NA,"411",NA
"1,000 jobs.",NA,"701",NA
"Toowoomba Range Crossing",NA,"H",NA
"Cutting travel times and removing traffic from Toowoomba Town Centre.",NA,"411",NA
"1,800 jobs.",NA,"701",NA
"Western Australia",NA,"H",NA
"North-link WA",NA,"H",NA
"A new 40km highway to improve freight and save travel times through the Swan Valley.",NA,"411",NA
"Perth Freight Link",NA,"H",NA
"Providing a direct, free-flowing connection to the Port of Fremantle.",NA,"411",NA
"2,400 jobs.",NA,"701",NA
"South Australia",NA,"H",NA
"North South Corridor and Northern Connector project",NA,"H",NA
"Better connecting Adelaide’s port, airport and freight terminals.",NA,"411",NA
"The construction of a new 15.5 kilometre road linking the Northern Expressway to the northern end of the South Road Superway.",NA,"411",NA
"1,330 jobs.",NA,"701",NA
"Tasmania",NA,"H",NA
"Midland Highway Upgrade",NA,"H",NA
"Upgrade between Hobart and Launceston, to improve safety and freight delivery.",NA,"411",NA
"234 jobs.",NA,"701",NA
"Northern Territory",NA,"H",NA
"Tiger Brennan Drive",NA,"H",NA
"Duplication to improve safety and congestion.",NA,"411",NA
"120 direct jobs; 30 for Indigenous Australians.",NA,"701",NA
"Northern Australia",NA,"H",NA
"Northern Australia Infrastructure Facility",NA,"H",NA
"Unlocking the economic potential of the North through $5 billion in concessional loans that will deliver major economic infrastructure.",NA,"411",NA
"Northern Australia Roads",NA,"H",NA
"Priority road projects in key strategic corridors in Northern Australia",NA,"411",NA
"plus targeted upgrades to key roads necessary for transporting cattle and improving cattle supply chains in Northern Australia.",NA,"703.1",NA
"National Water Infrastructure Loan Facility",NA,"H",NA
"The Coalition Government will make available $2 billion over 10 years for loans to the state and territory governments under a new National Water Infrastructure Loan Facility.",NA,"411",NA
"The loan facility will be available from 2016-17 to enhance the capital available for water infrastructure projects, stimulating and accelerating investments in water infrastructure in regional areas by the states.",NA,"411",NA
"This will include the construction of new dams, pipelines and managed aquifer recharge projects that are economically viable and will generate affordable water to grow regional economies.",NA,"411",NA
"Access to affordable water will be a key influence over the extent to which Australia’s farm and food sectors can realise export growth opportunities and meet growing demand from population growth.",NA,"703.1",NA
"This compliments the $500 million National Water Infrastructure Development Fund to plan for and build the water infrastructure, including new dams and pipelines, needed to secure growth in agricultural production and regional communities.",NA,"703.1",NA
"National Stronger Regions Programme",NA,"H",NA
"The $1 billion National Stronger Regions Fund is supporting 162 job creating infrastructure projects in regional and disadvantaged communities across Australia.",NA,"701",NA
"Connecting regions to the National Broadband Network",NA,"H",NA
"We have put the NBN back on track to deliver high-speed broadband to all Australian homes and businesses by 2020.",NA,"411",NA
"In September 2013, fewer than three percent of Australian premises could obtain a service on the NBN.",NA,"411",NA
"Today over two million homes and businesses can access the NBN and there are more than 900,000 active users.",NA,"411",NA
"By completion, every user will have broadband speeds 4 to 10 times faster than today’s average.",NA,"411",NA
"Our plan is the fastest and most affordable way to deliver better broadband to all Australians by 2020.",NA,"411",NA
"Under Labor, the NBN was the most poorly managed infrastructure project in Australia’s history.",NA,"305.1",NA
"Labor spent $6 billion in 4 years to connect just 51,000 users to the built network.",NA,"305.1",NA
"We are connecting more than 50,000 homes a month, compared to 51,000 in total under Labor.",NA,"303",NA
"The most recent nbn Corporate Plan estimates that reverting to Labor’s all-fibre plan would require peak funding of between $74 billion and $84 billion, and the rollout could not be completed until at least 2026 and possibly as late as 2028.",NA,"303",NA
"The Coalition’s nbn plan requires peak funding of approximately $49 billion and will be finished by 2020.",NA,"303",NA
"Fixing mobile black spots",NA,"H",NA
"Fixing mobile black spots In round one of the Mobile Black Spots Programme $100 million was provided to build or upgrade 499 mobile phone base stations which will improve the mobile phone coverage in 3000 mobile black spots.",NA,"411",NA
"An additional $60 million will see more mobile black spots fixed under round two of the programme.",NA,"411",NA
"WORLD CLASS HEALTHCARE",NA,"H",NA
"The Coalition Government is committed to providing Australians with world class health care.",NA,"504",NA
"Hospital Funding",NA,"H",NA
"The Government has provided an additional $2.9 billion in public hospital funding over the next three years (an increase of up to 6.5% a year) through an agreement with the states and territories that places greater focus on patient outcomes, particularly when it comes to caring for patients with chronic and complex needs.",NA,"504",NA
"Healthier Medicare",NA,"H",NA
"The Government is strengthening Medicare through the new Health Care Homes initiative, which will better coordinate comprehensive care for chronically ill patients.",NA,"303",NA
"GPs will be able to coordinate the medical, allied health and out-of-hospital services required by chronically ill patients on an ongoing basis to help manage their conditions, and in doing so keep them out of hospital.",NA,"303",NA
"From 1 July 2017, 65,000 Australians will initially participate in this program at up to 200 medical practices across Australia, ahead of a full national rollout.",NA,"504",NA
"Primary Health Networks",NA,"H",NA
"The Government has introduced a system of Primary Health Networks to identify local health needs, improve patient access to primary care services and improve co-ordination with local hospitals and community services.",NA,"303",NA
"The Government has established 31 Private Health Networks around Australia to improve access to local health services, by investing close to $1 billion.",NA,"504",NA
"Mental Health Reforms",NA,"H",NA
"The Coalition Government is delivering significant reforms that will put the individual needs of patients at the centre of our mental health system.",NA,"504",NA
"These reforms will reshape the delivery of primary mental health services towards a more modern, flexible model of care, rather than the current “one-size-fits-all” approach.",NA,"303",NA
"Cheaper Medicines",NA,"H",NA
"The Government is making medicines cheaper – in some cases by as much as 60% per script, saving patients with multiple chronic conditions as much as $500 per year.",NA,"504",NA
"Additional cost savings for many common medicines are due to come into effect in October 2016, as a result of changes to the way everyday drugs are priced.",NA,"504",NA
"New Medicines",NA,"H",NA
"The Government has put nearly 1,000 new and amended drug listings onto the Pharmaceutical Benefits Scheme, ensuring these life-saving medicines are available to all Australians, including:",NA,"504",NA
"Keytruda, which is used to treat Melanoma;",NA,"504",NA
"Mekinist, which is used to treat positive Metastatic Melanoma;",NA,"504",NA
"and",NA,NA,NA
"Perjeta, Herceptin and Kadcyla, which are used to treat Breast Cancer.",NA,"504",NA
"The Government has also invested $1 billion to subsidise breakthrough treatments for all sufferers of Hepatitis C.",NA,"504",NA
"|These treatments would cost $100,000 per patient if not subsidised through the PBS.",NA,"504",NA
"Medical Research Future Fund",NA,"H",NA
"Australia is a world leader in the field of medical research.",NA,"504",NA
"The $20 billion Medical Research Future Fund is providing a sustainable source of funding for vital medical research over the long term.",NA,"504",NA
"No Jab No Pay",NA,"H",NA
"To protect children from diseases, our “No Jab, No Pay” rule is removing access to family and child care payments for parents who don’t vaccinate their children.",NA,"506",NA
"PUTTING STUDENTS FIRST",NA,"H",NA
"The Coalition Government is investing record levels in our schools with total Commonwealth funds reaching $73.6 billion over the next four years.",NA,"506",NA
"This is an increase of 26%. School funding will continue to increase each and every year going forward.",NA,"506",NA
"As part of this, the Government is providing an additional $1.2 billion between 2018 and 2020 for schools, contingent upon reform efforts by the States and the non-government schools sector to improve education outcomes.",NA,"506",NA
"The Coalition Government is focused not just on more money but on making sure money is invested where it can make the most difference to student results.",NA,"506",NA
"Through our Students First approach, we are working with states and territories to focus on the four key areas that make a real difference to student results:",NA,"506",NA
"Better teaching quality",NA,"506",NA
"More school autonomy",NA,"506",NA
"Engaging parents in education",NA,"506",NA
"Strengthening the curriculum.",NA,"506",NA
"For example, our teaching quality reforms are introducing a new national literacy and numeracy test to ensure all new teachers are in the top 30% for literacy and numeracy in Australia.",NA,"506",NA
"Our National Innovation and Science Agenda is leading the way in promoting learning in science, technology, engineering and maths (STEM).",NA,"411",NA
"Supporting Apprentices",NA,"H",NA
"The Coalition Government is supporting apprentices through Trade Support Loans – helping apprentices with the costs of living, tools and training through loans of up to $20,000 each.",NA,"411",NA
"So far, over 40,000 loans have been taken up.",NA,"411",NA
"To help match the right apprentice to the right apprenticeship and lift completion rates, the Government has established the Australian Apprenticeship Support Network, supported by $200 million of annual funding.",NA,"411",NA
"This year the Government is supporting an estimated 68,000 employers with incentive payments to help businesses create opportunities for apprentices.",NA,"402",NA
"Fixing the VET FEE-HELP Scheme",NA,"H",NA
"To restore confidence in vocational education, the Coalition Government has taken over a dozen measures to crack down on dodgy providers, including strengthening the powers of the regulator and establishing a National Training Complaints Hotline for students.",NA,"403",NA
"Following consultation with the sector and the community, the Coalition will redesign the VET FEE-HELP scheme for 2017.",NA,"403",NA
"Support for Universities",NA,"H",NA
"Under the Coalition Government, funding for universities is at record levels, with funding of over $16 billion in 2016.",NA,"506",NA
"Support for students is also at a record level, with $6.8 billion invested in 2016 (a 65 per cent increase on 2009 levels).",NA,"506",NA
"Australia has one of the most generous student loan schemes in the world, under which no domestic student has to pay up-front fees.",NA,"506",NA
"The National Innovation and Science Agenda will drive stronger university collaboration with industry through an additional $127 million in targeted research funding and new research impact measures.",NA,"411",NA
"Simply put, we are connecting our academics with industry in order to build commercial capacity",NA,"402",NA
"and create jobs in Australia.",NA,"701",NA
"More Investment in Early Childhood Education",NA,"H",NA
"The Government is investing more than $3 billion in a new Jobs for Families child care package to make child care simpler, more affordable and more accessible for almost one million Australian families.",NA,"504",NA
"Families with incomes between $65,000 and $170,000 will be around $30 a week better off.",NA,"504",NA
"The Coalition Government is also ensuring all Australian children can receive 15 hours of preschool a week in the year before school (and exempting these 600 hours a year from the child care activity test).",NA,"504",NA
"Investing in Vocational Education and Training",NA,"H",NA
"The Coalition Government invests around $7 billion in the VET sector each year through funding and student loans.",NA,"411",NA
"This includes $1.8 billion to the states and territories to support their training systems, including TAFE.",NA,"411",NA
"TACKLING DOMESTIC VIOLENCE",NA,NA,NA
"TACKLING DOMESTIC VIOLENCE",NA,"H",NA
"Women and children in Australia must be safe in their homes, safe on our streets and safe online.",NA,"706",NA
"Domestic and family violence is never acceptable.",NA,"605.1",NA
"The Coalition Government is taking action on domestic violence, with a $100 million Women’s Safety Package.",NA,"605.1",NA
"Immediate and practical action is focussed on three key areas:",NA,"605.1",NA
"Keeping women safe at home",NA,"H",NA
"Innovative technology is being trialled and used to keep women safe, including GPS trackers for perpetrators, safe phones and safety devices for homes.",NA,"605.1",NA
"We are expanding support to counselling services such as 1800RESPECT and Mensline.",NA,"504",NA
"Support and training for frontline services",NA,NA,NA
"Training is being expanded for frontline workers, including police, doctors, emergency department staff and social workers.",NA,"411",NA
"Domestic violence units are being established in legal services.",NA,"504",NA
"Breaking the cycle of violence",NA,"H",NA
"To address the negative behaviours and attitudes that can lead to violence, we are providing additional resources to help teachers, parents and students learn more about respectful relationships.",NA,"506",NA
"This Women’s Safety Package is in addition to the $30 million committed by all Australian governments to a national campaign to change young people’s attitudes to violence.",NA,"605.1",NA
"CARING FOR OUR ENVIRONMENT",NA,"H",NA
"The Coalition Government is committed to protecting Australia’s magnificent natural environment.",NA,"501",NA
"Protecting the Great Barrier Reef",NA,"H",NA
"Our Reef 2050 Long Term Sustainability Plan is the most comprehensive plan ever developed to protect the Great Barrier Reef for future generations.",NA,"501",NA
"The Coalition has put in place an historic ban on capital dredge disposal in the Great Barrier Reef Marine Park – ending a 100 year old practice.",NA,"501",NA
"$2 billion is being invested by Australian governments on projects that include improving water quality, reducing sediment and nitrogen run off, removing crown of thorns starfish and improving our scientific knowledge of the reef.",NA,"501",NA
"Our work to protect the Great Barrier Reef resulted in the World Heritage Committee declaring last July that Australia was a global role model for the management of World Heritage properties.",NA,"501",NA
"Supporting renewable energy",NA,"H",NA
"The Coalition Government will double renewable energy in Australia over the next four years.",NA,"501",NA
"Under the Renewable Energy Target, more than 23% of Australia’s electricity will come from renewable energy by 2020.",NA,"501",NA
"We are supporting large scale projects, while at the same time making solar more affordable for households.",NA,"501",NA
"We are encouraging new technology to assist in the transition to clean energy, through the $1 billion Clean Energy Innovation Fund.",NA,"501",NA
"This Fund will target projects such as large-scale solar.",NA,"501",NA
"Tackling climate change",NA,"H",NA
"To protect our environment for future generations, we need to tackle climate change.",NA,"501",NA
"As a country, we are playing our part in the global challenge on climate change.",NA,"501",NA
"Australia has signed the Paris Climate Change Agreement.",NA,"501",NA
"We are on track to beat our 2020 target by 78 million tonnes, and have set an ambitious target of reductions of up to 28% by 2030 based on 2005 levels.",NA,"501",NA
"That is equivalent to reducing emissions per capita by up to 52%– the second largest reduction of any G20 economy.",NA,"501",NA
"We will meet our targets without Labor’s Carbon Tax, which made electricity more expensive for all Australian families.",NA,"305.1",NA
"We are investing $2.55 billion to incentivise business to reduce their emissions through our Emissions Reduction Fund.",NA,"501",NA
"Projects we’ve supported include carbon farming to increase carbon in the soil,",NA,"501",NA
"energy efficient lighting for town councils,",NA,"501",NA
"supporting re-vegetation and bushfire reduction.",NA,"501",NA
"We are also implementing a National Energy Productivity Plan, reducing emissions from ozone-depleting gases and supporting investments in new technology such as solar storage.",NA,"501",NA
"Supporting on-ground environmental projects",NA,"H",NA
"Right around Australia, young local people are delivering environmental projects in their communities through the Green Army.",NA,"501",NA
"We have already launched more than 500 teams across the country.",NA,"501",NA
"We are investing $1 billion in natural resource management through the National Landcare Programme.",NA,"501",NA
"The Coalition will continue to deliver on our $50 million commitment to plant 20 million trees by 2020, with almost 10 million trees already committed for planting over the next three years.",NA,"501",NA
"As well, we are greening our cities as part of the Coalition’s cities agenda.",NA,"501",NA
"Protecting our threatened species",NA,"H",NA
"Australia has some of the most unique flora and fauna on the planet and we’re protecting our native wildlife with the launch of Australia’s first Threatened Species Strategy and the appointment of Australia’s first Threatened Species Commissioner.",NA,"501",NA
"The Threatened Species Strategy targets the key threats to our wildlife, in particular feral cats.",NA,"501",NA
"Funding for projects to protect our threatened species has already topped $190 million.",NA,"501",NA
"Our National Environmental Science Program is supporting this work, with projects that deliver research projects in the field.",NA,"411",NA
"Protecting Australia’s heritage",NA,"H",NA
"The Coalition Government’s Australian Heritage Strategy sets out the action we are taking to support and promote our remarkable natural, historic and Indigenous heritage.",NA,"501",NA
"Protection of Australia’s national and world heritage is a fundamental pillar of the Government’s environment policy.",NA,"501",NA
"Our natural, Indigenous and historic heritage enhances our sense of place and national identity and makes a positive contribution to the nation’s wellbeing.",NA,"601.1",NA
"One stop shop",NA,"H",NA
"We have maintained environmental standards whilst reducing the red tape.",NA,"303",NA
"We have established a one stop shop for environmental assessments with every state and territory – cutting the double handling of assessments for projects.",NA,"303",NA
"OUR PLAN TO INVEST IN QUEENSLAND’S WATER INFRASTRUCTURE",NA,"H",NA
"Water infrastructure is essential to population growth, sustainable communities, jobs, productivity, and stronger economic outcomes.",NA,"411",NA
"Every community and industry requires water security to grow and prosper.",NA,"411",NA
"Many regional and remote communities depend on quality water infrastructure for their livelihood and jobs.",NA,"411",NA
"The Coalition has a strong record supporting investment in water infrastructure.",NA,"411",NA
"We are delivering more than half a billion dollars in grants to support the construction of nationally significant water infrastructure.",NA,"411",NA
"We are also providing $2 billion in concessional loans to fast-track the construction of water infrastructure throughout the country.",NA,"411",NA
"Our investment in water infrastructure is supporting jobs and regional communities.",NA,"411",NA
"We will do more to support jobs and growth through greater investment in Queensland’s water infrastructure.",NA,"411",NA
"The Coalition will invest $20 million to support the development or finalisation of feasibility assessments and business cases for 14 water infrastructure projects across Queensland.",NA,"411",NA
"These water infrastructure projects in Queensland include: development of a works programme for construction and upgrade of major water infrastructure for Clermont, as well as augmentation and remediation works on the Theresa Creek Dam",NA,"411",NA
"funding business case development for the construction of the Rookwood Weir",NA,"411",NA
"development of feasibility studies for new dams near Collinsville, Hell’s Gate, and Emu Swamp",NA,"411",NA
"raising the height of the Burdekin Falls Dam by approximately two metres",NA,"411",NA
"feasibility studies for new water storage and irrigation infrastructure options to help Isis Central Sugar Mill Company Limited cultivate 6,800 hectares for sugarcane in the Gayndah Region of the Burnett River catchment",NA,"411",NA
"investigating three dam storages on the upper and middle reaches of the Herbert River and the Millstream",NA,"411",NA
"assessment of additional water storage for Mount Isa and Cloncurry",NA,"411",NA
"assessment into the utilisation of South-East Queensland’s treated effluent for agricultural production",NA,"703.1",NA
"We will also fund half the cost of Rookwood Weir – up to $130 million – if the business case meets all the necessary requirements and it acquires the required environmental approval.",NA,"411",NA
"Read more about our plan to invest in Queensland’s Water Infrastructure",NA,"H",NA
"Investing in Queensland’s Water Infrastructure",NA,"H",NA
"Water infrastructure is essential to population growth, sustainable communities, jobs, productivity, and stronger economic outcomes.",NA,"411",NA
"The Coalition has a strong record supporting investment in water infrastructure.",NA,"411",NA
"We are delivering more than half a billion dollars in grants to support the construction of nationally significant water infrastructure.",NA,"411",NA
"We are also providing $2 billion in concessional loans to fast-track the construction of water infrastructure throughout the country.",NA,"411",NA
