"text","text_en","cmp_code","eu_code"
"THE NATIONALS for Regional Australia POLICY DOCUMENT. 2019 campaign",NA,"H",NA
"OUR PLAN FOR POPULATION, MIGRATION AND BETTER CITIES",NA,"H",NA
"Our Plan for Youth Mental Health and Suicide Prevention",NA,"H",NA
"Key Points",NA,"H",NA
"The tragedy of suicide touches far too many Australian families.",NA,"504",NA
"Suicide is the leading cause of death of our young people – accounting for one-third of deaths of Australians aged 15-24.",NA,"503",NA
"The tragic impacts are even higher in Indigenous communities.",NA,"607.3",NA
"The Morrison Government is leading a change in the way Australians and Australian governments think about suicide prevention.",NA,"504",NA
"Recognising that social, financial, legal, family, health and mental health factors may all play their part, we are elevating suicide prevention to a national, whole-of-government priority.",NA,"504",NA
"Our $503.1 million Youth Mental Health and Suicide Prevention Plan is the largest suicide prevention strategy in Australia’s history.",NA,"503",NA
"It will ensure that government activities are coordinated, services are delivered to young Australians at risk and support is available for friends and families.",NA,"503",NA
"Our Plan focuses on: Strengthening the headspace network,",NA,"503",NA
"Indigenous suicide prevention,",NA,"503",NA
"Early childhood and parenting support.",NA,"504",NA
"We will ensure young Australians and their families get help where and when they need it by investing an additional $375 million to expand and improve the headspace network.",NA,"503",NA
"headspace provides youth-friendly services for the challenges facing young Australians: across physical health, alcohol and other drug use, vocational support and mental health.",NA,"503",NA
"To strengthen Indigenous youth suicide prevention, we will invest $34.1 million, including support for Indigenous leadership that delivers culturally appropriate, trauma-informed care as well as services that recognise the value of community, cultural artistic traditions and protective social factors.",NA,"607.3",NA
"Our support includes $19.6 million for measures to prevent Indigenous youth suicide, particulary in the Kimberley.",NA,"607.3",NA
"To support Australian parents and their children we will invest $11.8 million in a range of initiatives to help parents recognise when their children are struggling, improve mental health skills training in schools, enhance peer support networks and boost counselling support services for young people.",NA,"503",NA
"We are investing $15 million to create a new national information system.",NA,"504",NA
"This will ensure communities and services can respond quickly to particular areas affected by a high incidence of suicide and self-harm.",NA,"504",NA
"For Australians living in rural and regional areas we are establishing more than 20 new headspace sites in these areas and we are providing new mental health telehealth services funded through the MBS.",NA,"504",NA
"Our plan also includes mental health and wellbeing projects, funded through our $1.25 billion Community Health and Hospitals Program to provide vital frontline local mental health services.",NA,"504",NA
"We are also delivering $22.5 million in specific youth",NA,"503",NA
"and Indigenous health research projects as part of our $125 million ‘Million Minds Mission’ into mental health research.",NA,"503",NA
"These investments can only be made because of a strong economy.",NA,"601.1",NA
"Our Record",NA,"H",NA
"Health care is a priority for every Australian.",NA,"504",NA
"That’s why we have a Long-Term National Health Plan based on four key pillars: Medicare and medicines, hospitals, mental health and medical research.",NA,"504",NA
"Our Government was the first to designate mental health as one of the four key pillars of the health care system.",NA,"504",NA
"Our Youth Mental Health and Suicide Prevention package builds on the record $4.8 billion that we are spending on mental health this financial year alone – more than half a million dollars every hour of every day.",NA,"504",NA
"One in five Australians experience a common mental disorder each year and almost half of us will face some form of mental health problem during our lives.",NA,"504",NA
"In prioritising mental health, we’re transforming the health landscape with a determination to keep Australians safe and well.",NA,"504",NA
"But it’s a major challenge, demanding a huge level of resources that can only come from good economic management.",NA,"403",NA
"The Morrison Government has delivered $1.45 billion to our Primary Health Networks to enable them to deliver ongoing and community-tailored mental health services to Australian families.",NA,"504",NA
"This investment will boost crucial services such as headspace, local psychological services, suicide prevention activities and community mental health nursing.",NA,"504",NA
"We have also shone a light for the first time on eating disorders, which affect almost one million Australians and have the highest mortality rate of any psychiatric illness.",NA,"504",NA
"We have invested $110 million to provide Medicare rebates for the treatment of eating disorders, have funded ED Hope helpline and are establishing residential eating disorder centres across the country.",NA,"504",NA
"In 2018, we announced new support including $96 million additional funding for headspace, $96.8 million for the Mental Health in Education Initiative, $106 million for suicide prevention programs, $102.5 million for mental health services for older Australians, and $20.4 million to support the mental health of rural communities through the Royal Flying Doctor Service.",NA,"504",NA
"This demonstrates our commitment to early intervention irrespective of health, age or location.",NA,"503",NA
"We have established the Million Minds Mission: providing $125 million through the Medical Research Future Fund for mental health research.",NA,"504",NA
"The aim is to reach one million people and ensure that our health system continues to provide the best, most up-to-date treatments and interventions.",NA,"504",NA
"Our Government has also delivered enhanced suicide prevention services.",NA,"504",NA
"We provided an extra $33.8 million to increase the responsiveness of Lifeline’s telephone crisis support service.",NA,"504",NA
"Lifeline provides crisis support services to all Australians, including those impacted by natural disasters.",NA,"504",NA
"We have invested $37.6 million to expand the Beyond Blue Way Back Support Service aftercare model across Australia to support an estimated 28,000 people over four years.",NA,"504",NA
"This service supports Australians during the three months after they have attempted suicide and have been discharged from hospital.",NA,"504",NA
"Under the National Suicide Prevention Leadership Support Program, the Morrison Government provided $36 million for a range of projects designed to reduce suicide among at-risk groups and to reduce suicidal behaviour.",NA,"504",NA
"This supported organisations such as R U OK?, Mates in Construction and Suicide Prevention Australia.",NA,"504",NA
"We are committed to finding better ways to prevent suicide, establishing the National Suicide Prevention Trials in 12 nationwide locations at a cost of $55 million.",NA,"504",NA
"We have also created the National Suicide Prevention Research Fund – a $12 million fund supporting and disseminating research on suicide prevention.",NA,"504",NA
"The Morrison Government’s Long-Term Health Plan is delivering a world-class health system providing patients with access to quality medical care, record hospital funding, affordable life-saving medicines and breakthrough research.",NA,"504",NA
"By keeping our economy strong, Medicare and the Pharmaceutical Benefits Scheme are guaranteed.",NA,"403",NA
"And we can afford to make major investments like our Youth Mental Health and Suicide Prevention Plan.",NA,"403",NA
"Our Plan",NA,"H",NA
"headspace",NA,"H",NA
"The Morrison Government will enable more young Australians and their families get help where and when they need it with an unprecedented $375 million investment in headspace.",NA,"503",NA
"headspace provides youth-friendly services for the challenges facing young Australians.",NA,"503",NA
"This includes physical health, alcohol and other drug use, vocational support and mental health services.",NA,"503",NA
"We will expand the headspace network by 30 – from the current 115 services to 145 by 2021, at a cost of $111 million.",NA,"504",NA
"This will help more young Australians, their families and friends easily access support in their local communities.",NA,"503",NA
"More than 20 new sites will be in rural and regional Australia to ensure equitable access for younger Australians living outside our major cities.",NA,"503",NA
"These services are complemented by new mental health telehealth services in rural and regional Australia available through Medicare.",NA,"504",NA
"We are also investing an extra $152 million in existing services to reduce wait times, improve the quality of care and assure young Australians that help is available when they need it most.",NA,"503",NA
"To ensure that headspace is equipped to provide specialist clinical services for young Australians at the early stages of severe mental illness, we are providing $110 million to continue the Early Psychosis Youth Services program at six headspace centres nationally.",NA,"503",NA
"Our innovative $2 million investment in the Young Ambassadors for Mental Health project will improve awareness of these services.",NA,"503",NA
"Young ambassadors with the lived experience of mental health issues will be in the community, promoting mental health literacy and showing people how to seek help.",NA,"503",NA
"In total we are now delivering $120 million for headspace each year.",NA,"504",NA
"Indigenous youth suicide prevention",NA,"H",NA
"The suicide rate in our Indigenous communities is a tragedy.",NA,"607.3",NA
"We will bring a concerted focus to Indigenous suicide prevention with a $34.1 million investment to help tailor initiatives that make sense for those in need.",NA,"607.3",NA
"We will provide $4.5 million to empower Indigenous leadership in suicide prevention.",NA,"607.3",NA
"Indigenous Suicide Prevention Australia will establish a national plan for culturally-appropriate care, and services that recognise the value of community, trauma-informed care and protective social and emotional factors.",NA,"607.3",NA
"Understanding the value of cultural artistic and healing traditions, our Government will provide $5 million for young Indigenous leaders to participate in place-based cultural programs.",NA,"607.3",NA
"We will also support communities with a $3 million investment in a centre of excellence in childhood wellness in the Illawarra – assisting disadvantaged children and adolescents affected by childhood trauma.",NA,"607.3",NA
"And we are investing $1.2 million for Red Dust to deliver social and emotional wellbeing initiatives in the Northern Territory.",NA,"607.3",NA
"In addition we will provide $19.6 million through the Indigenous Advancement Strategy to prevent Indigenous youth suicide, particularly in the Kimberley, tailored to breaking the cycle of disengagement and mental health issues in Indigenous communities.",NA,"607.3",NA
"Early childhood and parenting support",NA,"H",NA
"Early childhood and parenting support, crucial to tackling issues that could exacerbate in later life, will be boosted by $11.8 million.",NA,"504",NA
"We will provide $1.5 million for the Raising Children Network at Murdoch Children’s Research Institute to provide tailored, expert guidance to parents – giving them the confidence to recognise when their children are struggling and to know what to do to help.",NA,"504",NA
"We want children to have the best start to life – to learn the skills to manage their mental and emotional wellbeing and to know how to seek help when needed.",NA,"504",NA
"For this reason, the Morrison Government will invest $2.5 million in the school-based mindfulness program, Smiling Minds, as part of Beyond Blue’s Be You mental health in education initiative.",NA,"504",NA
"We will also boost funding to Kids Helpline by $4 million to enhance the 24/7 crisis and ongoing care it provides for children and young people aged 5-25.",NA,"504",NA
"We understand that young people may sometimes feel more comfortable seeking help initially from peers.",NA,"503",NA
"We are providing $2.9 million to batyr to boost the role of peers in encouraging others to seek help; $0.4 million for the Banksia project to expand their innovative community program and $0.6 million for a trial of peer workers in Beyond Blue’s Way Back suicide aftercare service.",NA,"504",NA
"In addition, we have invested in a range of youth health hubs through our $1.25 billion Community Health and Hospitals Program, guaranteeing access to frontline services regardless of where young Australians live.",NA,"503",NA
"National coordination",NA,"H",NA
"We recognise that the causes of suicide are complex and emerge from a range of social, emotional, environmental and financial factors.",NA,"504",NA
"We will appoint a National Youth Suicide Prevention Adviser in the Prime Minister’s portfolio to work across the whole of government to coordinate suicide prevention activities, and to help design services that make a real difference.",NA,"503",NA
"We are also investing $15 million in a new nationwide suicide and self-harm monitoring system.",NA,"504",NA
"This will provide up-to-date information so communities and services can respond quickly in areas affected by a high incidence of suicide and self-harm.",NA,"504",NA
"For the first time, this will allow suicide prevention initiatives to be tailored to specific localities and deployed rapidly to save and protect those at risk.",NA,"504",NA
"Mental health research",NA,"H",NA
"As part of our Million Minds Mission, we will invest $22.5 million in new health and medical research.",NA,"411",NA
"Of this, $12.5 million will support research into how best to bring family, community, culture and country to the centre of mental health services for Indigenous youth.",NA,"411",NA
"There will also be $10 million to design better approaches to managing mental health care for young people in crisis and improve digital mental health support.",NA,"411",NA
"Supporting all Australians",NA,"H",NA
"The Morrison Government’s landmark $503.1 million youth mental health and suicide prevention package complements our $275.5 million adult mental health and community support package.",NA,"411",NA
"Together, this $778.6 million mental health and suicide prevention investment will address gaps in the system",NA,"503",NA
"and deliver more frontline services for all Australians.",NA,"504",NA
"The support builds on our record investment of $4.8 billion this financial year alone in mental health services.",NA,"411",NA
"the choice",NA,"H",NA
"Investing in youth mental health and suicide prevention is not a choice, it is a must.",NA,"503",NA
"The Liberal National Government's track record in delivering a strong economy ensures we can invest in essential services such as youth mental health and suicide prevention services.",NA,"503",NA
"Cost",NA,"H",NA
"The Coalition's plans for youth mental health and suicide prevention will not place additional costs on the Budget.",NA,"503",NA
"Our Plan for More Jobs in a Stronger Economy",NA,"H",NA
"Key points",NA,"H",NA
"A safe, secure and prosperous Australia depends on a strong and growing economy.",NA,"410",NA
"A strong economy delivers more jobs,",NA,"701",NA
"improved living standards and better essential services such as child care, education, health and infrastructure.",NA,"504",NA
"A strong economy ensures our defence and security agencies have the resources necessary to keep Australians safe.",NA,"104",NA
"When the Coalition was elected in 2013, the economy was weak, unemployment was rising and the budget was in a mess.",NA,"305.1",NA
"Today, the Coalition is building a strong economy,",NA,"410",NA
"creating jobs",NA,"701",NA
"and repairing the budget.",NA,"414",NA
"We have created over 1.3 million new jobs.",NA,"701",NA
"A record number of young Australians and women are in employment.",NA,"503",NA
"Welfare dependency is at thirty-year lows.",NA,"504",NA
"We have brought down a surplus budget while delivering the services that the Australian people deserve, all without raising taxes.",NA,"504",NA
"Record schools funding, record hospitals funding, more medicines on the PBS and more access to quality healthcare.",NA,"504",NA
"Good economic management makes it possible to balance the budget while providing better services and tax relief to hard-working Australian families.",NA,"504",NA
"But there is more to do.",NA,"504",NA
"The Morrison Government will build an even stronger economy based on individual enterprise and aspiration while looking after Australians who need a helping hand.",NA,"504",NA
"In particular, we will:Create another 1.25 million jobs over the next five years,",NA,"701",NA
"including 250,000 new jobs for young Australians.",NA,"503",NA
"Deliver the largest personal income tax relief in a decade, with tax relief of up to $1,080 for single income families earning up to $126,000.",NA,"504",NA
"For a dual income family that’s up to $2,160 back in families’ pockets in a few weeks’ time.",NA,"504",NA
"Ensure Australians have the skills they need through a new $525 million skills package with 80,000 new apprenticeships",NA,"411",NA
"in addition to record education funding.",NA,"506",NA
"Establish 10 training hubs in regional areas to create better connections between local industry and schools to improve outcomes for young Australians.",NA,"411",NA
"Expand the Youth Jobs PaTH Program to pilot up to 10 industry-led job pathway programs to better target the training and internship experiences for young people.",NA,"503",NA
"Expand the successful Transition to Work service to allow young people aged 22 to 24 years to also voluntarily access pre-employment services that help prepare them for work.",NA,"503",NA
"Transform our employment services system to help Australians who need extra support to get a job.",NA,"503",NA
"Strengthen small and medium businesses by lowering business tax, improving access to finance, ensuring small business is paid on time by big business and government, and increasing and expanding access to the instant asset write-off.",NA,"402",NA
"Better connect people to jobs, their homes and their communities, and allow businesses to connect to domestic and global export markets through a $100 billion infrastructure plan.",NA,"402",NA
"Expand export opportunities through market-opening trade deals.",NA,"401",NA
"Continue to support farmers by giving them the tools to capitalise when times are good – and the help they need when times are tough.",NA,"703.1",NA
"This includes $6.3 billion in support for drought-affected communities and $3.1 billion to support the rebuilding of agriculture in flood-hit regions.",NA,"703.1",NA
"Ensure the Government lives within its means with disciplined fiscal management without increasing taxes.",NA,"414",NA
"An uncertain international economic outlook underlines the need for a sure hand in guiding the economy.",NA,"403",NA
"A Labor Government would mean a drastic change in economic direction.",NA,"403",NA
"wages and jobs.",NA,"701",NA
"Labor has plans that would hurt investment, productivity,",NA,"410",NA
"Labor would hit the economy with $387 billion in new taxes on workers, retirees, superannuation, housing and family business.",NA,"403",NA
"A Shorten Labor Government would easily be the highest taxing government in the nation’s history.",NA,"403",NA
"And when Labor runs out of money they come after yours.",NA,"403",NA
"Its reckless 45 per cent emissions reduction target will harm the economy,",NA,"403",NA
"cost 336,000 jobs",NA,"701",NA
"and reduce wage growth while simply shifting industry and emissions off-shore.",NA,"413",NA
"Under Labor, trade deals will stall.",NA,"401",NA
"Militant union bosses will use old-style industrial muscle to disrupt workplaces and make unsustainable demands on business that will cost jobs and our economy.",NA,"702",NA
"The Australian people have the choice between a Government that is delivering a stronger economy or Bill Shorten’s Labor Party that would weaken the economy.",NA,"403",NA
"Our record",NA,"H",NA
"When the Coalition came to office, the Australian economy was heading in the wrong direction.",NA,"403",NA
"Unemployment was at 5.7 per cent and rising.",NA,"403",NA
"The budget position was deteriorating rapidly, with $240 billion in deficits recorded over Labor’s six years in government.",NA,"414",NA
"Debt was growing by 33 per cent a year, creating an unsustainable burden on future generations",NA,"414",NA
"and costing taxpayers money-for-nothing in growing debt repayments.",NA,"414",NA
"The Carbon Tax was increasing the cost of everything.",NA,"403",NA
"With weak growth and a deteriorating budget, Labor had abandoned essential services, failing to subsidise life-saving drugs, and denying guaranteed funding for schools and hospitals.",NA,"504",NA
"Promises of tax cuts were repeatedly abandoned.",NA,"403",NA
"The Liberal National Government has restored the Budget and secured funding for the essential services that Australians rely on.",NA,"504",NA
"The economy is stronger.",NA,"410",NA
"Taxes are lower.",NA,"403",NA
"Funding for schools and hospitals has been guaranteed and life-saving medicines are again being subsidised.",NA,"504",NA
"Australian exports are at record levels, boosted by trade deals that have provided Australian exporters with duty-free or preferential access to an extra 1.76 billion consumers in the world’s fastest-growing regions.",NA,"401",NA
"Our farmers and rural communities are being supported.",NA,"703.1",NA
"More than 1.3 million jobs have been created and the unemployment rate has fallen to 5 per cent.",NA,"701",NA
"Wages growth is starting to increase and the cost of essential services like child care and energy are beginning to fall as a result of the Government’s policies.",NA,"504",NA
"Over the last 6 years, the Australian economy has grown faster than virtually all developed economies, weathering the impact of the end of the mining investment boom and, more recently, the headwinds of the drought.",NA,"410",NA
"We have fixed the budget mess we inherited from Labor while still cutting taxes.",NA,"414",NA
"The Budget delivers a healthy surplus of $7.1 billion in 2019-20, a $55 billion turnaround from the deficit we inherited six years ago.",NA,"414",NA
"Our fiscal discipline will ensure these surpluses exceed 1 per cent of GDP as we reach our goal of eliminating Commonwealth net debt by 2030 or sooner.",NA,"414",NA
"This means we can end Labor’s legacy of wasteful debt repayments and spend more on essential services",NA,"504",NA
"while also keeping taxes low.",NA,"403",NA
"Our economic plan is also laying the platform for continued strong growth.",NA,"410",NA
"We are delivering lower taxes for hard-working Australians because we want Australians to earn more and keep more of what they earn.",NA,"403",NA
"We have brought forward tax relief for small and medium businesses that employ millions of Australians.",NA,"402",NA
"Our improved budget position enables us to invest more in the services that Australians rightly expect.",NA,"504",NA
"Quality health care, aged care, disability support, child care and schools.",NA,"504",NA
"Improved economic security for women.",NA,"503",NA
"Record spending on infrastructure.",NA,"411",NA
"Less congested roads.",NA,"411",NA
"Inland Rail.",NA,"411",NA
"And a new Western Sydney Airport and Melbourne Airport Rail Link – breaking deadlocks that had eluded successive governments for decades.",NA,"411",NA
"Reforms that strengthen our federation by providing a fairer and more stable approach to the sharing of GST receipts.",NA,"503",NA
"Additional resources for our corporate and financial regulators to ensure our businesses do the right thing.",NA,"402",NA
"Our Plan",NA,"H",NA
"The Morrison Government will build an even stronger and more competitive economy,",NA,"410",NA
"with lower taxes",NA,"403",NA
"and more jobs.",NA,"701",NA
"An ambitious jobs and skills plan",NA,"H",NA
"The Morrison Government understands the importance of more and better paying jobs to the living standards of hard-working Australians.",NA,"701",NA
"In 2013, we set a target of creating one million new jobs over five years and exceeded it.",NA,"701",NA
"Since September 2013, we have created more than 1.3 million new jobs.",NA,"701",NA
"The majority of these new jobs are full-time.",NA,"701",NA
"More than 100,000 young Australians between the ages of 15 and 24 found jobs last financial year – the largest number in Australia’s history.",NA,"701",NA
"According to the Australian Bureau of Statistics, unemployment has fallen to 5 per cent – the equal lowest level in a decade.",NA,"701",NA
"The percentage of working age Australians on welfare is at its lowest level for a generation.",NA,"701",NA
"Australians are participating in the jobs market at record levels,",NA,"701",NA
"including record levels of female participation.",NA,"503",NA
"Not only are there more women in work than ever before, the gender pay gap is at its lowest level on record at 14.2 per cent and well below the 17.2 per cent gap when Labor left office.",NA,"503",NA
"We know that work offers opportunity.",NA,"701",NA
"We are committed to job creation.",NA,"701",NA
"That is why a re-elected Morrison Government will create another 1.25 million jobs over the next five years.",NA,"701",NA
"We will do this by building a stronger economy and supporting businesses to start and to grow.",NA,"402",NA
"The Morrison Government is determined to build on its strong record",NA,"410",NA
"and get more young Australians into work.",NA,"503",NA
"That is why we pledge that a re-elected Morrison Government will deliver 250,000 new young Australians employment over the next five years.",NA,"503",NA
"One in five of our new jobs will be for young Australians.",NA,"503",NA
"To ensure Australians have the skills they need to drive a growing economy, the Morrison Government will invest $525 million over five years in the vocational education and training (VET) sector to better equip Australians with the skills they need for today and tomorrow.",NA,"411",NA
"The package of measures will include 80,000 new apprenticeships in industries with skills shortages and a doubling of incentive payments to employers (to $8000).",NA,"411",NA
"The new apprentices - including bakers, bricklayers, plasterers, hairdressers, plumbers and carpenters - will also receive a $2000 incentive payment.",NA,"411",NA
"The Morrison Government will establish 10 industry Training Hubs to address the challenge of high youth unemployment in regional areas.",NA,"503",NA
"The Hubs will create better connections between local industry and schools to improve outcomes for students, employers and the VET sector.",NA,"411",NA
"They will be an on-the-ground presence where new approaches are needed to help students transition from school to training and work.",NA,"411",NA
"The Hubs will facilitate additional education for trainers as well as career advice and mentoring for young people with a specific focus on traditional in-demand trades.",NA,"503",NA
"A career facilitator will form partnerships between industries in sectors of local skills shortages and those providing advice and education to students.",NA,"503",NA
"This initiative will support Year 11 and 12 students at 10 pilot sites across Australia.",NA,"503",NA
"State Location Youth Unemployment Rate NSW Grafton 24.3%               Gosford 13.2%NT Alice Springs 12.1%QLD       Maryborough 19.8%              Townsville 17.7%SA Port Pirie 17.6%TAS Burnie                15.8%VIC Shepparton 16.7%WA Wanneroo 16.4%               Armadale 15.4%AUSTRALIA Armadale 11.5%",NA,NA,NA
"The 10 regions selected for the Training Hubs will also be eligible for the Commonwealth Scholarships Program for Young Australians.",NA,"503",NA
"This Program will support young Australians to enter the VET sector and gain the skills they need for a successful and rewarding career.",NA,"503",NA
"Successful candidates will be eligible for up to $17,500 in funding, varying based on scholarship length and type of study or training, for a maximum period of three years.",NA,"503",NA
"Priority will be given to eligible applicants in the following cohorts: individuals who have exited from the Australian Defence Force (ADF) in the previous 2 years (the age criteria will not be applicable for ADF applicants)",NA,"503",NA
"individuals who have exited from the Australian Defence Force (ADF) in the previous 2 years (the age criteria will not be applicable for ADF applicants)",NA,"503",NA
"Indigenous young Australians",NA,"503",NA
"young Australians with a disability, and",NA,"503",NA
"young Australians from culturally and linguistically diverse backgrounds.",NA,"503",NA
"In addition to the broader Skills Package, a re-elected Morrison Government will also build on the success of our employment programs for young people.",NA,"503",NA
"By providing access to training, internships and wage subsidies, our targeted Youth Jobs PaTH Program has already helped over 43,000 young Australians into a job.",NA,"503",NA
"The Morrison Government will expand this program to pilot up to 10 industry-led job pathway programs to build collaboration between employers and jobseekers and enhance the opportunities for young people in growth industries.",NA,"503",NA
"The new programs will commence on 1 January 2020, cost between $50,000 and $2 million each, and be run by group training organisations or employer bodies.",NA,"411",NA
"The Morrison Government will also expand access to the successful Transition to Work employment service to young people aged 22 to 24 years.",NA,"503",NA
"Until now, the program has been targeted at 15 to 21 year olds, helping over 32,000 young people into a job or training activity.",NA,"503",NA
"The expansion of access will assist an extra 2,000 young people annually.",NA,"503",NA
"The Morrison Government will also expand access to the successful Transition to Work employment service to young people aged 22 to 24 years.",NA,"503",NA
"Until now, the program has been targeted at 15 to 21 year olds, helping over 32,000 young people into a job or training activity.",NA,"503",NA
"The expansion of access will assist an extra 2,000 young people annually.",NA,"503",NA
"To provide unemployed Australians with the help they need to get back into the workforce as quickly as possible, the Morrison Government is embarking on the biggest overhaul of the employment services system in a generation.",NA,"701",NA
"From 1 July 2020, we will pilot a new system which provides more intensive and targeted support to those who most need help;",NA,"503",NA
"gives greater flexibility to those who are capable of getting their own job;",NA,"701",NA
"and which works better for business by giving them access to the workers they need, when they need them.",NA,"402",NA
"Our reforms will ensure that even more Australians can benefit from our strong economy and experience the dignity and choice that employment brings.",NA,"503",NA
"The Morrison Government is ensuring the VET training system is flexible and responsive to critical skills shortages as they emerge.",NA,"411",NA
"For example, the Morrison Government will increase the lifetime loan limit available to aviation students studying at a VET Student Loans (VSL) approved provider to $150,000, up from $104,440.",NA,"411",NA
"This change, which comes into force in January 2020, addresses concerns from industry that the existing combined lifetime loan limit doesn’t adequately cover the cost of training for the licences and ratings issued by the Civil Aviation Safety Authority.",NA,"411",NA
"This change has also been extended to those who study at higher education providers.",NA,"411",NA
"Boosting regional employment",NA,"H",NA
"The Morrison Government knows that for a strong Australia we need strong regions.",NA,"410",NA
"And strong regions need strong employment.",NA,"301",NA
"Under the Coalition, regional unemployment has fallen from 6 per cent to 5.5 per cent.",NA,"301",NA
"The Morrison Government is determined to ensure that young Australians in rural and regional areas have the opportunity to secure an apprenticeship",NA,"503",NA
"while ensuring regional small businesses have the skills they need.",NA,"301",NA
"That’s why we introduced a new trial wage subsidy program to support eligible new Australian apprentices located in regional areas facing skills shortages to take up opportunities in areas such as plumbing, mechanical, electrical, painting trades and hairdressing.",NA,"411",NA
"Under the subsidy, eligible employers will be able to receive payments based on the apprentice’s relevant award wage rates.",NA,"701",NA
"Subsidies are provided at 75 per cent of the apprentice’s award wage in the first year, followed with 50 per cent in the second year and 25 per cent in the third year.",NA,"701",NA
"The $60 million program commenced on 1 January 2019.",NA,"301",NA
"We are also investing in innovative local solutions to employment challenges.",NA,"301",NA
"Our $18.4 million Regional Employment Trials program enables local stakeholders to develop regional approaches to assist unemployed people in 10 disadvantaged regions where there are limited job opportunities.",NA,"301",NA
"Our Stronger Transitions package provides a targeted package of intensive assistance to retrenched workers to find new jobs and take advantage of labour market opportunities across Australia.",NA,"701",NA
"Through partnerships with employers, the plan offers skills and training, employment support, labour mobility and access to small business opportunities.",NA,"411",NA
"We will also continue to support Australian farmers with tools to capitalise when times are good – and the help they need when times are tough.",NA,"703.1",NA
"This includes the Future Drought Fund and the Drought Communities Program to help farmers, and local communities that rely on them, prepare for and respond to drought.",NA,"703.1",NA
"The Liberal and Nationals Government will also continue to support farmers, families and communities with extra support to help rebuild agriculture in flood-hit zones, particularly via the North Queensland Livestock Industry Recovery Agency.",NA,"703.1",NA
"Lower taxes",NA,"H",NA
"The Morrison Government wants Australians to earn more and to keep more of what they earn.",NA,"403",NA
"Lower taxes are a critical part of our plan to deliver a strong economy",NA,"403",NA
"and record job creation.",NA,"701",NA
"In 2018, the Coalition’s three-part plan delivered $144 billion in personal income tax cuts.",NA,"403",NA
"The legislated package had three elements.",NA,"403",NA
"To provide immediate relief to address cost of living pressures, protect income earners from bracket creep and to simplify and incentivise the tax system by abolishing an entire tax bracket.",NA,"403",NA
"A re-elected Morrison Government will provide an additional $158 billion in tax relief for hard-working Australians.",NA,"403",NA
"It represents the largest personal income tax cuts since the Howard Government.",NA,"403",NA
"The changes will more than double the low- and middle- income tax offset from 2018-19.",NA,"403",NA
"Taxpayers earning up to $126,000 a year – including teachers, tradies and nurses – will receive a tax cut this year.",NA,"403",NA
"For a single income family, this will mean tax relief of $1,080 each year and up to $2,160 for families on a dual income.",NA,"403",NA
"More than 10 million taxpayers will benefit, with 4.5 million receiving the full amount.",NA,"403",NA
"And the relief will flow quickly and be available to Australians after tax returns for the 2018-19 year are submitted in July.",NA,"403",NA
"This tax relief will lift household incomes, ease cost of living pressures",NA,"504",NA
"and boost spending at local businesses.",NA,"402",NA
"A re-elected Morrison Government will also deliver long-term structural reform by lowering the 32.5 per cent tax rate to 30 per cent from 1 July 2024.",NA,"403",NA
"This will cover all taxpayers earning between $45,000 and $200,000 and mean that 94 per cent of taxpayers will pay no more than 30 cents in the dollar.",NA,"403",NA
"Unlike Labor, a re-elected Morrison Government will place a speed limit on taxes, and ensure that tax as a share of GDP does not rise above the 23.9 per cent cap.",NA,"403",NA
"Taxes will always be lower under the Morrison Government.",NA,"403",NA
"Backing small and family business",NA,"H",NA
"The Morrison Government believes that small and family businesses are the beating heart of Australia’s economy.",NA,"402",NA
"When small businesses are healthy, all Australians are better off.",NA,"402",NA
"It means more jobs,",NA,"701",NA
"more choice, better living standards and more vibrant and connected communities.",NA,"504",NA
"The Morrison Government wants small businesses to prosper.",NA,"402",NA
"We want them to employ even more Australians.",NA,"701",NA
"The Morrison Government is pursuing a number of measures to strengthen small and medium businesses and the national economy.",NA,"402",NA
"The Morrison Government will continue to deliver tax relief to small and family businesses.",NA,"402",NA
"The company tax rate for small and medium-sized companies with a turnover of less than $50 million has been lowered to 27.5 per cent.",NA,"402",NA
"This rate will be lowered further to 25 per cent by 2021-22 as the Government accelerates its plan to deliver lower tax rates.",NA,"402",NA
"Similar timing applies to the increases in the unincorporated small business tax discount rate, which will increase to 16 per cent by 2021-22 (up to the cap of $1,000).",NA,"402",NA
"The instant asset write-off threshold has been increased from $25,000 to $30,000 and expanded to include medium-sized businesses with annual turnover of less than $50 million.",NA,"402",NA
"The initiative will benefit around 3.4 million businesses employing around 7.7 million workers.",NA,"402",NA
"The Morrison Government will make it easier for aspiring and existing small businesses to secure finance to start or expand their business.",NA,"402",NA
"The $2 billion Australian Business Securitisation Fund will increase access to more competitive finance following analysis that small to medium enterprises did not have access to the finance they need to start or grow their businesses.",NA,"402",NA
"The new pool of capital will help address this gap, as smaller banks and non-bank lenders will have access to more capital specifically for the sector.",NA,"402",NA
"The Morrison Government will also ensure small business is paid on time, both by government and big business.",NA,"403",NA
"Affordable and reliable energy",NA,"H",NA
"The Morrison Government’s Energy Plan will deliver affordable, reliable and sustainable energy for Australian households and businesses.",NA,"416.2",NA
"The Morrison Government has given the green light to the Snowy 2.0 project by committing to a $1.4 billion equity injection.",NA,"416.2",NA
"The project will firm up intermittent renewable energy by bringing 2000 megawatts (MW) of new renewable pumped hydro capacity into the system that will provide up to 175 hours of storage which can meet the peak demand of up to 500,000 homes.",NA,"416.2",NA
"The Morrison Government has joined with the Tasmanian Government to accelerate the Battery of the Nation and Marinus Link projects by providing $56 million for the Marinus Link interconnector – a second electricity transmission connection between Tasmania and Victoria.",NA,"416.2",NA
"To ensure a sufficient supply of reliable energy, the Morrison Government is delivering a program to underwrite investment in new reliable generation.",NA,"416.2",NA
"This will support increased competition in the National Electricity Market and help reduce wholesale electricity prices.",NA,"403",NA
"The Morrison Government has agreed to a shortlist of 12 projects representing a combined capacity of 3,818 MW equivalent to around 7 per cent of the National Electricity Market.",NA,"416.2",NA
"To reduce electricity costs for households, a re-elected Morrison Government will stop price gouging by energy companies.",NA,"403",NA
"This includes banning sneaky late payment penalties, making energy retailers pass on savings in wholesale prices and stopping anti-competitive behaviour.",NA,"403",NA
"A price safety net will stop big power companies ripping off loyal customers.",NA,"403",NA
"The Morrison Government will also provide relief for electricity consumers through a one-off, income tax exempt payment of $75 for singles and $125 for couples to around 4 million eligible social security payment recipients, assisting with their next power bill and cost of living expenses.",NA,"403",NA
"Building modern and productive transport infrastructure",NA,"H",NA
"The Morrison Government has a $100 billion, 10 year infrastructure plan to better connect people to jobs, their homes and their communities, and allow businesses to connect to domestic and global export markets.",NA,"411",NA
"Since 2013, the Coalition has made commitments to more than 770 major projects, as well as thousands of smaller upgrades across every local government area and region in Australia.",NA,"411",NA
"Over 270 major projects have already been completed, with over 160 under construction,",NA,"411",NA
"providing over 50,000 direct and indirect jobs.",NA,"701",NA
"Investing in infrastructure projects that support the productive capacity of the economy supports growth and supports the Budget.",NA,"411",NA
"The Coalition’s reforms to project selection, including assessment by Infrastructure Australia for projects receiving over $100 million, will ensure benefits flow across the economy.",NA,"411",NA
"The Morrison Government has developed a rolling 10-year infrastructure pipeline, locking in funding over the medium-term to give greater certainty for state and territory governments to plan for new projects and for industry to invest in business and workforce capacity.",NA,"411",NA
"The Coalition will work with state and territory governments - who are responsible for procurement on their road and rail networks - to ensure tendering processes encourage competition.",NA,"301",NA
"This will ensure taxpayers get value for money,",NA,"504",NA
"while also building the diversity and capability of the Australian construction sector.",NA,"411",NA
"Creating more export opportunities through better infrastructure",NA,"H",NA
"Quality infrastructure is essential for the nation’s productive capacity and to better connect us to international markets.",NA,"401",NA
"The Morrison Government will continue to invest in the transformation of Australia’s transport corridors to open new markets to Australian businesses",NA,"401",NA
"and make it easier to move goods from our primary producers and industries to domestic and overseas markets.",NA,"703.1",NA
"As part of the Coalition’s $100 billion 10-year infrastructure plan, significant investments are being made in rail, road and intermodal facilities, such as the Gladstone Port Access Road ($100m), the Shepparton Bypass on the Goulburn Valley Highway ($208m) and Tranche 3 of the Tasmanian Freight Rail Revitalisation Program ($68m).",NA,"411",NA
"The signature Roads of Strategic Importance initiative has been increased to $4.5 billion to ensure our key freight roads efficiently connect agricultural and mining regions to ports, airports and other transport hubs, and manufacturers can connect to their market.",NA,"703.1",NA
"The Coalition will continue to deliver the $9.3 billion Inland Rail from Brisbane to Melbourne, a once-in-a-generation infrastructure project connecting regional Australia to national and international markets.",NA,"411",NA
"This project – already under construction – will deliver economic and social benefits across the country.",NA,"411",NA
"The nature of the freight task is evolving and freight volumes remain on track to double in the 20 years to 2030.",NA,"411",NA
"A co-ordinated national approach will drive action in investment, planning and data and technology.",NA,"411",NA
"To help position Australia to meet this challenge, the Coalition will finalise a National Freight and Supply Chain Strategy with all tiers of government.",NA,"301",NA
"Creating more export opportunities through trade deals",NA,"H",NA
"In just six years the Liberal National Government has embedded Australia into the major economic engines of our region.",NA,"401",NA
"The Government has concluded export agreements with China, Japan, Korea, the 10 economies of the Trans-Pacific Partnership (TPP-11)1, the 10 countries of the Pacific Agreement on Closer Economic Relations (PACER Plus)2, as well as Indonesia, Peru and Hong Kong.",NA,"101",NA
"Australian exporters now have duty-free or preferential access to 2.8 billion consumers around the world, up more than 1.75 billion since the Coalition came to office.",NA,"401",NA
"Australia’s free trade partners account for more than 55 per cent of global GDP, or over $44 trillion.",NA,"401",NA
"Our trade deals have created substantial new opportunities for Australian exporters, including our farmers, manufacturers, miners and service providers.",NA,"703.1",NA
"For example, the value of exports of fresh or chilled Australian beef to Japan has increased by 42 per cent to $1.2 billion since the Japan-Australia free trade agreement came into force.",NA,"703.1",NA
"The value of Australian exports of fresh grapes to China has increased more than 9 times to $150 million since the China-Australia Free Trade Agreement came into force.",NA,"703.1",NA
"And there’s more to come.",NA,"703.1",NA
"The Morrison Government’s export agreement with Indonesia, once in force, will provide a major boost for Australian farmers.",NA,"703.1",NA
"Under the agreement, producers of grains, live cattle and meat, dairy and horticulture, and many other products will benefit from lower tariffs and improved access to Indonesian markets.",NA,"703.1",NA
"Australian grain growers will be able to export feed grains into Indonesia tariff free, building on our substantial milling wheat exports.",NA,"703.1",NA
"A re-elected Morrison Government will prioritise the conclusion of a free trade agreement with the European Union, the implementation of the India Economic Strategy and the expansion of the Trans Pacific Partnership.",NA,"101",NA
"Other market-opening opportunities include a free trade deal with the United Kingdom as soon as they are ready to do so as well as a trade agreement with the 4 nation Pacific Alliance.",NA,"101",NA
"The Morrison Government will also help more Australian businesses to take on the world.",NA,"401",NA
"The 2019-20 Budget provided an additional $60 million for Export Market Development Grants to allow small and medium businesses to capitalise on these opportunities.",NA,"402",NA
"Ensuring the Government lives within its means",NA,"H",NA
"The Morrison Government has restored our nation’s finances.",NA,"414",NA
"This turnaround has been achieved by building a strong economy and applying careful fiscal discipline.",NA,"403",NA
"Real spending growth is at its lowest level by any government for half a century.",NA,"414",NA
"Australia’s budget is back in the black with a surplus of $7.1 billion in 2019-20.",NA,"414",NA
"Over the next four years, the budget will deliver $45 billion in surpluses, growing to more than 1 per cent of GDP from 2026-27.",NA,"414",NA
"We will reach our goal of eliminating Commonwealth net debt by 2030 or sooner.",NA,"414",NA
"This is a critical achievement as the interest bill on Labor’s legacy of debt in just one year was $18 billion – enough to build 500 schools or a world-class hospital in every state and territory.",NA,"414",NA
"The Choice",NA,"H",NA
"There is a lot at stake at this election.",NA,"403",NA
"And there is a clear choice.",NA,"403",NA
"A choice between a Government that is delivering a strong economy or a Labor Party that would weaken our economy.",NA,"414",NA
"A choice between a Government that is fixing the budget or a Labor Party that can’t manage money.",NA,"414",NA
"A choice between a Government that is making life easier for families by lowering taxes or a Labor Party that will put more strain on households by imposing $387 billion in new taxes on workers, retirees, families and small business.",NA,"403",NA
"A choice between a Government that can afford to pay for better infrastructure and services or a Labor Party that would max out Australia’s credit card.",NA,"411",NA
"A choice between a Government that has secured our borders and is keeping Australians safe or a Labor Party that has learned nothing from its border security failures.",NA,"104",NA
"An uncertain international economic outlook underlines the need for a sure hand in guiding the economy.",NA,"403",NA
"A Labor Government would mean a drastic change in economic direction.",NA,"403",NA
"A Shorten Labor Government would easily be the highest taxing government in the nation’s history.",NA,"403",NA
"And when Labor runs out of money they come after yours.",NA,"403",NA
"An economic leap in the dark",NA,"H",NA
"A Shorten Labor Government will be very different from a re-elected Morrison Government.",NA,"403",NA
"Under Labor, personal and business taxes will be higher not lower.",NA,"402",NA
"Labor’s track record tells you there will be budget deficits instead of surpluses.",NA,"414",NA
"A reckless emissions reduction target instead of a responsible one.",NA,"403",NA
"Policy based on envy rather than aspiration.",NA,"702",NA
"Union muscle rather than the rule of law.",NA,"702",NA
"Mr Shorten will take Australia in a very different direction.",NA,"702",NA
"It will be an economic leap in the dark.",NA,"403",NA
"Labor’s plan means fewer jobs",NA,"H",NA
"In the last 6 years, the Liberal National Government created more than 1.3 million jobs.",NA,"701",NA
"In the next 5 years, a re-elected Morrison Government will create another 1.25 million jobs.",NA,"701",NA
"It’s a credible promise because the Liberal Nationals have a proven record in job creation.",NA,"701",NA
"The opposite is true of Labor.When the last Labor Government was elected in 2007, the jobless rate was 4.4 per cent.",NA,"701",NA
"When Labor left office 6 years later, the jobless rate was 5.7 per cent and rising.",NA,"701",NA
"And there were 54,700 fewer young people with jobs.",NA,"701",NA
"That’s a record of job destruction not creation.",NA,"701",NA
"Labor’s key policy proposals will not create new jobs.",NA,"701",NA
"Labor’s plan for $387 billion in new taxes will strangle economic growth.",NA,"701",NA
"That means fewer jobs not more.",NA,"701",NA
"Labor’s reckless 45 per cent emissions reduction plan will kill 336,000 jobs by 2030, according to independent peer-reviewed modelling.",NA,"701",NA
"Labor’s plan to give militant unions the power to control workplaces will destroy jobs, especially for young Australians.",NA,"701",NA
"Labor will blow the budget",NA,"H",NA
"Since 1989-90, Labor Governments have delivered 12 budgets, but not a single surplus.",NA,"414",NA
"Like the Rudd/Gillard/Rudd Governments, a Shorten Labor Government will never deliver a surplus budget.",NA,"414",NA
"It is a habit Labor cannot break.",NA,"305.1",NA
"Labor regularly and cynically leaves massive deficits for incoming Coalition Governments to fix.",NA,"414",NA
"In 1996, the incoming Howard Government inherited an underlying cash deficit (in today’s dollars) of $26 billion or 1.5 per cent of GDP.",NA,"414",NA
"3 The Howard Government returned the Budget to surplus.",NA,"414",NA
"In 2013-14, Labor left the Coalition Government an underlying cash deficit of $48.5 billion or 3 per cent of GDP.",NA,"414",NA
"Like the Howard Government a decade ago, the Coalition has again repaired Labor’s budget mess and this year returns the Budget to surplus.",NA,"414",NA
"If given the chance, Labor will squander the surplus again, even with tens of billions in new taxes, as they did before.",NA,"414",NA
"We must not reward Labor’s cynicism.",NA,"414",NA
"We cannot repeat this cycle again.",NA,"414",NA
"We must not give up all the gains we have made.",NA,"414",NA
"Labor’s tax assault will weaken essential services",NA,"H",NA
"Labor’s $387 billion of higher taxes over the next decade will reduce the capacity of the economy to fund essential services like health, education, infrastructure and national security.",NA,"504",NA
"This is equivalent to an extra yearly household tax bill of $5,400 within a decade.",NA,"504",NA
"A potential Labor Government would be the highest taxing Australian government on record.",NA,"504",NA
"This would be a dangerous experiment on a scale that has never been conducted before.",NA,"504",NA
"When taxes rise, economic growth slows.",NA,"410",NA
"When growth slows, government revenue falls.",NA,"410",NA
"When government revenue falls, budgets slide deeper into deficit.",NA,"414",NA
"It becomes harder to provide high quality essential services including health, education, infrastructure and national security.",NA,"504",NA
"Business and consumer confidence fall.",NA,"403",NA
"Growth slows further.",NA,"410",NA
"Deficits deepen.",NA,"414",NA
"The cost of servicing the debt grows.",NA,"414",NA
"The economic downward spiral accelerates.",NA,"410",NA
"A Shorten Government will bow to the iron fist of militant union bosses",NA,"H",NA
"The Labor Party has never been more deferential to militant union demands.",NA,"702",NA
"Labor would put militant union bosses back in charge.",NA,"702",NA
"They have promised a return to lawlessness in the construction industry by abolishing the Australian Building and Construction Commission.",NA,"702",NA
"Last time they abolished the construction industry watchdog, days lost to industrial action in the industry increased by 660 per cent.",NA,"702",NA
"They would allow a return to bad behaviour by dodgy trade union bosses by abolishing our anti-corruption agency for unions and employer associations, the Registered Organisations Commission.",NA,"702",NA
"They would threaten the livelihoods of 35,000 owner truck drivers by promising a return of the union-friendly trucking tribunal that threatened to put them out of business.",NA,"702",NA
"And they are a risk to the CFA volunteer firefighters that we protected from a hostile union takeover despite constant opposition from Labor.",NA,"702",NA
"Labor would also completely change the rules of industrial relations.",NA,"702",NA
"Labor has already promised to impose industry-wide strikes, allow politicians to interfere with pay decisions, tear up enterprise bargaining, give union bosses the upper hand in negotiations, give unions the power to pilfer workers’ entitlements held in accounts they control, exempt union-run industry super funds from tax hikes, impose a union veto on trade agreements and restrict backpacker work visas that help our farming sector.",NA,"702",NA
"This alone will hurt jobs",NA,"701",NA
"and the economy.",NA,"410",NA
"And who knows what other changes former union leader Bill Shorten would make to keep militant union bosses happy.",NA,"702",NA
"Labor’s reckless emissions reductions will flatten the economy, jobs and wages",NA,"H",NA
"Labor’s reckless 45 per cent emissions reduction target will damage virtually every sector of the Australian economy.",NA,"410",NA
"Labor also wants to increase the cost of family SUVs and tradies utes by $5,000 and restrict choice of vehicles with its new car tax.",NA,"504",NA
"Economic modelling by respected economist Dr Brian Fisher has found Labor’s 45 per cent target will slash economic growth",NA,"410",NA
", jobs and wage growth.",NA,"701",NA
"Over the decade to 2030, there will be a $472 billion hit to the Australian economy,",NA,"410",NA
"336,000 jobs will be lost and average yearly full-time wages will shrink by nearly $9000 by 2030.",NA,"701",NA
"All sectors, except iron ore, will shrink.",NA,"410",NA
"Electricity prices will nearly double under Labor’s target.",NA,"412",NA
"The Cost",NA,"H",NA
"The Coalition’s Plan for a Stronger Economy",NA,"410",NA
"and More Jobs will not place additional costs on the Budget.",NA,"701",NA
"Our Plan for Lower Taxes for Small Business",NA,"H",NA
"KEY POINTS",NA,"H",NA
"Small businesses are the beating heart of the Australian economy.",NA,"410",NA
"When small businesses are healthy, all Australians are better off.",NA,"410",NA
"It means more jobs,",NA,"701",NA
"more choice, better living standards",NA,"504",NA
"and more vibrant and connected communities.",NA,"411",NA
"When you work hard, build your business and invest in your community you are having a go.",NA,"410",NA
"And you will get a go under the Morrison Government.",NA,"410",NA
"That’s what the Morrison Government believes in.",NA,"410",NA
"That’s why we are backing small business to invest, employ more workers and grow their business.",NA,"402",NA
"We will lower taxes for small, medium and family businesses.",NA,"402",NA
"We will make it easier for them to employ even more Australians.",NA,"402",NA
"We will incentivise their investment in productivity-enhancing equipment.",NA,"402",NA
"We will expand their access to finance.",NA,"402",NA
"We will ensure they have the skills they need for today and tomorrow.",NA,"402",NA
"We will ensure they get a fair go by stopping big business abusing their market power.",NA,"403",NA
"We will ensure they are paid on-time by government and larger businesses.",NA,"403",NA
"We will lift the red tape and paperwork burden.",NA,"402",NA
"We will enable them to get their products to their customers more quickly with modern transport infrastructure.",NA,"411",NA
"We will give them access to billions of global consumers with market-opening trade agreements.",NA,"401",NA
"We will ensure they have affordable, reliable and sustainable energy.",NA,"416.2",NA
"We will help them seize the opportunities provided by the digital economy.",NA,"411",NA
"We will support their mental health and wellbeing so they can support their family, business, employees and local community.",NA,"504",NA
"We will support tens of thousands of Australian women through our female entrepreneurs programs.",NA,"503",NA
"It is part of our plan for a stronger economy that provides the settings and opportunity for business to do what it does best.",NA,"402",NA
"Labor do not believe in enterprise and aspiration.",NA,"402",NA
"Labor’s taxes are bad for business.",NA,"402",NA
"Small business will get hit twice.",NA,"402",NA
"First, Labor's higher taxes would directly hit small business.",NA,"402",NA
"Second, a Shorten Labor government would be the highest taxing government in Australia’s history.",NA,"402",NA
"That will weaken our economy and make it a harder environment for small business to operate in.",NA,"402",NA
"OUR PLAN",NA,"H",NA
"The Morrison Government is already delivering lower taxes for small and medium businesses.",NA,"402",NA
"Lower taxes mean more money to reinvest back into the business",NA,"402",NA
"and create more jobs for Australians.",NA,"701",NA
"The Morrison Government has already provided lower taxes to around 3.4 million small, medium and family businesses employing over 7 million workers.",NA,"402",NA
"We have fast tracked small and medium businesses moving to a lower corporate tax rate.",NA,"402",NA
"The Morrison Government has already lowered the tax rate from 30 per cent to 27.5 per cent.",NA,"402",NA
"And this rate will be cut further to 25 per cent by 2021-22 - five years earlier than previously planned.",NA,"402",NA
"Fast-tracking these lower taxes will benefit around 970,000 small and medium companies that employ over 5 million workers.",NA,"402",NA
"We will ensure that unincorporated small businesses receive comparable treatment through an increase in their small business discount.",NA,"402",NA
"This will benefit around 2.4 million businesses employing 1.9 million workers.",NA,"402",NA
"The Morrison Government is also helping small and medium businesses invest",NA,"402",NA
"And grow through increasing and expanding the instant asset write-off.",NA,"402",NA
"It has been increased from $25,000 to $30,000 and it can be used every time an asset under that amount is purchased.",NA,"402",NA
"That will enable a café to get a new fridge or grill, a plumber to buy new tools or a courier a new van.",NA,"402",NA
"The incentive will also be expanded so medium-sized businesses with a turnover up to $50 million can access it.",NA,"402",NA
"This will benefit an extra 22,000 additional businesses employing around 1.7 million workers.",NA,"402",NA
"The Morrison Government has set a speed limit on taxes as a share of our economy.",NA,"402",NA
"We are ensuring that the economy isn’t burdened with higher and higher taxes.",NA,"402",NA
"The personal tax relief we are providing to millions of Australians will help boost spending at local small businesses.",NA,"402",NA
"Haylee and Martin own a company, HM Nurseries Pty Ltd, through which they operate several nurseries in Newcastle.",NA,"402",NA
"HM Nurseries Pty Ltd has an aggregated turnover of $5.2 million and a taxable income of $150,000 for the 2019-20 income year.",NA,"402",NA
"They employ 15 workers.",NA,"402",NA
"To continue to expand the business, and offer delivery services to clients, HM Nurseries Pty Ltd purchases two new vans halfway through the financial year.",NA,"402",NA
"The vans cost $29,000 each, exclusive of GST.",NA,"402",NA
"Under previously announced arrangements, the vans each cost more than the $25,000 threshold for the instant asset write-off in the 2019-20 income year.",NA,"402",NA
"This means they would be added to HM Nurseries Pty Ltd’s small business depreciation asset pool and depreciated by 15 per cent.",NA,"402",NA
"HM Nurseries Pty Ltd would claim a tax deduction of $8,700 for the depreciation of the vans.",NA,"402",NA
"Under the new $30,000 instant asset write-off, HM Nurseries Pty Ltd would instead claim an immediate deduction of $58,000 for the purchase of the two vans in the 2019-20 income year, $49,300 more than under previously announced arrangements.",NA,"402",NA
"This will help the business to invest, grow and employ more workers.",NA,"402",NA
"The Morrison Government’s changes mean that HM Nurseries Pty Ltd pays less tax, increasing its cash flow by over $13,500.",NA,"402",NA
"Mark owns a company, Lat Val Pty Ltd, through which he operates a food manufacturing business in the Latrobe Valley employing 60 staff.",NA,"402",NA
"Lat Val Pty Ltd has an aggregated turnover of $25 million and a taxable income of $900,000 for the 2019-20 income year.",NA,"402",NA
"Ordinarily Lat Val Pty Ltd would be too large to access the instant asset write-off, but the changes in the 2019 20 Budget mean it can now benefit.",NA,"402",NA
"Lat Val Pty Ltd purchases 10 new commercial ovens halfway through the income year, at a cost of $12,000 each, exclusive of GST, to allow Lat Val Pty Ltd to expand its business and improve efficiency.",NA,"402",NA
"Under existing tax arrangements, Lat Val Pty Ltd would depreciate the new ovens using an effective life of 15 years.",NA,"402",NA
"Choosing to use the diminishing value method, Lat Val Pty Ltd would claim a tax deduction of $800 per oven, a total deduction of $8,000 for the 2019-20 income year.",NA,"402",NA
"Under the new $30,000 instant asset write-off, Lat Val Pty Ltd would instead claim an immediate deduction of $120,000 for the purchase of the 10 ovens in the 2019 20 income year, $112,000 more than under existing arrangements.",NA,"402",NA
"This will help the business to invest, grow",NA,"402",NA
"and employ more workers.",NA,"701",NA
"The Morrison Government’s changes mean that Lat Val Pty Ltd pays less tax, increasing its cash flow by $30,800.",NA,"402",NA
"THE CHOICE",NA,"H",NA
"Labor do not believe in enterprise and aspiration.",NA,"402",NA
"Labor's plan for higher taxes will cost Australian small businesses.",NA,"402",NA
"Each and every one of Labor’s $387 billion of higher taxes are bad for business.",NA,"402",NA
"Not only will small business suffer directly from higher taxes, they will feel the effects of the flow-on impact of a weaker economy.",NA,"402",NA
"Within a decade, Labor's tax hit will be the equivalent to an extra yearly household tax bill of $5,400.",NA,"402",NA
"That is $5,400 less to spend at local businesses.",NA,"402",NA
"That’s $5,400 less going back into the community.",NA,"402",NA
"A Shorten Labor government would be the highest taxing government in Australia’s history.",NA,"402",NA
"This would weaken our economy and provide fewer opportunities for small business to thrive.",NA,"402",NA
"Labor are proposing a dangerous experiment on a scale that has never been conducted before.",NA,"402",NA
"Each and every one of Labor’s new taxes will hit small, medium and family businesses across Australia.",NA,"402",NA
"Labor’s $230 billion income tax and $6.5 billion deficit levy will limit enterprise and aspiration.",NA,"402",NA
"Unincorporated small businesses will be directly hit as their business grows and incomes rise as a result of their hard work.",NA,"402",NA
"Small business will feel the effects if legislated tax relief is taken away from millions of Australians, reducing spending at local small businesses.",NA,"402",NA
"Labor’s $31 billion housing tax will reduce home values and increase rents.",NA,"402",NA
"Small business owners will be directly hit as they often rely on the equity in their homes to secure finance - making access to finance more difficult as the value of their homes reduces.",NA,"402",NA
"Small business owners will be directly hit by higher rents.",NA,"402",NA
"Small businesses in the construction industry will be hit with the Master Builders Association finding that Labor’s policy would result in up to 42,000 fewer new dwellings, 32,000 fewer full-time jobs and an $11.8 billion drop in building activity.",NA,"402",NA
"Labor’s $57 billion retiree tax will destroy the value small business owners have built up in their business.",NA,"402",NA
"Small business owners will be directly hit if they receive dividends from their business.",NA,"402",NA
"It will destroy the plans of older small business owners who have spent many years building their business,",NA,"402",NA
"creating jobs",NA,"701",NA
"and investing in their community,",NA,"410",NA
"with the plan to use the franking credits from their small business in retirement.",NA,"504",NA
"It will hit main street small businesses in communities with large retiree populations, as retirees will no longer be able to afford to go out for the club meal, purchase a coffee and cake or buy some toys for their grandkids.",NA,"402",NA
"Labor’s $27 billion family business tax will tax small family businesses at the same rate as large multinational companies.",NA,"402",NA
"300,000 small family businesses will be directly hit with a minimum tax rate of 30 per cent.",NA,"402",NA
"It will hurt small businesses that are using these trusts for asset protection, estate planning or to manage cash flows.",NA,"402",NA
"Labor’s $34 billion in superannuation taxes will punish start-up and micro business owners limiting how they can contribute to their superannuation.",NA,"402",NA
"Labor will no longer allow personal superannuation contributions to be deducted where more than 10 per cent of their income is from outside their business - a common occurrence if they are working another job while establishing their business.",NA,"402",NA
"800,000 Australians are estimated to benefit from working part time, taking a salary while establishing their business.",NA,"402",NA
"Labor’s $2 billion tax return tax will mean an extra cost for many sole trading businesses to comply with Australian tax laws, and because they can no longer afford it will mean they do not get the important advice they need.",NA,"402",NA
"Making matters worse the $387 billion tax hike doesn’t take into account Labor’s electricity and car taxes.",NA,"402",NA
"Small business will be directly hit as the cost of doing business is pushed up, and the car tax will mean businesses may not be able to purchase the vehicles they need to do the job properly.",NA,"402",NA
"The choice is clear.",NA,"402",NA
"Small, medium and family businesses will suffer as a result of Labor’s $387 billion plan for higher taxes.",NA,"402",NA
"By contrast, the Morrison Government has a proven track record of backing small and medium businesses and a plan for lower taxes for small, medium and family businesses.",NA,"402",NA
"COSTS",NA,"H",NA
"The Coalition’s plan for lower taxes for small business will not place additional costs on the Budget.",NA,"402",NA
"Our Plan to Support Retirees",NA,"H",NA
"Key points",NA,"H",NA
"Retirees should enjoy choice.",NA,"504",NA
"The reward for a lifetime of hard work should always be a long, healthy and dignified retirement.",NA,"504",NA
"When you work hard, save and provision for the future, nothing should stand in the way of your freedom and independence.",NA,"504",NA
"That’s what the Morrison Government believes.",NA,"504",NA
"And that’s why we’re backing retirees to achieve their goals of self-reliance and fulfilment.",NA,"504",NA
"We will support retirees’ independence and dignity.",NA,"504",NA
"We will ensure their savings are protected.",NA,"403",NA
"We will protect and expand access to self-managed super.",NA,"403",NA
"We will not undermine the value of their home.",NA,"403",NA
"We will not hit them with new taxes on superannuation.",NA,"403",NA
"Guaranteed.",NA,"504",NA
"We understand that not everybody will face the same circumstances or make the same choices later in life.",NA,"403",NA
"Our policies respect these differences: whether you’re a self-funded retiree or a pensioner.",NA,"403",NA
"The same cannot be said of Bill Shorten and the Labor Party.",NA,"504",NA
"Labor thrives on conflict, including policies to turn retirees against pensioners.",NA,"504",NA
"Their devastating Retiree Tax is a $57 billion tax grab that would hit over 1 million Australians.",NA,"403",NA
"This includes more than 900,000 Australians with direct shareholdings, 200,000 self-managed super funds and 1,800 super funds.",NA,"403",NA
"On average, these retirees would lose almost $2,300 a year – and more than half of them are women.",NA,"403",NA
"Self-managed super funds would lose $12,000 a year.",NA,"403",NA
"Labor claims their Retiree Tax will only slug the wealthy, but the truth is that 84% of Australians who would be affected are on a taxable income of less than $37,000.",NA,"403",NA
"And 50,000 pensioners in self-managed super funds would also be hit.",NA,"403",NA
"The Morrison Government believes in choice, freedom and dignity for all Australians who have worked hard.",NA,"504",NA
"Labor has no respect for those who have worked hard, paid taxes and planned for an independent retirement.",NA,"504",NA
"Our Plan",NA,"H",NA
"Our policies are already delivering for retirees and pensioners.",NA,"504",NA
"We are backing self-funded retirees and pensioners by: Guaranteeing no new taxes on superannuation.",NA,"403",NA
"Improving flexibility of the superannuation system.",NA,"403",NA
"From 1 July 2020, Australians aged 65 and 66 will be able to make voluntary superannuation contributions even if they do not meet the current work test requirement to work at least 40 hours over a 30-day period in the year they seek to make contributions.",NA,"403",NA
"For example, it means part time workers – such as a 65 year-old who works one day a week and who wouldn’t meet the current work test – can now contribute to superannuation.",NA,"403",NA
"Providing wage subsidies and training incentives for mature age workers.",NA,"411",NA
"Protecting and expanding access to self-managed super, with a plan to extend the maximum size of self-managed super funds from four to six members – enabling more families to take control of their retirement savings.",NA,"403",NA
"Widening choices in later years through an expanded pension loans scheme, giving around 1.8 million Australians the option to boost their income by drawing down on more of the equity in their own home.",NA,"403",NA
"Allowing contributions to super from the proceeds of downsizing, up to $300,000 for eligible Australians aged 65 and over.",NA,"403",NA
"Continuing to give self-managed super funds the flexibility to borrow on a non-recourse basis to help maximise returns for retirement.",NA,"403",NA
"In contrast, Labor has promised to ban this practice.",NA,"403",NA
"Stopping Labor’s unfair Retiree Tax.",NA,"403",NA
"Currently, most retirees who receive share dividends get a (franking credit) refund on the tax they have already paid via the company in which they invest.",NA,"403",NA
"By abolishing tax refunds on dividends, Labor’s Retiree Tax would reach into the pockets of over 1 million Australians, many being retirees and pensioners, taxing them again.",NA,"403",NA
"Stopping Labor’s unfair Housing Tax. Labor’s plan to abolish negative gearing as we know it will push down home values.",NA,"403",NA
"An independent report found house prices will fall as much as 16 per cent, or around $100,000, on a typical house in Melbourne.",NA,"403",NA
"Stopping Labor’s plan for four new superannuation taxes, which would hit around 1 million Australians.",NA,"403",NA
"The Choice",NA,"H",NA
"There is a lot at stake at this election.",NA,"403",NA
"And there is a clear choice.",NA,"403",NA
"A choice between a Government that is delivering a strong economy or a Labor Party that would weaken our economy.",NA,"410",NA
"A choice between a Government that is fixing the Budget or a Labor Party that can’t manage money.",NA,"414",NA
"A Shorten Labor Government would be the highest taxing government in the nation’s history.",NA,"403",NA
"When Labor runs out of money they come after yours.",NA,"403",NA
"When you take responsibility and save for your own retirement, Labor comes after your money.",NA,"403",NA
"Bill Shorten now describes refunding franking credits as a “gift”. (Doorstop, 12 April 2019)",NA,"403",NA
"Even though Labor supported this policy as recently as 2017.",NA,"403",NA
"Of course, in Australia we have dividend imputation – a great Labor reform – which means that every domestic payer of corporate tax in effect gets it back.",NA,"403",NA
"We actually refund our corporate tax to our domestic investors, something which is quite unique around the world and often gets lost in this debate. (Chris Bowen, House Hansard, 11/9/2017)",NA,"403",NA
"Bill Shorten and his Shadow Treasurer Chris Bowen want to punish Australians who have worked hard and saved for retirement.",NA,"504",NA
"Their arrogant response to those who would lose out from their tax hit?",NA,"504",NA
"We don’t care, vote for someone else.",NA,"305.1",NA
"I say to your listener: if you feel very strongly about this, if they feel that this is something that should impact their vote they are of course perfectly entitled to vote against us. (Chris Bowen, radio interview, 30/1/2019)",NA,"305.1",NA
"Australian retirees, including the 50,000 pensioners who will be hit by Labor’s policy, deserve to be treated with respect, not hit by unfair taxes.",NA,"403",NA
"Bill Shorten believes retirees are a piggy bank to be raided as part of Labor’s $387 billion tax assault.",NA,"403",NA
"By contrast, the Morrison Government has a proven track record of respect for the independence, dignity and choice of older Australians.",NA,"403",NA
"We will guarantee and protect retirement savings and superannuation.",NA,"403",NA
"Our Plan for Lower Energy Costs for Small Businesses",NA,"H",NA
"KEY POINTS",NA,"H",NA
"Small businesses are the beating heart of Australia’s economy.",NA,"410",NA
"When small businesses are healthy, all Australians are better off.",NA,"410",NA
"It means more jobs,",NA,"701",NA
"more choice, better living standards",NA,"504",NA
"and more vibrant and connected communities.",NA,"411",NA
"Australia’s 3.4 million small, medium and family businesses employ over 7 million workers.",NA,"701",NA
"We understand power prices are hurting Australian small businesses,",NA,"403",NA
"preventing them from employing more people and grasping new opportunities.",NA,"402",NA
"The Morrison Government is committed to lower power prices while keeping the lights on.",NA,"402",NA
"The Morrison Government is taking strong action to lower power prices to ensure our small, medium and family businesses can continue to grow strongly.",NA,"402",NA
"We are already seeing results.",NA,"402",NA
"By mid-2019, over one million Australian families and small businesses will benefit from electricity prices falling by up to 15 per cent.",NA,"402",NA
"Our Fair Deal on Energy delivers affordable, reliable, 24/7 power to Australian families, businesses and communities:A price safety net to protect loyal customers and help families and small businesses make empowered and informed decisions about their energy plans.",NA,"402",NA
"Big stick legislation to stop the big energy company rip-offs and ban sneaky late payment fees.",NA,"403",NA
"Supporting reliable power by requiring energy companies to sign contracts guaranteeing enough energy to meet demand.",NA,"402",NA
"Underwriting investment in new reliable power generation to improve competition, including Snowy 2.0, Battery of the Nation and a shortlist of reliable generation projects.",NA,"402",NA
"The ACCC forecasts that underwriting new generation can reduce wholesale power prices by more than 25%.",NA,"402",NA
"A new Energy Efficient Communities Program will provide $50 million through more than 2,500 grants to eligible businesses and community organisations, helping them save energy and reduce their power bills by installing new equipment or reviewing and improving their energy management.",NA,"402",NA
"The Morrison Government has a clear plan to reduce power prices for families and businesses.",NA,"402",NA
"In contrast, by 2030, Labor’s reckless emissions policies will reduce the average full time wage by $9,000 in real terms, reduce the number of jobs by 336,000",NA,"701",NA
"and increase wholesale electricity prices by 58 per cent.",NA,"402",NA
"Labor also wants to increase the cost of business SUVs and tradies' utes by $5,000 and restrict choice of vehicles.",NA,"402",NA
"OUR RECORD",NA,"H",NA
"Since 2013, the Liberal National Government has:Abolished the carbon tax, saving households and small businesses $200 on electricity bills and $70 on gas bills in 2014-15.",NA,"402",NA
"Taken action to ban retailers from charging sneaky late payment penalties.",NA,"403",NA
"Implemented National Energy Market rules that will protect small businesses:Banning retailers from offering confusing discounts.",NA,"403",NA
"Requiring energy retailers to notify customers when their discounts are about to finish or change.",NA,"403",NA
"Requiring retailers to accept self-meter reads instead of estimated reads so customers are accurately charged.",NA,"403",NA
"Upgraded the Energy Made Easy website to empower customers to get a better deal, and invested $11.7 million in the Business Energy Advice Program, delivering practical advice to help small businesses get better energy deals and increase their energy efficiency.",NA,"402",NA
"Reined in the power of the electricity networks, which if Labor had done when last in Government, would have saved consumers more than $6 billion.",NA,"403",NA
"Supported the COAG Energy Council’s establishment of Energy Consumers Australia to represent households and SME consumers.",NA,"403",NA
"Secured more gas for Australian businesses through the Australian Domestic Gas Security Mechanism.",NA,"402",NA
"The Liberal National Government has provide more funding and new powers to enable the ACCC to monitor electricity and gas prices.",NA,"402",NA
"We have directed the ACCC to hold an inquiry into prices, profits and margins in the National Electricity Market and committed $31.9 million in additional funding for the ACCC and Australian Energy Regulator.",NA,"402",NA
"We have also funded the ACCC to monitor the behaviour and prices of producers, exporters, pipelines and retailers in our gas markets.",NA,"402",NA
"Our Plan",NA,"H",NA
"Our Fair Deal on Energy delivers affordable, reliable, 24/7 power to Australian families, businesses and communities.",NA,"411",NA
"Small Business Energy Efficiency Programs",NA,"H",NA
"The Morrison Government’s Energy Efficient Communities Program will provide $50 million through more than 2,500 grants to eligible businesses and community organisations, helping them save energy and reduce their power bills by installing new equipment or reviewing and improving their energy management.",NA,"402",NA
"Eligible small businesses will be able to claim grants of up to $20,000 and high-energy using businesses up to $25,000.",NA,"402",NA
"Funding will support activities to help businesses and community organisations to save energy through:equipment upgrades that reduce energy consumption",NA,"402",NA
"investment in energy monitoring and management systems to better manage energy use",NA,"402",NA
"completion of energy systems assessments or feasibility studies to investigate energy efficiency opportunities",NA,"402",NA
"Small businesses will also be able to access a $30,000 instant asset write-off to purchase new energy-efficient equipment.",NA,"402",NA
"Price Safety Net",NA,"H",NA
"From 1 July 2019, we will permanently get rid of the ‘loyalty tax’ and lock in better deals for nearly 800,000 households and small businesses.",NA,"402",NA
"The price safety net will protect loyal customers and help small businesses make empowered and informed decisions about their energy plan.",NA,"402",NA
"For households or equivalent small businesses, changing to default market offers from standing offer tariffs could save up to $479 in South Australia, $696 in New South Wales and $660 in south-east Queensland.",NA,"402",NA
"Advice for Small Business",NA,"H",NA
"We have invested $11.7 million in the Business Energy Advice Program, delivering practical advice to help small businesses get better energy deals and increase energy efficiency.",NA,"402",NA
"Further information on the practical steps small businesses can take to get better deals, switching energy providers and better managing their energy use is available online at our ‘Powering Forward’ campaign (energy.gov.au).",NA,"402",NA
"Delivering Reliable Energy Supplies",NA,"H",NA
"The Morrison Government is supporting reliable 24/7 power by requiring energy companies to sign contracts guaranteeing enough energy to meet demand, and underwriting investment in new reliable power generation to improve competition.",NA,"403",NA
"Our investments include Snowy 2.0, Battery of the Nation and a shortlist of reliable generation projects.",NA,"403",NA
"The ACCC forecasts that underwriting new generation can reduce wholesale power prices by more than 25%.",NA,"403",NA
"The Government’s $56 million investment in the Marinus Link – a second interconnector between Tasmania and Victoria will – unlock Tasmania’s world-class renewable hydro resources.",NA,"416.2",NA
"The Battery of the Nation will bring more affordable and reliable electricity to millions of homes and businesses.",NA,"411",NA
"The Marinus Link and Battery of the Nation will also create 3,800 direct and indirect jobs during construction",NA,"701",NA
"and deliver a $7 billion economic stimulus to north-western Tasmania and regional Victoria.",NA,"410",NA
"This is the type of investment which unlocks opportunities for small businesses.",NA,"402",NA
"Regional and Remote Small Businesses",NA,"H",NA
"The $50.4 million Regional and Remote Communities Reliability Fund will support up to 50 off-grid and fringe-of-grid communities and businesses to investigate whether establishing a micro grid is cost-effective",NA,"402",NA
"and whether existing off-grid capabilities can be upgraded with modern technology.",NA,"411",NA
"A micro grid is energy infrastructure at the community level, generally in rural and remote areas, including farms, and in the mining sector and Indigenous communities.",NA,"411",NA
"Micro grids include generation (often a diesel generator), transmission (the poles and wires) and any storage.",NA,"411",NA
"Micro grids can be entirely separate from the grid or connected.",NA,"411",NA
"The Morrison Government’s $50.4 million micro grid program will allow communities to improve their local transmission, install community-scale batteries to support existing generation (such as solar), or upgrade existing facilities such as old diesel generators.",NA,"411",NA
"Moving some remote customers to off-grid supply could save hundreds of millions of dollars in network costs and reduce bushfire risks, while delivering more reliable and affordable power.",NA,"411",NA
"The Choice",NA,"H",NA
"Labor do not believe in enterprise and aspiration.",NA,"403",NA
"Each and every one of Labor’s $387 billion of higher taxes are bad for business.",NA,"403",NA
"A Shorten Labor Government would be the highest taxing Government in Australia’s history – and that’s without taking into account Labor’s electricity and car taxes.",NA,"403",NA
"Labor’s plan for higher taxes will cost Australian small business twice.",NA,"403",NA
"First, they will be directly hit as the cost of doing business increases.",NA,"403",NA
"Second, a Shorten Labor Government will weaken our economy",NA,"410",NA
"and make it a harder environment for small business to operate in.",NA,"403",NA
"During the last Labor Government, power prices doubled and went up each and every year.",NA,"412",NA
"Labor’s reckless emissions targets will drive up power prices once again,",NA,"412",NA
"cost jobs and reduce wages.",NA,"701",NA
"Labor’s policies will not reduce global emissions as businesses, jobs and wages are forced overseas.",NA,"406",NA
"By 2030, Labor’s reckless targets will reduce average full time real wages by $9,000, reduce the number of jobs by 336,000 and",NA,"701",NA
"increase wholesale electricity prices by 58 per cent.",NA,"403",NA
"Labor’s car tax will increase the costs of vehicles by over $4,800 and mandate EVs for half of all new car sales.",NA,"403",NA
"Seventeen of the top 20 vehicles sold in Australia don't have models which meet Labor's new carbon standard.",NA,"403",NA
"Tradies and small businesses which require larger vehicles will be hardest hit by these policies.",NA,"403",NA
"Cost",NA,"H",NA
"The Coalition’s plan for reducing energy costs for small businesses will not place additional costs on the Budget.",NA,"402",NA
"Our Plan for Keeping Australians Safe on our Roads",NA,"H",NA
"Key Points",NA,"H",NA
"The Liberal and Nationals Government has a plan to help make Australians safer on our roads.",NA,"504",NA
"Our plan to deliver a strong economy is ensuring we can guarantee the essential services Australians rely on with increased funding for schools, hospitals, medicines and roads.",NA,"504",NA
"Our record $100 billion investment in transport infrastructure will reduce congestion, keep our roads safe, connect people to jobs and get our produce to market.",NA,"411",NA
"As part of our commitment to road safety, the Morrison Government is making record investments in Australia’s road network, including:$4 billion from 2019-20 under the Urban Congestion Fund to improve traffic safety and flow and increase network efficiency for commuter and freight movements in major urban areas",NA,"411",NA
"$4.5 billion under the Roads of Strategic Importance (ROSI) initiative to support the upgrade of key regional road corridors",NA,"411",NA
"Improving local roads, including:                       an additional $1.1 billion for the Roads to Recovery Program",NA,"411",NA
"an additional $550 million for the Black Spot Program",NA,"411",NA
"an additional $275 million for the Heavy Vehicle Safety and Productivity Program and",NA,"411",NA
"an additional $275 million for the Bridges Renewal Program.",NA,"411",NA
"The quality of our roads has a big impact on safety.",NA,"411",NA
"So too do risky driving behaviours such as speeding, driving under the influence, driver fatigue and, increasingly, driver distraction such as mobile phone use.",NA,"411",NA
"To help with safer driving options and to combat driver fatigue, a re-elected Morrison Government will:Work with state and territory governments, local councils, industry and other road safety stakeholders to develop a nationally consistent approach to new and improved pullover bays with a focus on single lane highways, popular tourist routes and off-network roads.",NA,"411",NA
"Invest an additional $8 million in capped grants to help upgrade the 175 existing Driver Reviver locations nation-wide to improve amenity and to support the establishment of new sites.",NA,"411",NA
"Invest $4 million in a Road Safety Awareness and Enablers Fund.",NA,"411",NA
"Initial priorities will include:$1.2 million over four years to support the Driver Reviver program to improve awareness of sites and for engagement of volunteers.",NA,"411",NA
"$1 million over four years to partner with industry to develop and promote programs to better educate caravan, campervan and motorhome drivers on safety awareness.",NA,"411",NA
"Invest $16 million to extend the Keys2drive program for a further two years to 2022-23, an initiative that provides a free theory and practical lesson to learner drivers and their supervisors.",NA,"411",NA
"Invest up to $1.8 million to support a one-year pilot of the Australian Safety Foundation’s Digital Road Safety Passport for Schools for Year 9 students. The pilot will cover the foundations of road safety – including getting to and from school safely.",NA,"411",NA
"Our Plan",NA,"H",NA
"The Liberal and Nationals Government is delivering national leadership on road safety through major road investments, improvements to policy collaboration across all governments and road safety stakeholders, and taking practical steps to reduce driving risks.",NA,"411",NA
"Better and safer roads",NA,"H",NA
"The Morrison Government is making record investments in Australia’s road network through our $100 billion infrastructure investment plan over the next 10 years.",NA,"411",NA
"We have committed to more than 770 major projects and more than 24,000 local projects across the nation since coming to government.",NA,"411",NA
"We established the $4 billion Urban Congestion Fund to bust congestion, improve traffic safety and flow, and increase network efficiency for commuter and freight movements in major urban areas.",NA,"411",NA
"We have also established the $4.5 billion Roads of Strategic Importance (ROSI) initiative to support the upgrade of key regional road corridors which connect agricultural and mining regions to ports, airports and other transport hubs.",NA,"411",NA
"Across the nation, ROSI will deliver sealing, flood immunity, strengthening and widening, and pavement rehabilitation works, as well as bridge and culvert upgrades, and road realignments.",NA,"411",NA
"As part of the 2019-20 Budget we are improving local roads, committing an extra $2.2 billion for key road initiatives, including: $1.1 billion for the Roads to Recovery Program",NA,"411",NA
"The Howard Government established the Roads to Recovery Program in March 2001 and on returning to government in 2013 the Coalition committed to expanding it once the Budget returned to surplus.",NA,"411",NA
"We have also made Roads to Recovery an ongoing initiative rather than a terminating program.",NA,"411",NA
"This brings total Roads to Recovery funding for local councils to $5 billion over the next ten years.",NA,"411",NA
"This funding will help local governments respond to local priorities, providing for thousands of new projects.",NA,"411",NA
"$550 million for the Black Spot Program",NA,"411",NA
"The Black Spot Program specifically targets road locations where serious crashes have occurred to reduce the risk of further accidents.",NA,"411",NA
"The program funds safety measures such as traffic signals, roundabouts, turning lanes, safety barriers and lighting at locations where there is a history of at least three casualty crashes in five years and at other emerging high risk locations.",NA,"411",NA
"Over 2,100 projects have been approved since 2013.",NA,"411",NA
"These projects are estimated to save around 250 lives and prevent more than 12,500 injury crashes over 10 years.",NA,"411",NA
"$275 million for the Heavy Vehicle Safety and Productivity Program",NA,"411",NA
"The Heavy Vehicle Safety and Productivity Program will receive an extra $25 million a year from 2019–20 to deliver safer roads for trucks and more opportunities for drivers to rest.",NA,"411",NA
"This program provides funding for rest-stops, parking/decoupling bays, technology trials and other road safety enhancements.",NA,"411",NA
"$275 million for the Bridges Renewal Program",NA,"411",NA
"The Bridges Renewal Program funds the replacement of bridges to enhance access for local communities and make roads safer. In the 2019–20 Budget, we committed an extra $25 million a year.",NA,"411",NA
"This will build on a recent round of the program which upgraded and replaced 126 ageing bridges in rural and regional Australia.",NA,"411",NA
"Safer drivers",NA,"H",NA
"Governments have an important role in helping motorists make better decisions about the safety of their vehicle and their driving.",NA,"411",NA
"With human error contributing to more than 90 per cent of road accidents, we have a massive opportunity to save lives and prevent injuries by ensuring we drive smarter and safer.",NA,"411",NA
"Building on our investments in long-running, respected road safety programs, a re-elected Morrison Government will go further by providing $8 million in capped grants to help upgrade the 175 existing Driver Reviver locations nation-wide to improve amenity and provide for new equipment, as well as to support the establishment of new sites.",NA,"411",NA
"Grants could be made for a range of purposes, including the maintenance and extension of seating and refreshment facilities.",NA,"411",NA
"We will also provide $1.2 million over four years to support delivery of the Driver Reviver program as an initial priority under the $4 million Road Safety Awareness and Enablers Fund established in the 2019-20 Budget.",NA,"411",NA
"This will improve awareness of Driver Reviver sites for commuters and support greater participation of volunteers.",NA,"411",NA
"Priority activities will include improving community engagement and supporting volunteer training and co-ordination.",NA,"411",NA
"In addition to new support for Driver Reviver, the Fund will also provide:$1 million over four years to partner with industry to develop and promote programs to better educate caravan, campervan and motorhome drivers on safety awareness;",NA,"411",NA
"$400,000 of seed funding over two years for the Australian College of Road Safety to establish a self-sustaining International Outreach Chapter;",NA,"411",NA
"$200,000 over four years for sponsorship of Fatality Free Friday;",NA,"411",NA
"$200,000 over four years, with matching funding from state and territory governments, for a Road Worker Safety Campaign;",NA,"411",NA
"$200,000 over four years for the annual Australasian Road Safety Conference; and",NA,"411",NA
"$25,000 a year to co-sponsor (on rotation with each state and territory) Australia’s launch event of the annual National Road Safety Week.",NA,"411",NA
"Supporting young drivers",NA,"H",NA
"The Morrison Government is committed to the safety of young drivers.",NA,"503",NA
"We have locked in funding of $16 million for Keys2Drive to guarantee delivery of the program over the next four years.",NA,"503",NA
"Keys2Drive provides a free theory and practical lesson to learner drivers and their supervisors, and an educational website with supportive resources and information.",NA,"503",NA
"The Morrison Government is focused on increasing uptake in regional areas where young drivers in particular are overrepresented in crashes.",NA,"503",NA
"As a precursor to Keys2Drive, the Morrison Government will provide up to $1.8 million in additional funding to support a one-year pilot of the Australian Safety Foundation’s Digital Road Safety Passport for Schools for Year 9 students.",NA,"411",NA
"Tragically, children continue to die and be seriously injured not just in cars but as pedestrians.",NA,"411",NA
"It’s important that they understand the road rules when they are walking home from school, a passenger in a car, and ultimately as a learner driver.",NA,"411",NA
"The pilot will trial targeted road safety material in classrooms and online, with a view to rolling out the initiative to all 11-15 year-old students in partnership with the states and territories.",NA,"411",NA
"National Leadership",NA,"H",NA
"The Morrison Government is taking national leadership on road safety to ensure all governments continue to invest in safe road transport.",NA,"411",NA
"We will make road safety a standing item at all meetings of the COAG Transport and Infrastructure Ministerial Council meetings and improve linkages with other COAG Councils with an interest such as health, education and policing.",NA,"411",NA
"Our plan is to:Develop the next National Road Safety Strategy, with ambitious and measurable KPIs and strategies focused on reducing road trauma.",NA,"411",NA
"Finalise the governance arrangements across the road safety system and agree a comprehensive implementation plan for the recommendations of the 2018 Inquiry into the National Road Safety Strategy.",NA,"411",NA
"The the Morrison Government is making additional road safety investments including:$12 million for a Road Safety Innovation Fund;",NA,"411",NA
"$6 million for the Heavy Vehicle Safety Initiative;",NA,"411",NA
"$6.6 million for the Australasian New Car Assessment Program (ANCAP);",NA,"411",NA
"$5.9 million for a new Federal Office of Road Safety to drive reforms, improve coordination and performance reporting, and promote road safety in partnership with the states, territories , local governments and stakeholders; and",NA,"411",NA
"$2.6 million for the Australian Road Research Board to assist local governments to assess road asset management and maintenance.",NA,"411",NA
"The Liberal and Nationals Government’s plan to keep Australians safe on our roads builds on our record of improving road safety, including:Under our $10 billion Bruce Highway Upgrade Program there has been a 31 per cent reduction in crashes and a 32 per cent reduction in fatalities since 2013",NA,"411",NA
"Investments in the Pacific Highway are delivering a safer road for the thousands of motorists who use it every day.",NA,"411",NA
"Fatalities have more than halved, down from more than 40 per year prior to the commencement of the upgrade in 1996 to less than 20 in recent years.",NA,"411",NA
"Infrastructure to improve heavy vehicle operations across Australia, including to help heavy and passenger vehicles share our road network via the $508 million Heavy Vehicle Safety and Productivity Program.",NA,"411",NA
"The Choice",NA,"H",NA
"The Morrison Government has a comprehensive plan to improve safety on our roads.",NA,"411",NA
"upgrading major highways and local roads;",NA,"411",NA
"ensuring better vehicles with the latest safety technology are on the road;",NA,"411",NA
"providing a suite of driver education initiatives; and",NA,"411",NA
"improving and increasing the number of rest areas across the nation to help keep Australian drivers and their families safe.",NA,"411",NA
"We have committed record funding of $100 billion for infrastructure across the country to make sure hardworking Australians can spend more time at home with their families.",NA,"411",NA
"Importantly, our plan for better infrastructure will be achieved without adding $387 billion of new taxes over the decade.",NA,"411",NA
"Because Bill Shorten and Labor can’t manage money, it can’t run strong budgets that result in investment for local roads let alone our major highways.",NA,"411",NA
"When last in power, Labor neglected regional road funding with flow-on consequences for road safety.",NA,"411",NA
"Instead of working to improve road safety and implement practical measures, Labor plans to reinstate its union-dictated Road Safety Remuneration Tribunal (RSRT), which would once again discriminate against family-owned businesses and bring the trucking industry to its knees.",NA,"702",NA
"Our Government will stand up for small business.",NA,"402",NA
"We know that joining a union doesn’t make a truck safer,",NA,"702",NA
"but it does put up costs and threaten jobs – especially in the regions.",NA,"701",NA
"After abolishing the RSRT, the Liberal National Government redirected $15.6 million over four years to the Heavy Vehicle Safety Initiatives program – providing grants for projects that actually improve heavy vehicle safety.",NA,"411",NA
"We have increased funding for this program by $6 million in the 2019-20 Budget. Labor would dismantle this program to fund the re-establishment of the RSRT.",NA,"411",NA
"Cost",NA,"H",NA
"The Morrison Government is investing an additional $9.8 million in road safety to ensure Australians get home safe.",NA,"411",NA
"Our Plan for Strengthening Australia's World-Class Health System",NA,"H",NA
"Key Points",NA,"H",NA
"The Morrison Government’s Long-Term National Health Plan is providing Australians with access to quality medical care, record hospital funding, affordable life-saving medicines and breakthrough research for new drugs and treatments.",NA,"504",NA
"Our goal is to make our health system even stronger and to ensure it is the best in the world.",NA,"504",NA
"By keeping our economy strong we will ensure the essential health services that Australians rely on, such as Medicare and the Pharmaceutical Benefits Scheme (PBS).",NA,"403",NA
"Medicare funding is at record levels.",NA,"403",NA
"Almost nine out of 10 Australians who visit the doctor have no out of pocket costs with GP bulk billing rates at a record 86 per cent, up from 82 per cent under Labor.",NA,"504",NA
"We are keeping the cost of health care down by increasing funding for diagnostic services such as MRIs and PET scans to detect breast cancer.",NA,"504",NA
"In partnership with GPs, we will improve options for more flexible care to meet the needs of patients and to keep them healthy and out of hospital with a $1.6 billion package to strengthen primary care.",NA,"504",NA
"Australians have access to the latest medicines through the PBS – with reduced costs on more than 2,000 new and amended medicines listings since 2013, thanks to an investment of $10.6 billion.",NA,"504",NA
"These medicines are saving and changing lives.",NA,"504",NA
"Record funding will be provided for public hospitals with an additional $31 billion from 2020-21 to 2024-25 to employ more nurses, doctors and specialists, delivering – in partnership with the states and territories – more surgeries and medical services.",NA,"504",NA
"With one in five Australians affected by a mental health disorder, we are expanding support services particularly for young people.",NA,"504",NA
"We are working to address the nation’s suicide rate with the largest youth suicide prevention plan in Australia’s history focused on expanding headspace, Indigenous youth suicide prevention and supporting children and their parents.",NA,"504",NA
"Australians living in rural and regional Australia have greater access to services including through new regional cancer centres, expanded telehealth services, regional clinical trial centres and increased opportunities for Australia’s rural and regional health workforce.",NA,"503",NA
"Our 10-year medical research plan through the $20 billion Medical Research Future Fund backs our local scientists and ensures we can quickly take life-saving discoveries from the laboratory to the hospital.",NA,"504",NA
"When Labor was last in Government, their budget mismanagement denied patients affordable access to life changing medicines.",NA,"504",NA
"Hospital funding and bulk billing rates were lower under Labor. And Labor won’t commit to the Private Health Insurance rebate.",NA,"504",NA
"If you can’t manage the budget, you can’t invest in essential health services.",NA,"504",NA
"Introduction",NA,"H",NA
"A stronger economy means the Morrison Government can guarantee the essential services that Australians rely on.",NA,"504",NA
"Our Long-Term National Health Plan is based on four key pillars: Medicare and medicines, hospitals, mental health and medical research.",NA,"504",NA
"Over the next four years, we will invest a further $6 billion in Medicare.",NA,"504",NA
"Under the Morrison Government, almost nine out of 10 Australians who visit the doctor have no out of pocket costs with GP bulk billing rates at a record 86 per cent, up from 82 per cent under Labor.",NA,"504",NA
"We will deliver a $1.6 billion package to strengthen Australia’s world-class primary care system, helping GPs provide better care and keep people healthy and out of hospital.",NA,"504",NA
"For the first time we are making Medicare available for MRI and PET scans for breast cancer with an investment of $32.6 million to benefit 15,000 patients during their diagnosis and pre-surgery planning.",NA,"504",NA
"This is in addition to the $198.6 million funding for diagnostic imaging to reduce the costs of vital scans and x-rays, plus a further $375 million expansion of more than 50 MRI licences around the country.",NA,"504",NA
"All up, our investment in diagnostic imaging totals more than $606 million and benefits all patients requiring diagnostic services.",NA,"504",NA
"Since coming to Government, the Liberal Nationals Government has invested $10.6 billion to add over 2,000 new medicines listings to the Pharmaceutical Benefit Scheme (PBS).",NA,"504",NA
"We are subsidising breakthrough medicines such as Spinraza for spinal muscular atrophy, Orkambi for cystic fibrosis and new immunotherapy drugs for cancer.",NA,"504",NA
"These are medicines that change and save lives.",NA,"504",NA
"We are bringing new cancer treatments to Australia such as the revolutionary CAR-T cell treatment for cancer, which has the potential to provide a cure for blood cancers.",NA,"504",NA
"Ensuring a strong economy has enabled the Morrison Government to deliver record funding for public hospital services.",NA,"504",NA
"Funding has increased by 60 per cent to a record $21 billion in 2018-19.",NA,"504",NA
"When Labor left office in 2013, public hospital funding was $13 billion.",NA,"504",NA
"The Morrison Government is prioritising support for mental health services with funding exceeding $4.8 billion in 2018-19.",NA,"504",NA
"This includes a $375 million expansion of headspace services and new residential centres for treating eating disorders.",NA,"504",NA
"We will trial eight new adult mental health centres as an alternative to Emergency Departments.",NA,"504",NA
"And we are supporting farmers and regional communities affected by natural disasters to ensure they get the support they need through increased mental health services including telehealth services.",NA,"504",NA
"We will invest $70.2 million to establish new residential eating disorders treatment facilities nationally.",NA,"504",NA
"This builds on the $110 million announced in December 2018 to create the first specific, comprehensive Medicare items so that people affected by eating disorders can access up to 40 psychological services and 20 dietetic services.",NA,"504",NA
"Importantly our $503.1 million Youth Mental Health and Suicide Prevention Plan is the largest suicide prevention plan in Australia’s history and focuses on expanding the headspace network, Indigenous suicide prevention and early childhood and parenting.",NA,"504",NA
"We are supporting Australians who have diabetes.",NA,"504",NA
"Having delivered our commitment to provide continuous glucose monitoring for children at risk, we’re expanding the program to over 37,000 pregnant women and concession card holders over the age of 21.",NA,"504",NA
"We will invest a further $1 billion to provide core dental services for children and enable families to claim up to $1,000 in benefits under the Child Dental Benefits Schedule.",NA,"504",NA
"The Morrison Government is also expanding the National Immunisation Program to cover whooping cough vaccines for pregnant women and adolescents with a vaccine protecting against meningococcal strains ACWY.",NA,"504",NA
"We are also investing $12 million over the next three years to extend the reach of the childhood immunisation education campaign to encourage vaccinations which save lives and protect children from serious diseases.",NA,"504",NA
"Investment in medical research is critical to the release of new medicines, medical devices and disease treatments.",NA,"504",NA
"We will invest $6 billion to develop these new treatments and potential cures in collaboration with Australia’s health and medical research sector.",NA,"504",NA
"Genomics is being prioritised to develop personalised treatments for cancer, diabetes, cardiovascular conditions, ageing and dementia and mental health.",NA,"504",NA
"This includes $614 million for clinical trials for rare cancers, rare diseases and unmet needs.",NA,"504",NA
"The Morrison Government is implementing the most comprehensive rural health package in decades, which will improve access to doctors, nurses and other health care services for all Australians, especially those in the regions.",NA,"503",NA
"We believe that people living in rural and regional Australia deserve the same access to high-quality healthcare services as those living in capital cities.",NA,"503",NA
"That is why we are investing $550 million for the Stronger Rural Health Strategy, which delivers 3,000 additional doctors and more than 3,000 additional nurses and allied health professionals in rural general practice over the next decade.",NA,"503",NA
"In addition we will invest $100 million to establish the Rural and Regional Clinical Trials Infrastructure Program.",NA,"503",NA
"Our Plan",NA,"H",NA
"Guaranteeing Medicare",NA,"H",NA
"We have established the Medicare Guarantee Fund, which is guaranteeing the ongoing funding of the Medicare Benefits Schedule and the Pharmaceutical Benefits Scheme with $36.6 billion in 2019-20.",NA,"504",NA
"We will increase Medicare spending by $6 billion from $24.7 billion in 2018-19 to $30.7 billion in 2022-23 – far exceeding the $19.5 billion allocated by the former Labor Government in 2013.",NA,"504",NA
"We have removed Labor’s Medicare Freeze with the re-indexation of Medicare and diagnostic imaging, totaling $2.4 billion from 2017-18 to 2022-23.",NA,"504",NA
"Record GP Bulk Billing",NA,"H",NA
"Under the Morrison Government, almost nine out of 10 Australians who visit the doctor have no out of pocket costs with the GP bulk billing rates at a record 86 per cent, up from 82 per cent under Labor.",NA,"504",NA
"Over 133 million free GP services were delivered in 2017-18 – an increase of 5.7 million from 2016-17 and 27.3 million more than Labor managed in their last year.",NA,"504",NA
"Supporting our GPs to provide better care",NA,"H",NA
"The Morrison Government will deliver a $1.6 billion package to strengthen Australia’s world-class primary care system, supporting Australia’s doctors and specialists to deliver better care for patients.",NA,"504",NA
"A new $448.5 million funding and service model will support GPs to provide enhanced care to patients, many of whom will have chronic and complex conditions.",NA,"504",NA
"This will allow Australians aged 70 and over to enter into a new type of agreement with their general practice to receive more personalised, consistent and coordinated care.",NA,"504",NA
"GPs and others in their practice will be able to provide consultations, referrals, scripts and test results by email, phone, FaceTime or Skype – making it easier and more convenient for patients, including those in rural, regional and remote areas.",NA,"504",NA
"Doctors will be supported by a $201.5 million boost to the Practice Incentives Program Quality Improvement Initiative including funding to treat aged care residents.",NA,"504",NA
"More Affordable Medicines",NA,"H",NA
"Under the Liberal National Government, more than 2,000 new or amended medicines listings have been added to the PBS since 2013.",NA,"504",NA
"That’s an average of one new or amended medicine listing a day, worth a total of over $10.6 billion, including $1.4 billion for cancer medicines in the past year.",NA,"504",NA
"Unlike Labor’s track record we have a commitment to list all medicines on the PBS after a positive recommendation from the medical experts.",NA,"504",NA
"The PBS is an uncapped scheme and we have provisioned $40 billion for these life-changing medicines on the PBS over the next four years.",NA,"504",NA
"Many of these drugs cost thousands of dollars, but are now available through your local pharmacy for $6.50 (concessional) or $40.30 (general patients) per script.",NA,"504",NA
"These life saving and life changing medicines include:Opdivo and Yervoy® for the treatment of advanced renal cell carcinoma, which would otherwise cost patients $254,200 per treatment course without subsidy.",NA,"504",NA
"Ibrance® and Kisqali® for advanced and metastatic breast cancer are now available, which would otherwise cost up to $70,000 per year without subsidy.",NA,"504",NA
"Venclexta® in combination with Rituximab for the treatment of adult patients with chronic lymphocytic leukaemia, which would otherwise cost $165,000 per treatment course without subsidy.",NA,"504",NA
"Tagrisso® for non-small cell lung cancer which would otherwise cost $88,000 per treatment course without subsidy.",NA,"504",NA
"Spinraza® a life-changing medicine which treats the devastating illness Spinal Muscular Atrophy is now available on the PBS, which would otherwise cost more than $367,850 per year without subsidy.",NA,"504",NA
"Orkambi® for cystic fibrosis, which would otherwise cost $250,000 without subsidy.",NA,"504",NA
"Through community pharmacies we will continue to support quality use of medicines programs such as dose administration aids and medicines checks.",NA,"504",NA
"LOWERING THE PBS SAFETY NET",NA,"H",NA
"A re-elected Morrison Government will also invest $308 million to further cut the cost of life changing prescription medicines for over 1.4 million Australians who require multiple medicines.",NA,"504",NA
"From 1 January 2020 the Safety Net threshold to receive free or cheaper medicines through the PBS will be lowered by 12 scripts for concession card holders and the equivalent of 2 scripts for non-concession card holders.",NA,"504",NA
"This change will mean that people will take less time to reach their safety net threshold saving them up to $80 per year and providing them earlier access to free medicines or medicines at a reduced co-payment.",NA,"504",NA
"This will be of particular benefit to families who require multiple medicines per month and pensioners and individuals with multiple chronic conditions such as heart disease, high cholesterol, arthritis, asthma and diabetes.",NA,"504",NA
"Greater Access to Life-saving Diagnosis, Scans and Tests",NA,"H",NA
"We will significantly expand access to MRI scans covered by Medicare which will help keep the cost of health care down for families, and boost the fight against cancer and other serious conditions.",NA,"504",NA
"We will invest $375 million in more than 50 Medicare-eligible MRI licences across the country.",NA,"504",NA
"We will invest $32.6 million to provide Medicare funded MRI and PET scans supporting the 15,000 Australians diagnosed with breast cancer each year.",NA,"504",NA
"The Morrison Government has also announced an extra $198.6 million investment in diagnostic imaging to reduce the cost of these services for patients by re-indexing more than 90 percent of services – including ultrasounds and x-rays.",NA,"504",NA
"This will lead to lower costs when patients see their radiologists, obstetricians and cardiologists.",NA,"504",NA
"It is the first time in 20 years that a government has increased funding for these essential services – once again, Labor failed to act to reduce these costs for patients.",NA,"504",NA
"We are providing record funding for Medicare funded blood tests by investing $2.95 billion for approximately 145 million pathology services last year alone, an 8.5% increase.",NA,"504",NA
"This is an increase of $572 million since we were first elected and this investment in services will continue to grow to over $3.4 billion in 2021-22.",NA,"504",NA
"This has led to record bulk billing rates for out of hospital Medicare pathology services – 99.3% in 2017-18.",NA,"504",NA
"We are paving the way for the future of diagnosis with a $500 million Genomics Mission focused on how we improve access to genetic tests that will enable more individually targeted cancer treatment.",NA,"504",NA
"Simpler and More Affordable Private Health Insurance",NA,"H",NA
"For the 13 million Australians who rely on private health insurance, we have introduced reforms to make it more affordable and easier.",NA,"504",NA
"These include: •Four easy-to-understand levels of cover to make it easier to compare insurance policies.",NA,"504",NA
"•Discounts for Australians under 30 of up to 10 per cent.",NA,"503",NA
"•Greater access for mental health services.",NA,"504",NA
"•Greater travel and accommodation benefits for regional and rural Australians.",NA,"503",NA
"These reforms have resulted in the lowest average premium change in 18 years.",NA,"504",NA
"The Morrison Government will guarantee the private health insurance rebate.",NA,"504",NA
"Labor’s plan for private health insurance will remove the rebate from low-cost policies and force over 65,000 Australian families to pay up to 16 per cent more for their health cover.",NA,"504",NA
"Record Hospital Investment",NA,"H",NA
"Ensuring a strong economy has enabled the Morrison Government to deliver record funding for public hospital services.",NA,"504",NA
"Funding has increased by 60 per cent to a record $21 billion in 2018-19.",NA,"504",NA
"When Labor left office in 2013, public hospital funding was $13 billion.",NA,"504",NA
"Under the Morrison Government funding for hospitals will continue to grow.",NA,"504",NA
"Under a new national hospitals agreement with the states and territories, the Morrison Government has committed an additional $31 billion in public hospital funding from 2020-21 to 2024-25, taking overall funding during this period to over $131 billion.",NA,"503",NA
"The Morrison Government will continue to increase funding for every hospital in every community and every state and territory across Australia, with full details available at the Department of Health Funding Facts website, health.gov.au.",NA,"503",NA
"Patients in every state and territory will also have access to improved health and hospital services under our landmark $1.3 billion Commonwealth Health and Hospitals Program (CHHP).",NA,"503",NA
"Funded projects include:$100 million for Australia’s first Comprehensive Children’s Cancer Centre at the Sydney Children’s Hospital in Randwick;",NA,"504",NA
"$30 million for a new state-wide brain and spinal rehabilitation unit at the revamped Repat Health Precinct in South Australia;",NA,"504",NA
"$80 million for a Centre of Excellence in Cellular Immunotherapy at Melbourne’s world-leading Peter McCallum Cancer Centre;",NA,"504",NA
"A $25 million redevelopment of the Peel Health Campus in Western Australia and cancer treatment, elective surgery and outreach specialist services for Tasmania.",NA,"504",NA
"We will also invest $65 million for a 16-bed inpatient cystic fibrosis unit at the Westmead Hospital, which will integrate admission services with ambulatory care and research.",NA,"504",NA
"This will be Australia’s first dedicated cystic fibrosis specialist unit which will provide specialised treatment with state-of-the-art equipment, with consulting, research and diagnostic facilities all under one roof.",NA,"504",NA
"Medical Research Delivering Breakthrough Medicines",NA,"H",NA
"Investment in medical research is critical to delivering new life-saving treatments.",NA,"411",NA
"The Morrison Government's $20 billion Medical Research Future Fund (MRFF) is supporting our local scientists to turn their medical discoveries into clinical trials and revolutionary treatments.",NA,"411",NA
"Under the MRFF, we are committed to a new 10-year $5 billion investment strategy underpinned by four key themes: patients, researchers, translation and missions.",NA,"411",NA
"This includes doubling the funding for rare cancers research;",NA,"411",NA
"unprecedented investment in medical discoveries;",NA,"411",NA
"more than doubling the funding for research fellowships and record funding for research infrastructure.",NA,"411",NA
"Our medical research missions tackle major health challenges and support future medical advances:The $125 million Australian Brain Cancer Mission aims to double the survival rates and improve the quality of life for patients with brain cancer over the next ten years.",NA,"411",NA
"The $500 million Genomics Health Futures Mission aims to transform the lives of more than 200,000 Australians through research into better testing, diagnosis and treatment with precision medicine.",NA,"411",NA
"The $185 million Dementia, Ageing and Aged Care Research Mission will improve the quality of life of older people, enhance workforce capability and improve quality of care.",NA,"411",NA
"The $220 million Cardiovascular Mission will improve health outcomes through prevention strategies, earlier detection and improved outcomes for patients suffering a heart attack or stroke.",NA,"411",NA
"The $160 million Indigenous Health Research Fund will support practical, innovative research into the best approaches to prevention, early intervention, and treatment of health conditions of greatest concern to Indigenous communities including $35 million for rheumatic heart disease.",NA,"411",NA
"The $150 million Stem Cell Therapies Mission will advance stem cell research that could potentially grow kidneys, repair damaged spinal cords and cure dementia.",NA,"411",NA
"The $50 million Traumatic Brain Injury Mission will enable nationally co-ordinated medical research to improve the recovery of patients with a traumatic brain injury and identify the most effective care and treatments.",NA,"411",NA
"The $125 million, 10 year Million Minds Mental Health Research Mission will assist up to one million people affected by mental illness.",NA,"411",NA
"Developing new drugs, devices and medical technologies takes time and requires long-term investment.",NA,"411",NA
"Our 10-year investment strategy and Health and Medical Research Industry Growth Plan will give researchers and industry certainty and direction.",NA,"411",NA
"The plan will create jobs, support opportunities for co-investing and reaffirm Australia’s reputation as a global research powerhouse.",NA,"411",NA
"Funding includes the development of a drug discovery centre to fast track new medicines so that our researchers can work in Australia rather than overseas.",NA,"411",NA
"Clinical trials for rare cancers, rare diseases and unmet needs will be a particular focus with an investment of $614 million.",NA,"411",NA
"Mental Health",NA,"H",NA
"One in five Australians experience a common mental health disorder each year and to address this we have made mental health a key pillar of our national health system.",NA,"504",NA
"We are spending $4.8 billion on mental health this financial year alone.",NA,"504",NA
"Our Primary Health Networks are receiving $1.45 billion to enable them to deliver ongoing and community-tailored mental health services.",NA,"504",NA
"This investment will boost crucial services such as headspace, local psychology consultations, suicide prevention activities, and community mental health nursing.",NA,"504",NA
"The Morrison Government is determined to reduce the rate of suicide, especially among young Australians.",NA,"504",NA
"We are tackling this national crisis through our $503 million Youth Mental Health and Suicide Prevention Plan.",NA,"504",NA
"We will ensure young Australians and their families get help where and when they need by investing an additional $375 million to fund an extra 30 headspaces.",NA,"504",NA
"headspace provides youth-friendly services for the challenges facing young Australians across physical health, alcohol and other drug use, vocational support and mental health.",NA,"504",NA
"We have established the Million Minds Mission, providing $125 million through the Medical Research Future Fund for mental health research with the aim of bringing new treatments to an additional one million people, and ensuring our mental health system offers the best services possible.",NA,"504",NA
"We will invest $70.2 million to establish new residential eating disorders treatment facilities nationally.",NA,"504",NA
"This builds on the $110 million announced in December 2018 to create the first specific, comprehensive Medicare items so that people affected by eating disorders can access up to 40 psychological services and 20 dietetic services.",NA,"504",NA
"To strengthen Indigenous youth suicide prevention, we will invest $34.1 million, including support for Indigenous leadership that delivers culturally appropriate, trauma-informed care as well as services that recognise the value of community, cultural artistic traditions and protective social factors.",NA,"607.3",NA
"Our support includes $19.6 million for measures to prevent Indigenous youth suicide, particularly in the Kimberley.",NA,"607.3",NA
"We will invest $11.8 million in a range of initiatives to help parents recognise when their children are struggling, improve mental health skills training in schools, enhance peer support networks and boost counselling support services for young people.",NA,"504",NA
"We are also investing $15 million to create a new national information system.",NA,"504",NA
"This will ensure communities and services can respond quickly to particular areas affected by a high incidence of suicide and self-harm.",NA,"504",NA
"Our support builds on $110 million to continue the Early Psychosis Youth Services program at selected headspace centres to provide specialist clinical services for young people at the early stages of severe mental illness.",NA,"504",NA
"We will deliver a $98.6 million mental health program in schools and a range of early intervention and prevention initiatives to provide young Australians with the tools and support they need to maintain the best possible mental health and wellbeing.",NA,"504",NA
"The Morrison Government is also working to ensure the mental health system is comprehensive and provides coordinated, holistic care.",NA,"504",NA
"We are providing $114.5 million to trial eight new adult mental health centres to provide walk-in treatment and advice as a much needed alternative to hospital emergency departments.",NA,"504",NA
"Regional communities will also have greater access to mental health services through new Medicare rebates for telehealth support.",NA,"504",NA
"We are providing $43.9 million for a new perinatal mental health program to support those affected by perinatal mental illness during or after pregnancy, or grieving after the death of an infant.",NA,"504",NA
"To ensure that all Australian workers can maintain mental health and get early support if needed, we are investing $11.5 million in a new National Mental Health Workplace Initiative.",NA,"504",NA
"This will support workers and businesses – from sole traders to multinationals – to create supportive and healthy workplaces.",NA,"504",NA
"Supporting Australians through Cancer Diagnosis and Treatment",NA,"H",NA
"Australians are fortunate to have access to a world-class health system where every Australian cancer patient is able to receive the highest quality of care.",NA,"504",NA
"Each year 140,000 Australians receive a life changing cancer diagnosis.",NA,"504",NA
"A strong economy enables the Morrison Government to invest in record support for public hospitals, access to precision diagnosis and lifesaving cancer treatment for free as well as breakthrough medicines and new revolutionary medical research.",NA,"504",NA
"We are investing more than $6 billion on cancer services each year and over $2.3 billion on PBS listed cancer medicines last year alone, one in every five dollars spent on the PBS.",NA,"504",NA
"We will dramatically expand access to MRI scans covered by Medicare through a $375 million investment and 99 per cent of out of hospital Medicare pathology services are free.",NA,"504",NA
"This will help keep the cost of health care down for families, and boost the fight against cancer and other serious conditions.",NA,"504",NA
"We are also providing access to ground-breaking treatments such as the CAR-T therapy Kymriah® for certain blood cancers through the public health system.",NA,"504",NA
"This treatment has shown immense promise and could be a cure for some patients and will be extended to other conditions over the coming years.",NA,"504",NA
"To further support Australians with cancer we will invest significantly in cancer fighting infrastructure:$80 million to establish the Peter MacCallum centre of excellence in cellular immunotherapy and CAR-T therapy.",NA,"504",NA
"$100 million for a Comprehensive Children’s Cancer Centre in Sydney.",NA,"504",NA
"$614 million over 10 years under the MRFF for rare cancer and rare diseases clinical trials - to use revolutionary medical science to find cures for patients.",NA,"504",NA
"Over $180 million per year in ground-breaking cancer research funding through the NHMRC.",NA,"504",NA
"$32.6 million for free breast MRI and PET scans which will benefit thousands of patients per year.",NA,"504",NA
"Australia has one of the most effective programs to beat cancer through vaccinations and early detection:We have introduced a new vaccination which will protect against 90 per cent of HPV-related cervical cancer.",NA,"504",NA
"We have extended free mammograms for women between the age of 50 and 74 through BreastScreen.",NA,"504",NA
"We have expanded the bowel cancer screening program so that, by the end of 2019, all Australians aged 50-74 will receive a screening test kit.",NA,"504",NA
"To encourage them to take the test, $10 million will be spent on a new awareness raising campaign.",NA,"504",NA
"We have extended support for prostate cancer nurses and through the McGrath Foundation breast cancer nurses to support Australian patients in most need including those in rural and regional areas.",NA,"504",NA
"We will invest $20 million in an anti-smoking campaign.",NA,"504",NA
"Preventative Health – Immunisation",NA,"H",NA
"Record levels of Australian children are now fully immunised, with more parents getting the message to protect their kids with life-saving vaccines.",NA,"504",NA
"Our No Jab, No Pay policy has been a success with around 210,000 extra children vaccinated and is backed by a further $12 million for a new immunisation information and education campaign.",NA,"504",NA
"To protect new-born babies, the whooping cough vaccine has been made available for pregnant women through an investment of $39.5 million.",NA,"504",NA
"We have expanded access to the meningococcal vaccine providing protection against the ACWY strains through an investment of $52 million.",NA,"504",NA
"Preventative Health – Domestic Violence",NA,"H",NA
"Family and domestic violence has a profound impact on women and children’s health and wellbeing, families and communities and society.",NA,"504",NA
"The Morrison Government has zero tolerance for violence against women and has committed over $840 million since 2013 to reduce and prevent family, domestic and sexual violence.",NA,"504",NA
"As part of this a ‘Recognise, Respond, Refer’ pilot, already underway in Brisbane, will receive a $7.5 million boost to be extended across five Primary Health Network regions to train GPs and their staff to recognise and manage family violence.",NA,"504",NA
"A further $2.1 million training initiative will further improve the domestic violence response of GPs and primary care workers nationally.",NA,"504",NA
"Support for Patients with Diabetes",NA,"H",NA
"The Morrison Government is committed to working towards the broad prevention of diabetes in the Australian community – through research, medicines and by providing access to continuous glucose monitoring devices.",NA,"504",NA
"We have expanded free access to glucose monitoring devices for pregnant women, children and more adults with type 1 diabetes, saving Australians up to $7,000 a year.",NA,"504",NA
"Our investment over the next four years will ensure that free glucose monitoring devices are available to over 37,000 eligible Australians with type 1 diabetes.",NA,"504",NA
"We will also invest $54.5 million for research that will give new hope and support for Australian children and adults living with type 1 diabetes.",NA,"504",NA
"Preventative Health – Blood Borne Virus and Sexually Transmitted Infections",NA,"H",NA
"A Morrison Government will invest $45.4 million to support the implementation of the next National Blood Borne Virus (BBV) and Sexually Transmitted Infections (STI) Strategies (2018-2022).",NA,"504",NA
"This investment has been acknowledged as the greatest increase in funding to prevent, diagnose and treat STIs and BBVs in at least two decades.",NA,"504",NA
"We are able to provide record support for strategies and initiatives that are improving our collective efforts to prevent and address the impact of BBVs and STIs.",NA,"504",NA
"This funding will support:national awareness and prevention strategies to reduce the impact of BBVs, such as HIV, hepatitis B and hepatitis C, and STIs, with a specific focus on syphilis, gonorrhoea and chlamydia.",NA,"504",NA
"projects that improve diagnosis and treatment options",NA,"504",NA
"health professional and community education",NA,"504",NA
"targeted assistance to diverse and vulnerable populations including Aboriginal and Torres Strait Islander people and culturally and linguistically diverse people.",NA,"607.3",NA
"We have also provided $8 million to establish a taskforce to combat Human T-cell Lymphotropic Virus-1 (HTLV-1) and other emerging communicable diseases in remote communities.",NA,"504",NA
"Drug Treatment and Prevention",NA,"H",NA
"To tackle drugs such as ice, the Morrison Government has committed more than $720 million over four years to reduce the impact of drug and alcohol misuse, with more than $544 million dedicated for treatment services.",NA,"504",NA
"We will continue to invest $450 million in the National Ice Action Strategy (NIAS) to help local communities, including funding for over 240 Local Drug Action Teams.",NA,"504",NA
"We have also delivered an extra 471 local drug and alcohol services since 2016 based on community need.",NA,"504",NA
"We are investing $22.3 million to support more alcohol and other drug treatment and support services in remote, rural and regional areas; an additional 65 specialist service providers will operate after-hours and on weekends in under-serviced areas.",NA,"504",NA
"In addition, funding of $4.3 million will provide local support for families, communities and regions struggling with the impacts of illicit drug use.",NA,"504",NA
"We will also invest $7.2 million establishing a take-home naloxone program to help prevent deaths associated with opioids and other drugs.",NA,"504",NA
"Dental",NA,"H",NA
"The Morrison Government will invest $1 billion over three years to support eligible Australian children to continue to access core dental services and families to claim up to $1,000 in benefits under the Child Dental Benefits Schedule.",NA,"504",NA
"This is on top of the adult program, in which an extra $100 million has been invested to ensure low-income households, including pensioners, can receive affordable public dental care.",NA,"504",NA
"It means an extra 180,000 services will be delivered at little or no cost to patients.",NA,"504",NA
"The extension of the National Partnership Agreement on dental health with the states and territories will deliver Australian Government funding of $350.3 million from January 2017 to 30 June 2020.",NA,"504",NA
"Women's and Men’s Health",NA,"H",NA
"The Morrison Government recently launched the Women's and Men’s Health Strategies for 2020-2030.",NA,"504",NA
"Our Women’s Health Strategy provides a $52 million investment in better women’s health with a significant focus on ovarian cancer and endometriosis.",NA,"504",NA
"We will invest $20 million in research to improve the survival rates for women with ovarian cancer and an additional $10 million to support women with endometriosis.",NA,"504",NA
"The new funding for endometriosis will raise awareness and support research to improve the treatment and understanding of this often misunderstood and crippling condition.",NA,"504",NA
"This additional investment brings the total funding for endometriosis under the Morrison Government to almost $15 million.",NA,"504",NA
"We have also provided over $27 million in new funding for more McGrath Foundation Nurses for breast cancer, particulary to support patients in rural and regional areas.",NA,"504",NA
"In addition we are investing $32.6 million so breast cancer patients have life-saving MRI and PET scans covered under Medicare, saving patients up to $1,500 per scan.",NA,"504",NA
"We will also provide $43.9 million to support the mental health of expectant and new parents through a Perinatal Mental Health and Wellbeing Program.",NA,"504",NA
"This will improve the services available to better support families affected by perinatal mental illness, or grieving after the death of a child.",NA,"504",NA
"Our Men’s Health Strategy provides more than $19 million to improve the health outcomes of all men and boys in Australia, particularly those battling cancer, mental health issues and loneliness.",NA,"504",NA
"We are increasing funding to support 62 prostate cancer nurses.",NA,"504",NA
"We are also providing the Men’s Sheds movement with over $11 million over 4 years to support their important work in local communities.",NA,"504",NA
"The Morrison Government is also providing $3.8 million for research to investigate the causes and prevention of male infertility which is estimated to affect one in six couples.",NA,"504",NA
"Indigenous Health",NA,"H",NA
"The Morrison Government will continue to make progress towards Closing the Gap in health outcomes between Aboriginal and Torres Strait Islander Australians and non-Indigenous Australians.",NA,"607.3",NA
"Funding of $4.1 billion over the next four years will improve access to health care through the Indigenous Australians Health Program.",NA,"607.3",NA
"We are working on ending avoidable blindness and deafness and improving renal health and access to dialysis.",NA,"607.3",NA
"A $160 million Indigenous Health Research Fund will deliver rapid solutions to some of the biggest preventable health challenges.",NA,"607.3",NA
"$35 million has been committed to research and develop a vaccine for rheumatic heart disease, which could save thousands of lives.",NA,"607.3",NA
"We are focused also on increasing the Indigenous health workforce, so more people from local communities can provide health services.",NA,"607.3",NA
"Tragically, the suicide rate in Aboriginal and Torres Straits Islander communities remains significantly higher than in the non-Indigenous population.",NA,"607.3",NA
"We are addressing the high rate of youth suicide through our Youth Mental Health and Suicide Prevention Plan, which includes $34.1 million for Indigenous suicide prevention and mental health initiatives.",NA,"607.3",NA
"Specifically $4.2 million has also been provided for the Young Indigenous Ambassadors, Yarn Safe Campaign, and a fast-tracked roll-out of the Be You program in the Kimberley.",NA,"607.3",NA
"In addition we will invest $12.5 million from the Million Minds Mission for research on the best approaches to prevent Indigenous suicide.",NA,"607.3",NA
"Landmark Rural Health Strategy",NA,"H",NA
"The Morrison Government is implementing the most comprehensive rural health package in decades, which will improve access to doctors, nurses and other health care services for all Australians, especially those in the regions.",NA,"504",NA
"We believe that people living in rural and regional Australia deserve the same access to high-quality healthcare services as those living in capital cities.",NA,"503",NA
"That is why we will invest $550 million for the Stronger Rural Health Strategy, which delivers 3,000 additional doctors and more than 3,000 additional nurses and allied health professionals in rural general practice over the next decade.",NA,"504",NA
"The Strategy also includes $84.1 million in additional funding for the Royal Flying Doctor Service to provide dental care, mental health services and emergency aeromedical services to rural and remote communities.",NA,"504",NA
"It also includes $94.5 million for a new Murray Darling Medical Schools Network which aims to increase the number of medical students training in rural areas, and increase the number of students who then go on to practice in regional and rural Australia.",NA,"504",NA
"An additional $26.6 million will accommodate longer transition arrangements for the changes to rural bulk billing incentives and the Workforce Incentive Program.",NA,"504",NA
"We will invest $62.2 million over five years from 2018-19 to implement a National Rural Generalist Pathway.",NA,"504",NA
"This program will train specialised rural doctors to provide health services tailored to the needs of rural and remote communities and follows the expert advice of Australia’s first National Rural Health Commissioner.",NA,"504",NA
"Under the Morrison Government rural and remote patients are gaining additional access to general consultations through an extension of telehealth services with an investment of $33.5 million.",NA,"503",NA
"We are investing $12 million to expand the Heart of Australia mobile cardiology and health services in rural Queensland.",NA,"504",NA
"This funding will support the ongoing service delivery of their two mobile specialist clinics and establish a third service for Northern Queensland and the Cape York Peninsula, bringing the total number of communities serviced by Heart of Australia across Queensland from 16 to 25.",NA,"503",NA
"We are investing $18 million to develop a world-class rural health and medical research facility in Orange NSW that will support the needs of rural communities throughout Australia.",NA,"504",NA
"The Institute for Regional, Rural and Remote Health and Medical Research will focus on addressing Aboriginal and Torres Strait Islander health inequity, supporting ageing and aged care, improving child health, promoting consumer-driven rural health research, building clinical research capacity and improving health service delivery.",NA,"503",NA
"The Morrison Government will invest $100 million to establish the Rural and Regional Clinical Trials Infrastructure Program.",NA,"504",NA
"Access and participation in clinical trials can be limited for doctors and patients in rural, regional and remote areas of Australia.",NA,"503",NA
"The $100 million investment from the Medical Research Future Fund National Critical Infrastructure initiative will establish state of the art physical infrastructure and equipment to provide patients with hope and access to advanced treatment options regardless of where they live.",NA,"503",NA
"This will also boost rural, regional and remote economies with direct industry investment in jobs.",NA,"503",NA
"We will also establish new regional cancer centres and drug and alcohol treatment facilities in regional communities such as Mount Gambier, Townsville, Batemans Bay, North West Tasmania, Grafton and Gladstone.",NA,"503",NA
"We will also provide additional mental health services and support for people affected by recent natural disasters.",NA,"503",NA
"People living in Northern and Western Queensland impacted by the recent floods, those affected by the fires in Tasmania and drought affected farmers in the Gippsland region will receive access to additional mental health support including through telehealth with an investment of $26.9 million.",NA,"503",NA
"This complements work already under way in drought affected areas under the Government’s $21.9 million Empowering our Communities Program.",NA,"503",NA
"These services will be delivered by local Primary Health Networks.",NA,"503",NA
"THE CHOICE",NA,"H",NA
"Medicare:",NA,"H",NA
"Ended Labor's Medicare Freeze.",NA,"504",NA
"Increased Medicare investment by $6 billion over the next four years.",NA,"504",NA
"Indexed rebates for diagnostic imaging for services including ultrasound and x-rays.",NA,"504",NA
"Opening 50 new Medicare eligible MRI licences to reduce out of pocket costs.",NA,"504",NA
"Labor started the Medicare Freeze and never indexed diagnostic imaging services like ultrasound and ex-ray.",NA,"504",NA
"Medicines:",NA,"H",NA
"Over 2,000 medicines listings on the PBS following recommendation of the medical experts through an investment of $10.6 billion.",NA,"504",NA
"$40 billion dedicated for medicines over the next four years.",NA,"504",NA
"Labor blocked access to medicines recommended by medical experts because Labor can't manage money.",NA,"305.1",NA
"Their 2011-12 budget statement stated that ""given the current fiscal environment the listing of some medicines would be deferred until fiscal circumstances permit”.",NA,"504",NA
"Hospitals:",NA,"H",NA
"Investing an extra $31 billion in Australia’s Public Hospitals.",NA,"504",NA
"Established a new $1.3 billion Community Health and Hospitals Program.",NA,"504",NA
"Labor Delivered only $13.3 billion to public hospitals when last in Government.",NA,"504",NA
"Private Health Insurance:",NA,"H",NA
"Making Private Health Insurance simpler and more affordable resulting in the lowest change in health insurance premiums in 18 years.",NA,"505",NA
"Guaranteeing the Private Health Insurance Rebate.",NA,"505",NA
"Labor’s policy to remove the Private Health Insurance Rebate would see 65,000 pensioners and families lose access to subsidised Private Health Insurance, with their premiums expected to rise by 16 per cent.",NA,"505",NA
"Mental Health:",NA,"H",NA
"Record mental health investment of $4.8 billion a year.",NA,"504",NA
"New Medicare services and residential centres for eating disorders.",NA,"504",NA
"$503 million plan to reduce youth suicides including more headspace sites and reduced wait times.",NA,"504",NA
"Labor have no long-term plan to support Australians suffering mental health conditions, have made no recognition of the devastating impact of eating disorders on individuals, families and communities and no overall plan to tackle youth suicide.",NA,"504",NA
"Medical research:",NA,"H",NA
"The largest ever single investment in Medical Research through the $20 billion Medical Research Future Fund.",NA,"504",NA
"This includes $614 million for clinical trials for rare cancers, rare diseases and unmet needs.",NA,"504",NA
"Labor have refused to commit to the long-term future of the Medical Research Future Fund",NA,"504",NA
"The Cost",NA,"H",NA
"The Coalition’s plan for strengthening Australia’s world class health system will not place additional costs on the Budget.",NA,"504",NA
"As at the 2019-20 Budget we have invested over $339 billion in the health system over the forward estimates.",NA,"504",NA
"Our Plan to Back Our Multicultural Communities",NA,"H",NA
"Key Points",NA,"H",NA
"The Morrison Government is working to keep our economy strong, keep Australians safe and keep Australians together.",NA,"410",NA
"Australia is the most successful multicultural society in the world and our Government is working to ensure we remain a strong, prosperous and united society.",NA,"607.1",NA
"Our plan for Australia will: 1.Create 1.25 million more jobs over the next five years.",NA,"701",NA
"2.Maintain budget surpluses and pay down debt.",NA,"414",NA
"3.Deliver tax relief for families and small businesses.",NA,"402",NA
"4.Keep Australians safe and our borders secure and",NA,"104",NA
"5.Guarantee increased funding for schools, hospitals, medicines and roads that you and your family rely on, already at record levels.",NA,"504",NA
"All without increasing taxes.",NA,"402",NA
"The Morrison Government will continue to celebrate our nation’s unique multicultural heritage while strengthening our economy,",NA,"607.1",NA
"maintaining social cohesion and securing our future.",NA,"607.2",NA
"Our plan will:Reward hard work and the enterprise of migrant families and businesses.",NA,"607.2",NA
"Deliver better government services to people from culturally diverse backgrounds.",NA,"607.2",NA
"Build social cohesion with practical measures that help new migrants and people from culturally diverse backgrounds to engage in the workforce and the community.",NA,"607.2",NA
"Open up new opportunities for migrants in regional Australia.",NA,"607.2",NA
"Maintain programs to assist migrants and multicultural communities to prosper and succeed in Australia.",NA,"607.2",NA
"A re-elected Morrison Government will invest an additional $5 million in a dedicated Accelerator Support Program to assist first generation migrants looking to develop a start-up business.",NA,"607.2",NA
"New grants will support those organisations best placed to deliver targeted business education,",NA,"411",NA
"incubation and mentoring to people from culturally and linguistically diverse (CALD) backgrounds.",NA,"607.2",NA
"A re-elected Morrison Government will invest $10 million to create a dedicated network of Aged Care System Navigators to assist people from CALD backgrounds and their families in navigating the aged care system.",NA,"607.2",NA
"The Navigators will assist these families to understand options and make the right decisions when it comes to finding alternative accommodation options, securing residential care or Home Care Packages, understanding the financial implications and completing the paperwork.",NA,"607.2",NA
"Our Plan",NA,"H",NA
"Australia is the most successful multicultural society in the world, uniting a multitude of cultures, beliefs and traditions.",NA,"607.1",NA
"Twenty-nine per cent of Australians were born overseas, while half of our population were either born overseas or have a parent born overseas.",NA,"607.1",NA
"Our migrant heritage is an enduring source of strength, prosperity and cultural vibrancy.",NA,"607.1",NA
"Coalition Governments have contributed to our multicultural success over many decades.",NA,"607.2",NA
"The Morrison Government will continue to celebrate our multicultural achievement while preserving our economic strength,",NA,"607.1",NA
"social cohesion",NA,"607.2",NA
"and security.",NA,"607.1",NA
"We believe in equal opportunity in a fair and compassionate society irrespective of someone’s race, religion or ethnic background.",NA,"607.1",NA
"We will defend Australia’s democratic freedoms and its longstanding commitment to tolerance and the rule of law.",NA,"202.1",NA
"A re-elected Morrison Government will ensure Australia remains a cohesive and prosperous society where those who have a go get a fair go.",NA,"607.2",NA
"Rewarding hard work and the enterprise of migrant families and businesses",NA,"H",NA
"Our plan for lower taxes will reduce taxes on low- and middle-income earners by up to $1,080 for single earners or up to $2,160 for dual income families.",NA,"607.2",NA
"We are also reducing tax thresholds further, and reducing the 32.5 per cent tax rate to 30 percent as part of the largest tax reform in a generation.",NA,"402",NA
"Under our plan, 94 per cent of taxpayers are projected to face a marginal tax rate of 30 per cent or less in 2024-25.",NA,"402",NA
"We are delivering lower taxes for small, medium and family businesses so business owners can reinvest in their business",NA,"402",NA
"and create more jobs.",NA,"701",NA
"The Australian Bureau of Statistics estimates that one in three owners of small businesses were born overseas.",NA,"410",NA
"Migrant businesses employ more than 1.4 million Australians and make a huge contribution to our economy.",NA,"410",NA
"Our plan for small business will enable migrant businesses to expand",NA,"410",NA
"and create even more jobs.",NA,"701",NA
"Our tax plan benefits around 3.3 million small, medium and family businesses and their 7 million employees.",NA,"402",NA
"We have already lowered the tax rate from 30 per cent to 27.5 per cent and this will be cut further to 25 per cent by 2021-22.",NA,"402",NA
"We are also helping small, medium-sized and family businesses invest and grow through increasing the instant asset write-off from $25,000 to $30,000, with around 3.4 million small and medium businesses employing some 7.7 million workers now eligible.",NA,"402",NA
"Our other initiatives to back small business include better access to finance, red tape relief, helping small business cash flow by ensuring they get paid on time and supporting our small businesses to go digital.",NA,"402",NA
"As part of our big plan for small business, a re-elected Morrison Government will invest an additional $5 million in a dedicated Accelerator Support Program to assist first generation migrants looking to develop a start-up business.",NA,"607.2",NA
"New grants will support those organisations best placed to deliver targeted business education, incubation and mentoring to people from culturally and linguistically diverse (CALD) backgrounds.",NA,"607.2",NA
"Delivering better government services for people from culturally diverse backgrounds",NA,"H",NA
"The Morrison Government is working to ensure government programs and services are accessible to all eligible Australians and deliver fair outcomes for them regardless of their cultural and linguistic backgrounds.",NA,"607.2",NA
"We have guaranteed increased funding for schools, hospitals and medicines – commitments that benefit all Australians.",NA,"503",NA
"Nothing could be more important to keeping Australians together than universal access to world-class health care.",NA,"504",NA
"The Morrison Government’s plan for a stronger economy means we can continue to make record investments in Medicare, hospitals, new medicines and medical research.",NA,"410",NA
"We are supporting communities affected by specific health and medical needs including $3.9 million for tailored mental health support for Australians from multicultural backgrounds.",NA,"607.2",NA
"Our multicultural communities recognise the value of a good education and the opportunities it unlocks.",NA,"607.1",NA
"The Morrison Government’s strong commitment to choice means parents from CALD backgrounds have more options when it comes to giving their children the best possible start to life aligned with their values and beliefs.",NA,"607.1",NA
"We are delivering record funding for students attending state government, independent and Catholic schools, as well as early learning and child care.",NA,"607.2",NA
"Our investment of an extra $37.6 billion in schools over the next decade will ensure funding per student increases, on average, by around 62 per cent through to 2029.",NA,"607.2",NA
"We are keeping all Australians safe through new investments such as our Safer Communities Fund and our plan to reduce violence against women and children.",NA,"607.2",NA
"As part of our $328 million plan to tackle domestic violence we are improving accessibility to 1800RESPECT for people from vulnerable and diverse cohorts, including from CALD backgrounds, to ensure they have access to high quality and culturally appropriate counselling and support.",NA,"607.2",NA
"We recognise that migrant communities can face particular challenges in understanding the full range of government services and the options presented.",NA,"607.2",NA
"An area like aged care is a good example.",NA,"607.2",NA
"We know that people from CALD backgrounds are less likely to utilise residential aged care services due to language barriers faced in accessing and engaging with services.",NA,"607.2",NA
"A 2018 review of the aged care system found people from culturally and linguistically diverse backgrounds faced greater challenges than the rest of the population when navigating the referral to services and in rating aspects of the aged care services received.",NA,"607.2",NA
"In February 2019, the Morrison Government released Australia’s first Aged Care Diversity Action Plan to support older CALD Australians to overcome barriers they may face in accessing aged care services.",NA,"607.2",NA
"A re-elected Morrison Government will invest $10 million to create a dedicated network of Aged Care System Navigators to assist people from culturally and linguistically diverse backgrounds and their families to get the services they need.",NA,"607.2",NA
"The network will comprise on-line and mobile information hubs, community hubs and one-on-one support from specialist workers and volunteers to streamline and simplify aged care service access.",NA,"607.2",NA
"These navigators will assist senior Australians and their families from CALD backgrounds to get the best outcomes from the aged care system.",NA,"607.2",NA
"They will assist older Australians and their families in understanding options and making the right decisions when it comes to:Finding alternative accommodation options",NA,"607.2",NA
"Securing residential care or Home Care Packages",NA,"607.2",NA
"Understanding the financial implications",NA,"607.2",NA
"Completing the paperwork.",NA,"607.2",NA
"Building social cohesion and community engagement",NA,"H",NA
"The Morrison Government is working with diverse communities to ensure Australia remains a safe and socially cohesive nation where people have a strong sense of identity, participate in our economy and are committed to Australian values.",NA,"607.2",NA
"Our plan to keep Australians together includes practical programs that build social cohesion by connecting diverse communities to Australian society and to the workforce.",NA,"607.2",NA
"Settlement programs support migrants to become self-reliant and active members of the Australian community.",NA,"607.2",NA
"For example, humanitarian migrants and other eligible migrants receive early, tailored and intensive settlement support in the first five years of their arrival in Australia.",NA,"607.2",NA
"Government settlement services assist these migrants with employment, education and training, housing, health, legal and services.",NA,"607.2",NA
"As well as increasing support for migrants to become established and integrated in their communities, we are acting across a broad front to reduce the factors that lead to social isolation.",NA,"607.2",NA
"We are supporting grassroots initiatives that foster belonging and break down barriers to social and economic participation.",NA,"607.2",NA
"With a $71 million investment over four years, we are:Expanding programs to help new arrivals settle and integrate into Australia through the National Community Hubs Program and a new round of Fostering Integration Grants.",NA,"607.2",NA
"Building interfaith and intercultural understanding in classrooms, cultural institutions and through community-driven programs.",NA,"607.1",NA
"Helping young people identify, understand and counter online hate.",NA,"607.2",NA
"Funding sporting initiatives based on the unique role sport plays in promoting social inclusion.",NA,"607.2",NA
"Providing $10 million to establish the Community Language Schools Multicultural Grants Program to provide new funding to help young Australians learn another language and connect people to new cultures.",NA,"607.1",NA
"Opening up new opportunities for migrants in regional Australia",NA,"H",NA
"The Morrison Government will maintain a responsible and generous migration program as part of our comprehensive population strategy.",NA,"607.2",NA
"Our plan will ease the pressure on the big capital cities while supporting the growth of those smaller cities and regions that want more people.",NA,"410",NA
"Australia’s migration arrangements, which focus on young, skilled migrants, have contributed enormously to our economic prosperity.",NA,"410",NA
"Without migration, growth in Australia’s workforce would slow dramatically and, in the longer term, would even shrink.",NA,"410",NA
"While permanent migration, and particularly skilled migration, has contributed to Australia’s economic success, temporary migration has also made a large contribution to our economy.",NA,"410",NA
"In 2017-18, for example, international students in Australia added $32.4 billion to the economy and tourism $21.6 billion, making these our third and fifth largest export industries.",NA,"410",NA
"The focus of the migration program will remain firmly on attracting skilled migrants to our shores who will help alleviate the impact of the ageing of Australia’s population,",NA,"410",NA
"fill labour and skills shortages,",NA,"701",NA
"and add to our diverse society.",NA,"607.1",NA
"Our strategy enhances the migration program’s focus on skills, with the number of Employer Sponsored skilled visas increasing from 35,528 grants in 2017-18 to 39,000 places in 2019-20.",NA,"410",NA
"Opportunities will, of course, remain for family and humanitarian migration.",NA,"607.2",NA
"There is no change to the Family stream of the program, with 47,732 places available in 2019-20.",NA,"602.2",NA
"Migration flows have tended to concentrate in our three largest cities.",NA,"301",NA
"At the same time, many communities in regional Australia are keen to attract a higher share of our migration intake, with an estimated 60,000 job vacancies in regional Australia today.",NA,"301",NA
"By encouraging them to settle and study in regional areas, the Morrison Government is opening up new horizons and opportunities for migrants in regional Australia.",NA,"301",NA
"Under our integrated population strategy, we will introduce two new provisional visas to encourage more migrants to settle and remain in regional areas.",NA,"301",NA
"These visas will enable skilled migrants to settle in and contribute to regional communities with a pathway to permanent residency at the end of a three year period.",NA,"301",NA
"We will set aside 23,000 places for these visas in 2019-20 – up from 8,534 visa grants in 2017-18 for people required to live in regional Australia.",NA,"301",NA
"The changes will mean more migrants will stay in regional Australia easing the pressure off our congested cities.",NA,"411",NA
"Under the two new regional categories, visas will be priority processed.",NA,"301",NA
"Employers who want to nominate migrants for positions in their businesses where Australia are not available will have access to a larger pool of occupations compared to those located in our major cities.",NA,"301",NA
"To attract Australian and international students to study in regional centres, we will also provide $93.7 million over four years from 2019-20 for scholarships for domestic and international students under a new Destination Australia program.",NA,"301",NA
"Changes will also be made to provide an additional one year Temporary Graduate visa for international students who have completed their studies at a regional campus of a university to ensure they can continue to live and work in regional Australia for longer.",NA,"301",NA
"We will also maintain programs to assist migrants and multicultural communities to prosper and succeed in Australia.",NA,"607.2",NA
"The Morrison Government provides a settlement framework to help new migrants integrate into Australian life that is widely considered best practice.",NA,"607.2",NA
"New arrivals, particularly through Australia's refugee and humanitarian program, benefit from specialised support,",NA,"602.2",NA
"including help learning English and gaining necessary education or employment skills.",NA,"607.2",NA
"The Morrison Government takes a pragmatic and responsive approach to elements of the migration program.",NA,"607.2",NA
"For example, we have implemented tailored aged care labour agreements to support migrant communities.",NA,"607.2",NA
"These changes allow aged care providers to hire overseas workers with specialised skills that will support older Australians from multicultural backgrounds.",NA,"607.2",NA
"We have has also made changes to support Australia’s religious communities through the minister of religion labour agreement making it easier for religious institutions to sponsor overseas workers, where Australians are not available.",NA,"607.2",NA
"The Coalition Government has delivered on its commitment to introduce a family reunion visa, with sponsorship applications for the new Temporary Sponsored Parent Visa now open to migrant families wanting their parents to come to Australia for up to 10 years.",NA,"607.2",NA
"The Choice",NA,"H",NA
"The Morrison Government has a plan to keep our economy strong, keep Australians safe and keep Australians together.",NA,"410",NA
"Labor has a plan for hundreds of billions of dollars in higher taxes.",NA,"402",NA
"This would slow the economy,",NA,"410",NA
"deny hardworking Australians tax relief and weigh down small businesses looking to invest",NA,"402",NA
"and create jobs.",NA,"701",NA
"A successful migration program depends on public confidence.",NA,"602.2",NA
"Labor has a failed record on immigration.",NA,"305.1",NA
"Public confidence in our immigration system nose-dived as Labor lost control of our borders.",NA,"305.1",NA
"It was left to the Coalition to take the difficult but necessary decisions to regain control of our borders and restore the integrity of our migration program.",NA,"602.2",NA
"Labor mismanaged and misused the 457 Visa program.",NA,"602.2",NA
"It was left to the Coalition to end the mismanagement and put in place a new temporary skill shortage visa that strengthens the integrity and quality of the employer-sponsored skilled migration program.",NA,"602.2",NA
"COST",NA,"H",NA
"The Coalition will invest an additional $15 million to assist migrants and multicultural communities",NA,"607.2",NA
"Our Plan to Back Small Business",NA,"H",NA
"Key Points",NA,"H",NA
"Small businesses are the beating heart of the Australian economy.",NA,"403",NA
"When small businesses are healthy, all Australians are better off.",NA,"403",NA
"It means more jobs,",NA,"701",NA
"more choice, better living standards",NA,"504",NA
"and more vibrant and connected communities.",NA,"601.1",NA
"When you work hard, build your business and invest in your community, you are having a go.",NA,"403",NA
"And you will get a go under the Morrison Government.",NA,"403",NA
"That’s why we are backing small business owners to invest,",NA,"402",NA
"employ more workers",NA,"701",NA
"and grow their business.",NA,"410",NA
"We will grow small businesses by expanding their access to finance.",NA,"402",NA
"We will make it easier for them to employ even more Australians.",NA,"402",NA
"We will lower taxes for small, medium and family businesses.",NA,"402",NA
"We will ensure they have the skills they need for today and tomorrow.",NA,"402",NA
"We will ensure they get a fair go and are paid on time",NA,"403",NA
"We will lift the red tape and paperwork burden.",NA,"402",NA
"We will build modern transport infrastructure.",NA,"411",NA
"We will build modern transport infrastructure.",NA,"411",NA
"We will give small business access to billions of global customers.",NA,"402",NA
"We will ensure they have affordable, reliable and sustainable energy.",NA,"402",NA
"We will help them seize the opportunities of the digital economy.",NA,"402",NA
"We will support their mental health and wellbeing.",NA,"402",NA
"We will support tens of thousands of Australian women through our female entrepreneurs programs and help kick-start migrant businesses through the accelerator support program.",NA,"402",NA
"A re-elected Morrison Government will:Support the creation of another quarter of a million small businesses over the next five years.",NA,"403",NA
"Invest $100 million to establish the Australian Business Growth Fund to enhance equity financing to small businesses, complementing the Australian Business Securitisation Fund.",NA,"402",NA
"By keeping the economy strong,",NA,"410",NA
"the Morrison Government is providing the settings and opportunity for business to do what it does best.",NA,"402",NA
"On the other hand, Labor do not believe in enterprise and aspiration.",NA,"305.1",NA
"In opposition, Labor voted many times for higher taxes for small business.",NA,"402",NA
"If elected, Labor will raise taxes on family businesses,",NA,"402",NA
"condone union thuggery,",NA,"702",NA
"impose unsustainable costs on small business through rigid workplace policies",NA,"402",NA
"and hit small businesses hardest with their reckless emissions reduction plan.",NA,"403",NA
"Our Plan",NA,"H",NA
"Backing small businesses is and always will be at the centre of the Morrison Government’s plan for a stronger economy.",NA,"410",NA
"Small and medium businesses make up over half of our economy and employ two-thirds of our workforce.",NA,"410",NA
"They donate their time, money, goods and services to build their local community.",NA,"410",NA
"Acknowledging the important role small business plays in our economy and community we have developed a comprehensive plan to back small and family businesses across Australia.",NA,"410",NA
"The Morrison Government’s plan is making it easier for aspiring Australians to start a small business and or existing small businesses to expand.",NA,"402",NA
"Since our election in 2013, the Liberal Nationals Government has revitalised the small business sector.",NA,"402",NA
"More than 230,000 new small businesses have opened their doors,",NA,"402",NA
"creating hundreds of thousands of new jobs.",NA,"701",NA
"We are committed to small business creation",NA,"402",NA
"– because when small businesses are created jobs are created.",NA,"701",NA
"That is why a re-elected Morrison Government will support the creation of another quarter of a million small businesses over the next five years.",NA,"402",NA
"Growing small businesses by expanding their access to finance",NA,"402",NA
"The Morrison Government will significantly enhance access to funds for small business across Australia.",NA,"402",NA
"We understand that small businesses find it difficult to obtain finance other than on a secured basis.",NA,"403",NA
"And that small businesses that have already obtained secured finance but wish to continue to grow also find it difficult.",NA,"403",NA
"With access to finance a critical issue, the new $2 billion Australian Business Securitisation Fund will start on July 1 this year.",NA,"403",NA
"This fund increases small business access to competitive finance by providing more funding for small banks and non-bank lenders.",NA,"403",NA
"We also know that access to debt financing is not the only constraint to small business growth.",NA,"403",NA
"Many small and family businesses find it difficult to attract passive equity investment to enable them to grow without taking on additional debt or giving up control of their business.",NA,"403",NA
"A re-elected Morrison Government will establish the Australian Business Growth Fund by providing $100 million in funding and partnering with financial institutions to enhance equity financing to small businesses.",NA,"402",NA
"The Fund will aim to expand to $1 billion as it matures.",NA,"402",NA
"Both of these Funds are in addition to the reforms that took effect last year which allow businesses to raise capital through crowdfunding.",NA,"402",NA
"The Australian Business Growth Fund",NA,"H",NA
"A re-elected Morrison Government will establish the Australian Business Growth Fund by providing $100 million in funding.",NA,"402",NA
"Partnering with financial institutions the aim is for the Growth Fund to expand to $1 billion as it matures.",NA,"402",NA
"It is expected to back 30-50 businesses each year with annual turnovers between $2 million and $50 million.",NA,"402",NA
"The Growth Fund will significantly enhance small and family businesses’ ability to access funding, filling a gap in the market that is preventing them from reaching their full potential.",NA,"402",NA
"Many small and family businesses find it difficult to attract passive equity investment to enable them to grow without taking on additional debt or giving up control of their business.",NA,"403",NA
"The Reserve Bank of Australia has acknowledged that “it’s not the absence of entrepreneurial spirit, it’s the absence of entrepreneurial finance that’s been the main factor holding that part [small business] of the economy back”.",NA,"402",NA
"The Growth Fund will provide patient long-term capital, enabling small businesses to grow while the owners retain control of their business.",NA,"402",NA
"The Growth Fund is modelled on similar vehicles in the UK and Canada.",NA,"402",NA
"Since 2011, the UK equivalent has invested $2.7 billion into small businesses in a range of sectors across the economy.",NA,"402",NA
"It will operate commercially and independent of Government.",NA,"401",NA
"An independent board and management team will run the Growth Fund.",NA,"401",NA
"Investment decisions will be made by professional managers independent of Government and performance will be assessed on a fully commercial basis according to private sector funding models.",NA,"401",NA
"Small businesses that receive equity funding will also be provided with mentoring, coaching and access to a talent pool of expert staff to maximise the benefits of the patient capital investment.",NA,"402",NA
"The Small Business Ombudsman has also called on Government to ”fast-track the establishment of the Australian Business Growth Fund to address this long-term funding gap.”",NA,"402",NA
"COSBOA have also provided their support for the fund: “All in all, the ABSF and the ABGF are outstanding responses to the decade long challenges of SME financing in Australia.",NA,"402",NA
"Once implemented, they will enable small business owners to invest in growth with consequent benefits for Australia’s future economic prosperity and employment growth.”",NA,"410",NA
"Lowering taxes for small, medium and family businesses",NA,"H",NA
"Lower taxes mean more money to reinvest into the business",NA,"402",NA
"and create more jobs for Australians.",NA,"701",NA
"The Morrison Government has already provided lower taxes to around 3.4 million small, medium and family businesses employing over 7 million workers.",NA,"402",NA
"We have fast-tracked small and medium businesses moving to a lower corporate tax rate: reducing the rate from 30 per cent to 27.5 per cent.",NA,"402",NA
"It will be cut further to 25 per cent by 2021-22 – five years earlier than previously planned.",NA,"402",NA
"Fast-tracking these lower taxes will benefit around 970,000 small and medium companies that employ over 5 million workers.",NA,"402",NA
"We will ensure that unincorporated small businesses receive comparable treatment through an increase in their small business discount.",NA,"402",NA
"This will benefit around 2.4 million businesses employing 1.9 million workers.",NA,"701",NA
"Incentivising investment",NA,"H",NA
"The Morrison Government is helping small and medium businesses invest and grow through increasing and expanding the instant asset write-off.",NA,"402",NA
"It has been increased from $25,000 to $30,000 and can be used every time an asset under that amount is bought: be it a new fridge or grill for a café, new plumber’s tools or a new van for a courier.",NA,"402",NA
"The incentive has been expanded to medium businesses with a turnover up to $50 million.",NA,"402",NA
"This will benefit an extra 22,000 businesses employing around 1.7 million workers.",NA,"402",NA
"All up, around 3.4 million small and medium businesses employing around 7.7 million workers are eligible.",NA,"402",NA
"Providing the skills needed for today and tomorrow",NA,"H",NA
"The Morrison Government is committed to delivering a vocational education and training system that will deliver the skilled workers",NA,"411",NA
"needed by Australia’s small businesses to help them grow and prosper.",NA,"410",NA
"The $525 million Delivering Skills for Today and Tomorrow package will strengthen the VET system",NA,"411",NA
"and provide small business with support to take on more apprentices in areas of skills shortage.",NA,"410",NA
"The package includes up to 80,000 new apprenticeships in industries with skills shortages through a doubling of employer incentive payments to $8,000.",NA,"402",NA
"The new apprentices – including bakers, bricklayers, plasterers, hairdressers, plumbers and carpenters – will also receive a $2,000 incentive payment.",NA,"402",NA
"Levelling the playing field and ensuring a fair go",NA,"H",NA
"The Morrison Government has put in place a range of initiatives to ensure small business gets a fair go when dealing with larger businesses and the financial sector.",NA,"403",NA
"These include:Reforms to competition policy (Section 46) to prevent big businesses abusing their market power.",NA,"403",NA
"New unfair contract legislation to protect small business.",NA,"403",NA
"Free, fast and binding dispute resolution under the new Australian Financial Complaints Authority.",NA,"403",NA
"Stronger enforcement to combat illegal phoenixing activities.",NA,"403",NA
"An advocacy voice in the Australian Small Business and Family Enterprise Ombudsman.",NA,"403",NA
"We are also ensuring easier, cheaper and quicker resolution of Australian Tax Office disputes.",NA,"403",NA
"Ensuring small businesses get paid on time",NA,"H",NA
"The Morrison Government is ensuring small businesses get paid on time.",NA,"403",NA
"We are setting the example, with 97 per cent of Commonwealth agency bills under $1 million paid within 30 days. From July 2019 this will reduce to 20 days.",NA,"403",NA
"Large businesses tendering for government contracts will be required to match our 20-day policy.",NA,"403",NA
"We are ensuring small businesses are not used as a bank by requiring large businesses with a turnover of over $100 million and government agencies to publish their payment information.",NA,"403",NA
"Lifting the red tape and paperwork burden",NA,"H",NA
"The Morrison Government wants small business people to spend more time growing their businesses and less time dealing with paperwork and red tape.",NA,"401",NA
"To make life easier, the Business Activity Statement has been simplified for 2.7 million small businesses, ASIC financial reporting thresholds have been doubled (reducing the burden on 2,200 companies) and the regulatory framework for employee share schemes has been simplified.",NA,"401",NA
"The Government has also provided $300 million to the states and territories to help them reduce their red tape on small business.",NA,"401",NA
"Investing in modern transport infrastructure",NA,"H",NA
"The Morrison Government is investing a record $100 billion in transport infrastructure to reduce congestion, keep our roads safe, connect people to jobs and deliver our goods to market.",NA,"411",NA
"Small business productivity will be bolstered with owners and their employees getting to work faster and more efficient supply chains sending products to customers more quickly.",NA,"402",NA
"Boosting our small business exporters",NA,"H",NA
"The Morrison Government wants our small businesses to capitalise on billions of global customers.",NA,"402",NA
"We have delivered trade agreements with China, Japan and Korea.",NA,"101",NA
"We have signed the Pacific Agreement on Closer Economic Relations and agreements with Indonesia, Peru and Hong Kong.",NA,"101",NA
"Australian exporters will also benefit from the Trans-Pacific Partnership between 11 major regional economies worth $13.8 trillion.",NA,"101",NA
"We are boosting our Export Market Development Grants scheme by $60 million so small businesses can harness further international opportunities.",NA,"402",NA
"And we have invested $20 million in Small and Medium Enterprise Export Hubs to help small businesses work together to access export markets and global supply chains.",NA,"402",NA
"Lowering energy costs",NA,"H",NA
"The Morrison Government is committed to lowering power prices while keeping the lights on.",NA,"412",NA
"We are providing $50 million in grants to eligible businesses and community organisations, helping them to save energy by either installing new equipment or by reviewing and improving their energy management – all contributing to lower power bills.",NA,"412",NA
"Eligible small businesses will be able to claim grants of up to $20,000 with high energy using businesses up to $25,000.",NA,"402",NA
"We are also delivering tailored advice to help small businesses find the best energy deal and identify opportunities for them to use energy more efficiently through the Business Energy Advice program.",NA,"402",NA
"Seizing the opportunities of the digital economy",NA,"H",NA
"The digital economy presents opportunities and challenges for small business.",NA,"411",NA
"Through the Small Business Digital Champions project, the Morrison Government is helping small businesses to learn the skills and build confidence to embrace digital opportunities.",NA,"411",NA
"Through the Empowering Business to Go Digital program, we are providing up to $3 million in matched funding to support the establishment of an NGO to build and enhance small business digital capacity.",NA,"411",NA
"We’re supporting online safety with the $10 million Small Business Cyber Security program.",NA,"411",NA
"Eligible small businesses can apply for grants of up to $2,100 for cyber security safety checks.",NA,"411",NA
"Supporting mental health and wellbeing",NA,"H",NA
"We understand the stresses involved in operating a small business – the responsibility for your family’s prosperity, the income and welfare of your employees and just staying on top of everything.",NA,"403",NA
"The Morrison Government is committed to improving access to mental health services for small business by partnering with grassroots organisation Everymind to deliver evidence-based prevention and intervention.",NA,"504",NA
"We have also provided $11.5 million for the National Mental Health workplace initiative to assist businesses to create healthy workplaces.",NA,"701",NA
"Harnessing the entrepreneurship of Australian women",NA,"H",NA
"The Morrison Government is determined to increase the number of female business leaders.",NA,"503",NA
"We are supporting 55,000 young women to become entrepreneurs through the Future Female Entrepreneurs Program, boosting digital skills and entrepreneurship and providing mentorship to the businesswomen of the future.",NA,"503",NA
"The Boosting Female Founders fund also provides access to early stage capital and entrepreneurial support to launch businesses of high-growth potential.",NA,"503",NA
"Harnessing the entrepreneurship of migrants",NA,"H",NA
"The Morrison Government understands the contribution of small business owners who were born overseas - with 1 in 3 owners born overseas according to the ABS.",NA,"607.1",NA
"To support more migrant businesses, a re-elected Morrison Government will invest an additional $5 million into the Accelerator Support program to assist migrants to start their own business.",NA,"607.1",NA
"This will deliver business education, incubation and mentoring to people from culturally and linguistically diverse backgrounds.",NA,"607.1",NA
"The Choice",NA,"H",NA
"The choice at this election is clear.",NA,"402",NA
"Labor do not believe in enterprise and aspiration.",NA,"305.1",NA
"In opposition, Labor voted repeatedly for higher taxes on small business.",NA,"403",NA
"If elected, Labor will raise taxes on family businesses,",NA,"403",NA
"condone union thuggery,",NA,"702",NA
"impose unsustainable costs on small business through rigid workplace relations policies and hit small businesses hardest with their emissions reduction plan.",NA,"403",NA
"Labor’s reckless policies will hit small business directly and hardest as they will also feel the flow-on effects of a weaker economy.",NA,"403",NA
"Labor’s plan for higher taxes",NA,"H",NA
"The Morrison Government has a clear plan to lower taxes for small business.",NA,"403",NA
"In contrast, Labor has a plan to impose $387 billion of higher taxes – each and every one of which are bad for business.",NA,"403",NA
"A Shorten Labor government would be the highest taxing government in Australia’s history.",NA,"403",NA
"Labor’s plan for higher taxes will cost Australian small businesses twice.",NA,"403",NA
"First, they will be directly hit as the cost of doing business increases.",NA,"403",NA
"Second, a Shorten Labor Government will weaken our economy and make it a harder environment for small business to operate in.",NA,"403",NA
"Within a decade, Labor’s tax hit will equate to an extra yearly household tax bill of $5,400.",NA,"403",NA
"That is $5,400 less to spend at local businesses and $5,400 less going back into the community.",NA,"403",NA
"Labor’s $27 billion family business tax is the most destructive of all the taxes on small business.",NA,"403",NA
"Bill Shorten wants small family businesses taxed at the same rate as large multinational companies – 300,000 small family businesses that use trusts for asset protection, estate planning and cash flow.",NA,"403",NA
"Labor’s collapse of the skills sector",NA,"H",NA
"The Morrison Government has a clear plan to revitalise the skills sector, supporting employers with a range of incentives that will be streamlined to make them easier to navigate.",NA,"411",NA
"Labor cannot be trusted when it comes to VET and skills.",NA,"411",NA
"Labor’s failed VET FEE HELP scheme left thousands of students with debts and no qualifications.",NA,"411",NA
"From 2011-13 Labor cut employer incentives to businesses employing apprentices a total of nine times at a cost of $1.2 billion.",NA,"411",NA
"While Bill Shorten was Employment Minister, the number of apprentices and trainees collapsed by 22 per cent or 110,000 – the biggest annual decline ever.",NA,"411",NA
"The previous Labor Government cut funding for skills and failed to commit funding to the National Partnership Agreement with the states.",NA,"411",NA
"Labor’s plan is to redirect funding away from private training organisations where the majority of VET students study, jeopardising student outcomes and putting jobs at risk.",NA,"411",NA
"Labor’s failure to protect small business and promote competition",NA,"H",NA
"The Liberal National Government fought hard to legislate reforms to competition policy (Section 46) to prevent big business abusing their market power.",NA,"403",NA
"Labor did not support a level playing field and opposed these reforms, preferring to back big businesses and big unions over the interests of small business and consumers.",NA,"403",NA
"Bill Shorten wanted to leave the ACCC powerless when it came to protecting small business.",NA,"403",NA
"Labor’s plan to reduce market access and re-write existing trade deals",NA,"H",NA
"The Morrison Government has delivered free trade agreements (FTAs) that have brought direct benefits to many small businesses.",NA,"401",NA
"Labor did not start and finish one free trade agreement when last in government.",NA,"401",NA
"Their new policy platform will make it even more difficult for a Shorten Labor Government to secure an FTA.",NA,"401",NA
"Labor has committed to renegotiating the existing trade agreements that Australian small and family businesses rely on.",NA,"402",NA
"A Labor Government would throw thousands of these businesses into an uncertain trading environment by opening the agreements for renegotiation.",NA,"402",NA
"And Labor has not released any details of which markets and tariff arrangements they’re prepared to negotiate away.",NA,"402",NA
"The needs of Australian exporters to access new markets will be traded off for union demands to reopen all existing agreements – placing small businesses at risk and trashing Australia’s reputation for honouring agreements.",NA,"702",NA
"Labor also ripped $100 million out of the Export Market Development Grants scheme which directly backs small businesses to capitalise on international opportunities.",NA,"402",NA
"Labor’s plan to increase energy costs",NA,"H",NA
"The Morrison Government has a clear plan to reduce power prices for small and family businesses, while Labor has a clear plan to increase energy costs.",NA,"412",NA
"During the last Labor Government, power prices doubled and went up each and every year.",NA,"412",NA
"Labor’s reckless emissions targets will drive up power prices once again,",NA,"412",NA
"cost jobs and reduce wages.",NA,"701",NA
"By 2030, Labor’s emissions policies will lower the average full-time wage by $9,000 in real terms, reduce the number of jobs by 336,000",NA,"701",NA
"and increase wholesale electricity prices by 58 per cent.",NA,"412",NA
"Labor’s car tax will increase the cost of vehicles by over $4,800 and mandate electric vehicles for half of all new car sales.",NA,"402",NA
"Seventeen of the top 20 vehicles sold in Australia don't have models which meet Labor’s new carbon standard.",NA,"402",NA
"Tradies and small businesses which need larger vehicles will be hardest hit by these disastrous new policies.",NA,"402",NA
"Cost",NA,"H",NA
"The Coalition is providing a $100 million equity investment to the Australian Business Growth Fund to help Australian small businesses grow.",NA,"402",NA
"Our Plan to Respect and Support Veterans and their Families",NA,"H",NA
"Key Points",NA,"H",NA
"Australia is proud of our veterans – the men and women who signed up to the Australian Defence Force, prepared to put their lives on the line for our nation, our values, and our way of life.",NA,"601.1",NA
"We need to do more to respect and recognise our returned servicemen and women, including those who have been involved in the more recent chapters of our military history, such as the conflicts in Iraq and Afghanistan.",NA,"601.1",NA
"If we ask men and women to risk all for our country, then it is beholden on our country to do everything we can for them.",NA,"601.1",NA
"The Liberal Nationals Government has a strong track record of delivering services and support for veterans and their families.",NA,"504",NA
"Our Government provides more than $11 billion a year to support around 280,000 veterans and their families, widows and children.",NA,"504",NA
"We will build on this record to ensure that their needs continue to be met for decades ahead.",NA,"504",NA
"A re-elected Morrison Government will:Ensure veterans and their families are cared for and supported through our record investments in mental health care and counselling for veterans and their families.",NA,"504",NA
"This will remain uncapped and demand driven.",NA,"504",NA
"Expand access to the DVA Gold Health Treatment Card from 1 July 2019 for members of the SEATO surgical and medical teams who served during the Vietnam War.",NA,"601.1",NA
"Invest $30 million in a network of Veterans’ Wellbeing Centres in partnership with ex-service organisations and state and territory Governments in Townsville, Darwin, Perth, Nowra, Adelaide and Wodonga.",NA,"601.1",NA
"Digitise all Second World War service records, expand the Saluting their Service grants program and work with the PNG Government to commemorate the bonds between Australia and PNG from the Second World War, particularly around the Kokoda Track, as part of the commemoration of the 75th Anniversary of the end of the Second World War.",NA,"601.1",NA
"Ensure veterans find jobs after their service by expanding the Prime Minister’s Veterans’ Employment Program to invest $16.2 million into initiatives run by not-for-profit organisations that are helping veterans transition out of ADF service.",NA,"601.1",NA
"We will support programs run by SoldierOn, Team Rubicon and the RSL.",NA,"504",NA
"Exempt TPI veterans from the ‘treatment cycle’ requirement for exercise physiology and physiotherapy allied health services.",NA,"504",NA
"Expand access to the Defence Service Homes Insurance Scheme and the Defence Home Ownership Assistance Scheme for veterans after they’ve completed their service.",NA,"504",NA
"Recognising and remembering the service and sacrifice of our veterans and their families by rolling out our Australian Veterans’ Card and Lapel Pin as part of the Australian Veterans’ Covenant, ensuring veterans are recognised in our community.",NA,"601.1",NA
"Our Record",NA,"H",NA
"Since coming to Government, the Coalition has been implementing our 2013 Four Pillar Plan to support current and future veterans and their families:To recognise the unique nature of military service.",NA,"504",NA
"To retain a stand-alone Department of Veterans’ Affairs (DVA).",NA,"504",NA
"To tackle mental health challenges for veterans and their families.",NA,"504",NA
"To support veterans through strong advocacy and welfare services.",NA,"504",NA
"Our Government introduced fairer indexation for military superannuants, investing $1.4 billion for fairer indexation for the Defence Forces Retirement Benefits and Defence Force Retirement and Death Benefits schemes.",NA,"706",NA
"We’ve introduced free mental health care for anyone who has a single day of ADF service.",NA,"706",NA
"We’ve provided $16.1 million over four years to introduce a payment to help vulnerable veterans who are waiting on the outcome of a mental health claim.",NA,"706",NA
"We are delivering $2.1 million over four years for an annual health assessment for ex-serving ADF members for the first five years post-discharge.",NA,"504",NA
"We passed legislation to grant the DVA Gold Health Treatment Card from 1 July 2019 to members of the SEATO surgical and medical teams who served during the Vietnam War, finally recognising their brave service after nearly 50 years.",NA,"504",NA
"We commissioned a world first trial into the use of assistance dogs to support veterans with PTSD and ongoing financial support for the purchase of assistance dogs for veterans upon recommendation by a medical specialist.",NA,"504",NA
"Our Government has provided $6.7 million to develop the SoldierOn Fussell House facility, which will provide accommodation support to families of veterans accessing treatment at Concord Hospital.",NA,"504",NA
"We’ve helped families of veterans by extending eligibility for counselling services delivered through Open Arms to families and children of those who have served including partners and ex-partners.",NA,"504",NA
"We’ve provided more than $9.7 million to Kookaburra Kids to help them support children with a parent serving in the ADF or a veteran parent affected by mental illness.",NA,"504",NA
"The Liberal National Government has committed nearly $500 million to fund the biggest reform of the Department of Veterans’ Affairs (DVA) in its 100-year history.",NA,"504",NA
"This will ensure the DVA meets the needs of veterans and their families for the next century.",NA,"504",NA
"We’ve developed the Australian Defence Veteran Covenant, in partnership with the ex-service community, to recognise the unique nature of military service and acknowledge and honour the service and sacrifice of our veterans.",NA,"601.1",NA
"As a lasting legacy to the Centenary of ANZAC, we’ve invested nearly $100 million in the award-winning Sir John Monash Centre in France and delivered the successful Centenary of Anzac commemorations.",NA,"601.1",NA
"Our Government committed $498 million over the next nine years to redevelop the Australian War Memorial.",NA,"601.1",NA
"This important project will allow the Memorial to display more of their collection and proudly tell the stories from recent years in Afghanistan, Iraq, the Solomon Islands and East Timor.",NA,"601.1",NA
"And we’ve introduced the Prime Minister’s Veterans Employment Program to promote the valuable skills and capabilities that the veteran community can bring to civilian employment.",NA,"504",NA
"Our Plan",NA,"H",NA
"A re-elected Morrison Government will continue to put veterans and their families first.",NA,"503",NA
"Our plan is focused on three key themes: improving veterans care and support, helping veterans live their best lives by finding jobs after their service and recognising and respecting the service and sacrifice of our veterans and their families.",NA,"601.1",NA
"Improving veterans care and support",NA,"H",NA
"The Morrison Government recognises the importance of access to exercise physiology and physiotherapy allied health services for Totally and Permanently Incapacitated (TPI) veterans whose conditions are often chronic and long-term.",NA,"504",NA
"The Morrison Government will invest $17 million to exempt TPI veterans from the new ‘Treatment Cycle’ requirements that are due to commence on 1 July 2019.",NA,"504",NA
"TPI veterans will continue to be able to access exercise physiology and physiotherapy allied health services under existing arrangements, which is an annual GP referral or an ongoing referral for chronic conditions.",NA,"504",NA
"To provide better service to our veterans, we are committing $30 million to the development of a network of Veterans’ Wellbeing Centres in partnership with ex-service organisations and state governments.",NA,"504",NA
"These centres will support co-location of veterans’ support services and allow for closer integration and coordination of government and non-government support, including connections with local health services, community organisations and advocacy and wellbeing support.",NA,"504",NA
"Where possible, investment in these centres will be focussed on enhancing or redeveloping existing facilities to meet the needs of veterans and their families.",NA,"504",NA
"The Centres will be established across Australia in areas with significant numbers of veterans and transitioning members by the relevant state government or ex-service organisation.",NA,"504",NA
"There will be:$5 million to support The Oasis Townsville.",NA,"504",NA
"$5 million to support the RSL WA to construct a new Veteran Central facility in Perth.",NA,"504",NA
"$5 million to support the creation of a veterans’ wellbeing centre at the revitalised Repat Hospital at Daw Park in Adelaide.",NA,"504",NA
"$15 million ($5 million each) to support the establishment, enhancement or redevelopment of centres in the Darwin, Nowra and Wodonga regions.",NA,"504",NA
"We will provide an additional $4 million to Open Arms – Veterans and Families Counselling to collaborate with the Returned and Services League to deliver a national program of mental health training to volunteers to recognise people at risk and offer intervention and support.",NA,"504",NA
"We will remove the inequity between former spouses and former de facto partners of veterans around the Partner Service Pension.",NA,"504",NA
"This measure will cost $6.2 million over four years.",NA,"504",NA
"We will provide $2.1 million to deliver a national program of comprehensive health checks to identify service-related illness, disease and injury associated with anti-malarial medication.",NA,"504",NA
"And we will extend the trial of provisional access to medical treatment by one year while the trail evaluation is being completed.",NA,"504",NA
"This provides access to DVA-funded treatment for common health conditions while claims are being processed, ensuring faster access to treatment and reducing the risk of further deterioration.",NA,"504",NA
"Helping veterans live their best lives and find jobs",NA,"H",NA
"We will provide $16.2 million over four years to support non-profit organisations to deliver tailored, innovative support to help veterans find meaningful civilian employment.",NA,"504",NA
"Initial grants have been approved for:Soldier On to deliver veteran employment services and education in Albury/Wodonga, Bendigo, Darwin, Launceston, Newcastle, Port Macquarie, Wagga Wagga and Western Sydney – $6 million.",NA,"504",NA
"Team Rubicon to establish its unique veterans’ employment program, which focuses on the developing the skillset and qualifications of veterans through volunteer disaster response, in Perth, Darwin, Adelaide, Canberra-Queanbeyan, Lismore, Hobart, Penrith and Gosford – $3 million.",NA,"504",NA
"State Branches of the Returned and Services League to deliver state based employment programs for veterans – $6 million.",NA,"504",NA
"Recognising and respecting service and sacrifice",NA,"H",NA
"The Morrison Government will implement the Australian Defence Veterans Covenant that has been developed in partnership with the ex-service community and commits to enshrining it in legislation.",NA,"601.1",NA
"To help the wider Australian community and businesses to recognise and support our veterans we will roll out our Australian Veterans’ Card and Lapel Pin.",NA,"601.1",NA
"Australian businesses will have the opportunity to offer holders of the Australian Veterans’ Card special discounts or offers, helping to recognise the service of veterans and lower their cost of living.",NA,"601.1",NA
"75th Anniversary of the End of the Second World War",NA,"H",NA
"Almost one million Australians served in the armed forces during the Second World War.",NA,"601.1",NA
"Of those on active service, over 27,000 were killed in action or died, over 23,000 were wounded and over 30,000 were taken prisoner of war.",NA,"601.1",NA
"Mainland Australia came under attack for the first time with hundreds killed – air raids on Darwin, Broome and across Northern Australia; midget submarine attacks on Sydney Harbour and the loss of the hospital ship Centaur off Brisbane without warning on 14 May 1943, in which over 260 people were lost.",NA,"601.1",NA
"The Morrison Government believes that it is important to appropriately commemorate the 75th anniversary of the end of the Second World War next year, so that we can remember and understand the service and sacrifice of those who came before us.",NA,"601.1",NA
"To do this, we will:Provide $10 million to the National Archives of Australia to finally digitise all 1,062,000 Second World War service records that are yet to be digitised (around 80 per cent) to enable all Australians to discover the as yet untold stories of their relatives and how they defended our nation during times of war.",NA,"601.1",NA
"The digitised records will be freely available to all Australians wherever they live and will provide a comprehensive and authoritative source of information for students, journalists, authors, academics and families interested in knowing about the service of those who came before us.",NA,"601.1",NA
"Expand the well-known Saluting their Service Grants program by providing an additional $10 million to enable local communities to honour the service and sacrifice of our veterans, with a particular focus on commemorating service in the Second World War and beyond.",NA,"601.1",NA
"We will also increase the maximum amount available for community grants from $4,000 to $10,000 to ensure that local communities can appropriately commemorate this important anniversary.",NA,"601.1",NA
"Invest up to $10 million to work with the PNG Government and local landowners on projects to commemorate the bonds between Australia and Papua New Guinea from the Second World War, particularly around the Kokoda Track.",NA,"601.1",NA
"This could include investing in the World War Two/Kokoda collection at the PNG National Museum and Gallery;",NA,"601.1",NA
"upgrading the national World War Two memorial at Ela Beach;",NA,"601.1",NA
"building a new interpretive centre at Owers’ Corner at the head of the Kokoda Track;",NA,"601.1",NA
"funding for tourism related activities to support Kokoda Track communities, such as training and development of wildlife guides",NA,"502",NA
"and helping NGOs to strengthen the quality of health and education services for communities along the Kokoda Track.",NA,"504",NA
"Invest $154,000 to undertake Stage 2 of the successful ANZAC 360 app, which will focus on key Second World War Two battles and campaigns in South East Asia, including the Burma-Thailand railway (Hellfire Pass), the Sandakan-Ranau death march and Papua New Guinea campaigns including Kokoda.",NA,"601.1",NA
"The app will use virtual reality and 360 degree drone technology.",NA,"601.1",NA
"Invest $400,000 to undertake scoping studies to develop a new interpretive facility at or near the Bomona Commonwealth War Cemetery in Port Moresby and replace the ageing interpretive facility at Sandakan Memorial Park in Malaysia.",NA,"601.1",NA
"And we will provide funding of $500,000 to undertake a scoping study for a new memorial at Lemnos, to commemorate the service and sacrifice of Australians in Greece in World War One.",NA,"601.1",NA
"The Choice",NA,"H",NA
"The Liberal National Government has delivered record new investment in services and support for the veteran community over successive budgets to help make up for years of under-investment by Labor.",NA,"601.1",NA
"The Labor Party failed to implement fairer indexation for military superannuants while in Government, despite their 2007 election commitment to do so.",NA,"601.1",NA
"Our $1.4 billion investment in fairer indexation ensures veterans can access a fair income after their service to our nation.",NA,"504",NA
"After years of under-investment and neglect by Labor, our Government has invested in the most significant reform program for the Department of Veterans’ Affairs in 100 years, ensuring that it can deliver support to veterans and process claims more quickly.",NA,"504",NA
"These investments are only possible because our Government has ensured we have a strong economy – and all without raising taxes.",NA,"504",NA
"We know that more needs to be done to ensure we are constantly meeting the expectations of our veterans and the wider community.",NA,"601.1",NA
"We are therefore firmly committed to supporting those men and women who have been prepared to join the proud ranks of Australian Defence Force and to honour and recognise their service and sacrifice.",NA,"601.1",NA
"Cost",NA,"H",NA
"The Coalition will invest an additional $77 million to support veterans and their families.",NA,"504",NA
"Our Plan for Delivering High Quality Skills and Vocational Education",NA,"H",NA
"Key Points",NA,"H",NA
"The Morrison Government will create 1.25 million jobs over the next five years, including 250,000 new jobs for young Australians.",NA,"701",NA
"A world-class, modern and flexible vocational education and training (VET) system is crucial to meeting this goal.",NA,"411",NA
"We need to ensure:Australians develop the skills to succeed in a changing labour market.",NA,"411",NA
"Businesses have access to the skilled workforce they need to grow and prosper.",NA,"411",NA
"The Morrison Government’s plan for a stronger economy will:Create another 1.25 million jobs over the next five years, including 250,000 new jobs for young Australians.",NA,"701",NA
"Deliver the largest personal income tax relief in a decade, with tax relief of up to $1,080 for single income families earning up to $126,000.",NA,"504",NA
"For a dual income family that’s up to $2,160 back in families’ pockets in a few weeks’ time.",NA,"504",NA
"Ensure Australians have the skills they need through a new $585 million skills package with more than 80,000 new apprenticeships.",NA,"411",NA
"This includes doubling the number of new apprentices supported through the Australian Apprentice Wage Subsidy trial, with further investment of around $60 million.",NA,"411",NA
"Establish 10 Industry Training Hubs to better connect local industry and schools in areas of high youth unemployment.",NA,"411",NA
"Expand the Youth Jobs PaTH Program to pilot up to 10 industry-led job pathway programs to better target the training and internship experiences of young people.",NA,"411",NA
"Expand the successful Transition to Work service to allow young people aged 22 to 24 years to also voluntarily access pre-employment services that help prepare them for work.",NA,"411",NA
"Transform our employment services system to help Australians who need extra support to get a job.",NA,"411",NA
"Strengthen small and medium businesses by lowering business tax, improving access to finance and equity, ensuring small business is paid on time by big business and government, and increasing and expanding access to the instant asset write-off.",NA,"402",NA
"Better connect people to jobs, their homes and their communities, and allow businesses to connect to domestic and global export markets through a $100 billion infrastructure plan.",NA,"411",NA
"Ensure the Government lives within its means with disciplined fiscal management without increasing taxes.",NA,"414",NA
"We believe that learning through a vocational education is just as valuable as a university degree.",NA,"411",NA
"That’s why we are transforming the way we deliver skills, support employers and fund training.",NA,"411",NA
"We are creating hundreds of thousands of new apprenticeships and trainee places to guarantee a pipeline of Australian tradies and skilled workers.",NA,"411",NA
"Our plan will ensure that VET is responsive and flexible to meet changes in the way we work and the demand for new skills.",NA,"411",NA
"Labor’s track record shows they cannot be trusted with VET.",NA,"411",NA
"Their failed VET FEE-HELP policy was a lightning rod for dodgy providers who ripped off young Australian students, saddling them with debt and no qualification to show for it.",NA,"411",NA
"The Liberal National Government has restored the integrity of Australia’s VET system.",NA,"411",NA
"Our Plan",NA,"H",NA
"With a modern economy that is changing the way we work, there is a growing demand for new skills and occupations.",NA,"411",NA
"The Morrison Government is committed to ensuring our VET system is responsive, so students and employers reap the benefits.",NA,"411",NA
"We commissioned former New Zealand Minister for Tertiary Education, Skills and Employment the Hon Steven Joyce to review how Australia’s VET system can better deliver for Australian job-seekers and employers.",NA,"411",NA
"The Review suggested immediate steps and a longer-term roadmap.",NA,"411",NA
"The Morrison Government will build on our existing support to the VET sector by implementing a $585 million package to:Reduce the shortfall of skilled workers in key occupations and create up to 80,000 new apprentices by introducing a Skill Shortages payment of $4,000 for eligible employers and $2,000 for apprentices.",NA,"411",NA
"Further expand the successful rural wage subsidy to support employers in rural and regional Australia to take on even more apprentices.",NA,"701",NA
"Streamline incentives for employers of apprentices and trainees and update the skills need list to ensure it responds to labour market demand.",NA,"411",NA
"Address youth unemployment in regional Australia and create better connections between school students, employers and the VET sector by establishing 10 industry training hubs.",NA,"411",NA
"Support more young Australians to gain a VET qualification through the Commonwealth Scholarship Program for Young Australians.",NA,"411",NA
"Raise the profile of the VET sector and improve the career advice given to students and others transitioning to a new career by establishing a National Careers Institute and appointing a National Careers Ambassador.",NA,"411",NA
"Support high impact programs that create innovative partnerships between schools, tertiary providers and employers through new competitive grants.",NA,"411",NA
"Increase support for those with low levels of education to identify and address language, literacy, numeracy and digital skills deficits, including in remote Indigenous communities.",NA,"411",NA
"Give students ownership over their education records and support the lifelong learning of Australian workers by expanding the Unique Student Identifier and creating a centralised digital Tertiary Learning Repository.",NA,"411",NA
"Promote a nationwide approach to skills development, enhance research and analysis of future skills needs and give industry a greater role in designing training courses (by establishing a National Skills Commission and Skills Organisations across the country, starting with the growth areas of human services and digital technology (including cyber security).",NA,"411",NA
"Support thousands of young Tasmanians to gain new skills to boost the state’s renewable electricity generation sector and bring the Battery of the Nation plan to life.",NA,"416.2",NA
"Expand the Australian Apprentice Wage Subsidy",NA,"H",NA
"The Morrison Government is determined to ensure that young Australians in rural and regional areas have the opportunity to secure an apprenticeship,",NA,"503",NA
"while ensuring that regional small businesses have access to the skilled workforce they need to grow and prosper.",NA,"402",NA
"From 1 January 2019, a new trial wage subsidy program began to support eligible new Australian apprentices located in regional areas facing skill shortages.",NA,"411",NA
"The trial has enabled businesses in rural and regional areas to take on around 1,600 more apprentice plumbers, mechanics, electricians, painters and hairdressers than they would otherwise have been able to do.",NA,"411",NA
"Under the subsidy, eligible employers are able to receive payments based on the apprentice’s relevant award wage rates.",NA,"411",NA
"Subsidies are provided at 75 per cent of the apprentice’s award wage in the first year, followed with 50 per cent in the second year and 25 per cent in the third year.",NA,"411",NA
"The Coalition is committed to growing regional communities and businesses and to giving young Australians more opportunities to train for a rewarding career in the regions.",NA,"411",NA
"That is why a re-elected Morrison Government will expand the current successful trial program and double its size from 1 July 2019, providing additional support for young Australians and small businesses across rural and regional Australia.",NA,"411",NA
"Skill Shortage payment",NA,"H",NA
"Apprenticeships provide a pipeline for skills, particularly trade skills that are essential to keeping our economy strong.",NA,"411",NA
"From 1 July 2019, the Morrison Government will introduce a new apprenticeship incentive to create up to 80,000 additional apprentices in Australia’s top 10 areas of skills shortage.",NA,"411",NA
"Eligible apprentices will receive $1,000 after 12 months of their apprenticeship and $1,000 more upon completion.",NA,"411",NA
"Eligible employers will receive $2,000 after 12 months of the apprenticeship, and $2,000 more upon completion.",NA,"411",NA
"Support for employers and apprentices in occupations of skill shortage will boost the supply of skilled workers and help businesses grow.",NA,"411",NA
"This new incentive will be in addition to existing incentives.",NA,"411",NA
"Streamline incentives for employers of apprentices and trainees – and modernise skills",NA,"H",NA
"The Morrison Government will establish a new streamlined system of incentives underpinned by a priority occupations list that employers can navigate easily, ensuring that current skills needs are targeted.",NA,"411",NA
"To boost the economy, our apprenticeships system must be able to quickly adapt to emerging skills areas such as information technology and cyber security.",NA,"411",NA
"The skills needs list will be updated regularly in response to changing labour market demand.",NA,"411",NA
"10 Industry Training Hubs",NA,"H",NA
"The Morrison Government will establish 10 industry Training Hubs to address the challenge of high youth unemployment in regional areas.",NA,"411",NA
"The Hubs will create better connections between local industry and schools to improve outcomes for students, employers and the VET sector.",NA,"411",NA
"They will be an on-the-ground presence where new approaches are needed to help students transition from school to training and work.",NA,"411",NA
"The Hubs will facilitate additional education for trainers as well as career advice and mentoring for young people with a specific focus on traditional in-demand trades.",NA,"411",NA
"A career facilitator will form partnerships between industries in sectors of local skills shortages and those providing advice and education to students.",NA,"411",NA
"Commonwealth Scholarship Program for Young Australians",NA,"H",NA
"The Morrison Government will establish a Commonwealth Scholarships Program for Young Australians to help more young people enter the vocational education and training sector and gain the skills they need for a successful and rewarding career.",NA,"411",NA
"Four hundred Commonwealth Scholarships will be available to students in regions surrounding the pilot industry training hubs to provide a comprehensive pathway for young job-seekers in those regions.",NA,"411",NA
"Successful students will receive scholarship funding up to $17,500, depending on scholarship length and the type of study or training, for a maximum period of three years.",NA,"411",NA
"Priority will be given to eligible applicants in the following cohorts:individuals who have exited from the Australian Defence Force (ADF) in the previous 2 years (the age criteria will not be applicable for ADF applicants)",NA,"503",NA
"Indigenous young Australians",NA,"607.3",NA
"young Australians with a disability, and",NA,"503",NA
"young Australians from culturally and linguistically diverse backgrounds.",NA,"607.3",NA
"A National Skills Commission and Skills Organisations",NA,"H",NA
"In line with recommendations of the Joyce Review, the Morrison Government will establish a National Skills Commission to build a nationwide approach to skills development that serves students, industry and drives long-term VET reform.",NA,"411",NA
"The Commission will undertake research and analysis of future skills needs and investigate the efficient and fair price of qualifications.",NA,"411",NA
"The Commission will also play a role in promoting apprenticeships, including by collaborating with industry to assess and respond to workforce needs.",NA,"411",NA
"Linked to the Commission, new Skills Organisations will be piloted in areas of future jobs growth.",NA,"411",NA
"The Organisations will provide industry-based advice and develop industry partnerships to trial new ways to develop VET qualifications.",NA,"411",NA
"The initial pilots will be in the growth areas of human services, digital technologies and cyber security.",NA,"411",NA
"National Careers Institute and National Careers Ambassador",NA,"H",NA
"The Morrison Government will establish a National Careers Institute to transform the delivery of career advice for Australians across the life of their education, training and employment.",NA,"411",NA
"This will be supported by a National Careers Ambassador who will have strong relationships with key stakeholders and raise the profile of VET.",NA,"411",NA
"The institute will address a current gap in quality careers information to support the transition from school to further study or training.",NA,"411",NA
"As the expectations of employers evolve, young people and others transitioning through multiple careers and jobs need to know what to study to match their ambitions to the demand for skills.",NA,"411",NA
"Innovative partnerships between schools, tertiary providers and employers",NA,"H",NA
"The Morrison Government will establish a competitive grants program to support high impact programs that build innovative partnerships between schools, tertiary providers and employers.",NA,"411",NA
"This will enable employers to play an active support role in developing the skills they need for the jobs of the future.",NA,"701",NA
"Grants of up to $350,000 will be available for eligible partnerships.",NA,"411",NA
"The National Careers Institute will administer the program.",NA,"411",NA
"New national program to address language, literacy, numeracy and digital (LLND) skills deficits",NA,"411",NA
"The Morrison Government will establish a new national program and a series of pilots to address low language, literacy, numeracy and digital literacy skills among employed and recently unemployed Australians.",NA,"411",NA
"One in five Australians have poor literacy and numeracy, robbing them of the fundamental skills for employment or career progression.",NA,"411",NA
"This program will help participants engage with further training and job opportunities.",NA,"411",NA
"Foundational skill levels are an even greater concern in remote Indigenous communities.",NA,"503",NA
"Pilot programs will be undertaken in four locations to address the needs of adults in these communities with LLND skills deficits.",NA,"503",NA
"The pilots will be co-designed with local Indigenous community members.",NA,"503",NA
"Support lifelong learning",NA,"H",NA
"The Liberal National Government will expand the Unique Student Identifier to all tertiary students, giving more power to students to track their education.",NA,"506",NA
"The Government will also create a Tertiary Learning Repository to allow higher education providers to record an individual’s education and training records.",NA,"506",NA
"These measures provide a necessary down-payment for developing a more flexible system of learning across a worker’s lifetime.",NA,"506",NA
"Energising Tasmania",NA,"H",NA
"With the Energising Tasmania initiative, the Morrison Government is providing additional support to Tasmanians to train in areas of priority skills.",NA,"411",NA
"We will partner with the Tasmanian Government to provide fee-free training, ensuring Tasmania can build a skilled workforce to power its pumped hydro capabilities, energy infrastructure and Battery of the Nation project.",NA,"411",NA
"This proposal will:Provide support to fund the gap between the existing state subsidy and the total course cost for training in priority skills.",NA,"411",NA
"Provide up to $1000 per person to cover other costs associated with training, such as books and materials, and student amenity fees, opening up training to those least able to pay.",NA,"411",NA
"Supporting skills in the regions",NA,"H",NA
"The Morrison Government is committed to supporting small businesses",NA,"402",NA
"and jobseekers in rural and regional areas and we understand that providing a skilled workforce will strengthen local economies and communities.",NA,"503",NA
"Our skills plan contains several measures targeted to address skills shortages and elevated youth unemployment in rural and regional Australia.",NA,"503",NA
"We will expand the Australian Apprentice Wage Subsidy Trial by allowing more small businesses and apprentices in rural and regional areas to benefit.",NA,"411",NA
"We will establish 10 Industry Training Hubs in regional areas to forge better connections between local schools and businesses, ensuring that training courses are designed to tackle the specific skills needs of the regions and help reduce youth unemployment.",NA,"411",NA
"We will make 400 VET scholarships available to young Australians in regional areas.",NA,"411",NA
"We will establish four pilot programs in remote Indigenous communities to improve foundational language, literacy, numeracy and digital skills in those regions.",NA,"411",NA
"We will increase the lifetime loan limit available to aviation students studying at a VET Student Loans approved provider to $150,000, up from $104,440.",NA,"411",NA
"This will help to cover the cost of training for the licences and ratings issued by the Civil Aviation Safety Authority.",NA,"411",NA
"This change has also been extended to those who study at higher education providers.",NA,"411",NA
"We will invest $15 million to build a new Royal Flying Doctor Service Aeromedical Training Centre in Bundaberg.",NA,"411",NA
"The Morrison Government is delivering a comprehensive pathway for young Australians in rural and regional communities to take them from their education into training and work.",NA,"503",NA
"The Choice",NA,"H",NA
"Labor cannot be trusted when it comes to VET and skills.",NA,"305.1",NA
"Labor’s failed VET FEE-HELP scheme left thousands of students with debts and no qualification – and caused significant reputational damage to the sector.",NA,"305.1",NA
"The Liberal National Government has cleaned up Labor’s VET FEE-HELP mess.",NA,"411",NA
"We are supporting affected students and restoring integrity to the system.",NA,"411",NA
"Between 2011 and 2013, Labor cut employer incentives to businesses employing apprentices a total of nine times (at a cost of $1.2 billion).",NA,"411",NA
"While Bill Shorten was Employment Minister, the number of apprentices and trainees in training collapsed by 22 per cent or 110,000 – the biggest annual decline ever.",NA,"411",NA
"By contrast, the Morrison Government is supporting employers with a range of incentives that will be streamlined to make them easier to navigate.",NA,"411",NA
"Labor and their union mates have consistently opposed the successful trial of the Australian Apprentice Wage Subsidy program, describing it as ""shameful"" and rewarding employers with a hand out (Buzzfeed, 2 November 2018).",NA,"702",NA
"Labor’s opposition to this program demonstrates their lack of interest in supporting young Australians and small businesses in rural and regional Australia.",NA,"411",NA
"Cost",NA,"H",NA
"The Coalition will invest around $60 million to support additional apprentices being employed through an expansion of the Australian Apprentice Wage Subsidy trial.",NA,"411",NA
"Our Plan for Supporting Farmers in Drought",NA,"H",NA
"Key Points",NA,"H",NA
"No Australian Government can make it rain.",NA,"703.1",NA
"No Australian Government can make it stop raining.",NA,"703.1",NA
"But only the Morrison Government is making it a priority to build resilience against the inevitable droughts and floods that will visit our land.",NA,"703.1",NA
"The Morrison Government has made it a national priority to build support for drought-stricken communities and resilience against future droughts.",NA,"703.1",NA
"The Morrison Government approach has been built on three pillars.",NA,"703.1",NA
"First, we ensured a coordinated approach by appointing a Coordinator-General for Drought, Major General Stephen Day and the Drought Special Envoy Barnaby Joyce.",NA,"703.1",NA
"We convened a Drought Summit and developed a new National Drought Agreement ensuring a united front from Commonwealth and state and territory governments in support of farming businesses, families and communities.",NA,"703.1",NA
"Second, we ensured affected farming families and communities have the support they need.",NA,"703.1",NA
"And we will continue to do so.",NA,"703.1",NA
"Third, we acted to build our nation’s resilience against drought with a landmark Future Drought Fund.",NA,"703.1",NA
"A re-elected Morrison Government will:Invest $3.9 billion in the Future Drought Fund to prepare for future droughts.",NA,"703.1",NA
"The Fund will grow to $5 billion over the next decade and enable investment of $100 million per year in water infrastructure and drought resilience.",NA,"703.1",NA
"Continue to ensure the Farm Household Allowance is fit for purpose, making the $5m farm assets test for Farm Household Allowance permanent.",NA,"703.1",NA
"Create a new restocking and replanting concessional loan through the Regional Investment Corporation",NA,"703.1",NA
"Establish a $7 million Drought Communities Small Business Support Program",NA,"703.1",NA
"Provide extra support by providing $1 million each to an additional 14 local council areas experiencing severe drought through the Drought Communities Program",NA,"703.1",NA
"Labor has no empathy for regional Australia.",NA,"703.1",NA
"Labor does not appreciate the contribution that Australian farmers make to the national economy.",NA,"703.1",NA
"Labor even voted against the landmark Future Drought Fund.",NA,"703.1",NA
"Labor has no plan to support farmers and farm communities affected by drought.",NA,"703.1",NA
"Labor has no plan to strengthen the Australian farm sector’s resilience to drought.",NA,"703.1",NA
"Our Record",NA,"H",NA
"The Morrison Government has a plan for drought.",NA,"703.1",NA
"By keeping our economy strong, we are ensuring support for our agricultural industries to combat, recover and prepare for drought.",NA,"703.1",NA
"The Morrison Government understands that agriculture depends on good seasonal conditions and advantageous trade terms.",NA,"703.1",NA
"When our farmers are doing well, our regional economies are doing well.",NA,"703.1",NA
"When our farmers are doing it tough, the Morrison Government has demonstrated its willingness to act to make sure they get the hand up they need.",NA,"703.1",NA
"The effects of the drought in south-eastern Australia are starting to flow through.",NA,"703.1",NA
"Nationally, farm profitability is expected to be lower in 2018-19 than the previous two years, largely due to drought conditions.",NA,"703.1",NA
"The effects of the drought in south-eastern Australia are starting to flow through.",NA,"703.1",NA
"Nationally, farm profitability is expected to be lower in 2018-19 than the previous two years, largely due to drought conditions.",NA,"703.1",NA
"The Morrison Government has made support available for drought-stricken communities.",NA,"703.1",NA
"At the same time, we are prioritising the work required to be resilient against future droughts.",NA,"703.1",NA
"The Morrison Government is investing $6.3 billion in ongoing, immediate and long-term drought support to help farming families and communities in drought.",NA,"703.1",NA
"Our response to the drought has been shaped by the ongoing intelligence gathered on the ground by the Coordinator-General for Drought and the Drought Special Envoy.",NA,"703.1",NA
"Australia’s farmers are in the hands of the weather, and climate change forms part of this.",NA,"703.1",NA
"The Morrison Government has announced a $3.5 billion Climate Solutions Plan, which is among the largest investments by Australia in emissions reduction.",NA,"703.1",NA
"The Climate Solutions Plan will ensure Australia meets our 2030 target.",NA,"703.1",NA
"Support for farmers and their families",NA,"H",NA
"Farm Household Allowance (FHA) has helped more than 11,200 farmers and delivered $266.9 million in fortnightly support payments.",NA,"703.1",NA
"FHA is not just a drought measure, it helps all farmers facing financial hardship.",NA,"703.1",NA
"However, many of the farmers that access FHA do so because of drought.",NA,"703.1",NA
"FHA is relatively new, becoming available only four years ago.",NA,"703.1",NA
"During this time, the Liberal Nationals Government has made a number of changes to ensure the Allowance meets the needs of Australian farming families, whether that be putting food on the table, paying household bills or buying school supplies.",NA,"703.1",NA
"In recognition of the ongoing drought conditions, the Morrison Government also provided FHA recipients with a Special Drought Supplement payment.",NA,"703.1",NA
"The supplement was paid in two instalments of $3,600 for singles and $3,000 for each partner for couples.",NA,"703.1",NA
"Through the $30 million Drought Community Support Initiative, charities are providing around 10,000 of our farming families with cash and vouchers to help with daily household expenses.",NA,"703.1",NA
"$5 million has also been provided to the CWA to support their drought charity efforts.",NA,"703.1",NA
"The financial stress of drought brings mental stress.",NA,"703.1",NA
"The Liberal Nationals Government has also invested $29.4 million to expand the Empowering our Community and Connecting Youth Awareness raising Initiative and Telehealth Services.",NA,"703.1",NA
"We are providing $15 million in extra funding to the Foundation for Rural and Regional Renewal to deliver small-scale grants for not-for-profit community groups.",NA,"703.1",NA
"Support for farm businesses",NA,"H",NA
"Farm businesses told us that it is difficult and time consuming to sift through the web of information to find the right support for their particular needs because each program is found on different websites.",NA,"703.1",NA
"To ensure that farmers and communities can find out what support is available and where to get help, the government has funded the National Farmers’ Federation FarmHub.",NA,"703.1",NA
"FarmHub is a single trusted point of access to information and services.",NA,"703.1",NA
"It’s a one-stop-shop covering support and programs from all levels of government, industry groups and not-for-profit organisations.",NA,"703.1",NA
"The Morrison Government has provided an additional $339,000 to the NFF to expand the content of FarmHub.",NA,"703.1",NA
"The additional content will focus on farm risk management approaches, including the development of a Drought Preparedness E-checklist.",NA,"703.1",NA
"Farm businesses are able to access concessional loans through the Regional Investment Corporation.",NA,"703.1",NA
"The Morrison Government provided the RIC with an additional $1 billion to help drought affected farmers.",NA,"703.1",NA
"This funding supports the RIC’s special drought loan, helping farmers prepare for, manage through or recover from drought.",NA,"703.1",NA
"Since 2013, more than 1,600 farm businesses have had loans approved - only eight were approved the last time Labor was in Government.",NA,"703.1",NA
"The Morrison Government has established a $50 million Emergency Water Infrastructure Rebate Scheme.",NA,"703.1",NA
"Farmers can use this funding for on-farm emergency watering points, de-silting of dams and drilling new stock water bores to improve drought resilience.",NA,"703.1",NA
"The Rural Financial Counselling Service has been around for about 30 years.",NA,"703.1",NA
"It provides confidential rural financial counselling to primary producers and fishers experiencing financial difficulties.",NA,"703.1",NA
"The Liberal Nationals Government has provided an additional $5 million to the RFCS bringing our total investment to $77 million. Over 4,000 farming businesses are being assisted by Rural Financial Counsellors.",NA,"703.1",NA
"Building long term resilience to drought means tackling pests and weeds. Weeds alone cost the agriculture sector $4.8 billion a year.",NA,"703.1",NA
"To help farmers and communities manage the impact of wild dogs, pest animals and weeds during drought, the Liberal Nationals Government is providing $15 million in funding for 48 projects across drought ravaged communities.",NA,"703.1",NA
"Our total investment in fighting pests and weeds has reached over $200 million.",NA,"703.1",NA
"Farmers told us they need better weather forecasting to help them plan.",NA,"703.1",NA
"We have responded with $77.2 million in funding for radars to address gaps and $2.7 million to the Bureau of Meteorology for regional climate guides provided.",NA,"703.1",NA
"These initiatives will provide farmers with more information to farmers and giving them the resources to better manage the weather and climate.",NA,"703.1",NA
"The Morrison Government cut red tape to get fodder to farms more quickly.",NA,"703.1",NA
"Heavy vehicle height and width allowances were increased for trucks carrying hay and fodder to drought areas, resulting in up to 54,000 days per year avoided in waiting for permits.",NA,"703.1",NA
"Additionally, the $75 million accelerated fodder storage asset depreciation will provide farmers the option to instantly depreciate their asset, instead of depreciating it over 3 years.",NA,"703.1",NA
"Support for farming communities",NA,"H",NA
"When Australian farmers are doing it tough, so do the communities that support and rely on them.",NA,"703.1",NA
"Through the Drought Communities Fund, 96 local governments have access to $1 million each to deliver local infrastructure and drought relief products.",NA,"703.1",NA
"An additional $23.7 million has been provided to fast track capping and tapping free-flowing bores across the Great Artesian Basin to ensure there is water available for generations to come.",NA,"703.1",NA
"$72 million in funding has been made available for projects in drought-affected areas through a special National Water Infrastructure Development Fund Drought Round.",NA,"703.1",NA
"Our Plan",NA,"H",NA
"Delivering the Future Drought Fund",NA,"H",NA
"No Australian Government can make it rain.",NA,"703.1",NA
"No Australian Government can protect Australia’s farmers from drought.",NA,"703.1",NA
"But the Morrison Government will make an unprecedented investment in drought resilience, preparedness and recovery.",NA,"703.1",NA
"The Government’s $3.9 billion Future Drought Fund - which will grow to $5 billion over time - will deliver $100 million per annum to a range of projects mitigating the impact of drought.",NA,"703.1",NA
"Labor doesn’t support the Future Drought Fund.",NA,"703.1",NA
"Labor doesn’t want to put in place guaranteed funding to help Australian farmers who need to prepare for and respond to drought conditions that are out of their control.",NA,"703.1",NA
"Restocking and Replanting Concessional Loans",NA,"H",NA
"In recognition of the impact of prolonged drought on farm capital resources, the Morrison Government will make available a new loan product to drought affected farmers for restocking and replanting purposes.",NA,"703.1",NA
"Drawing on the Regional Investment Corporation (RIC), eligible farmers will be able to borrow up to $200,000 for restocking and replanting.",NA,"703.1",NA
"Loan terms include a two year interest free period, with no interest accrual.",NA,"703.1",NA
"This will assist farm businesses immediately rebuild and restore their future viability following successive years of financial hardship brought about by harsh drought conditions.",NA,"703.1",NA
"The concessional rate of interest and flexible repayment terms over the remainder of the term will help farming families get back on their feet.",NA,"703.1",NA
"Eligible farmers must demonstrate their property is in a 10 per cent rainfall deficient area through Bureau of Meteorology rainfall deficiency mapping over at least a 24 month period and have experience of consistently failed crops or have consistently destocked for two or more years.",NA,"703.1",NA
"Fit for purpose Farm Household Allowance",NA,"H",NA
"A re-elected Morrison Government will continue to improve FHA to ensure it is fit for purpose.",NA,"703.1",NA
"Farmers are unlike other recipients of government support.",NA,"703.1",NA
"They have a full-time business to run, livestock to care for, crops to market and properties to maintain.",NA,"703.1",NA
"That’s why FHA has more generous assets tests and other special dispensations.",NA,"703.1",NA
"In 2018 the Liberal National Government temporarily extended the farm assets threshold to $5 million. A re-elected Morrison Government will make this permanent.",NA,"703.1",NA
"This move recognises that farmers have substantial assets but no income to meet daily expenses.",NA,"703.1",NA
"As part of the recent Budget, the Morrison Government made changes to discount or exempt the forced sale of livestock from the FHA income test when the income is invested in a Farm Management Deposit.",NA,"703.1",NA
"Farmers on FHA who are destocking will be able to retain access to income support and make long-term financial plans for their future.",NA,"703.1",NA
"Farmers on FHA who are destocking will be able to retain access to income support and make long-term financial plans for their future.",NA,"703.1",NA
"Financial Counselling for Small Businesses in Drought Affected Communities",NA,"703.1",NA
"When our farmers are doing it tough in a drought, so are the small businesses that support them.",NA,"703.1",NA
"One of the long-standing and most successful services for farmers in hardship is the Rural Financial Counselling Service (RFCS).",NA,"703.1",NA
"The RFCS supports our farmers to make business decisions, identifying financial and business options, developing action plans and negotiating with lenders.",NA,"703.1",NA
"A re-elected Morrison Government will commit $7 million to establish the RFCS Drought Communities Small Business Support Program.",NA,"703.1",NA
"The Program will be provided free of charge to business owners.",NA,"703.1",NA
"Supporting communities tackling drought",NA,"H",NA
"As part of the recent Budget, an additional $15 million has been allocated to 15 more local government areas under the Drought Communities Program.",NA,"703.1",NA
"This brings the total investment to $96 million for 96 local governments suffering drought.",NA,"703.1",NA
"Funding has been used for a wide variety of projects that help farmers and residents.",NA,"703.1",NA
"The Bollon Town Common Fencing Upgrade will renew fences for better management of stock near main roads in the Balonne Shire.",NA,"703.1",NA
"The Unsealed Road Infrastructure Upgrade will install water-filling stations closer to farmers and upgrade cattle grids in the Tamworth Shire.",NA,"703.1",NA
"A re-elected Morrison Government will continue to evaluate drought conditions and provide assistance to those Council areas in most need.",NA,"703.1",NA
"We will provide $1 million to an additional 14 Councils experiencing severer drought conditions.",NA,"703.1",NA
"Councils include:BalranaldBerriganHayRenmark ParingaUnincorporated SALatrobeMilduraYarriambiackFederationCoolamonAdelaide PlainsAlexandriaCopper CoastPort Pirie City and District",NA,"703.1",NA
"This brings our total investment under the Drought Communities Program to $110 million.",NA,"703.1",NA
"The Choice",NA,"H",NA
"There is a lot at stake at this election.",NA,"305.1",NA
"And there is a clear choice.",NA,"305.1",NA
"A choice between a Government that is delivering a stronger economy and a Labor Party that would weaken our economy.",NA,"703.1",NA
"A choice between a Government that is fixing the Budget and a Labor Party that can’t manage money.",NA,"414",NA
"A choice between a Government whose sound economic management enables it to properly fund drought support and resilience measures and a Labor Party who can’t manage money and therefore can’t deliver essential services.",NA,"703.1",NA
"A choice between a Government that values Australia’s farm sector and a Labor Party that opposed the Future Drought Fund in the Australian Parliament.",NA,"703.1",NA
"A choice between a Government that has increased Farm Household Assistance and a Labor Party that would let the program wither.",NA,"703.1",NA
"A choice between a Government that stands behind farmers in need and a Labor Party that would abandon our farmers and their communities.",NA,"703.1",NA
"No empathy, no plan, no ideas",NA,"703.1",NA
"Labor has no plan to support farmers and farm communities affected by drought.",NA,"703.1",NA
"Labor has no plan to strengthen the Australian farm sector’s resilience to drought.",NA,"703.1",NA
"Labor has never demonstrated any understanding of challenges and",NA,"305.1",NA
"Farmers and their families matter to the Liberals and Nationals.",NA,"703.1",NA
"The Morrison Government stands behind farmers in need.",NA,"703.1",NA
"The Morrison Government is prepared to provide a genuine, long term investment in drought resilience and drought proofing Australia.",NA,"703.1",NA
"Labor has no plan.",NA,"305.1",NA
"Cost",NA,"H",NA
"The Coalition will invest an additional $36.4 million to help farmers tackle drought",NA,"703.1",NA
"Our Plan to Showcase Agriculture: Our heritage. Our future.",NA,"H",NA
"Key Points",NA,"H",NA
"The Morrison Government has a plan to showcase agriculture and bring the city and country closer together.",NA,"703.1",NA
"Our plan for a strong economy is ensuring we can better educate the next generation and the generations to come about where their food and fibre come from.",NA,"703.1",NA
"Agriculture has always played an important role in the success of our nation – it touches all Australians.",NA,"703.1",NA
"It’s a key pillar of the economy.",NA,"703.1",NA
"Our farmers care for our land while feeding and clothing us and tens of millions more in markets abroad.",NA,"703.1",NA
"Hundreds of thousands of Australians work on the land or in related sectors in our regional towns and the major cities.",NA,"703.1",NA
"It’s an advanced and innovative industry with an exciting future.",NA,"703.1",NA
"But many of our kids don’t know or are confused about where their food comes from and we are trying to fix this.",NA,"703.1",NA
"We need to engage current and future generations about the contribution, the promise and the future of farming, show them where our food and fibre come from and encourage more young Australians to study agriculture.",NA,"703.1",NA
"A re-elected Morrison Government will invest $10 million in two new programs to bring our kids and our farms together.",NA,"703.1",NA
"We will fund primary and secondary school student visits to farms and we will establish up to 80 mobile ‘mini farms’ in urban based schools through the iFarm program.",NA,"703.1",NA
"Australia’s regional communities are the hubs supporting our farmers.",NA,"703.1",NA
"Hubs that play an important role in Australia’s economic growth.",NA,"703.1",NA
"The Morrison Government has invested in our regional communities, especially those faced with droughts and, most recently, the extensive flood event in north Queensland.",NA,"703.1",NA
"The Drought Communities Program for example, is delivering infrastructure projects that provide employment, stimulate local community spending use local resources, businesses and suppliers and have a long-lasting benefit to the communities.",NA,"703.1",NA
"More needs to be done to bring regional communities together, to keep them strong and resilient. Agricultural shows are the most authentic and accessible showcases of Australian farming.",NA,"703.1",NA
"These institutions are at the very heart of our regional communities.",NA,"703.1",NA
"They bring farmers and people from the city together.",NA,"703.1",NA
"Agricultural shows are fun, bring communities together and showcase new technology and promote competition with prized livestock.",NA,"703.1",NA
"However, many are struggling with old infrastructure making it hard for shows to go ahead and attract visitors.",NA,"703.1",NA
"A re-elected Morrison Government will establish a new $20 million Regional Agricultural Show Development grant program.",NA,"703.1",NA
"Grants will be available for regional agricultural show societies that run annual shows to upgrade and maintain existing infrastructure and to build new infrastructure.",NA,"703.1",NA
"This investment will help keep our agricultural shows running, help bring communities together and help bridge the divide between country and city.",NA,"703.1",NA
"Labor has no plan to strengthen the Australian farm sector’s resilience to drought.",NA,"703.1",NA
"Our Plan",NA,"H",NA
"Regional Australia makes a significant contrition to our national economy.",NA,"410",NA
"It has long been the engine room of the economy with around $537 billion (31 per cent) of our annual GDP coming from regional Australia in 2016-17.",NA,"703.1",NA
"When Australia’s regional towns prosper, so does the Australian economy.",NA,"703.1",NA
"But when times are tough, the Morrison Government has demonstrated our commitment to back in regional communities.",NA,"703.1",NA
"A prime example is our Drought Communities Program, which is delivering $1 million each to Councils across the country severely impacted by the drought.",NA,"703.1",NA
"The Program has supported community infrastructure and other drought relief projects.",NA,"703.1",NA
"It’s aimed at providing employment for people whose work opportunities have been impacted by the drought and stimulating local community spending.",NA,"703.1",NA
"The Morrison Government has also provided $30 million in much needed drought support to families through the Drought Community Support Initiative.",NA,"703.1",NA
"This program has allowed the Salvation Army, St Vincent de Paul Society and Rotary to provide up to $3,000 in assistance to at least 10,000 households.",NA,"703.1",NA
"This includes up to $2,000 in cash and $1,000 in vouchers, making sure the money is spent in the local community.",NA,"703.1",NA
"After the major flood event in north Queensland the Morrison Government provided 11 of the most impacted Councils $1 million each to help them with the costs of the response and clean-up.",NA,"703.1",NA
"The significant donations made by the public to help farmers tackle drought and natural disasters demonstrate that Australians support the bush and want to make sure that our farmers have a future.",NA,"703.1",NA
"Gone are the days when large numbers of Australians had a close relative working the land.",NA,"703.1",NA
"This is resulting in a lack of understanding about where our food and fibre come from and the career and lifestyle opportunities available in modern farming and our regions.",NA,"703.1",NA
"Agriculture is more than big hats and boots.",NA,"703.1",NA
"It’s a high-tech industry with an exciting future producing the food we eat and the fibre we wear.",NA,"703.1",NA
"A re-elected Morrison Government will help promote that message, especially to our kids.",NA,"703.1",NA
"Taking kids to farms and farms to kids",NA,"H",NA
"Studies have found that 75 per cent of primary and secondary school students think that cotton socks are made from animal products.",NA,"703.1",NA
"Sadly, 45 per cent don’t think that bread, bananas and cheese come from farmed product and 40 per cent believe that farming damages the environment.",NA,"703.1",NA
"A re-elected Morrison Government is committed to changing attitudes to farming and addressing the gap in kids' understanding of where our food and fibre come from.",NA,"703.1",NA
"We will invest $5 million over three years to fund primary and secondary school student visits to farms and other primary production worksites.",NA,"703.1",NA
"The funding will be used for state farming bodies to sponsor government, Catholic and independent primary and secondary school visits to teach kids about agricultural production, sustainability practices and farm land stewardship.",NA,"703.1",NA
"City kids will have a hands-on, practical farm experience with the intention of gaining a better understanding of where and how their food and fibre are produced as well as the role and importance of agriculture to Australia’s way of life, regional communities and the economy.",NA,"703.1",NA
"$5 million will also be provided to the iFarm initiative for up to 80 city schools to establish ‘mini farms’: a mobile, living ‘mini farm’ that is fully integrated and computerised as an educational platform to teach students about the use of water, land and energy in food production.",NA,"703.1",NA
"Where they have little room to establish a permanent garden, iFarm is ideal for schools on small footprints, particularly in inner city locations – demonstrating how food is grown through water management, solar energy, soil quality, fertilisers, recycling and waste management.",NA,"703.1",NA
"iFarms replicate large farming practices into a small scale unit.",NA,"703.1",NA
"Showcasing agriculture",NA,"H",NA
"Agricultural shows are an integral part of Australian culture.",NA,"502",NA
"They play an important part in country life, highlighting the local strengths and bringing communities together.",NA,"703.1",NA
"This is particularly important when our regional communities are tested with extended droughts and one-in-one hundred-year weather events.",NA,"703.1",NA
"Agricultural shows started in the nineteenth century and at their core they still provide unique opportunities to showcase new technologies.",NA,"703.1",NA
"Shows also promote competition with awards for best in class or category for livestock and produce.",NA,"703.1",NA
"Agricultural shows allow people from cities and big regional centres to better understand where their food and fibre come from.",NA,"703.1",NA
"Right across regional Australia our agricultural shows are delivered each year by hardworking volunteers.",NA,"703.1",NA
"Often show societies are faced with ageing infrastructure and expensive repair bills, impacting on the quality of the show and, in some cases, forcing shows to be cancelled.",NA,"703.1",NA
"More can and should be done to support these institutions that are at the very heart of our regional communities.",NA,"703.1",NA
"A re-elected Morrison Government will establish a $20 million Regional Agricultural Show Development Grants Program.",NA,"703.1",NA
"Grants will be available for regional agricultural show societies that run annual shows to upgrade and maintain existing infrastructure and to build new infrastructure.",NA,"703.1",NA
"Regional show ground upgrades support more than agricultural shows.",NA,"703.1",NA
"This vital community infrastructure is often used for other local events, including local farmers markets, that bring communities together.",NA,"703.1",NA
"Promoting the role of farming",NA,"H",NA
"The Morrison Government is providing $720,000 to Agricultural Shows Australia (ASA) to utilise and mobilise the agricultural show network to enhance the skills of young people in agriculture and promote the value and role of farmers.",NA,"703.1",NA
"This funding will support the Young Judges and Paraders Program and the Young Farmers Challenge.",NA,"703.1",NA
"ASA will also use this funding to boost education around sustainable agri-food production for schools, shows and community events.",NA,"703.1",NA
"It will see ASA work with organisations like the Primary Industries Education Foundation Australia to deliver better educational material and resources.",NA,"703.1",NA
"This funding will ensure the agricultural shows movement continues to be a strong contributor to our economy, culture and communities and continues to support our young farmers and rural leaders.",NA,"703.1",NA
"Encouraging more Australians to study agriculture",NA,"H",NA
"The Morrison Government is providing $220,000 to Primary Industry Education Foundation Australia (PIEFA) to fund a new major study of students' and teachers’ perceptions about food and fibre production, as well as their views on the careers that are available in the agricultural sector.",NA,"703.1",NA
"The outcomes will inform future education and communication initiatives to improve young Australians' connection with agriculture and food and fibre production, and encourage young people to study agriculture.",NA,"703.1",NA
"If Australian agriculture is going to have a strong and sustainable future, we must invest in our most important resources – our people. The funding also allows PIEFA to deliver annual one-day workshops on food and fibre education for Australian school students in each state and territory.",NA,"703.1",NA
"The Morrison Government wants to get more kids excited about the job opportunities and long-term rewarding careers that agriculture offers.",NA,"703.1",NA
"This program is part of the Government’s Plan to strengthen agriculture,",NA,"703.1",NA
"support jobs",NA,"701",NA
"and our regional communities",NA,"503",NA
"and boost our economy.",NA,"410",NA
"The Choice",NA,"H",NA
"The Morrison Government appreciates the need to ensure that our children understand and value the contribution of farming.",NA,"703.1",NA
"We are invested in supporting the sector, regional communities and the future of farming.",NA,"703.1",NA
"By contrast, Labor has no empathy for ‘the bush.’",NA,"703.1",NA
"Labor under-estimates the value of the farming sector to the Australian economy.",NA,"703.1",NA
"Cost",NA,"H",NA
"The Coalition will invest an additional $30 million to showcase farming and agricultural careers.",NA,"703.1",NA
"Our Plan for Stronger Defence and Defence Industries",NA,"H",NA
"Key Points",NA,"H",NA
"The first role of Government is to keep Australia and Australians safe.",NA,"104",NA
"We are investing more than $200 billion in Australia’s defence capability over the next decade – the nation’s biggest peacetime investment in Defence.",NA,"104",NA
"By 2020-21, we will have restored investment in Defence to 2 per cent of GDP.",NA,"104",NA
"This is in stark contrast to Labor who slashed more than $18 billion from Defence, reducing Defence spending to just 1.56 per cent of GDP – the lowest level since 1938.",NA,"104",NA
"To keep Australians safe and secure, we need to keep our economy strong.",NA,"104",NA
"The Coalition Government’s strong economic management underpins the investments needed to defend Australia and protect our borders.",NA,"104",NA
"Our record rejuvenation of Defence includes building 54 naval vessels in Australia, modernising our Army and introducing a world-leading fifth generation Air Force.",NA,"104",NA
"We are maximising involvement and opportunity for Australian industry across Defence programs - from large scale projects with national reach, to local projects and contracts that support our Defence Force day to day.",NA,"104",NA
"Our plan is creating tens of thousands of highly-skilled, high-paid jobs throughout the country.",NA,"104",NA
"This is securing jobs for generations to come and ensuring the Australian Defence Force is supported by the thriving Australian defence industry they need, when they need it.",NA,"104",NA
"A re-elected Morrison Government will continue building Australia’s defence capability by:Maintaining our commitment to increase Defence investment to 2 per cent of GDP by 2020-21, to provide certainty for Defence planning and procurement.",NA,"104",NA
"Building an additional three naval vessels in Henderson, Western Australia – two Mine Warfare Support vessels and a hydrographic vessel – adding to the 31 minor war vessels already being built in WA and the 54 naval vessels being built in Australia overall.",NA,"104",NA
"This will bring the number of naval vessels the Coalition has committed to build (or already commenced) in Australia to 57.",NA,"104",NA
"Built in Australia, by Australian workers, with Australian steel – in stark contrast to Labor, who committed to build no naval vessels in Australia.",NA,"104",NA
"Investing $156 million to roll out a package to support further enhancing our cyber resilience and workforce – particularly across the ADF and the Australian Signals Directorate and the Australian Cyber Security Centre, as well as strengthening our broader cyber security resilience and response across small business, older Australians and families.",NA,"104",NA
"Continuing with the Attack class submarine project, which Labor say they are putting on ‘pause’ to once again delay and create uncertainty for our Navy and our defence industry.",NA,"104",NA
"Supporting our ADF personnel by allowing them the choice to contribute to their ADF Super even after they have transitioned to a new employer.",NA,"104",NA
"Our Record",NA,"H",NA
"The Coalition has a strong record of investing in and delivering what is needed to keep Australians safe.",NA,"104",NA
"Strong economic management has meant we can restore defence spending to 2 per cent of GDP, reversing the significant decline under Labor.",NA,"104",NA
"Under Labor, Defence, and thus the safety and security of our nation, was an unacceptable casualty of their inability to manage the economy.",NA,"403",NA
"Under Labor, defence funding was gutted by over $18 billion and investment fell to just 1.56% of GDP – the lowest level since 1938.",NA,"104",NA
"Under Labor 119 Defence projects were delayed, 43 projects reduced and eight cancelled.",NA,"104",NA
"By contrast, the Coalition Government has made over 173 project-related decisions since the release of our 2016 Defence White Paper: we’re getting on with the job of delivering the best equipment and facilities our Defence Force needs.",NA,"104",NA
"Australia has one of the finest militaries in the world.",NA,"104",NA
"A proud history, equipped with some of the best equipment and training in the world, combine for an envied reputation.",NA,"104",NA
"But we live in a region which is increasingly volatile.",NA,"104",NA
"Competition for power is growing and the threat of terrorism is clear and present.",NA,"104",NA
"To keep Australians safe and secure, we need to keep our economy strong.",NA,"104",NA
"For too long, successive Labor Governments have treated Defence like an ATM when it needed to prop up its own poor budget decisions, placing the safety and security of our nation at risk.",NA,"104",NA
"Only the Morrison Government can be trusted to keep Australia safe.",NA,"104",NA
"To do that, we are: •Continuing to deliver reliable and sustainable Defence funding.",NA,"104",NA
"•Continuing to renew our Defence capabilities.",NA,"104",NA
"•Contributing to operations at home and around the globe.",NA,"104",NA
"•Enhancing support for regional security.",NA,"104",NA
"•Building a stronger Navy, Army and Air Force.",NA,"104",NA
"•Investing in infrastructure and enablers.",NA,"411",NA
"•Building the Australian defence industry.",NA,"104",NA
"•Keeping Defence on the cutting edge.",NA,"104",NA
"•Enhancing our cyber warfare and security workforce and resilience.",NA,"104",NA
"•Supporting Our Defence personnel.",NA,"104",NA
"Our Plan",NA,"H",NA
"Reliable and sustainable Defence funding",NA,"H",NA
"Reliable and sustainable Defence funding gives Australia’s military the confidence to plan ahead and make the investments they need to keep Australia safe.",NA,"104",NA
"In turn, Australia’s defence industry can invest and employ more Australians.",NA,"104",NA
"The 2019-20 Budget maintains the Morrison Government‘s commitment to provide Defence with stable and sustainable funding growth.",NA,"104",NA
"By 2020-21 we will have restored Defence investment to 2 per cent of GDP.",NA,"104",NA
"Renewing our Defence capabilities",NA,"H",NA
"Under strategies laid out in the 2016 Defence White Paper, the Morrison Government is investing in the capabilities and platforms necessary to meet the challenges of an increasingly complex security environment.",NA,"104",NA
"Our fully-funded plan is investing more than $200 billion in Australia’s defence capability over the next 10 years, including the largest regeneration of our Navy since the Second World War.",NA,"104",NA
"Built in Australia, by Australians, using Australian steel.",NA,"104",NA
"The 10-year Integrated Investment Program laid out Defence’s plans for procurement, giving certainty to industry of the path ahead.",NA,"104",NA
"To deliver this ambitious program, the Coalition Government has made over 173 project decisions since the release of the White Paper.",NA,"104",NA
"Not only do these decisions get vital equipment into the hands of our service men and women sooner, but they also create opportunities for Australia’s defence industry to invest and grow.",NA,"104",NA
"Operations at home and around the globe",NA,"H",NA
"The Australian Defence Force is one of the most respected and effective militaries in the world.",NA,"104",NA
"Only the Morrison Government can be trusted to continue to invest the resources necessary to keep it that way:",NA,"104",NA
"We have given our ADF the power to target terrorists with lethal force (in accordance with international law).",NA,"104",NA
"This includes targeting support networks and improvised weapons manufacturers, as well as front-line combatants.",NA,"104",NA
"As part of Operation Okra, around 600 ADF personnel have been involved in the fight against Da’esh.",NA,"104",NA
"While we have achieved territorial defeat, Da’esh remains a threat to global security.",NA,"104",NA
"We’ve increased Australia’s commitment to the NATO-led Operation Resolute Support in Afghanistan (to around 300 personnel) so that Afghanistan does not again become a safe haven for terrorists.",NA,"104",NA
"To combat terrorism in our region, ADF training teams are building the capacity of the Armed Forces of the Philippines to combat Islamic State-aligned terrorists.",NA,"104",NA
"We are also expanding the ADF’s role in training select state and territory police units to respond to domestic terrorist incidents.",NA,"104",NA
"Enhanced support for regional security",NA,"H",NA
"The Morrison Government recognises Australia’s security is intertwined with our Pacific neighbours so we are stepping up actions in this vital region.",NA,"104",NA
"Our package of security, economic, diplomatic and people-to-people initiatives will take Australia’s engagement to a new level and Defence will play a key part:The Morrison Government has committed to building a large-hulled vessel dedicated to increased ADF engagement with our Pacific partners, especially for humanitarian assistance and disaster relief.",NA,"104",NA
"We are fundamentally changing how the Pacific region identifies and responds to maritime security threats with the 30-year, $2 billion Pacific Maritime Security Program.",NA,"104",NA
"This will deliver bigger and more capable Australian-built patrol boats, aerial surveillance, information sharing, and capacity building.",NA,"104",NA
"Building a stronger Navy",NA,"H",NA
"The Morrison Government is keeping Australians safe with our $90 billion plan to build 57 new vessels – the largest regeneration of the Navy since the Second World War.",NA,"104",NA
"This is in stark contrast to Labor, who did not commission any naval vessels from Australian shipyards when they were last in office.",NA,"104",NA
"We are doubling our submarine fleet to 12 Attack class submarines, building nine Hunter class frigates and 12 Arafura class offshore patrol vessels to ensure our borders remain secure and our nation safe. We are also building 21 Guardian class pacific patrol boats to help our near-neighbours.",NA,"104",NA
"A re-elected Morrison Government commits to building an additional three naval vessels in Henderson, Western Australia – two mine warfare support vessels and a hydrographic vessel.",NA,"104",NA
"All 57 vessels will be built in Australia, using Australian workers and Australian steel – creating thousands of jobs for decades to come.",NA,"104",NA
"More than 700 Australian businesses have already prequalified to work on the Hunter class frigates.",NA,"104",NA
"Around 170 have pre-qualified to work on the Attack class submarine program.",NA,"104",NA
"The Morrison Government has committed to building world-class new naval shipyards to construct the vessels and has established the Naval Shipbuilding College to ensure we have the right workers at the right time.",NA,"104",NA
"The Morrison Government is continuing our initial investment in 2017 with the University of Tasmania’s Australian Maritime College, by investing a further $30 million to create a Tasmanian Defence Innovation and Design Precinct, helping to deliver the research needed for Australia’s cutting-edge maritime defence capability.",NA,"104",NA
"Our commitment to construct two further mine warfare support vessels at the Henderson shipyard precinct in Western Australia is part of our new mine warfare strategy.",NA,"104",NA
"We will bring forward the replacement of the Huon-class mine hunters from the 2030s to the mid-2020s, as part of our new Maritime Mine Countermeasures Program (to be known as SEA 1905).",NA,"104",NA
"The Morrison Government has allocated over $1 billion in the Defence Integrated Investment Program to deliver the full scope of SEA 1905, including the building of the two mine warfare support vessels and investment in new mine countermeasure (including autonomous) systems.",NA,"104",NA
"The build of the three additional vessels will be coordinated with our existing naval shipbuilding programs in Western Australia.",NA,"104",NA
"This will ensure the naval shipbuilding workforce in WA continues to grow over the long term.",NA,"104",NA
"It’s estimated there will be around 1,000 jobs created to build the Arafura class offshore patrol vessels and 400 jobs to build the Guardian class Pacific patrol boats.",NA,"701",NA
"Building a stronger Army",NA,"H",NA
"The Morrison Government will keep Australians safe with an unprecedented investment in our Army including:A $5.2 billion project to build over 200 new Boxer Combat Reconnaissance Vehicles in Queensland and creating 1,450 jobs nationwide.",NA,"104",NA
"A $15 billion project to replace the Army’s M113 Armoured Personnel Carriers with a fleet of up to 450 modern Infantry Fighting Vehicles.",NA,"104",NA
"New weapons including rifles, pistols, grenade launchers and mortars as well as new body armour and night-fighting equipment.",NA,"104",NA
"A new protected truck fleet: Australian-built trailers and modules, cranes, excavators, front-end loaders, forklifts and tractors as well as aviation refuelling and fire trucks.",NA,"104",NA
"Building a stronger Air Force",NA,"H",NA
"The Morrison Government will keep Australians safe with an unprecedented investment in Air Force capability including:More than $17 billion to acquire the world-best F-35 Lightning II Joint Strike Fighter. More than 50 Australian companies have shared in more than $1.3 billion in production contracts so far.",NA,"104",NA
"The program is expected to support over 5,000 Australian jobs by 2023.",NA,"701",NA
"Boosting the security of our borders with the manned P-8A Poseidon and unmanned MQ-4C Triton maritime patrol aircraft.",NA,"104",NA
"Infrastructure alone for this project will support over 4,000 Australian jobs.",NA,"701",NA
"Enhancing our ability to watch and protect ADF land forces by acquiring the MQ-9 Reaper as Australia’s first armed, remotely-piloted aircraft system.",NA,"104",NA
"Australian industry will provide a range of innovative sensor, communication, manufacturing and life-cycle support capabilities, as well as associated infrastructure development.",NA,"411",NA
"Investing in infrastructure and enablers",NA,"411",NA
"The Morrison Government has committed to the redevelopment and construction of new infrastructure across Defence, ensuring the ADF has the facilities it needs for operations in our region and beyond. This includes:",NA,"104",NA
"Over $3 billion for facilities and maintenance hubs to support new capabilities for the Navy, Army and Air Force.",NA,"104",NA
"Over $1.8 billion on military base and critical infrastructure renewal for the Navy, Army and Air Force.",NA,"104",NA
"More than $25 billion forecast investment (to 2028) to build and maintain defence infrastructure to support new and existing capabilities.",NA,"104",NA
"At the same time, the Government is providing $5 billion in additional funding to 2025‐26 to modernise Defence’s information and communications technology.",NA,"104",NA
"Building Australia’s defence industry",NA,"H",NA
"Our creation of a stronger, more resilient, and internationally competitive defence industry is maximising opportunities for Australian businesses to secure Defence contracts.",NA,"104",NA
"Hundreds of thousands of people and more than 3,000 small to medium enterprises are already employed in Australia’s defence industry.",NA,"104",NA
"The Morrison Government has launched the 2019 Defence Policy for Industry Participation, providing further opportunities for Australian companies to compete for work and drive the long-term development of Australia’s sovereign defence industry.",NA,"104",NA
"This policy builds on the success of the Government’s well-established Australian Industry Capability Program and Local Industry Capability Plan. It also extends the requirement to include opportunities for Australian industry on all Defence procurements of $4 million, and above $7.5 million for construction.",NA,"104",NA
"The policy ensures local Australian businesses have more opportunities to benefit from our $200 billion-plus investment in Defence capability over the next decade, ensuring we create Australian jobs and a sovereign Australian defence industry.",NA,"104",NA
"The policy ensures local Australian businesses have more opportunities to benefit from our $200 billion-plus investment in Defence capability over the next decade, ensuring we create Australian jobs and a sovereign Australian defence industry.",NA,"104",NA
"The policy also supports the Government’s long-term vision for an Australian industry that is positioned to meet Defence’s requirements and generate economic growth and jobs across Australia.",NA,"104",NA
"The $230 million Centre for Defence Industry Capability works closely with industry to help it take advantage of the unprecedented opportunities.",NA,"104",NA
"This includes the awarding of 80 Capability Improvement Grants to help companies prepare and to be more competitive to do business with Defence.",NA,"104",NA
"The first Australian Defence Industrial Capability Plan lays out how we will build the Defence industry Australia needs.",NA,"104",NA
"This includes a dedicated annual Sovereign Industrial Capability Priority grants program, providing up to $17 million to Australian small and medium enterprises to assist them to purchase essential equipment, such as enhancing cyber security, providing access to specialist training, or the ability to attain appropriate accreditations and certificates.",NA,"104",NA
"The Defence Export Strategy, Defence Export Advocate, $3.8 billion Defence Export Facility and $20 million annually in extra export promotion to help Australian defence industry market its capabilities to our friends and allies overseas for a sustainable Australian defence industry.",NA,"104",NA
"Expanding access to Efic, the Export Credit Agency, to enable Australian companies to access a range of specialist finance solutions to expand their business and help them secure export-related contracts in new markets.",NA,"104",NA
"Continuing to grow the Global Supply Chain program, giving Australian companies a foot in the door for greater access to global markets through the supply chains of defence prime companies.",NA,"104",NA
"Keeping defence on the cutting edge",NA,"H",NA
"Ensuring Australia has access to and control of vitally important capabilities to keep the ADF on the cutting edge of new technologies.",NA,"104",NA
"The Sovereign Industrial Capability Assessment Framework and the Sovereign Industrial Capability Priorities establish key areas for research and development, which is then backed-up with funding to ensure they are developed in Australia.",NA,"104",NA
"The Coalition Government has committed $1.6 billion to ensure our Defence Forces remain at the cutting edge of technology by expanding opportunities for Australia’s innovation and research and development organisations to continue to challenge, expand and grow their knowledge base and skills:The Next Generation Technologies Fund has invested more than $130 million in long-term research programs aligned with Defence priorities, along with over 130 research activities with 24 Australian universities and 15 small and medium enterprises.",NA,"104",NA
"The Defence Innovation Hub has received over 820 innovation proposals and awarded more than $109 million in contracts. More than 80 per cent of investments have been with micro, small and medium businesses.",NA,"104",NA
"Enhancing our cyber warfare and security workforce and resilience",NA,"H",NA
"New and more complex security threats in cyberspace will be an important part of our future security environment.",NA,"605.1",NA
"The cyber threat to Australia is growing.",NA,"605.1",NA
"Cyber attacks are a real and present threat to the ADF’s warfighting ability as well as to the rest of government and Australia’s economy and critical infrastructure.",NA,"605.1",NA
"To counter the growing threat of cyber attack, the Coalition Government has improved our national cyber security capabilities.",NA,"605.1",NA
"Defence’s cyber security capabilities have been strengthened to protect the ADF’s warfighting and information networks.",NA,"605.1",NA
"The Australian Signals Directorate and the Australian Cyber Security Centre are at the forefront of the broader contribution to enhanced national cyber security efforts, which include better coordinated cyber security capabilities and working further with industry and academia to counter the threat of cyber attack.",NA,"605.1",NA
"The Coalition Government’s landmark $230 million Cyber Security Strategy has also been a key catalyst for change across the economy.",NA,"605.1",NA
"We have streamlined our national cyber security structures across the Departments of Defence and Home Affairs, we have invested in strong cyber defences (across government and the rest of the economy), we have spread our global cyber engagement, and we have focussed on growing a cyber-smart nation.",NA,"605.1",NA
"But there is more to do. Cyber crime continues to cost our economy billions of dollars a year, particularly impacting families, small and medium sized businesses and families.",NA,"605.1",NA
"We need to take a proactive approach to ensuring that Australians and Australian businesses can fight back against these criminals.",NA,"605.1",NA
"And we need to grow our cyber and STEM workforce to ensure that we have the right people with the right skills to fill roles across the ADF, Defence, the Australian Signals Directorate (ASD), the Australian Cyber Security Centre (ACSC), defence and other industry and the broader economy.",NA,"605.1",NA
"A re-elected Morrison Government will therefore make a $156 million investment in further enhancing our cyber resilience and workforce – particularly across the ADF and the ASD/ACSC, as well as strengthening our broader cyber security resilience and response across small business, older Australians and families.",NA,"605.1",NA
"This will be a significant further investment in the development of our national cyber security workforce, which will have economy wide flow-on impacts.",NA,"605.1",NA
"We will: Invest $80 million to expand the Australian Defence Force’s and Australian Signals Directorate’s cyber operations and workforce capabilities, by:Accelerating the creation of 230 positions for military cyber operations specialists in the ADF over the next four years, significantly enhancing existing capabilities.",NA,"605.1",NA
"By bringing forward these positions, we will be able to deliver the required number of cyber operations personnel in less than half the time originally forecast.",NA,"605.1",NA
"A targeted recruitment program will be launched to attract interested Australians.",NA,"605.1",NA
"As part of our cyber operations targeted recruitment program, building on our highly successful ADF Gap Year Program to create up to 100 new gap year positions each year that are focussed on cyber and information warfare domains to encourage young Australians, particularly women, to embark on a cyber-related career.",NA,"605.1",NA
"In 2018-19, the ADF Gap Year Program received over 5,500 applications, yet only about 10 per cent of applicants were successful in securing a position.",NA,"605.1",NA
"By building a cyber-warfare focussed cohort, we will encourage, inspire and educate young Australians in the cyber domain – ready to join the ADF in military cyber operations specialist and related roles; to join the Australian Signals Directorate in specialist cyber intelligence related roles; to join defence industry; or undertake further studies in the field.",NA,"605.1",NA
"Establishing a Countering Foreign Cyber Criminals capability within ASD and the ACSC, and drawing on the expertise of the Australian Federal Police, that will use our advanced cyber capabilities to combat the increasingly sophisticated organised cyber crime gangs.",NA,"605.1",NA
"Most cyber crimes and scams against Australians originate overseas.",NA,"605.1",NA
"This makes it difficult for domestic law enforcement authorities to investigate, prosecute, and shut down offenders.",NA,"605.1",NA
"Developing a Counter Foreign Cyber Criminal capability will create a capability to both defend against and fight back against cyber criminals overseas, including scammers, fraudsters and those involved in child exploitation.",NA,"605.1",NA
"Growing the Australian Government’s Cyber Security ‘SPRINT’ Teams, to develop cyber partnerships with owners and operators of critical infrastructure to be ready to respond to any emerging national security threats.",NA,"605.1",NA
"Create a $50 million Cyber Security National Workforce Growth Program, that builds on initiatives set out in our Cyber Security Strategy, and brings together Defence, Home Affairs, law enforcement, other government agencies, defence and wider industry, and academia under the leadership of the National Cyber Security Adviser, to further develop and implement a range of initiatives to grow the available national cyber workforce pool and inspire young Australians and students into cyber related careers.",NA,"605.1",NA
"This will build on the significant efforts we have made as a result of the Cyber Security Strategy and have significant flow-on benefits to industry and the broader economy.",NA,"605.1",NA
"This will include:Scholarships for postgraduate, undergraduate and TAFE studies directly associated with cyber security.",NA,"605.1",NA
"A minimum of 50 per cent of scholarships will be made available to female students.",NA,"605.1",NA
"Support for cyber security challenges and educational activities that are targeted primary school, high school, and tertiary students, inspiring and training them to take up a career in cyber related fields (this includes programs such as CyberTaipan, the Cyber Security Challenge Australia (CySCA), and the Cyber Experience Platform).",NA,"605.1",NA
"Development of specialist cyber security related courses, which directly meet the needs of Defence, government and industry.",NA,"605.1",NA
"Building on Questacon’s Engineering is Elementary pilot program – educating teachers about increasing student interest in engineering and other STEM field in a national rollout of the program, which will train 1,000 primary school teachers from every state and territory around the country.",NA,"411",NA
"Evidence suggests that getting primary school aged children interested in STEM subjects from an early age encourages them to into STEM careers over the long term.",NA,"411",NA
"This will help drive a STEM-cyber workforce of the future.",NA,"411",NA
"Development of work experience placements and government/industry exchanges to help develop the practical skills of our national cyber security workforce.",NA,"605.1",NA
"Supporting Women in Cyber mentoring and coaching programs that help promote a diverse cyber workforce.",NA,"605.1",NA
"Invest $26 million to expand the role of the Australian Cyber Security Centre to help businesses and families address cyber security issues",NA,"605.1",NA
"and helping to support the wider Australian economy.",NA,"410",NA
"This includes:Developing a comprehensive online cyber security training program, which focusses on providing practical cyber advice for small businesses, older Australians and Australian families.",NA,"605.1",NA
"This will help them to avoid becoming victims of increasingly sophisticated cyber criminals, especially in relation to online transactions, identity theft and internet banking.",NA,"605.1",NA
"Expanding the ACSC’s 24/7 hotline for reporting cyber security incidents to include a dedicated helpdesk for small and medium sized businesses, older Australians and families.",NA,"605.1",NA
"Evidence suggests that 43 per cent of cyber attacks cost small businesses on average $10,000 per attack and that they have limited knowledge and capacity to protect themselves or recover after a cyber security incident.",NA,"605.1",NA
"The help desk will employ specially trained staff who can provide tailored technical cyber security advice for these groups, including advice that prevents, and responds to, cyber security incidents.",NA,"605.1",NA
"The help desk will provide free advice and support to those recovering from a malicious cyber incident – such as data breaches, scams, fraud and identity theft – to equip them to get back on line.",NA,"605.1",NA
"Working with industry and Home Affairs to develop a voluntary code of practice to improve the security of consumer ‘Internet of Things’ (IoT) devices in Australia.",NA,"605.1",NA
"This will help inform manufacturers of the security features that consumers will expect from their IoT devices, particularly as 5G technology is rolled out.",NA,"605.1",NA
"Auditing the cyber security arrangements of defence industry contractors, particularly those involved in our $90 billion Naval Shipbuilding Plan, to ensure that we protect our cutting edge military capability.",NA,"605.1",NA
"International experience shows that defence industry sub-contractors can often be the weakest link when it comes to cyber security, so it is essential that we ensure appropriate arrangements are in place to secure our more than $200 billion investment in Defence capability over the next decade.",NA,"104",NA
"Updating our 2016 Cyber Security Strategy to take account of developments in cyber security over the past three years.",NA,"605.1",NA
"Protecting Australia from cyber threats is one of our greatest defence and national security challenges and only the Morrison Government is delivering the strong economy necessary to invest in our cyber warfare and security capabilities and workforce.",NA,"605.1",NA
"Supporting Australia’s defence personnel",NA,"H",NA
"At the heart of Australia’s Defence Forces are the men and women who proudly wear the uniform.",NA,"706",NA
"The Morrison Government will continue to support Australia’s former, current and future Defence personnel, by:Implementing significant workforce reform – making it easier for members leaving the ADF to continue to serve our nation in a permanent capacity or in the Reserves, and also return to the full time force.",NA,"706",NA
"Ensuring that the transition from the ADF into civilian life is as seamless as possible by providing a full range of support and services, including:Implementing a new needs-based model of transition support, ensuring more members and their families receive the support they need.",NA,"706",NA
"Providing enhanced support for Defence families by extending the Job Search Preparation program to include a program designed specifically for partners of transitioning members.",NA,"706",NA
"Delivering additional support services through the Prime Minister’s Veterans’ Employment Program and ex-service organisations.",NA,"706",NA
"Improving the format of ADF Member and Family Transition Seminars to allow attendees to tailor their experience.",NA,"706",NA
"Ensuring that all ADF personnel leaving the military now have an individual transition plan, a record of professional military education and training, unit posting and employment history, and copies of all entitlements and medical records.",NA,"706",NA
"Implementing programs to meet the needs of separating personnel at risk of a poor transition, those transitioning with complex medical conditions and partners of members transitioning for medical reasons.",NA,"706",NA
"Providing access to ADF Transition Coaches to help ADF personnel develop tailored career plans and provide additional support where required.",NA,"706",NA
"Rolling out our new network of Veterans’ Wellbeing Centres nationwide.",NA,"706",NA
"Allowing former members to contribute to their ADF Super even after they have transitioned to a new employer, allowing them the option to maintain one super account over working life.",NA,"706",NA
"Expanding access to the Defence Home Ownership Assistance Scheme and the Defence Service Homes Insurance Scheme for ex-ADF members.",NA,"706",NA
"Continuing to invest in our Non-Liability Health Care program, providing free and immediate treatment for all mental health conditions for current and former ADF members – uncapped and demand driven.",NA,"706",NA
"Introducing stronger protections for Reservists when they provide service.",NA,"706",NA
"Continuing the ADF Gap Year program for school leavers.",NA,"706",NA
"Establishing a Council for Women and Families United by Defence Service to provide a forum for women and families to have a direct voice to the Government on issues that impact ADF families and the unique challenges of women who wear our nation’s uniform.",NA,"706",NA
"Our controlled approach to managing population growth stands in stark contrast to Labor’s track record.",NA,"305.1",NA
"The Choice",NA,"H",NA
"Only the Morrison Government can be trusted to invest the resources necessary to keep Australia safe and continue to strengthen Australia’s Defence Forces.",NA,"104",NA
"Under Labor’s weak border protection policies, the boats restarted.",NA,"104",NA
"The Navy was diverted from strategic tasks to deal with asylum seeker vessels, placing Australian lives in dangerous and difficult circumstances.",NA,"104",NA
"Circumstance that were preventable and which cost thousands of lives and cost billions of dollars.",NA,"104",NA
"Now they have announced they will ‘pause’ the project after the Coalition Government got it back on track.",NA,"104",NA
"In six years Labor didn’t build one naval vessel in an Australian yard – the shipbuilding ‘Valley of Death’ is indeed ‘Labor’s Valley of Death’.",NA,"104",NA
"In 2012-13, Labor slashed the Defence budget by over 10 per cent in real teams, causing Defence investment to fall to 1.56 per cent of GDP – the lowest level since 1938.Overall, Labor cut over $18 billion from the Defence budget while it was in Government.",NA,"104",NA
"Under Labor 119 Defence projects were delayed, 43 projects reduced and eight cancelled.",NA,"104",NA
"The choice is clear: Labor pays lip service to Defence but then treats it like an ATM when it runs out of money to pay for their unaffordable spending promises and half-baked schemes.",NA,"104",NA
"The Morrison Government will increase the Defence budget to 2 per cent of Gross Domestic Product by 2020-21, three years ahead of our original commitment.",NA,"104",NA
"To meet our funding commitments and keep Australian’s safe and secure,",NA,"104",NA
"we need to keep our economy strong.",NA,"410",NA
"The Morrison Government is providing greater certainty for investment.Greater certainty for jobs.And greater certainty for the Australian Defence Force.",NA,"104",NA
"Combined, this ensures a stronger Australian defence industry, creating opportunities for Australian defence exports, and laying the foundation for a globally competitive Australian defence industry.",NA,"104",NA
"The Morrison Government is providing greater certainty for investment, greater certainty for jobs and greater certainty for the Australian Defence Force.",NA,"104",NA
"Cost",NA,"H",NA
"The Coalition’s Plan for Stronger Defence and Defence Industry will not place additional costs on the Budget.",NA,"104",NA
"Our Plan to Support People with Disability",NA,"H",NA
"Key Points",NA,"H",NA
"The Morrison Government is backing Australians with disability, their families and carers.",NA,"503",NA
"We proudly support the National Disability Insurance Scheme (NDIS), which is transforming the lives of people with disability, their families and carers.",NA,"503",NA
"It is important to get it right.",NA,"503",NA
"We are committed to providing individual choice and control to people with disability, to create opportunity and so they can achieve their goals.",NA,"503",NA
"We understand that people with disability want to play an important role contributing to the social and economic life of our community.",NA,"503",NA
"We recognise that it is good for them, their families and the nation.",NA,"503",NA
"If people with disability want to work, we will support them to find and keep a job.",NA,"503",NA
"Keeping the economy strong is vital.",NA,"410",NA
"It is only by building a stronger economy that we can guarantee the essential services that people with disability, their families and their carers rely on and deliver them the jobs they deserve.",NA,"503",NA
"A re-elected Morrison Government will:Continue to ensure the NDIS is fully funded by building a stronger economy and keeping the budget in the black.",NA,"503",NA
"Rollout new NDIS participant planning pathways – making sure people with disability have a single point of contact with the NDIS, and can choose to be on a longer NDIS plan of up to 3 years if their disability is stable.",NA,"503",NA
"Expand the NDIS community connectors program to support and assist hard to reach communities - including Indigenous Australians, culturally and linguistically diverse (CALD) communities and ageing parents of children with disability - to navigate the NDIS and get the services they or their children need.",NA,"503",NA
"Introduce a new NDIS Participant Service Guarantee – setting new standards for shorter timeframes for people with disability to get an NDIS plan and to have their plan reviewed, with a particular focus on children, and participants requiring specialist disability accommodation (SDA) and assistive technology.",NA,"503",NA
"Commit $45 million to develop a national disability information gateway, including a website and 1800 number, to assist all people with disability and their families to locate and access services in their communities.",NA,"503",NA
"Introduce a new 7 per cent employment target for people with disability across the Australian Public Service (APS) by 2025.",NA,"503",NA
"Provide $2 million to support people with autism to find and keep a job, including a $1.5 million national expansion of the successful Dandelion Program in partnership with DXC Technology.",NA,"503",NA
"Our Record",NA,"H",NA
"The Coalition has implemented significant reforms to improve the lives of people with disability, their families and their carers.",NA,"503",NA
"We are implementing the National Disability Strategy",NA,"H",NA
"Since 2013, the Liberal National Government, in partnership with the states and territories, has released:The National Disability Strategy 2010-2020 Second Implementation Plan – Driving Action 2015-2018.",NA,"503",NA
"The Australian Government Plan to Improve Outcomes for Aboriginal and Torres Strait Islander People with Disability.",NA,"503",NA
"National Disability Strategy 2010-2020 Australian Government Action Plan.",NA,"503",NA
"In 2017, also under the second implementation plan, we released the Australian Government Action Plan and the Australian Government Plan to Improve Outcomes for Aboriginal and Torres Strait Islander People with Disability (the Indigenous plan).",NA,"503",NA
"To support the Indigenous plan, our Government announced funding of $3 million for two targeted projects: a research to support Aboriginal and Torres Strait Islander prisoners and ex-prisoners with disability and a trial on integrated health and education approaches to support students with disability in remote communities.",NA,"503",NA
"We have also announced $10.5 million to fund initiatives to help build inclusive communities in the final two years of the current strategy and build the foundation for delivery of a new strategy for beyond 2020.",NA,"503",NA
"Consultation on a new strategy for beyond 2020 has now commenced.",NA,"503",NA
"We are rolling out the NDIS and making it the best it can be",NA,"H",NA
"The NDIS is rolling out in accordance with the agreements signed between the Commonwealth and the States and Territories - area by area, group by group.",NA,"503",NA
"The NDIS has grown by more than 900 per cent in less than three years – from about 30,000 participants in 2016 to almost 280,000 today.",NA,"503",NA
"More than 85,000 – or almost one in three – are receiving support for the very first time.",NA,"503",NA
"The provider market has massively expanded, from around 3,500 to more than 20,200 service providers – an increase of almost 580 per cent over the same period.",NA,"503",NA
"NDIS budget funding is growing strongly – from $13.3 billion in 2018-19 to almost $18 billion in 2019-20 and more than $22 billion in 2020-21.",NA,"503",NA
"We continue to roll out improvements to better support NDIS participants, their families and carers.",NA,"503",NA
"For example, we are implementing a new participant planning pathway, with face-to-face planning (where this is the participant’s preference), a single point of contact, easier to read plans and improved training for NDIS staff.",NA,"503",NA
"We are actively promoting longer term plans of up to 3 years for people with disability whose circumstances are stable – reducing red tape for participants and providers who will no longer need to get a plan every 12 months.",NA,"503",NA
"The length of a plan will be determined in consultation with the participant, who will still be able to request a plan review at any time if their circumstances change.",NA,"503",NA
"We are rolling out a new psychosocial disabilities stream, with specialised planners and closer linkages with mental health services, and we are providing better planning and pricing for NDIS participants with complex support needs.",NA,"503",NA
"These improvements will lead to a better NDIS experience and improved long term outcomes for NDIS participants.",NA,"503",NA
"We are beginning to see the development of a vibrant and diverse market for Specialist Disability Accommodation (SDA), helping more Australians with disability to live better lives - with more independence, more privacy and more engagement with the broader community.",NA,"503",NA
"There are now 12,350 NDIS participants with SDA in their plan – a 13 per cent increase in the 12 months since December 31 2018 – and the number of registered SDA providers has increased from 802 to 892.",NA,"503",NA
"Our significant reforms to SDA will simplify processes for people with disabilities and encourage greater investment in SDA for an estimated 28,000 participants when the NDIS is fully rolled out.",NA,"503",NA
"As a result of our reforms, participants, their carers or families will be able to go into the market and find or commission a home that suits their individual needs.",NA,"503",NA
"We are providing greater pricing certainty to SDA investors, and will allow properties under construction to be precertified so that investors have more certainty that their property will meet SDA design standards upon completion.",NA,"503",NA
"All of these SDA reforms are being supported by a dedicated planning team in the National Disability Insurance Agency (NDIA) and the establishment of an SDA industry reference group to provide input on SDA policy and price settings.",NA,"503",NA
"We are making it easier and quicker for NDIS participants to access assistive technologies (AT), such as wheelchairs, magnifying devices or vehicle and home modifications, including:replacement for standard AT items will be quickly assessed without needing a full re-assessment, and will only require one quote for items valued between $1,500 and $15,000;",NA,"503",NA
"From April 2019, we have started a pilot of a new approach to improve the quality and timeliness of assessment for participants requiring complex and non-standard AT; and",NA,"503",NA
"In June 2019, we will introduce changes making it easier for participants to access refurbished or pre-used AT.",NA,"503",NA
"These changes build on earlier improvements to AT processes.",NA,"503",NA
"Since May 2018, low cost, low risk AT under $1,500 could be purchased without further assessment, quotes or approvals once approved as reasonable and necessary in a participant’s plan.",NA,"503",NA
"This benefited an estimated 45 per cent of participants requiring AT.",NA,"503",NA
"Since December 2018, no more than two quotes have been required for AT costing greater than $1,500.",NA,"503",NA
"We have committed to a national action plan to reduce the number of younger people living in residential aged care",NA,"503",NA
"Our reforms to the NDIS have allowed us to commit to a national action plan to get younger people out of residential aged care. Under our plan we will:Support those already living in aged care aged under 45 to find alternative, age-appropriate housing and supports by 2022, if this is their goal.",NA,"503",NA
"Supporting those already living in aged care aged under 65 to find alternative, age-appropriate housing and supports by 2025, if this is their goal.",NA,"503",NA
"Halve the number of younger people aged under 65 years entering aged care by 2025.",NA,"503",NA
"While appropriate attention will be given to the small number of younger people aged under 45, this will not preclude or prevent our plan from immediately benefitting all people aged under 65 currently living in residential aged care.",NA,"503",NA
"We will continue to work beyond 2025 to minimise to the fullest extent possible the number of younger people aged under 65 years entering and living in aged care.",NA,"503",NA
"Providing for safe and quality services for NDIS participants",NA,"H",NA
"The Morrison Government believes all forms of violence, abuse, neglect and exploitation of people with disability are abhorrent and have no place in society.",NA,"503",NA
"We committed $209 million to establish the NDIS Quality and Safeguards Commission from 1 July 2018.",NA,"503",NA
"The NDIS Commission is already up and running in NSW and South Australia, with operations to begin in all other states from July 2019 (except Western Australia, to start in July 2020).",NA,"503",NA
"The NDIS Commission is an independent statutory body with strong investigation and regulatory powers.",NA,"503",NA
"It can take tough action including banning orders and substantial civil penalties on both providers and workers.",NA,"503",NA
"The NDIS Commission is responsible for registering providers, handling complaints, receiving and managing incident notifications, setting quality standards and enforcing a Code of Conduct for NDIS providers and workers.",NA,"503",NA
"In partnership with the states and territories, the NDIS Commission will also provide clinical leadership in behaviour support and promote the reduction and elimination of restrictive practices.",NA,"503",NA
"It will host a $13.6 million national database of NDIS worker screening clearances from 1 July 2019 – which will provide a way to check that people who are working, or seek to work, in the NDIS do not pose an unacceptable risk of harm to people with disability.",NA,"503",NA
"The NDIS Commission is already doing its job, with more than 600 complaints handled in the first six months of operation.",NA,"503",NA
"We have also established a Royal Commission into Violence, Abuse, Neglect and Exploitation of People with Disability – with funding of $527.9 million over five years.",NA,"503",NA
"This funding includes more than $100 million to support people with disability participate in the inquiry through the provision of advocacy and counselling support.",NA,"503",NA
"What we learn from the Royal Commission will help to inform governments, institutions and the wider community on how to protect people with disability.",NA,"503",NA
"We are growing the market for disability services and jobs",NA,"H",NA
"The Morrison Government is investing to ensure that NDIS participants have access to the services they need.",NA,"503",NA
"We have released the Growing the NDIS Market and Workforce Strategy to support the creation of an additional 90,000 full-time jobs under the NDIS in the next 5 years.",NA,"503",NA
"We are providing $45.6 million through the NDIS Jobs and Market Fund to support the growth, capacity and capability of the NDIS provider market and workforce so that it can meet the needs of NDIS participants.",NA,"503",NA
"We have established the $33 million Boosting the Local Care Workforce Program and launched the NDIS Demand Map to provide local post code level data to assist NDIS providers with their business planning.",NA,"503",NA
"Tailored business advice (up to $20,000) to help providers transition to the NDIS is also available.",NA,"503",NA
"We have announced an $850 million injection per year into the NDIS market from 2019-20.",NA,"503",NA
"New prices include a minimum increase of almost $11 per hour for therapists and up to a 15.4 percent price increase to the base limit for attendant care and community participation.",NA,"503",NA
"By encouraging an increase in services, this will mean NDIS participants can better access the quality and innovative supports that meet their individual needs.",NA,"503",NA
"We are taking action to improve employment outcomes for people with disability",NA,"H",NA
"Despite their enthusiasm, commitment and good reputation as employees, people with disability too often find it hard to get into the workforce.",NA,"503",NA
"About 14 per cent of working age people in Australia have a disability but people with disability comprise only nine per cent of the workforce.",NA,"503",NA
"Only 53 per cent of Australians with disability are participating in work compared with 83 per cent of Australians without disability.",NA,"503",NA
"The Morrison Government is committed to helping people with disability who have the desire and capacity to work, to find and keep a job.",NA,"503",NA
"Our significant reforms to Disability Employment Services (DES) on 1 July 2018 have seen a 27 per cent increase in the number of people with disability voluntarily participating in the DES program.",NA,"503",NA
"Our reforms also provide people with disability with greater choice and control over who they receive support from, enabling them to choose someone who best meets their needs. So far, over 9,800 participants have taken this opportunity, no questions asked.",NA,"503",NA
"Because of these reforms, we are also seeing greater employment outcomes – 82 per cent of successful job placements are lasting at least 13 weeks, an increase of 24 per cent over previous arrangements.",NA,"503",NA
"In November 2018, the Morrison Government also established the NDIS Participant Employment Taskforce, charging it with overcoming barriers to employment for NDIS participants and developing an NDIS Employment Strategy by July 2019.",NA,"503",NA
"We are backing the Taskforce with a $19.9 million grant round for projects that boost economic participation for people with disability.",NA,"503",NA
"The Morrison Government has already provided $300,000 for the Impact21 pilot program, delivered by not-for-profit e.motion21.",NA,"503",NA
"The pilot aims to educate and employ young adults with Down syndrome.",NA,"503",NA
"The pilot includes a one-year work readiness program, including partnership with a national employer and a seven-week work placement program.",NA,"503",NA
"We are also encouraging employers to hire people with disability through the ‘Employ their Ability’ campaign.",NA,"503",NA
"The campaign aims to highlight the benefits of employing people with disability and ensure employers are aware of the government support and programs available to help them.",NA,"503",NA
"As part of the ‘Employ their Ability’ campaign, we have also released the Employer Toolkit, an online resource to guide employers through the entire process of employing people with disability.",NA,"503",NA
"Our plan to strengthen the Australian economy has already seen 1.3 million jobs created across the economy over the past five years.",NA,"503",NA
"We have a plan to keep our economy strong and create 1.25 million more jobs over the next five years.",NA,"503",NA
"Our NDIS Participant Employment Taskforce and grants will help ensure that people with disability will have real employment opportunities and share in the benefits of a strong and growing jobs market.",NA,"503",NA
"We are supporting students with disability",NA,"H",NA
"The Morrison Government will invest almost $29 billion for students with disability from 2018 to 2029.",NA,"503",NA
"This record level of funding will grow by 5.1 per cent on average per student with disability each year.",NA,"503",NA
"This funding is in addition to the base per student funding amount provided for all students at each school, and in addition to the funding provided by the states and territories.",NA,"503",NA
"Our funding also recognises the individual needs of students, and provides real needs-based funding consistently across Australia.",NA,"503",NA
"Under the special deals on schools funding Labor signed, funding for students with disability was inconsistent across the states and territories.",NA,"503",NA
"Each state had a different definition of disability which meant a student with a disability could be funded in one state but not another.",NA,"503",NA
"Under the Coalition’s reforms, the Commonwealth will provide the same level of funding for a student with a disability regardless of the state in which they live, and funding increases with the student’s level of need.",NA,"503",NA
"We have invested in advocacy to support people with disability",NA,"H",NA
"Since September 2013, the Coalition’s investment in disability advocacy has grown from $19.7 million to $34.4 million in 2018-19, recognising the significant challenges involved for people with disability to understand and access the NDIS.",NA,"503",NA
"This recognises the significant challenges involved for people with disability to understand and access the NDIS.",NA,"503",NA
"Our Plan",NA,"H",NA
"Establishing a national NDIS Community Connectors Program",NA,"H",NA
"A re-elected Morrison Government will complete the rollout of the NDIS.",NA,"503",NA
"It is estimated that more than 460,000 participants will benefit from the NDIS when it is fully rolled out in 2020.",NA,"503",NA
"To finalise the rollout of the NDIS and ensure that hard to reach communities are engaged in the NDIS, a re-elected Morrison Government will commit $20 million to expand the NDIS Community Connectors Program.",NA,"503",NA
"The program will assist rural and remote communities (including Indigenous communities), culturally and linguistically diverse (CALD) communities and ageing parents of children with disability to engage and navigate the NDIS.",NA,"503",NA
"NDIS Community Connectors would assist hard to reach communities engage with the NDIS and assist them in access, planning and implementation processes.",NA,"503",NA
"The role of Community Connectors would be to provide a community based and trusted resource, to actively connect people with disability and their families with the NDIS and NDIS providers.",NA,"503",NA
"Community Connectors would assist potential NDIS participants and their families to acquire the evidence required to test their eligibility for the NDIS, assist with the development of culturally appropriate plans, and help link them with providers to implement their plans.",NA,"503",NA
"We have also already announced $165 million to continue to support the smooth transition of remaining clients of Commonwealth programs into the NDIS or continuity of support services in 2019-20.",NA,"503",NA
"A re-elected Morrison Government will continue our work to deliver an NDIS that benefits people with disability, their families and their carers. This will include:Continued improvements to NDIS planning processes.",NA,"503",NA
"Better use of functional assessments to assist in access and planning decisions.",NA,"503",NA
"Piloting new approaches to improve the quality and timeliness of assessment for participants requiring complex and non-standard assistive technology.",NA,"503",NA
"Removing restrictions that currently prevent some families from living together in SDA.",NA,"503",NA
"Implementing the national action plan to reduce the number of younger people entering residential aged care.",NA,"503",NA
"Rolling out the new $398 million NDIS Information, Linkages and Capacity Building (ILC) strategy.",NA,"503",NA
"Further enhancements to the NDIS myplace portal, website and other ICT.",NA,"503",NA
"More improvements to NDIS pricing, including deregulating pricing where appropriate.",NA,"503",NA
"Introducing a new NDIS Participant Service Guarantee",NA,"H",NA
"With the NDIS transition period nearing an end, it is now also time to set up the NDIS for future success.",NA,"503",NA
"A re-elected Morrison Government will therefore introduce a new NDIS Participant Service Guarantee following the practical completion of the NDIS rollout in 2020.",NA,"503",NA
"The new NDIS Participant Service Guarantee will set timeframes for participants to receive an access decision (that is, a decision on whether they will be covered by the NDIS); to have their NDIS plan approved; and to have their NDIS plan reviewed, should a participant request a review.",NA,"503",NA
"Under the NDIS Act introduced with bipartisan support in 2013, the only requirement placed on the NDIA was to make an access decision within 21 days of receiving all information required to make that decision.",NA,"503",NA
"While this was appropriate for the transition phase with all the complexity of rolling out the NDIS to 460,000 people - it is no longer fit for purpose for the NDIS at maturity.",NA,"503",NA
"These new service standards will reduce the time taken for people with disability to access the NDIS, and have their plan approved and implemented.",NA,"503",NA
"Specific service standards will be enforced for children with disability and participants requiring specialist disability accommodation and assistive technology.",NA,"503",NA
"This will ensure that children in need of assistance will be provided with immediate support.",NA,"503",NA
"The introduction of the NDIS Participant Service Guarantee will commence on 1 July 2020 following a review of the NDIS Act in the second half of 2019.",NA,"503",NA
"A key objective of this review is to streamline NDIS processes and cut red tape for participants and providers.",NA,"503",NA
"The NDIS Participant Service Guarantee will be developed and legislated in close consultation with people with disability, their families, carers and supporters, as well as state and territory governments.",NA,"503",NA
"The NDIA will be required to report against their performance under the new NDIS Participant Service Guarantee to the COAG Disability Reform Council.",NA,"503",NA
"The Commonwealth Ombudsman will be given additional resources of $2 million to allow it to monitor the NDIA’s performance against the Participant Service Guarantee timeframes, and to support NDIS participants pursuing complaints about time frames they have experienced.",NA,"503",NA
"Establishing a national disability gateway to support all people with disability",NA,"H",NA
"We recognise that the NDIS was never intended to be the only support provided to people with disability, their families or carers.",NA,"503",NA
"There are more than 4.3 million Australians with disability, of whom 460,000 are expected to be eligible for the NDIS.",NA,"503",NA
"A re-elected Morrison Government will provide $45 million over three years to establish a national disability information gateway for people with disability, their families and their carers.",NA,"503",NA
"The gateway will provide people with disability and their families with a one-stop shop to access up-to-date, relevant information, support and referral to assist them in making their own choices about the services and supports they use, and the activities, in which they engage in their communities.",NA,"503",NA
"The gateway will consist of a website, including a service finder similar to that available on the My Aged Care and Carer Gateway websites, and a national call centre via a dedicated 1800 number to assist people with disability and their families to locate and access services for themselves or the ones they love.",NA,"503",NA
"Establishing a national gateway will improve access to information and services for people with disability and their families, which is currently fragmented and difficult to navigate with services and supports spanning multiple sectors including health, housing, employment, transport and disability services.",NA,"503",NA
"For example, the gateway will assist people with disability to find a local advocacy services, a sporting team that meets the needs of their disability, disability related events and disability service providers.",NA,"503",NA
"The Gateway will utilise information and resources that will be developed as part of the NDIS Information, Linkages and Capacity Building (ILC) National Information Program.",NA,"503",NA
"Further action to improve employment outcomes for people with disability",NA,"H",NA
"The Liberal and Nationals Coalition has already created 1.3 million jobs.",NA,"503",NA
"We have a plan to keep our economy strong and create 1.25 million more jobs over the next 5 years.",NA,"503",NA
"It is only through creating these jobs that people with disability will have real employment opportunities.",NA,"503",NA
"A re-elected Morrison Government will continue to support initiatives that boost employment for people with disability.",NA,"503",NA
"Introduce a new disability employment target for the APS",NA,"H",NA
"A re-elected Morrison Government will lead by example by introducing a new 7 per cent employment target for people with disability across the Australian Public Service (APS) by 2025.",NA,"503",NA
"While the APS is a major employer across Australia, there has been a consistent decline in the recorded number of people with disability in the APS workforce, from 6.6 per cent in 1986.1",NA,"503",NA
"When Labor was last in Government the recorded employment of people with disability in the APS declined from 3.6 per cent in 2007 to 3.2 per cent in 2013.",NA,"503",NA
"Under the Coalition, we have already reversed this trend with the recorded employment of people with disability in the APS increasing back to 3.7 per cent in 2018.2",NA,"503",NA
"The work of the National Disability Insurance Agency and Department of Social Services demonstrates the ability to increase the level of employment of people with disability across the public service.",NA,"503",NA
"The work of the National Disability Insurance Agency and Department of Social Services demonstrates the ability to increase the level of employment of people with disability across the public service.",NA,"503",NA
"While a number of initiatives are currently underway to support greater employment of people with disability in the APS, there is currently no target to drive significant cultural change.",NA,"503",NA
"A re-elected Morrison Government would therefore lead by example by implementing a target of 7 per cent recorded employment of people with disability across the APS by 2025.",NA,"503",NA
"We will task Departmental Secretaries and Agency heads with reviewing their employment policies and the target will form part of their key performance indicators.",NA,"503",NA
"We will also task the APS Commissioner with developing a new APS Disability Employment Strategy for 2019-2025, including a review of current recruitment and assessment processes to ensure they are not creating barriers to employment for people with disability, especially those with an intellectual disability or autism.",NA,"503",NA
"A number of state and territory governments have implemented employment targets for people with disability within their public service - Victoria with a target of 6 per cent by 2020, Queensland an 8 per cent target by 2022, and NSW wanting to boost public service disability employment from 2.7 per cent to 5.6 per cent by 2027.",NA,"503",NA
"A re-elected Morrison Government would also call on all other state, territory and local governments to set ambitious targets for employing people with disability.",NA,"503",NA
"Supporting people with autism into employment",NA,"H",NA
"A re-elected Morrison Government will provide $2 million to support people with autism to find and keep a job, including a $1.5 million national expansion of the successful Dandelion Program in partnership with DXC Technology.",NA,"503",NA
"The Morrison Government recognises that autism is the highest represented disability in the NDIS at almost 30 per cent, and a growing number of people with autism will be leaving school in the next five to ten years.",NA,"503",NA
"These young people will need support to help their transition to the workplace.",NA,"503",NA
"Since 2014, DXC Technology has successfully delivered the DXC Dandelion Program, providing long term employment outcomes for approximately 100 people with autism in government and non-government workplaces.",NA,"503",NA
"To date, the Dandelion Program has achieved a retention rate of around 92 per cent.",NA,"503",NA
"This collaborative partnership will leverage DXC’s extensive experience in building careers for people on the autism spectrum – presenting the opportunity to extend this kind of program to the 164,000 Australians with autism.",NA,"503",NA
"As part of the partnership, a range of initiatives will be developed to support potential employers to integrate people with autism into the workforce and to become more disability confident and aware.",NA,"503",NA
"A re-elected Morrison Government will invest an additional $500,000 for initiatives to encourage employers to become autism-confident.",NA,"503",NA
"This will stimulate the widest possible take up of recruitment processes which are inclusive of people with autism and enable people with autism to work in an environment that accommodates their needs.",NA,"503",NA
"The Choice",NA,"H",NA
"The NDIS is one of the biggest social policy reforms in Australia’s history.",NA,"503",NA
"It is important that we get it right.",NA,"503",NA
"Unfortunately, Labor’s implementation of the NDIS was led more by political expediency than policy perfection.",NA,"503",NA
"A review of the NDIA’s capabilities released in early 2014 found that “The Agency is like a plane that took off before it had been fully built and is being completed while it is in the air.”",NA,"503",NA
"Labor has a dismal track record of implementation ambitious schemes - from home insulation schemes to its promise to ‘end the double drop-off’ which was disgracefully abandoned when a mere 38 of a promised 260 child care centres on school premises nationally had been built",NA,"503",NA
"If Labor wins government, it will likely do a poor job of implementing the continued roll out of the NDIS.",NA,"503",NA
"By building a strong economy and getting the budget back into balance, we have been able to fill the multibillion dollar funding gap left by the previous Labor Government without increasing taxes.",NA,"503",NA
"Cost",NA,"H",NA
"The Coalition will invest an additional $22 million for our Plan to Support People with Disability.",NA,"503",NA
"Our Plan for a Stronger Agriculture, Fisheries and Forestry Sector",NA,"H",NA
"Key Points",NA,"H",NA
"The Morrison Government has a plan to lift Agriculture, Fisheries and Forestry to a $100 billion industry by 2030.",NA,"703.1",NA
"The industry has a roadmap to do this – our policies will help get them there.",NA,"703.1",NA
"A $100 billion industry means many more jobs in our regional and rural communities.",NA,"703.1",NA
"Our plan to help the agriculture, fisheries and forestry sector reach its potential is focused on:Tackling barriers to growth and production.",NA,"703.1",NA
"Providing the water needed for growth and drought proofing.",NA,"703.1",NA
"Tackling intergenerational land transfer and encouraging new farmers.",NA,"703.1",NA
"Expanding exports and improving market access.",NA,"703.1",NA
"Getting the balance right for the fisheries and forestry industries.",NA,"703.1",NA
"There are challenges, but we’re addressing these too: pests and weeds, external biosecurity threats, external biosecurity threats, climate impacts,  changeable consumer preferences and international competition on research and development and commercialisation.",NA,"703.1",NA
"A re-elected Morrison Government will:Support farmers to buy their first farm and plan for intergenerational transfer with ‘AgriStarter’ concessional loans through the Regional Investment Corporation.",NA,"703.1",NA
"Establish the National Water Grid, a statutory authority responsible for national strategic planning and management of water policy and infrastructure.",NA,"703.1",NA
"Increase opportunities to sell Australian food and fibre overseas including expanding horticulture through a new 2030 protected horticulture strategy.",NA,"703.1",NA
"Continue to ensure the industry has the skilled workforce in needs through a National Agricultural Workforce Strategy and a new National Agricultural Labour Advisory Committee.",NA,"703.1",NA
"Support farm safety with a new National Farm Safety Education Fund.",NA,"703.1",NA
"Implement a Dairy Mandatory Code of Conduct and support more sophisticated contracting and milk marketing tools to increase price transparency.",NA,"703.1",NA
"Support the battle against pests and weeds in drought affected communities.",NA,"703.1",NA
"Deliver the Murray-Darling Basin Plan in full to give Basin Communities certainty – a triple bottom line approach that recognises the continued importance of agriculture in the Basin.",NA,"703.1",NA
"Deliver increased transparency and accountability in river management.",NA,"703.1",NA
"Commission the Australian Competition and Consumer Commission to undertake a review of southern Basin water markets.",NA,"703.1",NA
"Protect the right to farm with new laws targeting trespass and protecting farmers’ privacy.",NA,"703.1",NA
"Develop a National Fishing Plan built on close consultation with the sector to achieve a shared vision for the industry.",NA,"703.1",NA
"Develop a Commonwealth Fisheries Resource Sharing Framework based on comprehensive surveys and careful analysis.",NA,"703.1",NA
"Support better mental health for commercial fishers through a trial of a mental health trusted advocate network.",NA,"703.1",NA
"Support projects that improve the health of Australia’s marine and estuarine habitats.",NA,"703.1",NA
"Invest in building the capacity of recreational, Indigenous and commercial fisheries representatives.",NA,"703.1",NA
"Support new and upgraded recreational fishing and camping facilities, regional jobs and fishing safety through a new grant program for local councils.",NA,"703.1",NA
"Support the planting of 1 billion new plantation trees by developing special Plantation Development Concessional Loans under the Regional Investment Corporation.",NA,"703.1",NA
"Deliver 20-year rolling Regional Forestry Agreements with relevant states.",NA,"703.1",NA
"Bring forward the establishment of the Regional Forestry Hub in South West Slopes NSW as a pilot Hub.",NA,"703.1",NA
"Develop a farm forestry strategy.",NA,"703.1",NA
"Commission an inquiry into short-term timber supply chain constraints in the national plantation sector through the Standing Committee on Agriculture and Water Resources.",NA,"703.1",NA
"Labor risks it all.",NA,"305.1",NA
"Under Labor, farm production will be hit.",NA,"703.1",NA
"They have already promised to burden farmers with unnecessary and unprecedented new federal environmental regulations and raise the cost of doing business with additional taxes.",NA,"703.1",NA
"Labor's trade policy will make it next to impossible to grow our exports.",NA,"407",NA
"They want to meddle with the Free Trade Agreements our government has delivered.",NA,"407",NA
"Labor's trade policy will take us backwards.",NA,"407",NA
"Under Labor, there will be no growth in the forestry industry.",NA,"703.1",NA
"Not only do they plan to return to their failed Tasmanian Forestry Agreement, there are real concerns that Labor will abolish Regional Forest Agreements altogether and put forestry under the control of their proposed new Environment Protection Agency in Canberra.",NA,"703.1",NA
"Under Labor, Murray-Darling Basin communities will not have certainty.",NA,"703.1",NA
"Our Plan",NA,"H",NA
"Tackling barriers to growth and production",NA,"H",NA
"Increasing production by combating pests and weeds",NA,"H",NA
"Pests and weeds cost Australian farmers and graziers billions of dollars in production losses every year.",NA,"703.1",NA
"The Morrison Government has recognised that tackling the scourge of pests and weeds does not stop during times of drought.",NA,"703.1",NA
"Hardy weeds can dominate pastures and wild dogs can accentuate stock losses.",NA,"703.1",NA
"We have invested $15 million in the Communities Combating Pests and Weed Impacts During Drought Program to deliver 48 on-ground, direct action projects in Queensland, NSW, Victoria, South Australia, Tasmania and Western Australia.",NA,"703.1",NA
"With the drought continuing, a re-elected Morrison Government will provide an additional $10 million for a further round of funding under the program.",NA,"703.1",NA
"This will enable farmers and local communities to continue to fight feral pests and invasive weeds and boost agricultural productivity and growth",NA,"703.1",NA
"Labour challenges are impacting growth",NA,"H",NA
"The agricultural sector is facing a number of labour force challenges that are impacting growth and the social fabric of rural and regional communities.",NA,"703.1",NA
"Too many of our best and brightest kids leave our rural communities, never returning to practise their skills and professional interests.",NA,"703.1",NA
"Agricultural and STEM graduates are scarce and increasingly mobile, meaning hiring and retaining young talent is difficult.",NA,"703.1",NA
"Regionally based SMEs and large-scale, labour intensive enterprises are finding it increasingly difficult to source high-performing seasonal labour.",NA,"703.1",NA
"The Morrison Government has already introduced a suite of measures to help farmers access the workers they need.",NA,"703.1",NA
"We introduced targeted changes to the Seasonal Worker Program, the Pacific Labour Scheme and the Working Holiday Maker visa programs.",NA,"703.1",NA
"To further ensure a sustainable, highly-skilled workforce, in the 2019-20 Budget the Morrison Government committed $1.9 million to work with the industry to develop a National Agricultural Workforce Strategy.",NA,"703.1",NA
"The strategy will consider the role of agricultural education in meeting Australia’s current and future workforce needs and identify labour gaps across the agriculture, fisheries and aquaculture sectors as well as ways to attract, train and protect the workforce that is needed now and in the future.",NA,"703.1",NA
"To support this work, a re-elected Morrison Government will establish a National Agricultural Labour Advisory Committee.",NA,"703.1",NA
"The Committee will consider and advise the Government on farm labour and agricultural sector workforce challenges.",NA,"703.1",NA
"On the other hand, Labor will put access to workers at risk with prohibitive penalty rates and union domination of industry needs.",NA,"702",NA
"Labor will increase the difficulty, complexity and cost of developing appropriate visa types, robbing employers and employees of opportunity.",NA,"703.1",NA
"A fairer go for dairy farmers",NA,"H",NA
"The Liberal Nationals Government has stood behind our farmers – ensuring they get a fair price for their produce. In line with the Agricultural Competitiveness White Paper, we invested $11.4 million to boost Australian Competition and Consumer Commission (ACCC) engagement with the agriculture sector – including the establishment of a new Commissioner dedicated to agriculture.",NA,"703.1",NA
"Dairy is Australia’s third-largest agricultural industry with a value of $4.3 billion in 2017-18 and is the economic mainstay of many rural communities.",NA,"703.1",NA
"Yet dairy farmers around the country have been struggling.",NA,"703.1",NA
"In 2017, the Liberal Nationals Government asked the ACCC to examine the performance and structural problems within the dairy sector.",NA,"703.1",NA
"The Commission found significant power imbalances at each point along the supply chain, with dairy farmers the worst hit.",NA,"703.1",NA
"Farm gate prices for milk are eroding incentives for production and re-investment in an important domestic and export industry.",NA,"703.1",NA
"The ACCC recommended the establishment of a mandatory code of conduct, which, after extensive consultation with farmers and processors, the Morrison Government will activate from 2020 – the 2019-20 Budget provided $8.7 million for implementation. Drafting of regulations to give effect to the code has begun.",NA,"703.1",NA
"Current milk marketing follows a century-old model burdened with hidden pricing, constraints over growers’ sales in favour of local processors and no hedging or options tools.",NA,"703.1",NA
"A re-elected Morrison Government will, through Australian Dairy Farmers, engage the Australian Milk Price Initiative (AMPI) to design new milk pricing and marketing concepts for the dairy sector.",NA,"703.1",NA
"This will give dairy farmers better leverage, more transparency from the supply chain and more choices on how and when they price their milk.",NA,"703.1",NA
"National Farm Safety Education Fund",NA,"H",NA
"One in five workplace fatalities happen on the farm.",NA,"703.1",NA
"From January to September 2018, there were 49 reports of on-farm deaths with tractors, utilities, quads and motorbikes most often implicated.",NA,"703.1",NA
"The same period saw 120 non-fatal on-farm injury events, 16 of them involving children under 15.",NA,"703.1",NA
"Quad bikes and motorbikes accounted for around a third of all incidents.",NA,"703.1",NA
"A re-elected Morrison Government will seek to turn these statistics around.",NA,"703.1",NA
"A $3.5 million National Farm Safety Education Fund will be established to support activities that address on-farm safety issues including:Increasing peer-to-peer activities that promote farm safety measures.",NA,"703.1",NA
"Developing and/or updating resources to support on-farm learning and awareness of farm safety.",NA,"703.1",NA
"Campaigns specifically targeted for and to children including farm dam, farm machinery and quad bike safety.",NA,"703.1",NA
"Support for the annual Farm Safety Week.",NA,"703.1",NA
"Farmsafe Australia (which is supported by farm organisation members) is expected to be a major beneficiary of the Fund.",NA,"703.1",NA
"Farmsafe’s mission is to drive efforts to enhance the well-being and productivity of Australian agriculture through improved health and safety awareness and practices.",NA,"703.1",NA
"Providing the water needed for growth and drought proofing",NA,"H",NA
"National Water Grid",NA,"H",NA
"We need the states to work more closely with the Australian Government to better capture and store water – as well as protect our communities from devastating flood.",NA,"703.1",NA
"A re-elected Morrison Government will establish the National Water Grid – a statutory authority responsible for the strategic planning and project management of water policy and water infrastructure across the nation.",NA,"703.1",NA
"The National Water Grid will:Bring together the world’s best scientists to remove the politics from the allocation, capture and storage of water – ensuring decisions are based on the best available science.",NA,"703.1",NA
"Develop a pipeline of all established and future water infrastructure projects and then identify the missing links.",NA,"703.1",NA
"Use the best science to examine how large-scale water diversion projects could be established to deliver reliable and cost-effective water to farmers and regional communities.",NA,"703.1",NA
"A re-elected Morrison Government will also:Seek agreement from states and territories to co-invest in the project through COAG.",NA,"703.1",NA
"Invest an initial $100 million to better understand water resources and kick-start investigation and delivery of water diversion projects.",NA,"703.1",NA
"Amend the Operating Mandate for the Regional Investment Corporation to allow local Governments and the private sector to access water infrastructure loan funding.",NA,"703.1",NA
"Deliver the Murray-Darling Basin Plan for a healthy river system",NA,"H",NA
"The Liberal and Nationals Government is committed to a Basin Plan that delivers certainty to farmers, communities and the environment.",NA,"703.1",NA
"The drought and historic low inflows in Murray Darling Basin rivers over the past twelve months have placed stress on the river and the communities that rely on it.",NA,"703.1",NA
"Communities should expect transparency in river management, water markets and Basin Plan delivery.",NA,"703.1",NA
"A re-elected Morrison Government will:Request the Australian Competition and Consumer Commission to undertake a review of the southern Basin water market and its operation since 2012.",NA,"703.1",NA
"Unlike Labor, we are committed to the social and economic criteria that will govern how the additional 450 GL in water for the environment will be recovered – and the 1500 GL cap on buybacks.",NA,"703.1",NA
"Tackling intergenerational land transfer and encouraging new farmers",NA,"H",NA
"Our Government believes in a fair go for farming families.",NA,"703.1",NA
"To realise a $100 billion industry by 2030 we must nurture and foster our next generation of farmers, graziers and agricultural producers.",NA,"703.1",NA
"We know there are many young people crying out to own their own farm but with little to no means to do so.",NA,"703.1",NA
"Most Australians appreciate the challenge faced by young Australians wishing to buy their first home but it is even harder for new and young farmers seeking their first farm.",NA,"703.1",NA
"A productive farming operation that provides a steady income can be priced at millions of dollars.",NA,"703.1",NA
"For young farmers, the level of equity and deposit required is daunting.",NA,"703.1",NA
"Basic stock and equipment is a further cost.",NA,"703.1",NA
"It can become even more complicated when intergenerational transfer is involved, which is increasingly the case with an ageing farmer population.",NA,"703.1",NA
"In Europe, the UK and Canada, governments have acknowledged the problem and found innovative ways to deal with it.",NA,"703.1",NA
"It’s time we did the same.",NA,"703.1",NA
"The Morrison Government has extended the mandate of the Regional Investment Corporation (RIC) to create a new loan product to assist new entrants.",NA,"703.1",NA
"‘AgriStarter’ concessional loans of up to $2 million to new farmers will help them purchase a majority share or total share of a farm.",NA,"703.1",NA
"Many of Australia’s older farmers would like to transfer their farm but haven’t got the capacity to simply gift it to the next generation, or someone else.",NA,"703.1",NA
"The loan means families will be able to discuss succession, plan for the future and new entrants to farming will get the start they need.",NA,"703.1",NA
"Expanding exports and improving market access",NA,"H",NA
"Improving and growing export markets is critical for the sector to reach a $100 billion value by 2030.",NA,"703.1",NA
"Australian farmers produce almost 93 percent of our daily domestic food supply.",NA,"703.1",NA
"Each farmer produces enough food to feed 600 people, 150 at home and 450 overseas.",NA,"703.1",NA
"About 70 per cent of what we produce is exported.",NA,"703.1",NA
"Through our trade agenda and the delivery of trade agreements, tariffs are coming down, making our agricultural exports more competitive.",NA,"703.1",NA
"A re-elected Morrison Government will prioritise the conclusion of a free trade agreement with the European Union, the implementation of the India Economic Strategy and the expansion of the Trans Pacific Partnership.",NA,"703.1",NA
"Other market-opening opportunities include a free trade deal with the United Kingdom and a trade agreement with the four-nation Pacific Alliance.",NA,"703.1",NA
"The 2019-20 Budget provided an additional $60 million for Export Market Development Grants to allow small and medium businesses to capitalise on international opportunities.",NA,"703.1",NA
"It provided an additional $29.4 million investment to back Australia’s agricultural export trade.",NA,"703.1",NA
"By contrast, Labor has a poor record delivering trade and market access for our agricultural produce.",NA,"703.1",NA
"Labor will be driven by the unions to reduce trade in betrayal of the sector, workers and jobs.",NA,"702",NA
"The alarm bells have already sounded, with the unions – which run the Labor Party – pressuring Bill Shorten to rip up our latest agreement with Indonesia.",NA,"702",NA
"$11.4 million to accelerate horticulture market access",NA,"H",NA
"Horticulture will strongly contribute to the $100 billion target.",NA,"703.1",NA
"Horticulture exports have doubled in value since 2010-11 and are projected to be valued at $3 billion in 2018-19.",NA,"703.1",NA
"The Gross Value of Production (GVP) of horticulture is estimated at almost $10.7 billion, with around 73,000 employees across the sector in 2017-18.",NA,"703.1",NA
"By 2022-23 the GVP is forecast to be $13.6 billion.",NA,"703.1",NA
"The Morrison Government is investing a further $11.4 million over four years to work on the next tranche of horticulture market priorities.",NA,"703.1",NA
"Market access was recently achieved for walnuts to India and the nut sector has identified significant opportunities in Latin America.",NA,"703.1",NA
"Our investment has also brought phytosanitary pathways to market.",NA,"703.1",NA
"There are now opportunities to diversify markets in Asia, India, the Middle East and Latin America.",NA,"703.1",NA
"Maintaining and improving existing market access is critical.",NA,"703.1",NA
"For example, the transition of Vietnam to a regulated market in 2015 required the development of more than 30 technical submissions for a range of commodities.",NA,"703.1",NA
"$5.1 million to tackle non-tariff measures",NA,"H",NA
"Trade agreements are progressively reducing import tariffs and as a result, global agricultural trade has grown.",NA,"703.1",NA
"However, the use of non-tariff measures (NTMs) has also grown and this is impacting on our exports: 245 NTMs cost the red meat industry $3.4 billion a year across 41 markets.",NA,"703.1",NA
"Most NTMs (such as health and safety certification or biosecurity compliance) are justified as they provide assurances, but inefficient and overly-costly requirements can have a profound effect.",NA,"703.1",NA
"The Morrison Government is investing $5.1 million over four years and $2.4 million each subsequent year on a program to help Australian export industries tackle NTMs.",NA,"703.1",NA
"The work will assess the nature and impact of NTMs and develop strategies and commercial approaches for their reduction or removal",NA,"703.1",NA
"$6.8 million to expand the Agricultural Trade and Market Access Cooperation program",NA,"H",NA
"The Agricultural Trade and Market Access Cooperation (ATMAC) program has delivered real market access gains for Australian farmers and exporters.",NA,"703.1",NA
"For example, technical collaboration between the Australian Livestock Export Council and China on Bluetongue virus will provide positive outcomes for both countries in the trade of Australian live ruminants and generic material.",NA,"703.1",NA
"The Morrison Government is investing $6.8 million in the ATMAC program for a further four years – to keep our export markets moving.",NA,"703.1",NA
"$6.1 million to extend the Package Assisting Small Exporters program",NA,"H",NA
"In 2013, the Liberal Nationals Government established the Package Assisting Small Exporters (PASE), a grant program to improve market access for small exporters.",NA,"703.1",NA
"A $6.1 million investment will extend the program for four years.",NA,"703.1",NA
"With small businesses often finding it difficult to navigate exporting, PASE has funded 54 projects across a number of industries.",NA,"703.1",NA
"For example, the Primal Foods Group created an online portal – Farmgate Exchange – as a single point of contact for grain trade between smaller Australian growers and international buyers.",NA,"703.1",NA
"The portal will help growers to market grain from their own silos directly to buyers around the world, delivering better access and prices.",NA,"703.1",NA
"The Morrison Government will also continue to work with the United States to ensure Australian fishers are meeting the new requirements for importers under the US Marine Mammal Protection Act and are not locked out of the market.",NA,"703.1",NA
"2030 Protected Horticulture Strategy",NA,"H",NA
"A re-elected Morrison Government, along with industry and Horticulture Innovation Australia, will progress a 2030 vision for protected horticulture in Australia. Protected cropping (whether high-tech enclosed systems or poly tunnel) is a leading tool to increase food production: reducing risks from temperature extremes, pests and bugs and water availability.",NA,"703.1",NA
"The Liberal Nationals Government has invested $4.3 million in the National Vegetable Protected Cropping Centre, a state-of-the-art greenhouse facility for research, education and training.",NA,"703.1",NA
"We will build on this and provide national leadership to develop a 2030 Protected Horticulture Strategy.",NA,"703.1",NA
"The Strategy will ensure the sustainable expansion of protected cropping in Australia and coordination of industry, governments and other research and development organisations.",NA,"703.1",NA
"Fisheries international engagement",NA,"H",NA
"Australia participates in a number of internationally-shared fisheries with migratory stocks like tuna and straddling stocks such as orange roughy.",NA,"703.1",NA
"The Liberal Nationals Government has focused on the sustainability of fisheries we share with other nations, and ensuring ongoing access for our industry.",NA,"703.1",NA
"We actively support Australia’s critical work in Regional Fisheries Management Organisations and other similar international forums.",NA,"703.1",NA
"The Morrison Government is committed to building the capacity of our close neighbours to effectively manage their fisheries and ensure compliance with fisheries management rules.",NA,"703.1",NA
"Capacity building helps ensure these countries protect the sustainability of shared stocks by adequately controlling their catch and combatting Illegal Unreported and Unregulated (IUU) fishing.",NA,"703.1",NA
"Our international collaboration efforts have led to significant reductions in IUU fishing, particularly in the southern ocean with Patagonian toothfish.",NA,"703.1",NA
"A re-elected Morrison Government is committed to ongoing funding for our government agencies at the forefront of international fishing forums.",NA,"703.1",NA
"Getting the balance right for the fisheries and forestry industries",NA,"H",NA
"The right planning",NA,"H",NA
"Working with commercial, recreational, Indigenous and aquaculture fisheries, the Morrison Government will develop a new sector blueprint.",NA,"703.1",NA
"We will leverage the strong cross-sectoral nature of the first National Fisheries Advisory Council, established in 2018, to develop Australia’s first National Fisheries Plan.",NA,"703.1",NA
"Different jurisdictional approaches to fisheries policy and management are impacting the industry. The plan will develop a strategy for achieving the shared visions of the sector, seeking to harmonise:Resource sharing methodology.",NA,"703.1",NA
"The way Indigenous interests are captured in legislation.",NA,"703.1",NA
"Harvest strategy methodology.",NA,"703.1",NA
"Aquaculture management.",NA,"703.1",NA
"Commonwealth Fisheries Resource Sharing Framework",NA,"H",NA
"All fisheries sectors are concerned about ongoing access to resources.",NA,"703.1",NA
"Only the Morrison Government is committed to ensuring fair and equitable sharing of fisheries.",NA,"703.1",NA
"In partnership with the sector we will develop a Commonwealth Fisheries Resource Sharing Framework.",NA,"703.1",NA
"The Framework will outline the rules for sharing resources across the fisheries sectors and between the Commonwealth and other Australian jurisdictions.",NA,"703.1",NA
"To share a resource, you must first know how large it is, how much can be sustainably harvested and the current level of extraction.",NA,"703.1",NA
"For that reason we have invested heavily in stock assessments and catch recording.",NA,"703.1",NA
"Once we have a complete picture, we will move forward with refined stock assessments and formal resource sharing arrangements.",NA,"703.1",NA
"The Morrison Government has also launched a national recreational fishing survey to gather economic and social data: we are working with the states and the Northern Territory to align recreational catch surveys wherever possible.",NA,"703.1",NA
"This data will again inform sustainability and resource sharing assessments.",NA,"703.1",NA
"We will continue the Southern Bluefin Tuna recreational catch survey as a basis for ongoing discussions about sustainable harvesting and resource sharing for this iconic species.",NA,"703.1",NA
"Removing red tape for the fisheries sector",NA,"H",NA
"The Liberal Nationals Government has a track record of simplifying cross-jurisdictional fisheries management to increase efficiency.",NA,"703.1",NA
"Most Australian fisheries are managed by the states, the Northern Territory or the Commonwealth – depending on location.",NA,"703.1",NA
"In some cases, management is shared under Offshore Constitutional Settlement (OCS) arrangements.",NA,"703.1",NA
"Our Government has worked hard with the states and the Northern Territory to minimise the regulatory burden under some OCS arrangements, negotiating responsibility back to single jurisdictions where appropriate.",NA,"703.1",NA
"For example, we successfully transitioned the Western Australian Southern Demersal Gillnet and Longline Fishery to single jurisdiction management in 2018.",NA,"703.1",NA
"The Morrison Government is committed to continuing to implement simpler fisheries management.",NA,"703.1",NA
"We will work with Queensland and the Northern Territory to move a number of fisheries away from joint management to single jurisdiction.",NA,"703.1",NA
"Fisheries habitat restoration",NA,"H",NA
"A re-elected Morrison Government will work with fishing clubs to restore marine and estuarine habitats through an $8 million investment.",NA,"703.1",NA
"The health of many fisheries and fish stocks depends on the health and proper functioning of our estuaries, which provide critical nursery habitats.",NA,"703.1",NA
"This funding will build on the work being undertaken by OceanWatch.",NA,"703.1",NA
"OceanWatch is working in partnership with the Australian seafood industry, federal and state governments, natural resource managers, private enterprise and local communities on habitat restoration.",NA,"703.1",NA
"Capacity building for fisheries representatives",NA,"H",NA
"The Morrison Government is ensuring that all relevant fisheries sectors are included in decision-making through an extension of objectives in the Fisheries Administration Act 1999.",NA,"703.1",NA
"Changes to the Act mean the Australian Fisheries Management Authority (AFMA) must now ensure the interests of recreational and Indigenous fishers (along with commercial fishers) are considered in fisheries management decisions.",NA,"703.1",NA
"The Liberal Nationals Government also established the National Fishing Advisory Council (NFAC) to ensure each sector is heard in the development and refinement of Commonwealth fisheries policies.",NA,"703.1",NA
"As well, the industry has highlighted the need to ensure representatives are appropriately skilled and knowledgeable.",NA,"703.1",NA
"A re-elected Morrison Government will invest $400,000 in building the representative capacity of the sector by delivering a well-developed understanding of the regulatory, scientific and economic drivers of fisheries management.",NA,"703.1",NA
"The funding will target training for commercial, recreational and Indigenous representatives on relevant Commonwealth and national fisheries advisory bodies and committees.",NA,"703.1",NA
"Mental health support for commercial fishers",NA,"H",NA
"The Morrison Government acknowledges recent work of the Fisheries Research and Development Corporation that highlighted the levels of psychological distress among fishers.",NA,"703.1",NA
"Studies have shown a range of factors including chronic job insecurity has led to poor levels of mental health and high rates of suicide among Australian commercial fishers.",NA,"703.1",NA
"A re-elected Morrison Government will invest $600,000 over two years to support a trial of a mental health trusted advocate program for the fisheries sector.",NA,"703.1",NA
"Up to 10 advocates will be established in eight communities across the country.",NA,"703.1",NA
"Advocates will be supported with training in mental health first aid or counselling to assist them in their role.",NA,"703.1",NA
"This will provide soft entry points to mental health services to reduce barriers and stigma.",NA,"703.1",NA
"They will be the linkage between fishers and the wider mental health support network.",NA,"703.1",NA
"Funding is through an extension of the National Suicide Prevention Leadership and Support Program.",NA,"703.1",NA
"Recreational fishing and camping facilities",NA,"H",NA
"Around one in five Australians are recreational fishers, enjoying a healthy outdoor leisure activity.",NA,"703.1",NA
"A re-elected Morrison Government will invest $20 million for local councils to improve, maintain or build new boating, marine rescue, fishing and camping facilities.",NA,"703.1",NA
"Through the new Fishing and Camping Program, Australians and overseas tourists will get better and more amenities to explore our vast coastline.",NA,"703.1",NA
"Studies have found a significant economic benefit from recreational fishing for Australia’s fishing towns – coastal, lake and river.",NA,"703.1",NA
"New and improved facilities will encourage tourism, bringing jobs and economic growth.",NA,"703.1",NA
"Fixing old and damaged facilities will also increase safety for our recreational fishers.",NA,"703.1",NA
"Councils will be able to apply for funding for a range of projects including for new or improved boat ramps, marine rescue facilities, toilet blocks and fish cleaning and camping facilities",NA,"703.1",NA
"Plantation Development Concessional Loans",NA,"H",NA
"A re-elected Morrison Government will support the delivery of 1 billion new plantation trees through a new concessional loan product under the Regional Investment Corporation (RIC).",NA,"703.1",NA
"The support is expected to encourage foreign and domestic investment in this slow-growing, long-term and sustainable crop at a time when demand is increasing and the domestic resource is stagnating.",NA,"703.1",NA
"Without Government support for the purchase of the land (the largest cost), there will continue to be little increase in Australia’s total plantation estate.",NA,"703.1",NA
"It’s anticipated that a $500 million new capital investment could result in up to 150,000 hectares of new plantations – vital to meeting future demand for forest products.",NA,"703.1",NA
"Loans will be prioritised for new plantation development that delivers a sustainable resource and over time will support the growth of regional economies and communities.",NA,"703.1",NA
"Implementing the $20 million National Forest Industries Plan",NA,"H",NA
"Our Government’s new $20 million National Forest Industries Plan is set to turbocharge Australia’s renewable timber and wood fibre industry.",NA,"703.1",NA
"It’s crucial to the industry’s aspirational goal of tripling economic value by 2050.",NA,"703.1",NA
"The Morrison Government will deliver the plan in full.",NA,"703.1",NA
"We will work with industry, governments and communities to deliver pilot Regional Forestry Hubs.",NA,"703.1",NA
"The Hubs will add value to existing and new forest resources.",NA,"703.1",NA
"They will seek new processing opportunities and analyse inefficiencies, limitations or constraints to growth within the forest industries in each region.",NA,"703.1",NA
"The Hubs underway are in South West Western Australia, North/North West Tasmania, North East NSW and the Green Triangle region.",NA,"703.1",NA
"A re-elected Morrison Government will bring forward the establishment of the South West Slopes of NSW Hub as one of the pilots.",NA,"703.1",NA
"After the pilots, we will install Hubs in four more regions: Gippsland in Victoria, Central West NSW, South East Queensland and North Queensland.",NA,"703.1",NA
"We will continue discussions with other regions identified by industry as locations for further Hubs.",NA,"703.1",NA
"These areas have been selected because of their competitive advantages in forestry – including transport and processing infrastructure as well as a skilled forestry workforce.",NA,"703.1",NA
"Importantly, we recognise the opportunity provided to interested Indigenous landholders from unlocking potential timber supply through sustainable harvesting.",NA,"703.1",NA
"We will work with them to deliver a new stream of returns to Indigenous communities.",NA,"607.3",NA
"Farm forestry has the potential to provide additional revenue from timber and carbon storage.",NA,"703.1",NA
"Other benefits include bundling forestry and landscape services, supporting animal husbandry and lowering erosion and water evaporation.",NA,"703.1",NA
"A re-elected Morrison Government will work with industry and farming groups to develop a Farm Forestry Strategy.",NA,"703.1",NA
"The aim is to transform farm forestry as a commercial, timber-supplying enterprise by investigating aggregation tools, data needs, mapping and business models and navigating the challenges of changing land use.",NA,"703.1",NA
"Regional Forestry Agreements",NA,"H",NA
"The Morrison Government is backing in our native forestry sector.",NA,"703.1",NA
"The forest products industry (native and plantation) is vital to our regional communities.",NA,"703.1",NA
"Regional Forestry Agreements (RFAs) are the best mechanism for balancing environmental, economic and social demands on our native forests and giving the industry confidence for the future.",NA,"703.1",NA
"Without the RFAs, the native timber industry would effectively shut down with widespread job losses.",NA,"703.1",NA
"Australia’s native forests are sustainably managed – only 0.06 per cent are harvested annually and then regenerated.",NA,"703.1",NA
"Nationally, more than 4 million hectares of forests have been protected since the RFAs were signed.",NA,"703.1",NA
"A re-elected Morrison Government will continue delivering 20-year extensions to RFAs until all are completed.",NA,"703.1",NA
"To bring further confidence to these Agreements, the Morrison Government will publicly report on the management of native forests in the RFA regions every five years.",NA,"703.1",NA
"Maintaining strong laws against illegal logging",NA,"H",NA
"On 16 January 2019, the report of the ‘Statutory review of the Illegal Logging Prohibition Act 2012’ was tabled in Parliament.",NA,"703.1",NA
"The review examined the first five years of Australia’s illegal logging laws.",NA,"703.1",NA
"A re-elected Morrison Government will continue its strong stance against illegal logging.",NA,"703.1",NA
"The Forest Industry Advisory Council (FIAC) will consider the findings of the review and will provide advice on any strengthening of the laws while not increasing regulatory burden.",NA,"703.1",NA
"Our Government will act on this advice.",NA,"703.1",NA
"Inquiry into short-term timber supply chain constraints",NA,"H",NA
"The Morrison Government supports the industry, but with the long growing time for trees we need to assess any resource access or supply chain constraints in the short term.",NA,"703.1",NA
"A re-elected Morrison Government will ask the Standing Committee on Agriculture and Water Resources to conduct an inquiry into short-term timber supply chain constraints in the national plantation sector.",NA,"703.1",NA
"The Liberal Nationals Government has a strong track record of delivering for agriculture.",NA,"703.1",NA
"Since we came to office the value of total production is up 25 per cent and the value of agricultural exports is up 29 per cent.",NA,"703.1",NA
"We have given farmers the tools to capitalise when times are good – and the help they need when times are tough.",NA,"703.1",NA
"Support through tough times",NA,"H",NA
"We have supported our farmers through the toughest of times – drought, floods and market downturns.",NA,"703.1",NA
"Dealing with the drought and preparing for future droughts has been a top priority, with $6.3 billion of support to farmers and rural communities outlined in our Plan for Supporting Farmers in Drought.",NA,"703.1",NA
"The tragedy of the floods in northern Queensland in early 2019 reminded us that Australian farmers are at the mercy of weather.",NA,"703.1",NA
"Hundreds of thousands of livestock were destroyed.",NA,"703.1",NA
"The Morrison Government acted swiftly by developing a $3.3 billion package to support the rebuilding of agriculture in the flood-hit zones.",NA,"703.1",NA
"A new executive agency, the North Queensland Livestock Industry Recovery Agency, was established to deliver the package that includes:$300 million for two grants programs to support restocking/replanting and to rebuild on-farm infrastructure.",NA,"703.1",NA
"$1.75 billion in loans to banks to support interest rate relief for existing and new business loans.",NA,"703.1",NA
"$1 billion of concessional loans through the Regional Investment Corporation for restocking and for debt refinancing.",NA,"703.1",NA
"These measures have helped in the immediate response.",NA,"703.1",NA
"But rebuilding will take months and years and our Government’s support will be there for the long haul.",NA,"703.1",NA
"The North Queensland Livestock Industry Recovery Agency’s long-term plan expected in the coming months will set this out.",NA,"703.1",NA
"Protecting farmers from extreme activists",NA,"H",NA
"The Morrison Government is about choice – farmers’ choice to grow and process animals, fish, fruit and vegetables and choice for consumers.",NA,"703.1",NA
"We have taken action to protect Australian farmers’ right to farm animals without fear or intimidation.",NA,"703.1",NA
"Our Government has brought the Aussie Farms website under the Privacy Act, exposing it to potential penalties of more than $400,000 for breaches.",NA,"703.1",NA
"This action means that Aussie Farms is prescribed as an organisation under the Act.",NA,"703.1",NA
"We will legislate to make it an offence to use a carriage service, such as the internet, to disclose personal information to incite trespass on agricultural land where that could cause commercial detriment.",NA,"703.1",NA
"We will pass new laws to ensure that what Aussie Farms is doing is illegal and punishable by up to 12 months jail.",NA,"703.1",NA
"Exemptions will apply for bona-fide journalists and whistle-blowers, where the release of information shows a law being broken such as animal cruelty.",NA,"703.1",NA
"Taking farms to kids and kids to farms",NA,"H",NA
"A 2011 study by Primary Industry Education Foundation Australia found that 75 per cent of primary and secondary school students think that cotton socks are made from animal products.",NA,"703.1",NA
"Forty-five per cent don’t think that bread, bananas and cheese come from farmed product and 40 per cent believe that farming damages the environment.",NA,"703.1",NA
"The Morrison Government is committed to changing attitudes to farming and addressing the gap in kids' understanding of food and fibre sources.",NA,"703.1",NA
"We have committed $10 million for two new programs – taking kids to farms and other primary production worksites, and establishing mini-farms in up to 80 city-based schools.",NA,"703.1",NA
"Further details are outlined in the Morrison Government’s Plan to Showcase Agriculture: Our Heritage. Our Future.",NA,NA,NA
"Showcasing agriculture",NA,"H",NA
"Agricultural shows are an integral part of Australian culture.",NA,"703.1",NA
"They play an important role in country life, highlighting the local strengths and bringing communities together.",NA,"703.1",NA
"This is particularly important when our regional communities are tested with extended droughts and other extreme weather events.",NA,"703.1",NA
"The Morrison Government will establish a $20 million Regional Agricultural Show Development Grants Program.",NA,"703.1",NA
"Grants will be available for regional agricultural show societies that run annual shows to upgrade and maintain existing infrastructure and build new facilities.",NA,"703.1",NA
"Further details are outlined in the Morrison Government’s Plan to Showcase Agriculture: Our Heritage. Our Future.",NA,NA,NA
"Opening markets",NA,"H",NA
"To grow the agriculture, fisheries and forestry sector we need access to more markets – and better access to existing markets.",NA,"703.1",NA
"Our track record speaks for itself.",NA,"703.1",NA
"Agriculture, fisheries and forestry contributed more than $53 billion in export earnings in 2017-18, up by over $14 billion from 2011/12 when Labor was in office.",NA,"703.1",NA
"In just six years the Liberal Nationals Government has concluded export agreements with China, Japan, Korea, the 10 economies of the Trans-Pacific Partnership, the countries of the Pacific Agreement on Closer Economic Relations, as well as Indonesia, Peru and Hong Kong.",NA,"703.1",NA
"Our Free Trade Agreements have delivered.",NA,"703.1",NA
"Australia’s agricultural exports to Korea are growing: for example, orange exports were worth $4.6 million in 2017-18, a 59 per cent increase from $2.9 million in 2016-17.",NA,"703.1",NA
"There have been six rounds of tariff cuts under the Japan Australia Economic Partnership Agreement that came into force on 15 January 2015, with the most recent occurring on 1 April 2019.",NA,"703.1",NA
"And we have doubled our overseas Agriculture Counsellor network to expand our ability to access markets.",NA,"703.1",NA
"The Liberal Nationals Government has achieved 107 key technical market access gains, along with 94 key market improvements since January 2016.",NA,"703.1",NA
"For example, cherries to Vietnam and extending shelf-life for vacuum-packaged Australian beef and sheep meat to the UAE.",NA,"703.1",NA
"Protecting our pest and disease free status",NA,"H",NA
"Our pest and disease free status underpins our international reputation and export trade.",NA,"703.1",NA
"The Liberal Nationals Government injected an additional $313 million to build a smarter and stronger biosecurity system to further protect us against unwanted pests, weeds and diseases.",NA,"703.1",NA
"And we strengthened our border protection against pests, weeds and diseases by delivering a new Intergovernmental Agreement on Biosecurity with state and territory governments.",NA,"703.1",NA
"At home, we have invested $208.3 million in a range of initiatives to reduce the impact of established pests, animals and weeds on farmers, land managers, the community and the environment. This has already reduced stock losses from wild dogs and improved ground cover and fodder.",NA,"703.1",NA
"As well, our Government is investing $16.9 million to build a strong and effective fruit fly management system.",NA,"703.1",NA
"This includes $7.8 million to implement a national fruit fly research, development and extension program to modernise Australia’s fruit fly management techniques.",NA,"703.1",NA
"Profiling the importance of bees to agriculture",NA,"H",NA
"Pollinating bees are critical to ensuring the plants we grow produce the food we eat and the fibre we wear.",NA,"703.1",NA
"Without bees, two-thirds of Australian agricultural production would be at risk.",NA,"703.1",NA
"The Morrison Government will invest $1.5 million to promote the role of bees and their impact on the entire food chain.",NA,"703.1",NA
"The effort, targeting all aspects of agricultural production, will help protect our pollinators and reducing their decline. AgriFutures Australia will coordinate, working closely with apiarist organisations.",NA,"703.1",NA
"We have also invested $1.65 million in a honey bee genetic improvement program.",NA,"703.1",NA
"This project could create gains of $41 million in honey production over 25 years.",NA,"703.1",NA
"Unlocking investment",NA,"H",NA
"We have invested in our farmers by establishing the $4 billion Regional Investment Corporation to provide a range of loan products including:Farm investment loans to improve long-term strength, resilience and profitability, diversify markets, refinance existing debt and to prepare for, manage, or recover from, drought.",NA,"703.1",NA
"Drought loans to prepare farm businesses for drought, manage and recover from the effects of drought or to refinance existing debt.",NA,"703.1",NA
"Water infrastructure loans to accelerate construction of major projects, build sustainable water security and provide affordable water.",NA,"703.1",NA
"Historic investment in water infrastructure",NA,"H",NA
"The Liberal Nationals Government is unlocking the potential of regional Australia with a record $3 billion investment in water infrastructure.",NA,"703.1",NA
"We will work with state and territory governments to fast-track projects that will deliver greater water security for rural communities, increase jobs and support new and expanded agriculture.",NA,"703.1",NA
"Since coming to Government, we have co-invested in water infrastructure projects with state and territory governments including:$190 million for the Myalup-Wellington Pipeline in Western Australia.",NA,"703.1",NA
"$176 million to construct Rookwood Weir in Central Queensland.",NA,"703.1",NA
"$45.6 million for the Northern Adelaide Irrigation Scheme in South Australia.",NA,"703.1",NA
"$30 million for the Macalister Irrigation Scheme in North East Victoria.",NA,"703.1",NA
"$25.27 million for the Scottsdale Irrigation Scheme in Tasmania.",NA,"703.1",NA
"We also understand it is not just about large-scale infrastructure projects.",NA,"703.1",NA
"That’s why the Liberal Nationals Government is backing our farmers through the $50 million On-Farm Emergency Water Infrastructure Rebate Scheme.",NA,"703.1",NA
"The scheme is helping livestock producers in drought-affected areas to provide additional watering points and to desilt their dams.",NA,"703.1",NA
"All primary producers are also able to benefit from the Government’s instant depreciation of $25,000 for on-farm water investments.",NA,"703.1",NA
"This will rise to $30,000 for small businesses with a turnover of less than $50 million.",NA,"703.1",NA
"Securing the future of the Great Artesian Basin",NA,"H",NA
"We have ensured the long-term future of the Great Artesian Basin – a critical resource for communities in South Australia, New South Wales, Queensland and the Northern Territory – particularly in times of drought.",NA,"703.1",NA
"We have committed $36.9 million over six years to the next phase of the GAB Sustainability Initiative, building on our $8 million funding under the Interim Great Artesian Basin Infrastructure Investment Program.",NA,"703.1",NA
"We have also invested $6.5 million towards ensuring governments have a much better understanding of the Great Artesian Basin, with Geoscience undertaking a Great Artesian Basin Water Balance Assessment.",NA,"703.1",NA
"Delivering for the Murray-Darling Basin and its communities",NA,"H",NA
"The Murray-Darling Basin is the largest and most complex river system in Australia and accounts for more than $22 billion worth of food and fibre every year.",NA,"703.1",NA
"The river system and surrounding environment form the heart of Basin communities.",NA,"703.1",NA
"That’s why decisions on the basin must deliver a true triple bottom line with economic, social and environmental outcomes.",NA,"703.1",NA
"We need to ensure that a healthy river system underpins community prosperity well into the future.",NA,"703.1",NA
"We are on track to deliver the Basin Plan – in full without needing to adjust the buyback cap.",NA,"703.1",NA
"We have invested more than $2.5 billion since 2013 to recover 616GL of water and deliver it back to the environment – with $2.25 billion of that through infrastructure modernisation and efficiency improvements and only $29 million in open water buybacks, compared to Labor’s $2.1 billion in buybacks.",NA,"703.1",NA
"We are investing more than $136.2 million to enhance the Murray Darling Basin Authority’s compliance and enforcement capability, implement measures to protect low flows in the Barwon-Darling, improve connectivity between rivers and support fish recovery.",NA,"703.1",NA
"We are investing $40 million to support cultural and economic water for the Basin’s Indigenous communities – creating opportunities for them to secure real economic benefits.",NA,"703.1",NA
"We are investing $25 million to strengthen the economic and social resilience of 15 Basin communities through the Murray Darling Basin Economic Development Program.",NA,"703.1",NA
"We have introduced legislation to ensure an Indigenous member on the Murray Darling Basin Authority.",NA,"703.1",NA
"We have delivered key amendments to the Basin Plan that will deliver environmental benefits at a much lower social and economic cost for Basin communities.",NA,"703.1",NA
"We are investing $5 million in a Basin-wide Native Fish Management and Recovery Strategy. We’ve also provided an additional $3 million to the CSIRO for ecosystem research.",NA,"703.1",NA
"We have announced an independent panel to undertake a broad-ranging assessment of the social and economic conditions in irrigation communities across the Murray-Darling Basin.",NA,"703.1",NA
"Supporting our land stewards",NA,"H",NA
"Our Government invested $1.1 billion in the next phase of the National Landcare Program and continued our proud record of delivering long-term benefits to our farmers, communities, the economy and environment.",NA,"703.1",NA
"This funding includes $134 million for Smart Farms and $450 million for Regional Land Partnerships.",NA,"703.1",NA
"Almost 50 local organisations are now benefiting from Regional Land Partnerships funding to deliver on-ground environment and sustainable agriculture projects.",NA,"703.1",NA
"Agriculture Biodiversity Stewardship Program",NA,"H",NA
"Farmers and producers care for the land and the natural resources that help them produce clean and green food and fibre for Australians and the world.",NA,"703.1",NA
"To ensure farmers receive due recognition for their efforts, the $30 million Agriculture Biodiversity Stewardship Program will encourage the adoption of improved biodiversity practices.",NA,"703.1",NA
"The focus will be on small and medium farms, using tailored approaches to incentivise change.",NA,"703.1",NA
"The Morrison Government will invest in methodologies, monitoring and evaluation to quantify the benefits to production and biodiversity.",NA,"703.1",NA
"Projects that could be funded include maintaining or enhancing remnant forest, regeneration of gullies or waterways and creating shelter belts.",NA,"703.1",NA
"The Morrison Government will also develop an Agriculture Biodiversity Policy to strengthen agriculture’s role in improving Australia’s biodiversity outcomes.",NA,"703.1",NA
"Australian Farm Biodiversity Certification Scheme",NA,"H",NA
"The National Farmers Federation will receive $4 million to develop and trial a biodiversity certification scheme to help biodiversity-friendly farmers achieve a premium for their product.",NA,"703.1",NA
"The aim is for Australian farms to showcase best-practice management of natural resources that is recognised and rewarded by consumers here and abroad.",NA,"703.1",NA
"Helping our farmers adapt to climate change",NA,"H",NA
"Climate change poses production risks for the sector and the Government and our primary producers are actively preparing.",NA,"703.1",NA
"The Liberal Nationals Government is supporting our agriculture sector to adapt to climate change through:Rural research and investment to develop understanding, resources and tools to help producers better manage drought and climate impacts.",NA,"703.1",NA
"The Managing Farm Risk Programme to provide better on-farm risk management.",NA,"703.1",NA
"Funding improved seasonal forecasting tools to inform decision-making.",NA,"703.1",NA
"Tax incentives including depreciation arrangements to encourage on-farm investment in preparedness.",NA,"703.1",NA
"Establishing and topping up the now $1 billion National Water Infrastructure Development Fund to secure farmers’ water security.",NA,"703.1",NA
"We are making strategic investments ($853 million so far) through the Clean Energy Finance Corporation to encourage agricultural businesses to reduce energy costs and improve productivity.",NA,"703.1",NA
"The Emissions Reduction Fund is also providing real benefits to landholders through emission reduction activities. Of the 193 million tonnes of abatement under the ERF, 157.4 million tonnes – more than 80 per cent – was contracted to the agriculture and land sectors.",NA,"703.1",NA
"Our $300 million investment in Rural Research and Development Corporations is also helping to improve resilience to climate events, manage soil health and more efficiently manage our water resources.",NA,"703.1",NA
"Strengthening Country of Origin labelling",NA,"H",NA
"We supported farmers by delivering on our election commitment to introduce clear and transparent Country of Origin labelling.",NA,"703.1",NA
"Building a world-class rural innovation system",NA,"H",NA
"We have committed to building a world-class agricultural innovation system to ensure we continue to produce the best and most sustainable food and fibre.",NA,"703.1",NA
"Together with rural industries, our $800 million a year investment means we can create fantastic jobs and give our kids the best opportunity to live and work in rural and regional Australia.",NA,"301",NA
"The Morrison Government has already delivered a major review of Australia’s agricultural innovation system.",NA,"703.1",NA
"It found that we must modernise and be better coordinated to capture value for farmers and the sector.",NA,"703.1",NA
"The report outlines a roadmap to boost the capacity of our research and development system to deliver a more competitive, prosperous and sustainable agricultural industry.",NA,"703.1",NA
"We have invested $2.9 million in national leadership to drive the change required to ensure a more coordinated, collaborative and commercially-focused approach to meeting agtech innovation needs.",NA,"703.1",NA
"This includes making best use of our annual $300 million investment in research and development.",NA,"703.1",NA
"Additionally, $2 million has been invested in a one-stop shop for agricultural research and development through an online collaboration hub – ensuring we better broker and connect domestic and international agtech investment into outcomes for farmers.",NA,"703.1",NA
"Creating jobs",NA,"H",NA
"The Liberal Nationals Government has also supported decentralisation of a number of agricultural agencies because we believe country people have as much right to public service jobs as their city cousins.",NA,"703.1",NA
"We have created jobs in Armidale and Orange and are committed to regional offices of the Murray Darling Basin Authority including Murray Bridge, Mildura, Griffith, Wodonga and Goondiwindi.",NA,"703.1",NA
"Delivering a stronger and sustainable fisheries sector",NA,"H",NA
"Our Government manages Australia’s fisheries carefully and sustainably.",NA,"703.1",NA
"Australia’s seafood industry is valued at more than $3.2 billion and supports more than 25,000 families.",NA,"703.1",NA
"The industry plays an important role in securing Australia’s food base, employment, economic activity and generating valuable export income.",NA,"703.1",NA
"For the fifth year in a row, no fish stocks solely managed by the Australian Government are considered to be overfished.",NA,"703.1",NA
"This is testament to our strong, robust and science-based approach to fisheries.",NA,"703.1",NA
"In 2013, we promised to review, improve and implement Marine Plans in Commonwealth-managed waters, in close consultation with marine industries, the community and scientists – and we have delivered.",NA,"703.1",NA
"On 1 July 2018, five new management plans (covering 44 Australian Marine Parks) across the North, North-west, South-west, Temperate East and Coral Sea marine regions came into effect.",NA,"703.1",NA
"Covering more than 2.8 million sq km, the Marine Parks will deliver the strong protection and sustainability that benefits all Australians.",NA,"703.1",NA
"They encompass 36 per cent of our oceans, well above the United Nations benchmark of 10 per cent – and we’ve done this in a balanced way that minimises impacts on commercial and recreational fishers.",NA,"703.1",NA
"To enable our fishing community to transition to these new arrangements, our Government has developed the $35 million Fisheries Assistance and User Engagement Package.",NA,"703.1",NA
"Our updated Commonwealth Fisheries Harvest Strategy Policy and Commonwealth Fisheries Bycatch Policy reflects our constant striving to improve sustainability.",NA,"703.1",NA
"It maximises the economic viability of the commercial fleet, recognises the interests of recreational and Indigenous users and ensures Australian seafood is available for future generations.",NA,"703.1",NA
"We also recognise the contribution and potential of the aquaculture sector. In 2017, the Liberal Nationals Government released Australia’s National Aquaculture Strategy with the aim of doubling the 2017 industry value to $2 billion a year by 2027.",NA,"703.1",NA
"The Morrison Government remains committed to supporting the states and the Northern Territory to achieve this goal.",NA,"703.1",NA
"In 2018 the Liberal Nationals Government formed Australia’s first National Fisheries Advisory Council (NFAC).",NA,"703.1",NA
"The Council provides the Assistant Minister for Agriculture and Water Resources with information and advice on fisheries issues, proposed legislation and policies.",NA,"703.1",NA
"The Morrison Government is ensuring the long-term sustainability of the Southern Bluefin Tuna stock.",NA,"703.1",NA
"We are supporting the Tuna Champion program, which aims to improve stewardship, fish handling and responsible fishing practices in the Southern Bluefin Tuna recreational sector.",NA,"703.1",NA
"This will lead to reduced wastage, increased catch and release rates (with greater post-release survival rates) and more engagement in future recreational harvest surveys.",NA,"703.1",NA
"We also understand our inland waterways are highly valued and enjoyed by recreational anglers.",NA,"703.1",NA
"Recreational fishing groups play an active role in restocking and rehabilitating inland rivers, streams and lakes.",NA,"703.1",NA
"The tragic fish deaths that occurred at Menindee and the lower Darling in December 2018 have been widely felt – from recreational fishers to communities along the Murray-Darling Basin river system.",NA,"703.1",NA
"We’ve responded with a range of measures addressing the findings of the independent report into the deaths, including:$5 million for the development of a Basin-wide Native Fish Management and Recovery Strategy.",NA,"703.1",NA
"Extending the Native Fish Demonstration Reach program to the lower Darling.",NA,"703.1",NA
"Committing an extra $3 million into Basin-wide monitoring and evaluation to maintain vigilance on the health of native fish stocks and the system as a whole.",NA,"703.1",NA
"A Strong, Innovative and Sustainable Forestry Sector",NA,"H",NA
"A long-term forestry plan is important because growing trees is a long-term business.",NA,"703.1",NA
"The Morrison Government understands the need for a balanced approach to forestry.",NA,"703.1",NA
"And our $20 million National Forest Industries Plan: Growing a Better Australia – A Billion Trees for Jobs and Growth delivers this.",NA,"703.1",NA
"One billion new plantation trees over a decade will create 18,000 new jobs",NA,"703.1",NA
"and help meet a quadrupling in global demand for timber by 2050.",NA,"703.1",NA
"This is on top of the around 52,000 Australians already employed in the sector and the tens of thousands more indirect jobs.",NA,"703.1",NA
"To achieve 1 billion new plantation trees, we need to plant the right trees at the right scale and in the right places.",NA,"703.1",NA
"Our Government has already announced a $12.5 million investment in the Regional Forestry Hubs and research and development elements of our plan, which will help meet our target.",NA,"703.1",NA
"The Hubs bring key players together from strategic forestry areas to look at that region’s unique strengths, opportunities and barriers to growth.",NA,"703.1",NA
"To boost innovation, research and product development, in collaboration with governments and industry, we are also delivering centres of National Institute of Forest Products Innovation in South Australia and Tasmania, with at least two more to come.",NA,"703.1",NA
"The Morrison Government, in partnership with Forestry and Wood Products Australia, has committed $200,000 for two forestry education activities: a new National University Challenge for innovative uses of wood residues or timber products (prizes total up to $100,000) and the development of a virtual reality tool.",NA,"703.1",NA
"The VR tool will bolster forestry education in nine secondary schools, highlighting the renewable cycle of forests.",NA,"703.1",NA
"Regional Forestry Agreements (RFAs) are the best mechanism for balancing environmental, economic and social demands on our native forests, as well as giving the industry confidence for the future.",NA,"703.1",NA
"The Liberal Nationals Government has also delivered on its commitment to 20-year rolling RFA agreements.",NA,"703.1",NA
"We have renewed and extended the Tasmanian, NSW and Western Australian RFAs, with a short extension to the Victorian RFAs ahead of a longer-term renewal that is being negotiated.",NA,"703.1",NA
"These achievements are no accident.",NA,"703.1",NA
"They are due to our Government’s strong investments in the forestry sector, which we want to see prosper and grow.",NA,"703.1",NA
"The Choice",NA,"H",NA
"Only the Morrison Government has a plan for the agriculture, fisheries and forestry sector.",NA,"703.1",NA
"Australia's farmers know they can only rely on the Morrison Government to stand with them in the good times and bad – we have their back.",NA,"703.1",NA
"We know that when our farmers prosper, our regional communities thrive.",NA,"703.1",NA
"Agriculture is just not on Labor’s radar, which signals a return to the bad old days that the sector experienced under previous Labor governments.",NA,"703.1",NA
"When last in office Labor inflicted six long years of neglect and anti-agricultural policies on Australian farmers to appease the Greens.",NA,"703.1",NA
"Between 2007 and 2013, Labor’s agriculture funding was slashed from $3.8 billion to $1.7 billion.",NA,"703.1",NA
"Labor has already promised to burden farmers with unnecessary and unprecedented new federal environmental regulations and increase the cost of doing business through additional taxes.",NA,"703.1",NA
"Labor has no interest in unlocking the potential of our regional communities, securing their water supply, creating jobs and delivering agricultural economic opportunities.",NA,"703.1",NA
"Labor will revert to the lock-up and lock-out approach of its 2012 Marine Park plans.",NA,"703.1",NA
"This poses a significant risk to our fishing industry and the environment, and flies in the face of the overwhelming support for the Morrison Government’s plans from stakeholders, non-government organisations and fishers.",NA,"703.1",NA
"Labor’s plans will also lock out recreational fishers from over a third of marine parks.",NA,"703.1",NA
"Australians have a choice between the Morrison Government that supports the forestry sector as one of the most renewable resources of the 21st century – or a Labor/Greens Government seeking to take us back to the dark days of forest lock-ups.",NA,"703.1",NA
"When last in government, Labor’s policies (backed by the Greens) decimated our forest product industries, especially in Tasmania – led by former Wilderness Society campaigner Tony Burke.",NA,"703.1",NA
"Cost",NA,"H",NA
"The Coalition will invest an additional $43.4 million to secure a stronger agriculture, fisheries and forestry sector.",NA,"703.1",NA
"This is on top of the $36.4 million additional funding for drought and $30 million for showcasing agriculture.",NA,"703.1",NA
"Our Plan for a Cleaner Environment",NA,"H",NA
"KEY POINTS",NA,"H",NA
"The Morrison Government will continue the Liberal Nationals’ strong record of supporting practical and meaningful environmental action that gets results.",NA,"501",NA
"Australia’s iconic environment is part of our national identity and we are committed to protecting and preserving it for future generations.",NA,"501",NA
"It’s also an important asset that helps us to grow the economy",NA,"410",NA
"and create jobs: by drawing tourists to our unique natural attractions, through farmers making their land more sustainable and productive, and by incentivising businesses to develop new clean technology.",NA,"701",NA
"The Morrison Government understands that a healthy economy and a healthy environment go hand in hand.",NA,"501",NA
"We can invest in our environment because we are keeping our economy strong.",NA,"403",NA
"We believe that protecting and restoring the environment is best achieved by working in partnership with the community, Landcare groups, small and large businesses, Indigenous communities, farmers and scientists.",NA,"405",NA
"By building these partnerships, we aim to deliver:More recycling and less waste to protect the environment, deliver healthier communities and build our recycling industry.",NA,"501",NA
"Cleaner and greener local communities to improve the environments in which Australians live, work and play.",NA,"501",NA
"Cleaner oceans, coasts and waterways to protect our marine life, support our industries and ensure future generations can continue to enjoy these natural playgrounds, including the Great Barrier Reef.",NA,"501",NA
"Protection of threatened species to ensure our unique plants and animals are preserved.",NA,"501",NA
"This will complement the action we are taking through our Climate Solutions Fund to meet our international emissions reduction targets.",NA,"501",NA
"Our focus on practical, on-ground action and partnership with the community contrasts with Labor who only have a plan for more bureaucracy and public servants.",NA,"501",NA
"Labor can’t be trusted to invest in the environment",NA,"501",NA
"when they can’t run the economy and they can’t manage money.",NA,"403",NA
"They can’t even cost the impact their emissions plan will have on the economy.",NA,"403",NA
"Only the Liberal Nationals Government can protect the environment",NA,"501",NA
"while maintaining a strong economy.",NA,"403",NA
"OUR RECORD",NA,"H",NA
"Liberal Nationals Governments have a long and proud history of protecting and restoring our environment, including saving the Great Barrier Reef from oil drilling, ending whaling in Australia and creating the Natural Heritage Trust.",NA,"501",NA
"Since our election in 2013, we have continued this tradition of sensible and practical environmental leadership.",NA,"501",NA
"We have put Landcare back in focus with our $1 billion National Landcare Program.",NA,"501",NA
"We are on track to meet our target of planting 20 million trees by 2020.",NA,"501",NA
"And we have invested over $250 million to support thousands of community-led environmental projects.",NA,"501",NA
"The Great Barrier Reef is receiving more funding than ever, with our Government investing over $1.2 billion to improve water quality, control crown of thorns starfish, clean up plastic litter and fund new research into protecting the Reef.",NA,"501",NA
"Our investments are being guided by our world-class Reef 2050 Plan which has been endorsed by the World Heritage Committee and praised by the OECD.",NA,"501",NA
"We have also put an end to all capital dredge spoil disposal in the Great Barrier Reef Marine Park.",NA,"501",NA
"Australia has the second largest marine park network in the world after the Liberal Nationals protected an additional 2.3 million square kilometres through a new national network of marine reserves – and we’ve done this while minimising impacts on recreational and commercial fishers.",NA,"501",NA
"The Liberal Nationals Government has been working hard to protect our threatened plants and animals.",NA,"501",NA
"We appointed Australia’s first Threatened Species Commissioner in 2014 and launched the Threatened Species Strategy in 2015.",NA,"501",NA
"Since 2014, over $425 million has been mobilised for over 1,300 projects to protect and recover populations of threatened species.",NA,"501",NA
"Our new National Waste Policy will create jobs,",NA,"701",NA
"protect the health of communities",NA,"504",NA
"and reduce environmental impacts by increasing recycling and reducing waste.",NA,"501",NA
"We have invested $50 million in a National Food Waste Strategy to halve Australia’s food waste by 2030.",NA,"501",NA
"We have established a voluntary scheme for recycling tyres.",NA,"501",NA
"We have worked with business to remove plastic microbeads from cosmetic and skin-care products that end up in our waterways and oceans – 94 per cent of these products are now microbead-free.",NA,"501",NA
"Through the Natural Heritage Trust, we are providing $47 million to protect our World Heritage sites including the Greater Blue Mountains, the Ningaloo Coast, Shark Bay and the Tasmanian Wilderness area.",NA,"501",NA
"We continue to protect the rainforests of the Wet Tropics World Heritage Area by investing in the eradication of introduced Yellow Crazy Ants, with a further $9 million committed in the 2019-20 Budget.",NA,"501",NA
"Our Australian Heritage Grants Program is providing support to protect our National Heritage listed sites, with up to $21.4 million from 2018-19 to 2021-22, and $5.7 million per annum from 2022-23 onwards.",NA,"501",NA
"We are investing a record $830 million for Indigenous Rangers and Indigenous Protected Areas over 10 years through to 2023.",NA,"501",NA
"OUR PLAN",NA,"H",NA
"More recycling and less waste",NA,"501",NA
"Governments, businesses and the community all need to play a part in ensuring we have a healthy recycling sector and less waste and litter.",NA,"501",NA
"Australians create around 67 million tonnes of waste each year and we all want to see less waste going to landfill and ending up in our oceans, and more being re-used and recycled.",NA,"501",NA
"A re-elected Morrison Government will implement a comprehensive $167 million Australian Recycling Investment plan to increase Australia’s recycling rates, tackle plastic waste and litter, accelerate work on a new battery recycling scheme and continue action to halve food waste by 2030.",NA,"501",NA
"Healthy recycling sector: With other countries starting to shut down their markets to Australia’s recyclable materials, there is an opportunity to grow and strengthen Australia’s domestic recycling industry, and support it to lift recycling rates in Australia.",NA,"501",NA
"The Morrison government will support a range of measures to do this, including:A new $100 million Australian Recycling Investment Fund through the Clean Energy Finance Corporation to support the manufacturing of lower emissions and energy-efficient recycled content products, such as recycled content plastics and paper/pulp.",NA,"501",NA
"$20 million for a new Product Stewardship Investment Fund to accelerate work on new recycling schemes, including for batteries, electrical and electronic products, photovoltaic systems, and plastic oil containers.",NA,"501",NA
"Reducing contamination by helping Australians identify what can and can’t be recycled, with up to $2 million to support the Australian Council of Recycling’s ‘Project Yellowsail’ national recycling app.",NA,"501",NA
"Working with Planet Ark and the Australian Packaging Covenant Organisation with up to $1.6 million to establish a Circular Economy Hub to drive innovation and establish an online marketplace to match buyers and sellers of waste.",NA,"501",NA
"Supporting the Australian Packaging Covenant Organisation to deliver increased recycling rates for packaging waste, with up to $1.1 million for consumer education.",NA,"501",NA
"Continue working to halve food waste by 2030 under our National Food Waste Strategy, with an additional $500,000 to support the delivery of a Fight Food Waste campaign by OzHarvest.",NA,"501",NA
"Continue to work with state, territory and local governments on opportunities to get more recycled content into road construction, building on the funding provided to the Australian Road Research Board in the 2019-Budget.",NA,"501",NA
"Tackling plastic waste: Plastic litter and debris is a major environmental issue. We need to take action at a local, national and global level. A re-elected Morrison Government will:",NA,"501",NA
"Allocate $20 million through a special round of the Cooperative Research Centres Projects (CRC-P) to find new and innovative solutions to plastic recycling and waste, including new ways of incorporating recycled plastics in manufacturing and construction.",NA,"501",NA
"Work with our Pacific neighbours to combat marine litter by allocating $16 million towards a Pacific Ocean Litter Project.",NA,"501",NA
"Support Conservation Volunteers Australia to undertake community beach and river clean-ups and monitoring across the country (up to $5 million).",NA,"501",NA
"Continue the great work of Clean Up Australia and Keep Australia Beautiful to mobilise the community to reduce and clean-up litter (up to $600,000).",NA,"501",NA
"Support Clean4Shore to continue their clean-up activities on the NSW Central Coast (up to $300,000).",NA,"501",NA
"Environment Restoration Fund",NA,"H",NA
"The Morrison Government has committed $100 million in the 2019-20 Budget to a new Environment Restoration Fund to support major environmental projects that deliver lasting conservation benefits.",NA,"501",NA
"This is the type of investment that is only made possible through a strong economy and responsible budget management.",NA,"501",NA
"The fund will be a vehicle for national leadership on emerging and long-term environmental issues, building on our $1 billion National Landcare Program.",NA,"501",NA
"Funding will be provided for a broad range of environmental restoration and protection projects, built around three key priorities:Cleaning up and protecting Australia’s coasts, oceans and waterways.",NA,"501",NA
"Protecting threatened and migratory species and their habitats.",NA,"501",NA
"Increasing recycling and reducing waste.",NA,"501",NA
"Cleaner coasts and waterways",NA,"H",NA
"Our coasts and waterways are an important part of Australian life.",NA,"501",NA
"They harbour a wide array of wildlife, support our industries and are natural playgrounds for our people.",NA,"501",NA
"A re-elected Morrison Government will strategically invest in our key rivers, waterways and coasts through the Environment Restoration Fund to help clean them up and improve water quality.",NA,"501",NA
"Key priorities will include:Improving the health of the Yarra River (up to $2 million).",NA,"501",NA
"Protecting Victoria’s iconic Surf Coast dune systems (up to $1.5 million)",NA,"501",NA
"Restoring Mount Martha North Beach (up to $1.5 million)",NA,"501",NA
"Improving the health of the Swan and Canning Rivers in Western Australia (up to $2 million).",NA,"501",NA
"Continuing River Torrens recovery in South Australia (up to $2 million).",NA,"501",NA
"Restoring waterways in the lower Brisbane River catchment (up to $1.15 million).",NA,"501",NA
"Improving the health of Moreton Bay in Queensland (up to $1.2 million).",NA,"501",NA
"Improving the health of the Georges River in New South Wales (up to $1 million).",NA,"501",NA
"Keeping the Hawkesbury and Nepean Rivers in New South Wales healthy (up to $511,000).",NA,"501",NA
"Improving the health of Gosford Coastal Lagoons (up to $300,000).",NA,"501",NA
"Protecting the health of Bowling Green Bay in North Queensland (up to $2 million).",NA,"501",NA
"The initiative will build on the $9 million we have already provided under Landcare for the River Torrens, Swan and Canning Rivers, Yarra and Tamar Rivers and Tuggerah Lakes, and a $95 million investment in the Tamar River under the Launceston City Deal.",NA,"501",NA
"Recovery of threatened species",NA,"H",NA
"Australia has some of the most unique and special animals in the world, but a number of them are under threat.",NA,"501",NA
"A re-elected Morrison Government will allocate up to $10 million under the Environment Restoration Fund in an important new program to support the creation of safe havens for threatened species.",NA,"501",NA
"Safe havens are a priority under the Government’s Threatened Species Strategy.",NA,"501",NA
"They are fenced areas where feral predators like feral cats and foxes can be removed and kept out – allowing species like rock wallabies, bilbies, quolls and bandicoots to be reintroduced and thrive.",NA,"501",NA
"A scientific review has identified a range of priority sites to fill the gaps in Australia's safe haven network, including the Victorian Alps, Darling Downs, Sturt Stony Desert and Flinders Ranges.",NA,"501",NA
"Up to $1.2 million of this funding will also go towards completing the feral-free Wandiyali-Environa Wildlife Sanctuary in NSW.",NA,"501",NA
"We will also make targeted investments through the Fund to recover our at-risk species.",NA,"501",NA
"This will include up to $6 million for a major koala initiative in northern NSW and south-east Queensland, including funding to enhance koala habitat and support for rescue activities and wildlife hospitals.",NA,"501",NA
"It also includes up to $3 million to protect WA's black cockatoos, $1.5 million for Bruny Island's threatened mammals, and $1.5 million for Kangaroo Island's threatened dunnart.",NA,"501",NA
"The Morrison Government is committed to Australia playing its part in protecting endangered animals and plants from around the world.",NA,"501",NA
"Australia has some of the strictest regulation of international trade of endangered species and we are working internationally to stop illegal wildlife trade.",NA,"501",NA
"we are also working to further strengthen regulations within Australia by working with states and territories on banning domestic trade of ivory and rhino horn.",NA,"501",NA
"By shutting down the market for these items here in Australia we’ll help to better protect elephants and rhinos in their native habitats.",NA,"501",NA
"Cleaner and greener local communities",NA,"H",NA
"We understand that local communities are often best placed to implement effective environmental protection and management.",NA,"501",NA
"The Morrison Government has committed more than $22 million to give communities new opportunities to protect and care for their local environment.",NA,"501",NA
"Through the Communities Environment Program, each Federal electorate will receive up to $150,000 in 2019-20 for community-led projects that deliver real environmental benefits.",NA,"501",NA
"The Energy Efficient Communities Program will provide $50 million in grants to businesses and community organisations to help them save energy and lower their power bills.",NA,"501",NA
"This includes up to $20,000 for small businesses and $25,000 for high energy-using businesses for equipment upgrades such as new lighting, refrigeration and air conditioning.",NA,"501",NA
"Community organisations will also be able to access grants through the $5 million Solar Communities Program, providing up to $12,500 for small-scale solar energy generation and storage projects such as solar PV, solar hot water and batteries.",NA,"501",NA
"We will also invest $30 million in a pilot Agriculture Biodiversity Stewardship Fund to provide incentives to farmers to boost biodiversity and reduce emissions.",NA,"501",NA
"This will reward farmers who look after biodiversity on their farm and give them more motivation to maintain and enhance bushland, regenerate waterways and plant native trees.",NA,"501",NA
"Supporting sustainable development and environmental education",NA,"H",NA
"The Morrison Government has committed $50 million in the 2019-20 Budget towards the establishment of new world-leading environment research and education facilities.",NA,"501",NA
"We will contribute $25 million towards a National Centre for Coasts, Environment and Climate within the Quarantine station precinct at Port Nepean: supporting Monash University and the University of Melbourne in establishing a facility where Australian and international researchers and students can better understand the pressures of population growth and climate change on temperate coastal ecosystems like Port Phillip Bay.",NA,"501",NA
"We will invest $25 million in the development of the $40 million Harry Butler Environmental Education Centre at Murdoch University.",NA,"501",NA
"The groundbreaking Centre will promote the positive partnership of economic development and a healthy, sustainable environment.",NA,"501",NA
"Climate change and renewables",NA,"H",NA
"Australia has a proud track record of meeting our international climate commitments and supporting renewable energy.",NA,"501",NA
"Climate change is a global issue that requires a global solution.",NA,"501",NA
"The Liberal Nationals Government has overachieved on our commitment under the Kyoto Protocol, something few countries have done.",NA,"501",NA
"We will reduce emissions by 26-28 per cent below 2005 levels by 2030 and we will do this while growing the economy,",NA,"501",NA
"creating jobs,",NA,"701",NA
"protecting our environment",NA,"501",NA
"and keeping power prices down.",NA,"412",NA
"The Morrison Government has a $3.5 billion Climate Solutions Plan – among the largest investments by Australia in emissions reduction.",NA,"501",NA
"A new $2 billion Climate Solutions Fund will ensure we meet our 2030 Paris commitments by supporting practical measures such as revegetation of degraded land, reducing waste, savannah burning and improving energy efficiency.",NA,"501",NA
"The Morrison Government is also expanding our world-class renewable hydro resources to supply millions of Australians with reliable renewable energy.",NA,"501",NA
"Snowy 2.0 will be the world’s second-largest high tech pumped hydro power station and increase generation capacity by 2,000 megawatts – enough power for 500,000 homes during peak demand.",NA,"501",NA
"Importantly, Snowy 2.0 will also put downward pressure on wholesale electricity prices.",NA,"412",NA
"Upgrading Kakadu",NA,"H",NA
"The Morrison Government has committed up to $216 million to upgrade the World Heritage-listed Kakadu National Park and support the township of Jabiru.",NA,"502",NA
"The funding will upgrade roads to improve access to the park; upgrade camp grounds, walking tracks and viewing platforms; improve signage, mobile and WiFi services and support an Indigenous-led World Heritage Kakadu Visitor Centre in Jabiru.",NA,"502",NA
"Investing in Sydney Harbour’s parks and heritage",NA,"H",NA
"The 2019-20 Budget included $21.4 million for infrastructure upgrades for important defence heritage sites around Sydney Harbour.",NA,"502",NA
"At Headland Park, we’ll preserve the heritage of key buildings for appropriate educational, community, recreational and commercial uses and construct a public path circuit integrated with the new Sydney Harbour Scenic Walk.",NA,"502",NA
"We’ll also contribute to the renewal of the former submarine base Platypus: creating a lasting impact along the Sydney Harbour foreshore by adapting significant heritage buildings for community access.",NA,"502",NA
"Conserving Antarctica",NA,"H",NA
"The Morrison Government is committed to ensuring Australia remains a leader in Antarctica.",NA,"411",NA
"We are strengthening Tasmania as the premier gateway and scientific research hub for East Antarctica.",NA,"411",NA
"We are investing $450 million over the next 10 years to upgrade Australia’s Antarctic research station network and infrastructure – effectively tripling the investment in Antarctic infrastructure to support Antarctic science and operations.",NA,"411",NA
"This will bring our investment in Antarctica to a record level of around $2.8 billion including:$1.9 billion towards a new icebreaker.",NA,"411",NA
"$45 million over 10 years for overland traverse capabilities.",NA,"411",NA
"$210 million over 10 years for additional funding for our Antarctic operations.",NA,"411",NA
"$107 million over 11 years for Antarctic research initiatives.",NA,"411",NA
"$50 million for a new research station on Macquarie Island.",NA,"411",NA
"Environmental laws",NA,"H",NA
"The Morrison Government supports sustainable development that meets high environmental standards.",NA,"501",NA
"It is important that environmental laws provide the high levels of protection expected by the community,",NA,"501",NA
"while minimising the regulatory burden on businesses",NA,"403",NA
"so they can continue to grow the economy.",NA,"410",NA
"The Environment Protection and Biodiversity Conservation Act 1999 (EPBC Act) was introduced by the Liberal Nationals in 1999 and it remains the cornerstone of Australian environmental regulation.",NA,"501",NA
"To ensure the EPBC Act remains best-practice, the Morrison Government will consult widely on an independent statutory review of the Act.",NA,"501",NA
"Consultation will begin later this year and include feedback from business groups, environmental organisations, farmers and other land users and the broader community to ensure we strike the right balance with our environmental laws – continuing to protect the environment",NA,"501",NA
"while allowing for sustainable development.",NA,"416.2",NA
"Protecting the Rainforest and the Reef",NA,"H",NA
"The Morrison Government understands that the Great Barrier Reef and the rainforests of the Wet Tropics are not only natural wonders of the world, they are also a huge driver of the economy, particularly in North Queensland.",NA,"501",NA
"The Great Barrier Reef alone contributes 64,000 jobs",NA,"701",NA
"and $6.4 billion in economic value every year.",NA,"410",NA
"We will continue to roll out our $443.3 million Great Barrier Reef Partnership Program as part of the more than $1.2 billion we are investing in the Reef.",NA,"501",NA
"This funding is going towards proven reef protection activities like improving water quality, crown-of-thorns starfish control, community action, and scientific research and development to find new ways of restoring and protecting the Reef.",NA,"501",NA
"We also announced as part of the 2019-20 Budget that we will deliver $9 million over the next three years to control Yellow Crazy Ants in the Wet Tropics World Heritage Area.",NA,"501",NA
"Yellow Crazy Ants are among the world's worst invasive species and their presence threatens endangered species such as the Southern Cassowary, Mahogany Glider, Northern Bettong and stream-dwelling rainforest frogs, as well as posing a major threat to sugar cane growers.",NA,"501",NA
"THE CHOICE",NA,"H",NA
"By keeping our economy strong, the Liberal Nationals Government can continue investing in our environment.",NA,"501",NA
"Australia’s environment cannot be supported under Labor’s economy-wrecking plans.",NA,"501",NA
"If you can’t manage the economy and the Budget, then you can’t invest in the environment.",NA,"501",NA
"The Morrison Government will support practical and meaningful actions to protect the environment for future generations.",NA,"501",NA
"We will do this by working in partnership with the community, Landcare groups, small and large businesses, Indigenous communities, farmers and scientists.",NA,"405",NA
"We support balanced environmental laws that ensure good environmental outcomes without burying business in unnecessary red tape.",NA,"501",NA
"Labor’s plan for the environment is a plan for more bureaucracy and public servants.",NA,"501",NA
"They will establish a large new environmental bureaucracy in Canberra, money that would be better spent on protecting our threatened species and improving our coasts and oceans.",NA,"501",NA
"The Liberal Nationals Government has prioritised protecting the Great Barrier Reef.",NA,"501",NA
"We are working in partnership with the community, including the biggest single investment in the Reef through a $443 million partnership with the Great Barrier Reef Foundation.",NA,"501",NA
"Labor wants to take this money away, They can’t be trusted to protect the Reef: when they were last in government, the World Heritage Committee put the Reef on its in-danger ‘watch list’ and criticised Labor’s handling of dredging proposals along the coast.",NA,"501",NA
"The Morrison Government will invest over $22 million to support our community groups, including Landcare groups, scouts groups, sports clubs and councils, to protect and care for the local environment.",NA,"501",NA
"This includes protecting native species, improving local waterways and coastal areas, cleaning up waste and litter, and greening local parks and urban areas.",NA,"501",NA
"Labor wants to abolish the program and has no plan to support cleaner and greener local communities.",NA,"501",NA
"COST",NA,"H",NA
"The Coalition’s Plan for a Cleaner Environment will invest an additional $20 million in the Product Stewardship Investment Fund.",NA,"501",NA
"Our Plan to Back Australian Tourism and Jobs",NA,"H",NA
"KEY POINTS",NA,"H",NA
"The Morrison Government is backing in our tourism sector to grow even stronger.",NA,"410",NA
"Its contribution to the Australian economy is enormous and growing: attracting $136 billion in spending every year and employing one in 13 workers – many in small and family businesses.",NA,"410",NA
"Tourism is particularly important for regional Australia, with 43 cents of every visitor dollar spent in the regions.",NA,"410",NA
"Over the last five years, international visitor numbers have grown by 45 per cent while spending by overseas visitors is up 53 per cent.",NA,"410",NA
"This compares with a 10 per cent increase in international visitor spending during five years of Labor.",NA,"410",NA
"The latest National Visitor Survey shows that visitor spending by Australians has increased by 13 per cent to a record $72.7 billion, including 105.6 million domestic overnight trips.",NA,"410",NA
"Under the Liberal National Government nearly 45,000 tourism jobs have been created, more than four times as many as under Labor.",NA,"701",NA
"Building even further on this success and growth is a key component of the Morrison Government’s plan to keep the economy strong",NA,"410",NA
"and deliver 1.25 million new jobs over the next five years.",NA,"701",NA
"A re-elected Morrison Government will:Deliver a Tourism Icons Package to ensure that Australia’s tourism icons, particularly regional icons, remain world-class experiences and continue to attract high-value tourists.",NA,"410",NA
"Support tourism infrastructure and operators in the Shipwreck Coast and Great Ocean Road area with a $184 million investment and invest up to $216 million to upgrade Kakadu National Park and support the Jabiru township.",NA,"410",NA
"Support the tourism industry in regional Australia by providing dedicated funding in future rounds of the Building Better Regions Fund for tourism-related infrastructure.",NA,"410",NA
"Provide a $40 million fund to establish and grow Indigenous tourism as part of the Indigenous Advancement Strategy.",NA,"607.3",NA
"Deliver improved arrival and visa processing systems for international visitors.",NA,"410",NA
"Deliver the tourism boost provided by City Deals, including Geelong, Hobart and Adelaide and deliver regional tourism investment in iconic destinations such as Longreach, Margaret River, Cradle Mountain and Kangaroo Island.",NA,"410",NA
"Deliver the Beyond 2020 tourism strategy to help Australia’s tourism industry make the most of opportunities provided by fast-growing markets over the next decade.",NA,"410",NA
"Continue to support the hundreds of thousands of small and medium-sized businesses in the tourism sector, including 92,373 in regional Australia, through lower taxes, growing the economy and creating jobs.",NA,"402",NA
"Continue to support the tourism sector by investing record levels of funding for Tourism Australia over the next four years.",NA,"410",NA
"OUR RECORD",NA,"H",NA
"Australia’s tourism sector is growing strongly and now accounts for 10 per cent of exports.",NA,"410",NA
"International visitor numbers and expenditure are at record levels, and businesses are seizing opportunities to start, expand",NA,"410",NA
"and create jobs.",NA,"701",NA
"Since we were elected, the number of tourism businesses has increased by 17,881.",NA,"410",NA
"This contrasts with Labor’s last term of government, when tourism business numbers fell by 12,614.",NA,"305.1",NA
"Since we came to office, the pipeline for new tourism accommodation rooms has more than doubled.",NA,"305.1",NA
"Supporting small and family tourism businesses",NA,"H",NA
"Our Government has focused on supporting tourism that benefits small and family businesses and communities.",NA,"402",NA
"Since 2014, we have committed $120 million to support nearly 300 tourism projects nationwide.",NA,"410",NA
"This includes over $70 million specifically for tourism projects under Round 3 of the Building Better Regions Fund.",NA,"410",NA
"The Coalition promised at least $45million in tourism infrastructure projects and delivered over $70 million of tourism projects.",NA,"410",NA
"With 43 cents in every tourism dollar already spent in Regional Australia, the Coalition’s investment in tourism through the Building Better Regions Fund will give a significant boost to the regional tourism industry.",NA,"410",NA
"Round 3 of the Building Better Regions Fund will support 13,000 jobs throughout regional Australia, across all projects funded in the round.",NA,"410",NA
"International tourism",NA,"H",NA
"To increase inbound tourism, an additional six domestic airports have become designated international airports.",NA,"410",NA
"Hobart, Newcastle, Avalon, Canberra and Townsville are either already servicing international flights or will be ready to do so in the near future.",NA,"410",NA
"Toowoomba’s Wellcamp Airport can receive and despatch freight overseas.",NA,"410",NA
"The Liberal National Government has broken decades of indecision and deadlock to launch the Western Sydney International (Nancy-Bird Walton) Airport at Badgerys Creek.",NA,"410",NA
"It will support almost 28,000 direct and indirect jobs by 2031 and connect businesses to national and international markets.",NA,"701",NA
"We’re also stepping up tourism from the world’s fastest-growing economies.",NA,"410",NA
"Following the signing of an open skies agreement between Australia and China in 2016, more than 160 direct flights between the two nations are contributing to strong growth in visitor numbers.",NA,"410",NA
"The Morrison Government is implementing the India Economic Strategy which identifies tourism as a priority sector for growth.",NA,"410",NA
"Around 70 million Indians will travel overseas annually by 2035 in a potential windfall of over $9 billion a year for the Australian economy.",NA,"410",NA
"Traditional markets like New Zealand, the United Kingdom, Japan and the United States will continue to be strongly targeted in tourism campaigns.",NA,"410",NA
"An improved visitor experience",NA,"H",NA
"To improve the experience of international tourists, our Government has invested in road and tourism-specific infrastructure at iconic destinations like Kakadu National Park in the Northern Territory, the Great Ocean Road and Shipwreck Coast in Victoria and Cradle Mountain in Tasmania.",NA,"410",NA
"We’re easing congestion and upgrading safety.",NA,"411",NA
"We’re also making the journey to Australia smoother by investing in technology.",NA,"411",NA
"For major tourism markets like China and India, around 80 per cent of tourism visa applications are now done on-line, providing 24/7 access and ensuring a shorter timeframe.",NA,"410",NA
"We have also expanded the use of longer-term validity visas for key markets including China, Singapore, Indonesia and India.",NA,"410",NA
"Indigenous tourism",NA,"H",NA
"Since 2013, Indigenous tourism has grown by over 40 per cent and expenditure is up by 8 per cent a year on average.",NA,"607.3",NA
"There has also been a 30 per cent increase in Indigenous businesses as a result of our Government’s policies, including the Indigenous Procurement Policy and the Indigenous Business Sector Strategy.",NA,"607.3",NA
"Working holiday-makers",NA,"H",NA
"A factor in Australia’s tourism appeal is the chance for young holiday-makers to work in industries and regions where available labour is scarce.",NA,"410",NA
"The Morrison Government has made changes to the Working Holiday Maker visa program to support regional and rural communities by increasing the number of tourists eligible to do seasonal work.",NA,"410",NA
"These reforms, effective on 5 November 2018, include the expansion of the regional areas where subclass 462 visa holders can work in agriculture (plant and animal cultivation) to qualify for a second year of stay in Australia.",NA,"410",NA
"Previously only those who worked in Northern Australia were eligible.",NA,"410",NA
"Other changes will extend the period that certain visa holders can stay and increase the caps and age limits for eligible working holiday-makers.",NA,"410",NA
"Case Study – How Working Holiday-Makers support regional communities",NA,"000",NA
"Bowen Gumlu Growers Association",NA,"H",NA
"The Bowen Gumlu in the Whitsunday area of North Queensland is the largest winter growing region in Australia and exports hundreds of millions of dollars of produce to New Zealand.",NA,"703.1",NA
"The population of Bowen grows to over 3500 people during the peak picking season from May to November.",NA,"703.1",NA
"The majority are employed in picking and packing fruit and vegetables on around 40 local farms.",NA,"703.1",NA
"The Working Holiday Visa scheme has allowed the Bowen horticulture industry to source an accessible and flexible labour pool to meet increasing demand from Australian customers and export markets in Asia and New Zealand.",NA,"703.1",NA
"Without this labour, the growers would be unable to get their product overseas and to the supermarket shelves.",NA,"703.1",NA
"Carl Walker, President of the Bowen Gumlu Growers Association, says: “Without that flexible transient population the region would be seriously impacted economically … the bulk of our farm workers spend the money they earn in the local and Australian tourism industry.”",NA,"703.1",NA
"Supporting jobs and regions with record funding",NA,"H",NA
"The Morrison Government will provide $50 million to the Tourism Icons Package to support the development of five iconic tourism projects – creating new jobs",NA,"701",NA
"and helping to diversify local economies.",NA,"410",NA
"Rottnest Island sustainable visitor infrastructure and museum in Western Australia",NA,"416.2",NA
"We will contribute $12.2 million for sustainable visitor infrastructure, including upgrades of jetties, wharves, piers, roads, walking trails signage and existing lighthouse and railway, as well as $5 million to improve the visitor experience for Rottnest Island Museum including enhanced facilities, curation and interpretation.",NA,"416.2",NA
"Sovereign Hill Museum Enhancement in Victoria",NA,"411",NA
"Acknowledging the 50th anniversary of Sovereign Hill next year, we will contribute $10.1 million to help enhance the outdoor museum’s exhibitions and facilities.",NA,"411",NA
"This funding will be used to develop a master plan and then deliver phase one, which may include opportunities to redevelop the Gold Museum, upgrade the entrance building, improve signage and enhance the popular ‘digging area’.",NA,"411",NA
"Wangetti Trail construction in far north Queensland",NA,"411",NA
"We will contribute $8 million to build the next stage of the Wangetti Trail from the Mowbray River through to Palm Cove.",NA,"411",NA
"This will help fund trail construction, upgrades to bridges, campsites and associated infrastructure.",NA,"411",NA
"Freycinet National Park in Tasmania",NA,"411",NA
"We will contribute $7.2 million to the Freycinet National Park’s Visitor Gateway Hub for a new Visitor Centre, as well as an external car park to reduce congestion within the Park.",NA,"411",NA
"This funding will also encourage commercial investment outside the Park and encourage more visitors to spend time in the Coles Bay township.",NA,"411",NA
"Northern Rivers Rail Trail development in northern New South Wales",NA,"411",NA
"We will contribute $7.5 million for Stage 2 of the Rail Trail – from Old Casino Station to Back Creek Bridge at Bentley.",NA,"411",NA
"Visitors will be able to walk the trail, ride a bicycle or horse or drive a zero-emissions vehicle such as a mobility scooter, Segway or electric bike.",NA,"416.2",NA
"These tourism icons build on our commitments to other unique destinations in Australia.",NA,"411",NA
"The Morrison Government is providing $184 million for the Great Ocean Road and Geelong.",NA,"411",NA
"This funding includes investment in the Geelong Convention Centre, as well as the Shipwreck Coast Master Plan and the Great Ocean Road area, providing improved access for tourists and locals.",NA,"411",NA
"Our Government is also investing up to $216 million to upgrade Kakadu National Park and support the Jabiru township in the Northern Territory.",NA,"411",NA
"For Kakadu National Park, this means upgrades to walking tracks, viewing platforms, signage and mobile and WiFi services.",NA,"411",NA
"For Jabiru, the Government is helping to secure the long-term future of the township in co-operation with the Northern Territory Government and is funding an Indigenous-led World Heritage Kakadu Visitor Centre.",NA,"411",NA
"The Morrison Government will provide $11.25 million for a new visitor centre at Monarto Zoo Safari Park near Murray Bridge in South Australia.",NA,"411",NA
"The centre is the first stage of the Monarto Zoo expansion project.",NA,"411",NA
"It’s expected to unlock private investment to develop a range of zoo accommodation facilities including a safari resort and eco-luxe glamping tents.",NA,"411",NA
"The Adelaide City Deal will stimulate Adelaide’s cultural economy by investing over $100m in an Aboriginal Art and Cultures Gallery and an International Centre for Tourism, Hospitality and Food Studies at Lot Fourteen.",NA,"410",NA
"The investment will also boost tourism by funding key projects such as the Heysens Gallery in Hahndorf, the Mitcham Hills and Glenthorne Trails in southern Adelaide and upgrading Carrick Hill House to include a visitor centre.",NA,"411",NA
"The Government will invest $30 million in the Cradle Mountain Cableway as part of the transformation of the Cradle Mountain Gateway Precinct.",NA,"411",NA
"The Gateway Precinct will become the prime entrance to the world-renowned heritage national park and wilderness area.",NA,"410",NA
"To ensure that the benefits of tourism growth are spread beyond the major cities, the Morrison Government delivered $70 million to regional tourism-related infrastructure projects from the most recent round of Building Better Regions Fund.",NA,"411",NA
"The Building Better Regions Fund supports key infrastructure in regional communities.",NA,"411",NA
"It ensures the tourism industry can continue the investment to maintain tourist sites and attract new visitors into their region.",NA,"410",NA
"This program is supporting communities through projects such as the new Australian Opal Centre in Lightning Ridge and Townsville’s new Castle Hill adventure tourism experience.",NA,"410",NA
"The Morrison Government is supporting the Australian music industry through the $22.5 million Live Music Australia Grant program.",NA,"410",NA
"This competitive grants program will support small businesses that host live music performances by Australian artists and help expand the touring circuit to regional venues.",NA,"402",NA
"More local artists will have the opportunity to develop at home rather than overseas.",NA,"502",NA
"The Tourism Regional Infrastructure Investment Attraction Strategy will continue to deliver additional investment and focus on key tourism assets including the Whitsundays, Snowy Mountains, Margaret River and Kangaroo Island.",NA,"410",NA
"Regional focus",NA,"H",NA
"We will encourage tourists to visit regional destinations through a series of initiatives including greater promotion as part of Tourism Australia’s marketing, better transport infrastructure and the tourism icons package.",NA,"503",NA
"This will complement other Morrison Government investment such as the Indigenous Advancement Strategy and our backing of key regional tourism assets like the Great Ocean Road and Kakadu.",NA,"503",NA
"The regions will be a key pillar of the Beyond 2020 Tourism Strategy.",NA,"503",NA
"Tourism promotion",NA,"H",NA
"The Liberal National Government will provide record funding to Tourism Australia, increasing from $142.9 million in 2013-14 to $154 million in 2019-20 and $167 million in 2022-23.",NA,"503",NA
"This will enable Tourism Australia to continue to target high-value tourists in major international markets.",NA,"503",NA
"It will also ensure the ongoing success of the Business Event Bid Fund which has already attracted $90 million in global conferences to Australian cities and regions.",NA,"503",NA
"Our Government will also improve Tourism Australia’s ability to monitor and adjust their marketing approach to directly support communities impacted by natural disasters and unforeseen events.",NA,"409",NA
"Beyond 2020 Tourism Strategy",NA,"H",NA
"The Morrison Government will finalise and implement the Beyond 2020 tourism strategy to help Australia’s tourism industry make the most of opportunities and challenges over the coming decade.",NA,"410",NA
"The strategy charts a 10-year plan for the tourism sector that has been developed by industry in consultation with state and territory governments.",NA,"410",NA
"Targets include achieving $152 billion-$195 billion in overnight visitor expenditure by 2025 and $181 billion-$250 billion by 2030.",NA,"410",NA
"The Australian economy will reap strong rewards if these goals are reached,",NA,"410",NA
"including jobs for an additional 123,000 to 400,000 workers.",NA,"701",NA
"Supporting the growing China market",NA,"H",NA
"To support the inbound tourist market from China, the Morrison Government will provide $11 million over the next four years to continue the Approved Destination Status (ADS) scheme, which allows Chinese tourists to travel to Australia in guided groups.",NA,"410",NA
"Australia’s position as one of the first western destinations to be granted ADS status gave it a strong start in marketing its tourism product to China.",NA,"410",NA
"It means Tourism Australia can market directly to China; currently, about 24 per cent of Chinese leisure tourists are ADS tourists.",NA,"410",NA
"The Liberal-National Government is also investing $3 million in a new campaign in China to lure more high-spending, independent and repeat travellers to more areas of Australia.",NA,"410",NA
"China is Australia’s number one inbound market (currently worth $11.5 billion), having grown 12 per cent in  12 months.",NA,"410",NA
"In the year ending December 2018, Australia attracted more than 1.4 million Chinese visitors.",NA,"410",NA
"Improving Australia’s tourism visa and arrival systems",NA,"H",NA
"The Morrison Government will invest in improving the visitor visa processing and arrival process into Australia by working closely with the tourism industry, domestic agencies and international partners.",NA,"303",NA
"We will streamline and automate the visa application process using the very latest and most sophisticated digital technology.",NA,"303",NA
"Under the Morrison Government, all tourists to Australia can expect a faster, fully digital and secure visa application process.",NA,"303",NA
"We have installed next generation arrival SmartGates in two airports and will progressively roll them out to all major Australian international airports, ensuring a speedier arrival into Australia.",NA,"303",NA
"To remain internationally competitive in tourist and visitor visas, we will commission a review to benchmark Australia's visa settings against our major competitors in international tourism, as well as identify areas for improvement.",NA,"303",NA
"Better transport infrastructure",NA,"H",NA
"The Morrison Government’s comprehensive plan to upgrade Australia’s transport infrastructure will improve international visitor experiences and increase the nation’s capacity to accommodate overseas tourists.",NA,"411",NA
"The Morrison Government has committed around $30 billion for major tourism-related infrastructure including airports, roads and rail.",NA,"411",NA
"This funding includes $10 billion for Queensland’s Bruce Highway, $400 million to improve the safety and efficiency of the principal link between northern and southern Tasmania and  $330 million for the Outback Way across the Northern Territory, Queensland and Western Australia.",NA,"411",NA
"Indigenous tourism",NA,"H",NA
"Indigenous Tourism has huge potential to create and develop more Indigenous businesses that can support jobs, especially in remote areas where economic activity is limited.",NA,"607.3",NA
"According to Tourism Australia, 15 per cent (1.3 million people) of international visitors undertake an Indigenous tourism experience.",NA,"607.3",NA
"The Morrison Government has committed $85 million for an Aboriginal Art and Cultures Gallery in Adelaide and, as part of the tourism icons program, we’re also supporting local Indigenous communities and culture with our funding to Freycinet National Park and the Wangetti Trail.",NA,"607.3",NA
"Building on this success, and our Indigenous Entrepreneurs Fund, the Morrison Government will provide a $40 million Indigenous tourism fund as part of the Indigenous Advancement Strategy (IAS).",NA,"607.3",NA
"Each year, $10 million of IAS funding will be focused on increasing the number of Indigenous owned and operated tourism enterprises, particularly in remote areas.",NA,"607.3",NA
"This fund will support new or expanding Indigenous businesses to purchase capital assets like a vehicle, boat or an accommodation facility to help break down typical barriers for Indigenous entrepreneurs.",NA,"607.3",NA
"The funding will also support tourism planning work with Indigenous communities and entrepreneurs who are pursuing tourism opportunities.",NA,"607.3",NA
"It’s a great new complement to Tourism Australia’s Discover Aboriginal Experiences program – and will also help Indigenous businesses participate in other initiatives such as Tourism Australia’s Signature Experiences of Australia program.",NA,"607.3",NA
"Supporting small and family tourism businesses",NA,"H",NA
"One in eight Australian businesses are tourism businesses and almost 90 per cent of them have a turnover under $2 million.",NA,"402",NA
"These businesses will benefit from the Morrison Government’s tax reforms, including a reduction in the business tax rate to 25 per cent, an increase in the threshold for the instant asset write-off from $25,000 to $30,000 and expansion of its coverage.",NA,"402",NA
"The Morrison Government will also ensure small business is paid on time by big business and government and will increase access to finance with a new $2 billion Australian Business Securitisation Fund.",NA,"403",NA
"THE CHOICE",NA,"H",NA
"Labor dismisses Australia’s vital tourism sector.",NA,"410",NA
"Under Labor, funding for Tourism Australia flat-lined, job growth in the sector was slow",NA,"701",NA
"and the number of international visitors and their expenditure was weak.",NA,"410",NA
"Labor’s plans to impose an additional $387 billion of taxes on the Australian economy would have dire consequences for tourism.",NA,"403",NA
"Many small and family tourism businesses will be hit hard.",NA,"410",NA
"Labor’s Retiree Tax would reduce the disposable income of over 900,000 Australians while their union-led restrictions on working holiday-makers would hurt the regions.",NA,"702",NA
"Labor’s attack on grey nomads",NA,"H",NA
"Australians over 65 account for 15 per cent of all domestic overnight travellers – with 15.6 million trips during the year ending September 2018 and spending of $9.8 billion.",NA,"403",NA
"Over 65s make 42 million day trips in Australia annually, spending $3.7 billion.",NA,"403",NA
"Labor’s devastating Retiree Tax is a $57 billion tax grab that would hit over 1 million Australians.",NA,"403",NA
"This includes more than 900,000 Australians with direct shareholdings, 200,000 self-managed super funds and 1,800 super funds.",NA,"403",NA
"On average, these retirees would lose almost $2,300 a year – and more than half of them are women. Self-managed super funds would lose $12,000 a year.",NA,"403",NA
"Labor claims their Retiree Tax will only slug the wealthy, but the truth is that 84 per cent of Australians who would be affected are on a taxable income of less than $37,000. And 50,000 pensioners in self-managed super funds would also be hit.",NA,"403",NA
"Labor restrictions on working holiday-makers will hurt regional Australia",NA,"H",NA
"Labor and the ACTU’s plan to abandon the second year working holiday visa would remove over 36,000 Working Holiday visa holders from the economy.",NA,"410",NA
"This is yet another union-driven Labor policy that will damage regional businesses and communities.",NA,"702",NA
"AUSVEG understands the important contribution of backpacker visitors under the Working Holiday Maker program.",NA,"410",NA
"The peak national body supports our changes that are backing in the farming sector and regional economies.",NA,"410",NA
"“Backpackers are an established source of labour for Australian farmers, and allowing them to work for longer periods at a single farm will help our growers retain a more stable workforce throughout the year.” AUSVEG CEO James Whiteside",NA,"410",NA
"Labor’s taxes are bad for business. First, Labor's new taxes would directly hit small business.",NA,"403",NA
"Second, a Shorten Labor Government would be the highest taxing government in Australia’s history.",NA,"403",NA
"Our economy would be weakened under Labor, making it a harder for small businesses to get ahead.",NA,"403",NA
"COST",NA,"H",NA
"The Coalition’s plan to back Australian tourism and jobs will not place additional costs on the Budget.",NA,"410",NA
"Our Plan to Keep Australians Safe Online",NA,"H",NA
"KEY POINTS",NA,"H",NA
"Keeping Australians safe is the Morrison Government’s first priority.",NA,"605.1",NA
"The online world brings with it the ability to connect with people all over the world as never before. But with these opportunities come new threats and challenges.",NA,"605.1",NA
"The Morrison Government is committed to a safer online environment for all Australians, including families and children.",NA,"605.1",NA
"The online world is no longer an optional extra in people’s lives.",NA,"605.1",NA
"The online world should not be an ungoverned space.",NA,"605.1",NA
"The targets of online abuse and bullying should not be forced offline.",NA,"605.1",NA
"Instead, technology platforms, governments and other users must all play a part in making the internet safe.",NA,"605.1",NA
"It is why we have taken action to crack down on online predators as well as giving parents and carers the information and support they need to ensure their children’s safety in the online world.",NA,"605.1",NA
"We understand that Australians expect the laws and standards of behaviour that apply in the physical world should apply equally in the online world.",NA,"605.1",NA
"A re-elected Morrison Government will:Support parents and carers to raise children who are responsible, resilient and respectful online as well as offline, by investing in new ideas to educate children about online safety, developing resources for parents, providing support for victims of cyberbullying, and increasing research.",NA,"605.1",NA
"We will give parents more control over what their children see and do online, including by ensuring that online products marketed to children default to the most restrictive privacy and safety settings.",NA,"605.1",NA
"Protect Australians from predators and abusive and illegal content, by introducing a new Online Safety Act, toughening penalties for online abuse and harassment, and supporting women’s online safety.",NA,"605.1",NA
"Hold social media platforms and other technology firms to account so they put in place protections for their Australian users, including by mandating transparency reports from the major social media platforms, strengthening obligations for faster take-down and blocking of illegal extremist content, and establishing an Online Safety Charter laying out the Government’s expectations, on behalf of families and the community, of digital platforms.",NA,"605.1",NA
"Work with the international community to prevent the internet and online world being weaponised by terrorists, including working through the G20 with technology firms to eliminate the ability of terrorists to use digital platforms to encourage, normalise, recruit, facilitate or commit terrorist and violent acts.",NA,"605.1",NA
"Only the Morrison Government has a comprehensive plan to keep Australians safe in both the physical and online world.",NA,"605.1",NA
"OUR RECORD",NA,"H",NA
"The Government has been at the forefront of online safety regulation and has increased its investment in online safety each and every year in response to emerging issues and growing awareness.",NA,"605.1",NA
"We have changed the law to give greater protection to law-abiding citizens and to punish the creeps and crooks that seek to do them harm.",NA,"605.1",NA
"The Morrison Government has provided funding for eSafety in excess of $100 million over four years.",NA,"605.1",NA
"The Government has led the world in online safety.",NA,"605.1",NA
"In 2015 the Coalition established the world’s first Office of the Children’s eSafety Commissioner to help protect Australian children from cyberbullying and to take a national leadership role in online safety for children through education, advice and enforcement.",NA,"605.1",NA
"In 2015 the Coalition legislated the world’s first kids’ cyberbullying material take-down regime, giving the eSafety Commissioner the power to direct social media organisations to take down materials and issue end-user notices to individuals.",NA,"605.1",NA
"Failure to comply with these measures can lead to fines of up to $21,000 for an individual and up to $105,000 for a corporation, per day.",NA,"605.1",NA
"In 2016 the Government legislated to extend the remit of the Office of the eSafety Commissioner to cover all Australians in light of the office’s expanded responsibility.",NA,"605.1",NA
"In 2019 the Government legislated tough new penalties for online platforms that fail to remove abhorrent violent material in a reasonable time, providing protection for Australians, particularly children, from seeing violent crimes online.",NA,"605.1",NA
"National Online Safety Awareness campaign",NA,"H",NA
"The Morrison Government launched a National Online Safety Awareness campaign to coincide with the National Day of Action against Bullying and Violence on 15 March 2019.",NA,"605.1",NA
"This campaign is boosting awareness of resources available to young people, parents and teachers to help children stay safe online and to assist those who experience harm online.",NA,"605.1",NA
"The eSafety Office has a range of online and educational tools and resources, as well as reporting mechanisms and support services for victims, to help keep Australian children safe online.",NA,"605.1",NA
"Parents, children and teachers need to know they can go to the Office of the eSafety Commissioner for help if things go wrong online.",NA,"605.1",NA
"You can find more information at esafety.gov.au.",NA,"605.1",NA
"Image Based Abuse legislation",NA,"H",NA
"In 2018 the Government passed legislation which gives the eSafety Commissioner additional powers to combat image-based abuse, including revenge porn, by issuing ‘removal notices’ to websites, content hosts and social media providers.",NA,"605.1",NA
"There are civil and criminal penalties, including fines of up to $525,000 for platforms and $105,000 for individuals and jail time of up to seven years for aggravated offence.",NA,"605.1",NA
"The eSafety Commissioner can issue ‘take-down’, ‘service-cessation’ and ‘link-deletion’ notices to remove prohibited content or block access to prohibited services, such as child pornography and content advocating terrorism.",NA,"605.1",NA
"eSafety Women program",NA,"H",NA
"Technology facilitated abuse is an emerging issue for women, particularly vulnerable groups and those suffering from family, domestic or sexual violence.",NA,"605.1",NA
"The Coalition Government has funded the eSafety Women program through the Office of the eSafety Commissioner.",NA,"605.1",NA
"This program provides face-to-face workshops and online training for domestic and family violence front line workers, giving them the skills and confidence to better assist women experiencing technology-facilitated abuse.",NA,"605.1",NA
"The eSafety Women website provides a range of resources to empower women to take control and use technology positively to safeguard themselves and their children.",NA,"605.1",NA
"Supporting Parents and Families",NA,"H",NA
"A National Approach",NA,"H",NA
"The Government will work with states and territories to develop national principles and a consistent approach to combatting criminal cyber-bullying and online harassment.",NA,"605.1",NA
"This work would seek to address inconsistencies between approaches to criminal cyberbullying across Australia and include further work on a ‘right to be forgotten’ for victims of cyberbullying and abuse.",NA,"605.1",NA
"Further investments for research, awareness and grants for NGOs",NA,"H",NA
"Through the $17 million ‘Keeping Our Children Safe Online’ package, we are committing additional resources to support parents, teachers and carers of children under 5, funding a new online safety research program, an annual national eSafety survey, a national awareness campaign and the development of the Online Safety Charter.",NA,"605.1",NA
"We will invest $10 million for a new Online Safety Grants Program to enable non-government organisations (NGOs) to deliver practical online safety education and training projects.",NA,"605.1",NA
"Putting parents in control of what children see and do online",NA,"H",NA
"Too often games and apps marketed to children present unnecessary risks – such as inappropriate advertising, automatic in-app purchases and allowing personal information to be shared online without parental supervision.",NA,"605.1",NA
"We believe that parents are the best people to decide what their children should be allowed to do online but many apps and games make it too hard to make those decisions.",NA,"605.1",NA
"The Morrison Government will work with technology firms (including social media platforms, app stores and ISPs) so that they:Make devices and services that are marketed to children default to the most restrictive safety and privacy settings at initial use or set up.",NA,"605.1",NA
"Make available to domestic consumers the option of a filtered internet service that, at a minimum, blocks access to sites identified by the eSafety Commissioner.",NA,"605.1",NA
"Ensure that information regarding online safety and parental control settings is available at all points in the supply chain including point-of-purchase, registration, account creation and first use.",NA,"605.1",NA
"We will take legislative action if necessary.",NA,"605.1",NA
"Keeping children safe is a necessity, not an optional extra.",NA,"605.1",NA
"Digital Pen Licence Review",NA,"H",NA
"A re-elected Morrison Government will conduct an independent review of programs designed to assess children’s online safety skills – including Digital Licences and other tools.",NA,"605.1",NA
"Equipping our children and young people with the knowledge and practical skills they need to be safe online is critical.",NA,"605.1",NA
"There are a number of organisations doing good work in this space.",NA,"605.1",NA
"The review will look at the existing products available in the market.",NA,"605.1",NA
"It will consider whether the current online safety training and testing tools are effective, and bring forward suggestions for any improvements that might be needed.",NA,"605.1",NA
"The review will also look at what makes a good competency-based program for teaching children these essential online skills – putting digital licences in the context of a suite of tools available to parents and educators.",NA,"605.1",NA
"The review will be finalised in 2019.",NA,"605.1",NA
"Protecting Australians",NA,"H",NA
"A new Online Safety Act",NA,"H",NA
"The Morrison Government will introduce a new Online Safety Act to consolidate regulatory arrangements and update them in light of changes in the digital environment.",NA,"605.1",NA
"The Briggs Review, tabled in Parliament in February 2019, found that the world-leading initiative of the Office of the eSafety Commissioner has achieved much success since it was established in 2015.",NA,"605.1",NA
"The Briggs Review made five recommendations, including the key proposal for a single, consolidated piece of online safety legislation, and including greater transparency and reporting requirements for industry.",NA,"605.1",NA
"The Government is committed to ensuring the best online safety arrangements and making the legislative framework the world’s best.",NA,"605.1",NA
"Tougher penalties",NA,"H",NA
"To send a clear message to criminals and predators that their actions online will not be tolerated, a Morrison Government will toughen penalties for online abuse and harassment.",NA,"605.1",NA
"This will also allow the courts to impose penalties in line with community expectations that online crime should be treated as seriously as offline crime.",NA,"605.1",NA
"We will increase maximum penalties for those using a carriage service to menace, harass or cause offence under section 474.17 of the Criminal Code Act 1995 from three years’ imprisonment to five years' imprisonment.",NA,"605.1",NA
"In the last Parliament we also tried to pass increased penalties for criminal behaviour online.",NA,"605.1",NA
"The Crimes Legislation Amendment (Sexual Crimes Against Children and Community Protection Measures) Bill 2017 stalled in the Senate because the Labor Party opposes mandatory minimum sentences for child sex offences.",NA,"605.1",NA
"A re-elected Morrison Government will re-introduce this Bill which will increase penalties for certain offences including:Increased maximum penalties for a range of child sex offences, including offences that cover ‘grooming’, sexual activity with a child outside Australia, and using a carriage service to transmit indecent communication to a child.",NA,"605.1",NA
"Setting mandatory minimum sentences for certain child sex offences, including:Using a carriage service for child abuse material, engaging in sexual activity with a child using a carriage service and engaging in sexual activity (other than sexual intercourse) with a child overseas.",NA,"605.1",NA
"Establishing new ‘aggravated’ offences and sentencing for the worst categories of crime, including aggravated offences for sexual intercourse or other sexual activity with a child outside Australia and offences involving conduct on 3 or more occasions and 2 or more people.",NA,"605.1",NA
"We will add an offence of providing electronic services to facilitate dealings with child abuse material.",NA,"605.1",NA
"Currently, the Code does not specifically criminalise the provision of electronic services (e.g. websites or chat fora, often hosted on the dark web) to facilitate online dealings with child abuse material.",NA,"605.1",NA
"This amendment will make it an offence for a person to provide an electronic service with the intention that the service will be used for access to child abuse material.",NA,"605.1",NA
"We will add an offence of ‘grooming’ third parties using the post or a carriage service to procure children for sexual activity.",NA,"605.1",NA
"The new offences will criminalise the transmission of communications (using the post or a carriage service) to a third party who is not the child victim, with the intention of making it easier to procure a specific child for sexual activity.",NA,"605.1",NA
"Preventing and Reducing Violence against Women",NA,"H",NA
"Preventing and reducing violence against women has been a priority for the Morrison Government.",NA,"605.1",NA
"Research has indicated that 98 per cent of domestic violence workers have stated they have had clients who had experienced technology-facilitated stalking and abuse.",NA,"605.1",NA
"In recognition of this particular issue, the Government will work with the states and territories to ensure that police and other frontline workers are equipped to respond quickly to incidents of online harassment and abuse.",NA,"605.1",NA
"Under the Fourth Action Plan to Reduce Violence against Women and their Children, a Morrison Government will:Invest $1.5 million for the Office of the eSafety Commissioner to provide targeted advice to help women with an intellectual disability and/or communication difficulties to identify and report online abuse, and to enable the safety features on their devices and online accounts.",NA,"605.1",NA
"Research indicates that women with an intellectual disability are more vulnerable to technology-facilitated abuse.",NA,"605.1",NA
"The program will also include training for domestic and family violence frontline workers.",NA,"605.1",NA
"Provide up to $2.5 million for the Office of the eSafety Commissioner to work with and assist Aboriginal and Torres Strait Islander women in communities across Australia to identify, report and protect themselves and their children from technology-facilitated abuse.",NA,"605.1",NA
"The program will develop a range of culturally appropriate resources for frontline workers to help them identify, understand and report technology-facilitated abuse, and ultimately empower the women they support to be safe online.",NA,"605.1",NA
"Holding Social Media Platforms and other Technology Companies to Account",NA,"H",NA
"If we don’t know the scale of a problem, we can’t address it properly.",NA,"605.1",NA
"A Morrison Government will mandate transparency reports from the major social media platforms on the number and type of response to reports and complaints about illegal abusive and predatory content by their users.",NA,"605.1",NA
"We will align this work with the work already undertaken by the UK Government as part of their Online Harms White Paper process, including their draft transparency reporting template, to ensure a consistent approach across jurisdictions.",NA,"605.1",NA
"This work will build on the Government’s action in the wake of the Christchurch attack to strengthen obligations for faster take-down and blocking of illegal extremist content.",NA,"605.1",NA
"The Morrison Government has created and passed into law two new offences:Making it a criminal offence for social media platforms not to remove abhorrent violent material expeditiously.",NA,"605.1",NA
"A failure to do so would be punishable by fines of up to 10% of the platform's annual turnover or potential prison sentences for executives.",NA,"605.1",NA
"Requiring social media platforms anywhere in the world to notify the AFP if they become aware their service is streaming abhorrent violent conduct that is happening in Australia.",NA,"605.1",NA
"A failure to do this will be punishable by fines of up to $168,000 for an individual or $840,000 for a corporation.",NA,"605.1",NA
"Online Safety Charter",NA,"H",NA
"The Morrison Government expects large technology firms and digital platforms to do more to ensure online safety, particularly for children.",NA,"605.1",NA
"While online safety will always be a shared responsibility, some social media and messaging services (among others) fall short of expectations, and are exposing our community to abusive conduct and harmful content.",NA,"605.1",NA
"A draft Online Safety Charter was released in February 2019, seeking public comments and feedback.",NA,"605.1",NA
"A finalised Charter will set out expectations for industry to reduce online harm.",NA,"605.1",NA
"The finalised Charter will inform digital platforms of the Government’s expectations on behalf of the community and, where necessary, will be given legislative backing.",NA,"605.1",NA
"Social Media Platforms Taskforce",NA,"H",NA
"A re-elected Morrison Government will continue working with the Taskforce established by the Prime Minister in March 2019 in response to the terrorist attack in Christchurch, livestreamed online by the perpetrator.",NA,"605.1",NA
"The Taskforce has representatives of the social media platforms and internet service providers working with key government agencies to identify and implement practical measures to see offensive, violent and illegal material identified more quickly and taken down faster and with greater transparency.",NA,"605.1",NA
"The key areas of focus are:",NA,"605.1",NA
"Prevention and protection – including detecting, blocking, and instantaneous and faster takedown options for violent terrorist material.",NA,"605.1",NA
"Transparency – improving transparency of the actions taken by platforms and ISPs in relation to violent terrorist material.",NA,"605.1",NA
"Deterrence – enhancing responsibility for the upload and distribution of violent terrorist material by individuals, platforms and ISPs.",NA,"605.1",NA
"The work of the Taskforce will be considered in the development of new mandatory transparency requirements, and the online Safety Charter, to be introduced by a Morrison Government.",NA,"605.1",NA
"Consumer Privacy",NA,"H",NA
"A re-elected Morrison Government will develop amendments to the Privacy Act 1988 to protect Australians’ privacy online and ensure that social media companies and online platforms do not misuse personal information they collect, particularly about children.",NA,"605.1",NA
"We will introduce increased penalties for all entities covered by the Privacy Act from the current maximum penalty of $2.1 million for serious or repeated breaches to the greatest of $10 million, three times the value of any benefit obtained through the misuse of information or 10 per cent of a company’s annual domestic turnover.",NA,"605.1",NA
"The Office of the Australian Information Commissioner (OAIC) will be given new infringement notice powers backed by new penalties of up to $63,000 for bodies corporate and $12,600 for individuals for failures to cooperate with efforts to resolve minor breaches.",NA,"605.1",NA
"The Information Commissioner will create a privacy code specifically targeted at social media companies and online platforms.",NA,"605.1",NA
"The code will expand on and strengthen requirements that are already in place to protect individuals’ privacy in the Privacy Act.",NA,"605.1",NA
"We will also require that social media companies stop using or disclosing an individual’s personal information upon request and establish specific rules to protect the personal information of children and other vulnerable groups.",NA,"605.1",NA
"The OAIC will also be able to ensure breaches are addressed through external reviews and/or the requirement that organisations publish notices about specific breaches and ensure that those directly affected are informed.",NA,"605.1",NA
"To the extent that social media and online platforms may already have these additional protections in place, the Government’s reforms will ensure those protections are legally enforceable in Australia under the Privacy Act with penalties for non-compliance.",NA,"605.1",NA
"Digital Platforms Regulation Inquiry",NA,"H",NA
"Digital platforms are where many Australians consume their news and current affairs.",NA,"605.1",NA
"They have become primary destinations for many Australians to seek and access a variety of information.",NA,"605.1",NA
"Digital platforms have also become key players in the advertising market, which has had implications for traditional media platforms.",NA,"605.1",NA
"A re-elected Morrison Government will conduct a Senate Committee Inquiry into digital platforms, their role as publishers and the need for further regulation.",NA,"605.1",NA
"This inquiry will include an examination of the provisions of the Criminal Code Amendment (Sharing of Abhorrent Violent Material) Act 2019 to consider whether refinements are necessary.",NA,"605.1",NA
"This will build on the findings and recommendations of the world-leading ACCC Digital Platforms inquiry, which is due to deliver its final report in June.",NA,"605.1",NA
"Working with the International Community",NA,"H",NA
"A re-elected Morrison Government will re-double efforts through the G20 to fight exploitation of the internet for terrorist purposes, including by working with the private sector to remove terrorist content. This will put the 2017 Hamburg G20 Leaders’ Statement on Counter-Terrorism into action.",NA,"104",NA
"The notion of the law applying equally online and offline was an underlying principle of that statement.",NA,"104",NA
"A re-elected Morrison Government will work with G20 Leaders at the June 2019 Osaka Summit to ensure technology firms meet obligations regarding:Prevention and protection: working with and ensuring that industry implements prevention measures, including appropriate filtering, detecting and removing of content by those who encourage, normalise, recruit, facilitate or commit terrorist and violent activities;",NA,"104",NA
"Transparency: the public is entitled to know, in detail, what technology firms are doing to monitor illegal and extremist content, how they manage reports of such content, and the number of types of complaints; and",NA,"104",NA
"Deterrence: work with G20 Leaders to ensure that there are clear consequences not only for those who carry out such horrific acts, but for those who facilitate them.",NA,"104",NA
"Through this initiative the global community of governments and technology firms can work together to keep our communities, particularly our young people, safe.",NA,"104",NA
"Cyber Security",NA,"605.1",NA
"In addition to the work we are investing in through the Office of the eSafety Commissioner we will also invest $26 million to expand the role of the Australian Cyber Security Centre to help businesses and families address cyber security issues and help to support the wider Australian economy.",NA,"605.1",NA
"This includes:Developing a comprehensive online cyber security training program, which focusses on providing practical cyber advice for small businesses, older Australians and Australian families.",NA,"605.1",NA
"This will help them to avoid becoming victims of increasingly sophisticated cyber criminals, especially in relation to online transactions, identity theft and internet banking.",NA,"605.1",NA
"Expanding the ACSC’s 24/7 hotline for reporting cyber security incidents to include a dedicated helpdesk for small and medium sized businesses, older Australians and families.",NA,"605.1",NA
"Evidence suggests that 43 per cent of cyber attacks cost small businesses on average $10,000 per attack and that they have limited knowledge and capacity to protect themselves or recover after a cyber security incident.",NA,"605.1",NA
"The help desk will employ specially trained staff who can provide tailored technical cyber security advice for these groups, including advice that prevents, and responds to, cyber security incidents.",NA,"605.1",NA
"The help desk will provide free advice and support to those recovering from a malicious cyber incident – such as data breaches, scams, fraud and identity theft – to equip them to get back on line.",NA,"605.1",NA
"THE CHOICE",NA,"H",NA
"Only the Coalition can be trusted to do what is necessary to keep Australians safe online.",NA,"605.1",NA
"We know that online safety requires a whole-of-community approach where resources are made available to parents and carers, to teachers and early childhood educators and to the end users themselves.",NA,"605.1",NA
"We know that industry has the resources and technological capability to address many of the problems found online.",NA,"605.1",NA
"What has been sometimes lacking is the will.",NA,"605.1",NA
"The Labor Party will tell you that they care about online safety too.",NA,"605.1",NA
"But Labor shadow minister Ed Husic has said that the powers that allow security agencies to access encrypted communications of criminals and terrorists are “terrible laws”.",NA,"605.1",NA
"In the last Parliament we also tried to pass increased penalties for criminal behaviour online. The Crimes Legislation Amendment (Sexual Crimes Against Children and Community Protection Measures) Bill 2017 stalled in the Senate because the Labor Party opposes mandatory minimum sentences for child sex offences.",NA,"605.1",NA
"It was the Morrison Government that acted quickly to stop social media platforms being weaponised by terrorists in the wake of the Christchurch attack, passing the Criminal Code Amendment (Sharing of Abhorrent Violent Material) Act 2019, to limit the spread of extremist terrorist material online.",NA,"605.1",NA
"The Morrison Government will continue working to keep Australians safe – online and on the street.",NA,"605.1",NA
"COST",NA,"H",NA
"The Morrison Government’s Plan to Keep Australians Safe Online will not place additional costs on the Budget.",NA,"605.1",NA
"Our Plan for a Stronger Manufacturing Sector",NA,"H",NA
"KEY POINTS",NA,"H",NA
"Our traditional industry sectors have consistently supported the Australian economy,",NA,"410",NA
"creating jobs and being a source of livelihood for so many families.",NA,"701",NA
"Driving all our industries forward, including traditional sectors like manufacturing, is central to the Morrison Government’s economic plan.",NA,"410",NA
"Manufacturing remains a key part of the Australian economy, employing hundreds of thousands of Australians and contributing tens of billions in annual exports.",NA,"701",NA
"Due to our strong economic management, manufacturing under the Liberal Nationals has experienced 32 consecutive months of stable or expanding conditions according to the Australian Industry Group.",NA,"403",NA
"And the value of Australia’s manufacturing exports has grown by around 23 per cent since 2013, compared to a 13 per cent decline when Labor was last in government.",NA,"410",NA
"There is significant potential to grow the sector, with the Advanced Manufacturing Growth Centre estimating the sector could capture growth of 25 - 35 per cent by 2026.",NA,"410",NA
"But our manufacturing sector will only expand if it can compete with the rest of the world.",NA,"410",NA
"This means we need to prepare manufacturing for the future and establish the right policies to make Australia an easy environment for manufacturers to invest, export, embrace new technologies and develop high value products.",NA,"410",NA
"The Morrison Government will deliver a stronger manufacturing sector by:Growing exports by Australian manufacturers including by delivering more free trade agreements and supporting an Australian Made export campaign to give our manufacturers a bigger edge in overseas markets.",NA,"410",NA
"Supporting manufacturers to modernise and grow through a new Manufacturing Modernisation Fund, support for science, technology and commercialisation, and providing new opportunities in areas like space industry.",NA,"411",NA
"Delivering reliable and affordable energy to lower production costs with our Fair Deal on Energy, as well as gas market reforms and investments in business energy efficiency.",NA,"416.2",NA
"Ensuring Australia has a world-class skilled workforce that supports smarter manufacturing, including support for up to 80,000 new apprentices.",NA,"701",NA
"Providing better access to finance through our Australian Business Securitisation Fund and Australian Business Growth Fund.",NA,"410",NA
"Growing our sovereign defence industry and maximising opportunities for Australian involvement in our record $200 billion investment in Defence capability.",NA,"104",NA
"Maintaining a strong anti-dumping system to ensure a level playing field for our manufacturing businesses.",NA,"410",NA
"By contrast, Labor’s policies will weaken the manufacturing sector by making Australia a place in which it is harder to do business.",NA,"401",NA
"Labor wants to punish manufacturing and other traditional industries with their economy-wrecking emissions reduction targets that would drive up energy prices",NA,"412",NA
"and reduce manufacturing production.",NA,"410",NA
"Under Labor’s plan, scores of Australian firms including food processors and manufacturers of chemicals, building products and consumer goods will be forced to pay billions of dollars buying global carbon credits in order to comply with Labor’s reckless emissions reduction targets.",NA,"703.1",NA
"Labor’s workplace relations policies will put the unions back in charge while its trade policy will give trade unions a veto over our trade negotiations.",NA,"702",NA
"It’s a disastrous recipe that will drive Australian manufacturing jobs offshore, just like the last time they were in office when one in eight manufacturing jobs disappeared.",NA,"701",NA
"Labor’s past failures on manufacturing tell us they will not only fail to create manufacturing jobs, but Australian taxpayers will be left to pick up the bill.",NA,"701",NA
"Only the Morrison Government has a strong plan to continue to grow Australia’s manufacturing sector and other traditional industries.",NA,"410",NA
"OUR RECORD",NA,"H",NA
"Australian Manufacturing not only has a great history but an exciting future.",NA,"410",NA
"It employs hundreds of thousands of Australians, is a major export industry and contributes almost one quarter of our research and development expenditure.",NA,"410",NA
"The Advanced Manufacturing Growth Centre, an independent industry-led body established by the Liberal Nationals Government in 2015, has identified significant capacity for Australian manufacturing to grow: by reducing production costs, value-adding and accessing new global markets.",NA,"410",NA
"We have already taken major action to bolster manufacturing",NA,"410",NA
"and secure the jobs that so many Australian families rely on.",NA,"701",NA
"Our strong record includes: //Taking Australian manufacturing to the world",NA,"H",NA
"To ensure their growth, our manufacturers need to export and reach new markets.",NA,"410",NA
"In just five years, the Liberal Nationals Government has embedded Australia with the economic engines of our region.",NA,"410",NA
"We have concluded free trade agreements with China, Japan, Korea, the 10 economies of the Trans-Pacific Partnership (TPP-11) and the 10 countries of the Pacific Agreement on Closer Economic Relations (PACER Plus), as well as Indonesia, Peru and Hong Kong.",NA,"410",NA
"This is powering major opportunities, with manufacturing exports growing by around 23 per cent since 2013.",NA,"410",NA
"Lower taxes for small and medium businesses",NA,"H",NA
"We are reducing taxes so businesses can grow and employ more Australians.",NA,"701",NA
"We have fast-tracked tax cuts for around 3.3 million small and medium-sized Australian businesses with a turnover of less than $50 million, enabling them to invest in and invigorate their businesses.",NA,"402",NA
"We have also expanded the instant asset write-off to medium sized businesses and increased it to $30,000.",NA,"402",NA
"Investing in science, technology and commercialisation",NA,"H",NA
"For an even stronger future, Australian manufacturing must embrace advanced technologies to boost productivity and compete internationally.",NA,"411",NA
"Through initiatives like the $100 million Advanced Manufacturing Fund, $40 million Innovative Manufacturing CRC, $30 million Rail Manufacturing CRC, Entrepreneurs’ Program and Industry Growth Centres, our Government is supporting world class manufacturing facilities and fast-tracking commercialisation of new ideas in machinery, rail, food and other products.",NA,"411",NA
"Supporting the transition of the automotive sector",NA,"H",NA
"Due to our strong economic management, Australian manufacturing continues to thrive after the closure of Ford, Toyota and Holden.",NA,"411",NA
"Around 80 per cent of their former workers have successfully transitioned.",NA,"411",NA
"We have also supported businesses in the automotive supply chain to diversify into new opportunities such as defence industry through our $100 million Advanced Manufacturing Fund and $155 million Growth Fund, with over 70 per cent of these businesses still manufacturing.",NA,"411",NA
"OUR PLAN",NA,"H",NA
"Growing exports of Australian Made products",NA,"H",NA
"Australia’s future manufacturing growth is highly dependent on local businesses gaining access to new global markets and supply chains.",NA,"401",NA
"A re-elected Morrison Government will continue to remove trade barriers and increase support for manufacturing exports through a comprehensive range of measures, including:Delivering new trade deals, building on our record of increasing the total trade covered by free trade agreements from around 26 per cent to around 70 per cent.",NA,"401",NA
"This includes working to conclude trade negotiations with the European Union, regional markets via the Regional Comprehensive Economic Partnership and the four-nation Pacific Alliance (Mexico, Chile, Peru and Colombia) and the UK when they are ready to do so.",NA,"401",NA
"Supporting an Australian Made export campaign, with up to $5 million over the next four years to push the logo in Australia’s largest trading markets. Funding would support marketing and promotional campaigns to profile the logo as an export brand of Australia, making it even more valuable for manufacturers of food and beverages, pharmaceuticals, cosmetics, clothing and other products.",NA,"401",NA
"Funding will be used to support registration of trademarks for the logo in markets like the UK, European Union and Canada.",NA,"401",NA
"Providing support for promotional and marketing activities of exporters through the additional $60 million we are providing to the Export Market Development Grants Scheme (EMDG) over the next three years, bringing the total annual spend to $157.9 million.",NA,"401",NA
"The EMDG helps current and aspiring small to medium sized exporters to utilise free trade agreements and seek new offshore opportunities for their goods and services.",NA,"401",NA
"Rolling out our $20 million SME Export Hubs program to boost the export capability of businesses across the country, including manufacturers.",NA,"401",NA
"Continuing to provide export finance solutions for Australian exporters through Efic, as well as connecting Australian businesses with overseas opportunities and facilitating investment through Austrade.",NA,"401",NA
"Supporting manufacturing to modernise and grow",NA,"H",NA
"Australian businesses have long been world leaders, using cutting-edge technology and business processes.",NA,"411",NA
"Australian manufacturers need to continue to invest, innovate and modernise in order to develop new higher-value products, differentiate themselves in the market and prepare for the future, including for industry 4.0.",NA,"411",NA
"A re-elected Morrison Government will establish a new Manufacturing Modernisation Fund, with funding of $50 million from Government and at least $110 million from industry.",NA,"411",NA
"The Fund will provide grants to small and medium sized manufacturing businesses to modernise, grow and employ more Australians, particularly helping those manufacturers in regional and outer suburban Australia.",NA,"402",NA
"The Fund will support manufacturers to become more competitive",NA,"402",NA
"and create more jobs by co-funding capital investments that help them scale-up,",NA,"701",NA
"invest in new technologies and develop new high-value products.",NA,"411",NA
"$20 million would be provided for matched grants of between $50,000 and $100,000 for smaller scale technology and efficiency investments.",NA,"411",NA
"$30 million would be provided for larger-scale grants of up to $1 million, with a $3 co-contribution from industry for every $1 from government, to support more transformative investments in technologies and processes.",NA,"411",NA
"This builds on our continued investments in science, technology and commercialisation initiatives that provide new opportunities for manufacturing growth and competitiveness.",NA,"411",NA
"This includes our investment of $100 million in the Advanced Manufacturing Fund, the creation of the Advanced Manufacturing Growth Centre, support through the Entrepreneurs Program and $40 million for the Innovative Manufacturing Cooperative Research Centre.",NA,"411",NA
"It also includes new Cooperative Research Centres initiatives that support our world-leading researchers to collaborate with the manufacturing industry to develop new products and open up new markets:$55 million for the SmartSat CRC to develop new satellite and communications technologies.",NA,"411",NA
"$35 million for the Future Food Systems CRC to establish six regional and periurban food hubs around the country aimed at building export capability and value-adding to local produce.",NA,"411",NA
"$25 million for the Future Battery Industries CRC to expand production of critical minerals like lithium and develop opportunities for specialist battery manufacturing.",NA,"411",NA
"$20 million from the Cooperative Research Centres Projects grants program for industry-led research and development projects focused on developing new solutions to plastic waste and recycling.",NA,"411",NA
"Our investment in the Australian Space Agency will also provide new opportunities for manufacturing, with the space industry expected to grow to $12 billion",NA,"411",NA
"and create up to another 20,000 jobs by 2030.",NA,"701",NA
"Affordable and reliable energy",NA,"H",NA
"Secure, reliable and affordable energy is critical to all businesses – none more so than manufacturing.",NA,"412",NA
"As an energy-intensive industry, higher power costs would pose a significant risk to production.",NA,"412",NA
"The Morrison Government’s Fair Deal on Energy will deliver affordable, reliable 24/7 power.",NA,"412",NA
"It includes a price safety net that will help small businesses make empowered and informed decisions about their energy plan, supports reliable power by requiring energy companies to sign contracts guaranteeing enough energy to meet demand and backs investment to improve competition by underwriting new reliable energy generation – including investment in Snowy 2.0 and Battery of the Nation.",NA,"412",NA
"We will continue taking strong action to ensure gas prices go down and gas supply goes up.",NA,"412",NA
"This includes, through the Australian Domestic Gas Security Mechanism, ensuring there is enough gas for Australia before it is exported.",NA,"412",NA
"The Morrison Government will invest to improve the transparency, competitiveness and long-term security of gas supply – with $8.4 million to accelerate gas supplies from the Northern Territory to the east coast with the opening of the Beetaloo Sub-basin for exploration and development.",NA,"412",NA
"Small manufacturers can also benefit from our investment in the Energy Efficient Communities Program.",NA,"402",NA
"This will provide $50 million in more than 2,500 grants to eligible businesses and community organisations to help them save energy by either installing new equipment or by reviewing and improving their energy management.",NA,"402",NA
"Eligible small businesses will be able to claim grants of up to $20,000 and high energy-using businesses up to $25,000.",NA,"402",NA
"World-class skilled workforce",NA,"H",NA
"A highly-skilled workforce allows us to work smarter and more competitively on the global stage.",NA,"411",NA
"That’s why we are backing in vocational education and training (VET) as central to the growth of Australian businesses, particularly manufacturing.",NA,"411",NA
"We established the Skilling Australians Fund in 2017 to boost apprenticeships and traineeships across the country, including in manufacturing.",NA,"411",NA
"The Morrison Government is also investing $585 million in the VET sector to better equip Australians with the skills they need for today and tomorrow.",NA,"411",NA
"We are establishing a new Skills Shortage Payment to boost existing incentives for areas of identified skills needs to support up to 80,000 new apprentices over five years.",NA,"411",NA
"We are establishing a National Skills Commission to drive long-term reform of VET.",NA,"411",NA
"This will develop a nationwide approach to skills development, serving the needs of both students and industry.",NA,"411",NA
"Language, literacy, numeracy and digital skills are the foundation of employment.",NA,"411",NA
"To ensure all Australians have the skills they need for work, the Government will provide $62.4 million to establish a national program to deliver foundational skills training.",NA,"411",NA
"We will build on Questacon’s Engineering is Elementary pilot program by investing $6.2 million to roll out the program nationally.",NA,"411",NA
"This will provide training to 1,000 primary school teachers across all states and territories to give them the confidence and skills to teach engineering to school kids.",NA,"411",NA
"Growing our sovereign defence industry capabilities",NA,"H",NA
"We are investing over $200 billion over the next decade to modernise the Australian Defence Force and secure our nation.",NA,"104",NA
"This includes $90 billion for our continuous naval shipbuilding program, including the construction of the new Attack class submarines.",NA,"104",NA
"Our defence industry policies are ensuring local Australian businesses including manufacturers have more opportunities to benefit from this massive investment in Defence capability, ensuring we create Australian jobs",NA,"701",NA
"and a sovereign Australian defence industry.",NA,"104",NA
"The creation of a stronger, more resilient, and internationally competitive defence industry is maximising opportunities for Australian businesses to secure Defence contracts.",NA,"104",NA
"Tens of thousands of people and more than 3,000 small to medium enterprises are already employed in Australia’s defence industry.",NA,"104",NA
"The Morrison Government has launched the 2019 Defence Policy for Industry Participation, providing further opportunities for Australian companies to compete for work and drive the long-term development of Australia’s sovereign defence industry.",NA,"104",NA
"This policy builds on the success of the Government’s well-established Australian Industry Capability Program and Local Industry Capability Plan.",NA,"104",NA
"It also extends the requirement to include opportunities for Australian industry on all Defence procurements of $4 million, and above $7.5 million for construction.",NA,"104",NA
"Our $230 million Centre for Defence Industry Capability works closely with industry to help it take advantage of the unprecedented opportunities.",NA,"104",NA
"We released the first Australian Defence Industrial Capability Plan, which lays out how we will build the Defence industry Australia needs.",NA,"104",NA
"This includes a dedicated annual Sovereign Industrial Capability Priority grants program, providing up to $17 million to Australian small and medium enterprises to assist them to purchase essential equipment, such as enhancing cyber security, providing access to specialist training, or the ability to attain appropriate accreditations and certificates.",NA,"104",NA
"The Coalition Government’s Defence Export Strategy, Defence Export Advocate, $3.8 billion Defence Export Facility and $20 million annually in extra export promotion will help Australian defence industry market its capabilities to our friends and allies overseas for a sustainable Australian defence industry.",NA,"104",NA
"And we will continue to grow the Global Supply Chain program, giving Australian companies a foot in the door for greater access to global markets through the supply chains of defence prime companies.",NA,"104",NA
"Better access to finance",NA,"H",NA
"The Morrison Government will make it easier for aspiring and existing small and medium businesses – including manufacturers – to start and expand.",NA,"402",NA
"We understand that small businesses find it difficult to obtain finance other than on a secured basis.",NA,"402",NA
"And that small businesses that have already obtained secured finance but wish to continue to grow also find it difficult.",NA,"402",NA
"With access to finance a critical issue, the new $2 billion Australian Business Securitisation Fund will start on July 1 this year.",NA,"402",NA
"This fund increases small business access to competitive finance by providing more funding for small banks and non-bank lenders.",NA,"402",NA
"A re-elected Morrison Government will also establish the Australian Business Growth Fund by providing $100 million in funding and partnering with financial institutions to enhance equity financing to businesses with annual turnovers between $2 million and $50 million.",NA,"402",NA
"The fund will aim to expand to $1 billion as it matures.",NA,"402",NA
"Maintaining a strong anti-dumping regime",NA,"403",NA
"The Liberal Nationals Government has taken firm steps to protect Australian industries, particularly manufacturing, from the illegal dumping of cheap overseas products.",NA,"403",NA
"This includes:An extra $1.1 million per year for the Anti-Dumping Commission, taking its annual budget to over $12 million.",NA,"403",NA
"Improved assistance for small and medium Australian businesses.",NA,"403",NA
"Placing a greater onus on overseas businesses to cooperate with investigations.",NA,"403",NA
"Improving the anti-dumping merits review process.",NA,"403",NA
"Delivering more timely investigations.",NA,"403",NA
"The Morrison Government will continue to look for opportunities to strengthen Australia’s anti dumping regime following recent consultations we have undertaken with industry to ensure it delivers a level playing field while supporting business growth, employment and competitiveness.",NA,"403",NA
"THE CHOICE",NA,"H",NA
"The Morrison Government values our manufacturing industry and understands what is needed for continued growth.",NA,"410",NA
"We will work with the sector to support more exports,",NA,"401",NA
"reducing energy costs",NA,"412",NA
"and support modernisation and the development of new high-value products.",NA,"411",NA
"Labor is offering the opposite.",NA,"305.1",NA
"Under Labor’s policies, manufacturing will be hit by higher costs",NA,"412",NA
"and more red tape that will drive Australian manufacturing jobs offshore.",NA,"701",NA
"Australian manufacturers cannot afford Labor’s economy-wrecking emissions reduction targets which will:Cost the economy $472 billion.",NA,"410",NA
"Slash more than 336,000 jobs.",NA,"701",NA
"Cut the average wage by over $9,000.",NA,"701",NA
"Increase wholesale electricity prices by more than 58%.",NA,"412",NA
"Under Labor, Australian manufacturers will face costs that their international competitors do not.",NA,"403",NA
"In particular, scores of Australian manufacturers will be among the 250 Australian firms targeted by Labor to reduce their emissions by at least 45 per cent by 2030.",NA,"403",NA
"Those firms unable to make these emissions cuts will be forced to spend millions on foreign carbon credits damaging their competitiveness in fiercely contested export markets.",NA,"403",NA
"Given that a large share of manufacturing is located in regional Australia, the impact on employment in regional cities and towns will be severe.",NA,"403",NA
"Australia’s manufacturers cannot afford Labor’s export-damaging opposition to free trade.",NA,"401",NA
"A Shorten Labor Government has said it will give trade unions an effective veto over trade agreements.",NA,"702",NA
"Labor’s union MPs are already celebrating Labor’s decision to ‘reject’ trade agreements, including those already signed with Indonesia and Peru.",NA,"401",NA
"This will result in sectors like the Australian steel industry missing out on promised tariff cuts.",NA,"403",NA
"When Labor was last in government, they did not start and finish a single Free Trade Agreement.",NA,"401",NA
"Crucial negotiations with Korea, Japan and China foundered, as trade unions’ riding instructions outweighed the national interest.",NA,"702",NA
"Australian manufacturers cannot afford Labor’s regressive industrial relations policies which threaten a return to the industrial unrest of the 1970s.",NA,"403",NA
"Labor’s record proves their policies will drive manufacturing jobs offshore.",NA,"701",NA
"When Labor entered office in 2007 there were over one million manufacturing jobs. When they got booted out in 2013, the number had fallen to 922 000: 1 in 8 jobs disappeared.",NA,"701",NA
"While manufacturing has a bright future under the Morrison Government, Labor’s only plan is to offer taxpayer-funded subsidies to compensate for the damage they will do to the sector.",NA,"403",NA
"COST",NA,"H",NA
"The Morrison Government’s Plan for a Stronger Manufacturing Sector includes an additional $50 million for the Manufacturing Modernisation Fund and $5 million for the Australian Made campaign.",NA,"410",NA
"OUR PLAN TO PROTECT OUR BORDERS AND TO KEEP AUSTRALIANS SAFE",NA,"H",NA
"KEY POINTS",NA,"H",NA
"To keep Australians safe and secure",NA,"104",NA
"we need to keep our economy strong.",NA,"410",NA
"The Liberal and Nationals Government’s economic management underpins the investments needed to protect our borders and keep Australians safe.",NA,"104",NA
"We will not compromise our three proven border protection policies which have stopped the boats: regional processing, turn-backs where it is safe to do so, and temporary protection visas.",NA,"601.2",NA
"By sticking to our plan, the Liberal and National Government has ended the deaths at sea, nullified the threat from people smugglers and removed all children from detention.",NA,"605.1",NA
"By contrast, when the last Labor government dismantled our strong and effective policies, chaos erupted.",NA,"305.1",NA
"The human tragedy was immense - at least 1,200 deaths at sea and thousands of children languishing in detention.",NA,"201.2",NA
"When Labor was last in government:Over 50,000 illegal arrivals on over 800 boats.",NA,"601.2",NA
"There were 1200 deaths at sea (that we know of).",NA,"201.2",NA
"Over 8000 children were detained.",NA,"201.2",NA
"Seventeen onshore detention centres were opened.",NA,"201.2",NA
"Two offshore processing centres were opened.",NA,"201.2",NA
"Their border protection failures have cost taxpayers $16 billion and counting.",NA,"201.2",NA
"Under our strong border protection policies, we have:Ended the deaths at sea under Operation Sovereign Borders.",NA,"201.2",NA
"Closed 19 detention centres.",NA,"201.2",NA
"Removed all children from detention and from Manus and Nauru.",NA,"201.2",NA
"Successfully resettled or returned more than 1,250 people, including 38 children and their families under the US resettlement arrangement.",NA,"201.2",NA
"By closing detention centres, we returned $638 million to the Budget and reclaimed control of the refugee and humanitarian program from criminal syndicates.",NA,"104",NA
"We have increased Australia’s humanitarian intake to 18,750 in 2018-19, and welcomed to Australia an additional 12,000 persecuted minority refugees from the conflict in Syria and Iraq.",NA,"602.2",NA
"We have strengthened border security through the establishment of the Australian Border Force (ABF) Counter Terrorism Units and enhanced aviation security.",NA,"104",NA
"And by investing in better intelligence and technologies, such as Smartgates, we are making it easier for legitimate travellers and traders - and harder for criminal and security threats.",NA,"104",NA
"We are protecting the community from visa-holders who commit crimes by strengthening the character requirements of non-citizens - and with the mandatory cancellation of visas of non-citizens who commit serious crimes.",NA,"605.1",NA
"Our policies have restored public confidence in the integrity of our borders.",NA,"104",NA
"However, the threat from people smugglers and other criminals can never be dismissed.",NA,"104",NA
"A re-elected Liberal and Nationals Government will ensure Australia’s borders remain safe and secure by:Maintaining Operation Sovereign Borders to tackle people smuggling and irregular migration.",NA,"104",NA
"Sustaining the three vital pillars of secure borders: regional processing, boat turn-backs where it is safe to do so and temporary protection visas.",NA,"601.2",NA
"Repealing the reckless Labor-Greens ‘Medivac’ legislation, which undermines our strong border protection policies.",NA,"104",NA
"Investing in intelligence capability and technology to facilitate legitimate trade and travellers and deter the illicit, including drugs and firearms.",NA,"104",NA
"Continuing to ensure that dangerous foreign criminals who commit serious crimes will have their visa cancelled and be kicked out of Australia.",NA,"605.1",NA
"Strengthening the character test for foreign criminals even further to enable visa cancellations where a non-citizen has been convicted of a broader range of violent and sexual offences, even where the sentence is less than 12 months.",NA,"605.1",NA
"Changing the law to ensure terrorist fighters are prevented from returning to our shores until public safety can be assured.",NA,"605.1",NA
"OUR PLAN",NA,"H",NA
"Tackling people smuggling",NA,"H",NA
"Only the Liberal and Nationals Government guarantees to continue the successful Operation Sovereign Borders and its underpinning policies: regional processing, boat turn-backs where it is safe to do so and temporary protection visas.",NA,"601.2",NA
"People smugglers are determined to restart their vile trade and some never stopped.",NA,"104",NA
"Under Operations Sovereign Borders, 34 people smuggling boats have been intercepted or returned.",NA,"104",NA
"A further 80 planned ventures have been disrupted by joint operations with our security partners in the region.",NA,"104",NA
"The threat from people smuggling endures.",NA,"104",NA
"That’s why a strong border protection policy is vital to our country’s security.",NA,"104",NA
"Labor can’t be trusted to deliver.",NA,"305.1",NA
"Labor’s border chaos and dysfunction relinquished control to the people smugglers and tied our border and other agencies in knots.",NA,"104",NA
"This resulted in over 50,000 illegal arrivals on over 800 boats.",NA,"104",NA
"Tragically, under Labor’s policies, over 1200 people died at sea and over 8,000 children were put into detention.",NA,"201.2",NA
"And yet they have learned nothing.",NA,"305.1",NA
"Labor has already promised to dismantle our successful border policies",NA,"H",NA
"The Liberal and Nationals Government is determined not to let the people smugglers get back into business.",NA,"104",NA
"We will continue to work with our regional partners to combat people smugglers and disrupt irregular migration,",NA,"104",NA
"as well as provide targeted assistance through the nearly $40 million Regional Cooperation Agreement.",NA,"104",NA
"This commitment also helps ensure Australia delivers a humanitarian program that is targeted to those most in need of resettlement.",NA,"201.2",NA
"Labor and Greens forced ‘Medivac’ legislation through the Parliament giving asylum seekers easier access to Australia",NA,"601.2",NA
"and undermining our strong border protection policies.",NA,"104",NA
"Labor never learn their lesson, they are weak on border security.",NA,"104",NA
"Only a Liberal and Nationals Government guarantees to repeal this reckless legislation to ensure that the boats remain stopped.",NA,"601.2",NA
"Stronger borders, 24/7",NA,"H",NA
"The Liberal and Nationals Government is determined to keep Australia’s borders safe and secure, 24 hours a day, seven days a week.",NA,"104",NA
"We will continue to deliver the visa intelligence system to better protect Australia and promote migration with improved visa and citizenship decision-making.",NA,"602.2",NA
"Border and immigration data will be fused in real time, leading to identification of threats before they arrive at the border.",NA,"104",NA
"This is in addition to specialist counter-terrorism units (CTU) at Australia’s international airports.",NA,"104",NA
"CTUs assess and intercept inbound and outbound national security risks.",NA,"104",NA
"Already, the units have conducted more than 940,000 real time assessments, resulting in 2394 referrals to security agencies.",NA,"104",NA
"We have also responded to the failed terrorist attempt to down an A380 passenger jet departing from Sydney.",NA,"104",NA
"One of the most effective defences against terrorist threats to aviation is enhanced technology for screening passengers and baggage.",NA,"104",NA
"Our Government has directed airports to upgrade to new technology capable of detecting sophisticated explosive threats to aircraft.",NA,"104",NA
"A $50 million Regional Airport Security Screening Fund will support stronger security for regional travellers.",NA,"104",NA
"Stopping drugs and illicit tobacco",NA,"H",NA
"The Liberal and Nationals Government is increasing efforts to stop drugs and illicit tobacco at the border through the 10-year National Drugs Strategy.",NA,"605.1",NA
"We will boost law enforcement to counter the drug trade, particularly in methamphetamine (ICE) and opioids.",NA,"605.1",NA
"We will strengthen action against crime gangs that peddle these harmful drugs, with a renewed funding commitment to the National Anti-Gangs Squad.",NA,"605.1",NA
"Criminals use a variety of means to import illicit drugs, including the mail system.",NA,"104",NA
"Under the Liberal and Nationals Government, the Australian Border Force will receive $9.7 million to boost intelligence-backed screening of international mail.",NA,"104",NA
"With around 70 per cent of organised criminals who target Australia based off-shore, we need to work with our foreign partners.",NA,"104",NA
"In a first, the Liberal and Nationals Government established a special task force (Taskforce Blaze) between agencies in Australia and China.",NA,"104",NA
"Taskforce Blaze has seized more than 20 tonnes of drugs and precursors destined for Australia - including 7.8 tonnes of methamphetamine.",NA,"104",NA
"We are also tackling the trade in illicit tobacco.",NA,"104",NA
"We established the ABF-led Illicit Tobacco Taskforce (ITTF) and invested $70 million over four years to investigate, prosecute and dismantle organised crime syndicates and networks using the proceeds of illicit tobacco to fund other criminal activity.",NA,"104",NA
"Illicit tobacco reduces Commonwealth revenue by around $600 million a year - money that could be used to deliver essential services to the community.",NA,"104",NA
"Our policy is already working: last financial year the ABF made more than 110,000 detections of illicit tobacco at the border.",NA,"104",NA
"This included almost 240 million cigarettes and 217 tonnes of tobacco, worth more than $356 million in evaded duty.",NA,"104",NA
"Cancelling the visas of non-citizen criminals",NA,"H",NA
"The Liberal and Nationals Government has been highly successful in kicking foreign criminals out of Australia.",NA,"605.1",NA
"In total, the Government has cancelled the visas of over 4,400 non-citizen criminals, including 780 drug offenders, more than 1,300 violent offenders, 341 child sex offenders, 200 outlaw motorcycle gang members, 187 rapists and 84 murderers.",NA,"605.1",NA
"If re-elected, we will introduce new legislation to toughen the character test.",NA,"605.1",NA
"This will enable visa cancellations where a non-citizen has been convicted of offences involving violence against a person, weapons, breaching of an apprehended violence order (or similar) or non-consensual sexual acts, even when the sentence is less than 12 months.",NA,"605.1",NA
"This legislation will help keep the community safe from non-citizen criminals who have been convicted of violent and sexual crimes.",NA,"605.1",NA
"THE CHOICE",NA,"H",NA
"Only the Liberal and Nationals Government can be trusted to keep Australia’s border secure.",NA,"104",NA
"We have restored Australia’s border security, through Operation Sovereign Borders and the three core policies of regional processing,",NA,"104",NA
"turn-backs where it is safe to do so",NA,"601.2",NA
"and temporary protection visas.",NA,"201.2",NA
"We have restored vital resources to our border agencies, along with technology to enhance passenger screening and automation.",NA,"104",NA
"And we have worked steadfastly on community protections by strengthening the character requirements of visa holders and introducing the mandatory cancellation of visas of non-citizens who commit serious crimes.",NA,"605.1",NA
"In total, we have cancelled the visas of over 4,400 non-citizen criminals.",NA,"605.1",NA
"By contrast, Labor’s promise to dismantle our proven three pillars of border protection will hand control of our border back to the people smugglers.",NA,"605.1",NA
"Last time they were in government, Labor’s policies hamstrung our border and security agencies",NA,"104",NA
"and undermined public confidence in the migration program.",NA,"104",NA
"Labor hasn’t learnt their lesson and is seeking to return to these dangerous policies.",NA,"305.1",NA
"At every turn, Labor has sought to water down the Government’s laws to protect the Australian community.",NA,"605.1",NA
"In office, they would go further still.",NA,"305.1",NA
"Labor’s ‘Medivac’ legislation proves that they cannot be trusted with border protection.",NA,"104",NA
"Only the Liberal and Nationals Government has the necessary suite of proven policies to keep Australians safe and our borders secure.",NA,"305.1",NA
"Only the Liberal and Nationals Government will repeal Labor’s reckless ‘Medivac’ legislation.",NA,"104",NA
"You simply cannot trust Labor on border protection.",NA,"305.1",NA
"THE COST",NA,"H",NA
"The Liberal and Nationals Government’s plan for strong borders will not place additional costs on the Budget.",NA,"104",NA
"OUR PLAN FOR TRADE AND INVESTMENT",NA,"H",NA
"KEY POINTS",NA,"H",NA
"Since 2013, the Liberal and Nationals Government has pursued the most ambitious trade strategy in Australia’s history.",NA,"407",NA
"New export deals agreed since 2013 have given Australian exporters improved access to 1.76 billion consumers in the world’s largest and fastest growing economies.",NA,"407",NA
"The benefits of our trade strategy are also demonstrated by the fact that Australia has recorded 27 years of uninterrupted economic growth.",NA,"410",NA
"There is no accident or coincidence in this - our commitment to free trade and investment has driven economic growth.",NA,"410",NA
"More and more Australian businesses have seized the opportunities created by the Liberal and Nationals Government’s market opening efforts.",NA,"401",NA
"Record numbers of Australian businesses are now involved in exporting - nearly 52,000 in 2016-17, up 16.2 per cent since 2013-14.",NA,"407",NA
"With one in five Australians employed in trade-related employment, it is estimated that more than 240,000 trade-related jobs have been created in the last 5 years.",NA,"701",NA
"Increasing opportunities for Australian businesses to sell goods and services overseas forms a critical part of the Liberal and Nationals Government’s Plan to deliver a strong economy",NA,"401",NA
"and 1.25 million new jobs over the next five years.",NA,"701",NA
"The benefits for Australians are real, with Australian household incomes estimated to be an average of around $8,500 higher as a result of trade liberalisation.",NA,"407",NA
"The Liberal and Nationals Government is determined to create more opportunities for Australian exporters.",NA,"402",NA
"To achieve this, a re-elected Liberal and Nationals Government will:deliver an Exporters’ Package to further grow the number of Australian small and medium sized businesses selling their goods and services to the world, including the additional $60 million in this year’s Budget for the Export Market Development Grants (EMDG) Scheme, ongoing work with the Trusted Trader Program and a further 100 Free Trade Agreement (FTA) Seminars over the next term of Government;",NA,"402",NA
"boost the number of Australians employed as a result of trade by an extra 240,000 as part of our commitment to deliver 1.25 million new jobs over the next five years;",NA,"701",NA
"diversify our export markets by implementing the recently signed trade agreements with Indonesia, Peru and Hong Kong while simultaneously negotiating the agreements already underway and exploring new trade opportunities and addressing non-tariff barriers;",NA,"407",NA
"improve Parliamentary oversight of FTA negotiations by establishing a Ministerial Advisory Council for each new FTA and implementing a pilot for biannual briefings for the Trade Sub-Committee of the Joint Standing Committee on Foreign Affairs, Defence and Trade;",NA,"407",NA
"continue our strong defence of Australian exporters against unfair trading practices and play a leading role in strengthening the multilateral trading system;",NA,"407",NA
"build upon Austrade’s success in connecting Australian exporters with overseas customers and investors through digital platforms like Agriculture 4.0, by creating new platforms for other sectors; and",NA,"411",NA
"require Austrade and the Department of Foreign Affairs and Trade to jointly report annually on trade and investment activities, performance and outcomes by market.",NA,"303",NA
"Having already increased the number of Australian exporting businesses by 16 per cent, we will further boost the number of Australian businesses exporting from 52,000 businesses to 62,000 businesses during our next term of government.",NA,"407",NA
"In contrast, the number of exporting businesses actually fell when Labor was last in government.",NA,"407",NA
"The Liberal and Nationals Government will also continue our ambitious trade and investment agenda by working to ensure that around 90 per cent of Australia’s trade is covered by FTAs by 2022.",NA,"407",NA
"Labor’s weakness in the face of union demands will limit new opportunities for Australian exporters.",NA,"702",NA
"Under Bill Shorten, Labor is giving trade unions an effective veto over trade agreements,",NA,"702",NA
"refusing to honour agreements already signed by the Liberal and Nationals Government with Indonesia, Peru and Hong Kong and will try to renegotiate existing FTAs,",NA,"407",NA
"including the ones they signed, thus threatening the gains and certainty Australian exporters have secured under those agreements.",NA,"407",NA
"OUR RECORD",NA,"H",NA
"Since elected, the Liberal and Nationals Government has embedded Australia into the major economic engines of our region.",NA,"410",NA
"The Government has concluded export agreements with China, Japan, Korea, the 10 other economies of the Trans-Pacific Partnership (TPP-11), and the 10 other countries of the Pacific Agreement on Closer Economic Relations (PACER Plus) as well as Indonesia, Peru and Hong Kong.",NA,"407",NA
"Australian exporters now have duty-free or preferential access to 2.8 billion consumers around the world, up more than 1.76 billion since we came to office.",NA,"407",NA
"Australia’s free trade partners today account for more than 55 per cent of global GDP, or over $US44 trillion.",NA,"407",NA
"This strategy has delivered a strong economic dividend to the Australian economy and households.",NA,"410",NA
"With exports surging by over 30 per cent during the last 5 years, Australia’s trade expansion",NA,"407",NA
"has contributed over one-quarter of Australia’s economic growth with Australia recording trade surpluses for 27 out of the last 29 months.",NA,"410",NA
"Australia enjoyed a trade surplus of over $34 billion during the last twelve months, having turned around Labor’s trade deficit of around $20 billion in 2012-13.",NA,"410",NA
"Australian businesses are leveraging the benefits of our export agreements",NA,"H",NA
"Ashgrove Cheese in Tasmania is one of Australia's largest family owned and operated dairy processors.",NA,"703.1",NA
"The Ashgrove processing facility is located at Elizabeth Town, surrounded by the Ashgrove Dairy farms in the heart of the dairying and cropping region in Northern Tasmania.",NA,"703.1",NA
"This small family business recognises the benefits of FTAs to their business.",NA,"703.1",NA
"Anne Bennett from Ashgrove has said that “... any movement towards free trade is an enormous benefit to us” but specifically pointed to the fact that the TPP-11 “provides advantages to win in new marketplaces”.",NA,"703.1",NA
"As a small family business they also recognise that “competition is a win for consumers who can enjoy the lowest of prices.”",NA,"703.1",NA
"Harvey River Estate operates two wineries.",NA,"703.1",NA
"The first is located in the Geographe wine region of Western Australia and the second, Fishbone Wines, is located in the famous Margaret River winemaking region.",NA,"703.1",NA
"With a rich family background in citrus orchards, cropping, cattle and sheep farming, Kevin Sorgiovanni knows the benefits that international trade brings to business growth and success.",NA,"703.1",NA
"Harvey River Estate is a small business of 20 employees that is always looking for new markets and recognises the certainty provided by an FTA as a door opener for conversations regarding supply and market access.",NA,"703.1",NA
"The new streamlined labelling provisions in the Hong Kong FTA will reduce cross border issues that had previously limited their capacity to enter the market.",NA,"703.1",NA
"And with Japan also in their sights, there are plenty of new opportunities for Harvey River Estate to export their Western Australian wine to the world.",NA,"703.1",NA
"Australia now has free trade deals with countries accounting for over 70 per cent of Australia’s twoway trade, up from around 26 per cent in 2012-2013.",NA,"407",NA
"Moreover, under our careful trade diplomacy, Australia was the only country to secure a full exemption from the United States’ tariffs on aluminium and steel imports.",NA,"407",NA
"To ensure Australian businesses are well-placed to take advantage of expanding opportunities, Australia’s trade promotion agency, Austrade, has conducted 122 Free Trade Seminars since March 2015, including 78 in regional areas.",NA,"402",NA
"Trade Start export assistance offices have been established across Australia, in partnership with state, territory and local governments, industry associations and chambers of commerce.",NA,"402",NA
"There are now 34 advisers in 31 locations based on the ground in communities across Australia providing one-on-one support for the growing number of Australian businesses that are exporting.",NA,"402",NA
"The Liberal and Nationals Government created the Trusted Trader program, which is open to all Australian businesses that import, export or provide services that support traders in the international supply chain.",NA,"401",NA
"Trusted Traders are rewarded with trade facilitation benefits to increase their economic competitiveness, which helps businesses reduce cost.",NA,"402",NA
"Trusted Traders are considered low risk and are given priority treatment at the border.",NA,"401",NA
"This means faster customs processing and fewer interventions,",NA,"401",NA
"whilst maintaining the integrity of our borders.",NA,"104",NA
"The benefits extend beyond Australia’s borders with Canada, the People’s Republic of China, Taiwan, Hong Kong, the Republic of Korea, New Zealand and Singapore recognising Australian businesses’ Trusted Trader status under Mutual Recognition Arrangements.",NA,"101",NA
"Since 5 May 2019, Australian businesses have had greater access to government procurement contracts around the world, unlocking new opportunities in a market worth around $2.3 trillion annually.",NA,"407",NA
"Australia’s recent membership of the World Trade Organization Agreement on Government Procurement offers new opportunities, including in the European Union and the United States, with safeguards to ensure we can continue to support regional and Indigenous entrepreneurs, businesses and communities.",NA,"407",NA
"OUR PLAN",NA,"H",NA
"The Liberal and Nationals Government will continue to pursue a trade agenda that opens new markets for Australian businesses,",NA,"407",NA
"contributes to a stronger economy",NA,"410",NA
"and creates new Australian jobs.",NA,"701",NA
"The Liberal and Nationals Government will implement a five-part trade and investment strategy to ensure that Australian exporters and investors continue to take full advantage of the trade and investment opportunities emerging in the global economy.",NA,"402",NA
"An Exporters’ Package for small and medium size businesses",NA,"H",NA
"The Liberal and Nationals Government will deliver an Exporters’ Package in support of our goal to boost the number of Australian exporting businesses by a further 10,000 in our next term of government.",NA,"407",NA
"We want to further grow the number of Australian small and medium sized businesses",NA,"402",NA
"leveraging our free trade agreements and selling their goods and services to the world.",NA,"407",NA
"The Export Market Development Grants Scheme (EMDG) helps Australian businesses export their products to the world by providing a rebate of up to 50 per cent of marketing expenditure to businesses that invest in promoting their businesses internationally.",NA,"402",NA
"Last year, approximately 3,500 SMEs accessed the EMDG scheme, employing almost 66,500 Australians",NA,"701",NA
"and generating exports of $3.8 billion.",NA,"410",NA
"Australian businesses that export, on average, hire 23 per cent more staff, pay 11 per cent higher wages and have labour productivity 13 per cent higher than non exporters.",NA,"701",NA
"Employment by EMDG recipients in 2016-17 grew by 16 per cent from 2015-16.",NA,"701",NA
"At the 2019-20 Federal Budget, we announced a $60 million boost to EMDG.",NA,"402",NA
"This is the second time that our government has boosted funding to the EMDG.",NA,"407",NA
"Due to our stronger economy and strong budget position, by 2022 we will have delivered $180 million in additional funding for the EMDG program since 2013 and have more than honoured our commitment to restore the $100 million in funding the Labor Party ripped out of it.",NA,"407",NA
"We will complement this EMDG funding injection with continued support for exporters by conducting 100 more FTA seminars over the next term of Government and continuing the Trusted Trader Program.",NA,"402",NA
"Secure more export opportunities for Australian goods and services",NA,"H",NA
"A re-elected Liberal and Nationals Government will continue to secure new market access opportunities for Australian exporters of agriculture, manufacturing, services and minerals commodities.",NA,"407",NA
"We will work to ensure that around 90 per cent of Australia’s two-way trade is covered by FTAs by 2022.",NA,"407",NA
"This is more ambitious than the 80 per cent target (by 2020) set in the 2017 Foreign Policy White Paper.",NA,"407",NA
"We will implement the agreements we have recently signed with Indonesia, Peru and Hong Kong, which open new markets for Australian products and services.",NA,"407",NA
"We will also pursue and, where sufficiently high quality for Australia, conclude agreements currently being negotiated with the European Union, the four-nation Pacific Alliance (Mexico, Chile, Peru and Colombia) and the Regional Comprehensive Economic Partnership.",NA,"407",NA
"We will also pursue an export agreement with the United Kingdom when it is ready to do so",NA,"407",NA
"and work with partner countries to expand the opportunities under TPP-11 to additional countries.",NA,"407",NA
"We will expand our economic relationship with India by addressing the ten short-term and ten longer term priorities identified by the India Economic Strategy to 2035, including designating Ministerial Champions for key sectors and prioritising ten Indian States.",NA,"101",NA
"The promise of a closer economic relationship with India.",NA,"101",NA
"An India Economic Strategy to 2035 complements the 2017 Foreign Policy White Paper which also recognises India’s importance to Australia.",NA,"101",NA
"The Liberal and Nationals Government:Has endorsed all 20 key short-term and longer-term priorities;",NA,"410",NA
"Will put an economic focus on the ten priority Indian States identified in the report;",NA,"410",NA
"Will promote priority sectors starting with Ministerial Champions in education, resources, agribusiness and tourism; and",NA,"410",NA
"Has opened a new Consulate-General in Kolkata.",NA,"101",NA
"Austrade and Invest India’s MOU will promote bilateral investment flows.",NA,"101",NA
"https://dfat.aov.aij/about-iJs/piJblications/Paaes/aovernment-response-india-economic-strateav.aspx",NA,NA,NA
"A re-elected Liberal and Nationals Government would improve the transparency of Free Trade Agreement negotiations by establishing a Ministerial Advisory Council for each new FTA.",NA,"410",NA
"The new Ministerial Advisory Council will represent a range of Australian export interests and industries, comprising 10 practitioners with a successful exporting background and extensive industry networks.",NA,"410",NA
"The Council would have a series of opportunities to meet with the Australian negotiating team before and after negotiating rounds.",NA,"410",NA
"The work of the new Council will be complemented by a pilot with the Trade Sub-Committee of the Joint Standing Committee on Foreign Affairs, Defence and Trade.",NA,"410",NA
"The sub-committee will receive annual briefings on negotiations for the EU FTA specifically.",NA,"410",NA
"As part of the pilot, the EU- FTA text will be made available to interested MPs around the time of conclusion.",NA,"410",NA
"Both of these transparency measures will build on, rather than replace, the separate requirements for all FTAs to be considered by the Joint Standing Committee on Treaties (JSCOT) and to be tabled in Parliament before binding treaty action is taken.",NA,"410",NA
"The Liberal and Nationals Government will also extend support for Australia’s exporting businesses through the Export Finance and Insurance Corporation (Efic) and has renamed it as “Export Finance Australia” to reflect better its role to both domestic and international stakeholders,",NA,"410",NA
"including the Australian businesses that need its support.",NA,"402",NA
"Export Finance Australia will continue to provide Australian businesses with export finance solutions so that they can take on the world.",NA,"402",NA
"In 2017-18 Efic supported 160 Australian businesses with $194 million of facilities, facilitating $1.39 billion of export contracts.",NA,"402",NA
"Efic’s support contributed $1.15 billion of Australia’s GDP",NA,"410",NA
"and 7,600 jobs in Australia.",NA,"701",NA
"The Liberal and Nationals Government has also legislated a $1.0 billion increase in Efic’s callable capital that will enable Efic to offer more meaningful assistance to more Australian companies.",NA,"402",NA
"Standing up for Australian exporters",NA,"H",NA
"A re-elected Liberal and Nationals Government will continue to stand up for Australian exporters who are competing on the world market, particularly where that competition is unfair.",NA,"407",NA
"Whilst the FTAs signed by the Liberal and Nationals Government are reducing and abolishing the tariffs that other countries impose on Australian goods and services,",NA,"407",NA
"we also know that non-tariff barriers are a growing issue for many Australian exporters.",NA,"407",NA
"Non-tariff barriers can be any kind of ‘red tape’ or trade rules that unjustifiably restrict the flow of goods and services.",NA,"407",NA
"They can appear as policies that restrict imports and may be contrary to the rules of international trade.",NA,"407",NA
"That is why in response to the 2017 Foreign Policy White Paper, the Liberal and Nationals Government delivered $6.6 million over four years to make it easier for Australian exporters to report any non-tariff barriers they experience, and for Australian Government departments to take action to have them addressed.",NA,"407",NA
"In 2018 the Government released the Non-Tariff Barriers Action Plan and the Non-Tariff Barriers website (www.tradebarriers.dfat.gov.au) which acts as a simple and easy to use portal for businesses and industry to report their non-tariff barriers.",NA,"407",NA
"For the first time in an Australian FTA, the historic Indonesia-Australia Comprehensive Economic Partnership Agreement (IA-CEPA), dedicates a chapter to non-tariff measures, including a bilateral co-operative mechanism.",NA,"407",NA
"Reducing non-tariff barriers has a direct and immediate benefit for Australian exporters.",NA,"407",NA
"For example, earlier this year the Liberal and Nationals Government worked to secure the listing of three new seafood species to China’s list of approved seafood imports from Australia.",NA,"703.1",NA
"This positive outcome will provide local small and medium businesses more opportunities to export their excellent produce to the world.",NA,"402",NA
"Tasmanian Squid To China",NA,"H",NA
"Arrow squid to China was the first trade barrier reported through the Government’s new Trade Barriers Gateway.",NA,"703.1",NA
"In early January 2019, the Chinese Government added three additional Australian species approved to export to China: Arrow also known as Gould’s Squid; Australian Scampi; and Southern School Whiting.",NA,"703.1",NA
"Eliminating this trade barrier helps Australian squid exporters leverage the China FTA, which totally eliminated tariffs on our seafood exports to China on 1 January 2019.",NA,"703.1",NA
"Ambrose Coad, Managing Director, Huon Valley Seafoods, who reported the barrier on the new portal said “it has been very timely to get the squid issue resolved as the start of the season was imminent from January through to May without the necessary access.",NA,"703.1",NA
"Overall this could see exports to Japan and possibly some initial trials into Korea.",NA,"703.1",NA
"This season we are now anticipating sales between 3 million and 4 million dollars of squid which is a very significant change from the previous position of very minimal available.",NA,"703.1",NA
"This will substantially increase our turnover and employment figures but the flow on effect into the fishing industry and the transport sector is very significant.",NA,"703.1",NA
"All these factors are not only important to the continued viability of our company but also adding very important employment into a regional area in Tasmania.”",NA,"703.1",NA
"The Liberal and Nationals Government will continue our strong defence of Australian exporters against unfair trading practices by delivering on our Non-Tariff Barriers Action Plan which is making it easier for Australia to identify and take action against non-tariff barriers imposed by other countries.",NA,"407",NA
"Reinforcing and supporting the multilateral trading system",NA,"H",NA
"The Liberal and Nationals Government believes a strong multilateral trading system is essential for economic stability and global prosperity and will continue to play a leading role in strengthening it.",NA,"407",NA
"We will continue to represent Australian exporters by using international platforms, such as the World Trade Organization (WTO), to progress our interests.",NA,"407",NA
"Australia has taken action in the WTO against unfair and price-depressing sugar subsidies, as well as in support of our pulses farmers.",NA,"703.1",NA
"According to the Australian Sugar Milling Council, the Australian sugar industry supports almost 23,000 jobs and both directly and indirectly adds billions of dollars into the Australian economy.",NA,"703.1",NA
"Australia recently defended the Australian wine industry by initiating WTO dispute action over discriminatory measures in four Canadian provinces and at the Federal level.",NA,"703.1",NA
"Australia was pleased to resolve one part of this dispute outside of the WTO when the Canadian Government recently agreed to eliminate discriminatory measures in British Columbia by 1 November this year.",NA,"703.1",NA
"We have withdrawn the WTO action for British Columbia and remain open to resolving our outstanding concerns outside of the WTO process.",NA,"107",NA
"The WTO provides an important mechanism by which to defend our exporters and secure their access to valuable markets, such as Canada, where Australian wine exports were valued at $208 million in 2018 and where tariffs on wine have recently been eliminated as a result of the TPP-11.",NA,"407",NA
"Australia will continue to lead work within the WTO on a Digital Trade Initiative.",NA,"407",NA
"In January this year, Australia, Japan and Singapore hosted an informal meeting of Ministers on the WTO e- commerce initiative in the margins of the World Economic Forum Annual Meeting in Davos, Switzerland.",NA,"107",NA
"Following the meeting, 76 WTO Members representing over 90 percent of global trade issued a Joint Statement confirming their intention to commence WTO negotiations on trade-related aspects of e-commerce, with the objective of achieving a high standard outcome.",NA,"407",NA
"Australia is also a strong supporter of developing fisheries subsidies disciplines in the WTO.",NA,"107",NA
"We are working within the WTO processes to prohibit subsidies for illegal, unregulated and unreported fishing, as well as for subsidies that negatively affect overfished stocks.",NA,"501",NA
"While some countries spend billions of dollars encouraging overfishing, Australia abides by sustainable fisheries practices.",NA,"416.2",NA
"It is in our interests to limit subsidies that cause the decline of global marine fisheries.",NA,"416.2",NA
"To support this commitment, Australia is co-sponsoring a fisheries subsidy cap proposal with the US.",NA,"416.2",NA
"This will cap the monetary level of the fisheries subsidies in order to discourage unsustainable fishing practices.",NA,"416.2",NA
"We are also committed to global efforts to reform and streamline WTO processes, to ensure that the organisation’s dispute settlement processes work effectively and, importantly, to retain the confidence of the WTO membership.",NA,"107",NA
"Attracting trade and investment opportunities",NA,"H",NA
"Australia is a land of opportunity, but as an island nation geographically remote from many other parts of the world we need international trade to provide opportunities for our farmers,",NA,"703.1",NA
"small businesses",NA,"402",NA
"and exporters to sell their goods overseas.",NA,"401",NA
"Complementing all of the work underway to lock down favourable market access agreements with a growing portion of the global market, the Liberal and Nationals Government will continue to reinforce this success by connecting Australian exporters with overseas customers and investors by expanding digital platforms like Agriculture 4.0, investor maps, opportunity prospectuses and other relevant mechanisms.",NA,"407",NA
"Case study \ Agriculture 4.0",NA,"H",NA
"With a growing Asian middle-class on our doorstep, Australia has the potential to be a powerhouse in agrifood tech.",NA,"703.1",NA
"The Liberal and Nationals Government wants to help the sector reach its full potential.",NA,"703.1",NA
"Austrade has developed a new digital platform known as ‘Agriculture 4.0’.",NA,"703.1",NA
"This initiative connects investors with Australian farmers and AgTech start-ups, as well as creating more collaborative research and development opportunities.",NA,"703.1",NA
"Agriculture 4.0 technologies developed in Australia will support the global agricultural sector to be more profitable, efficient, safe and environmentally friendly.",NA,"703.1",NA
"These technologies include biotechnology, smart farming, ‘precision for decision’ agriculture, robotics, sensing technology,",NA,"703.1",NA
"Internet of Things (loT) connectivity, biosecurity and food quality surveillance.",NA,"703.1",NA
"Foreign direct investment is another tool that builds economic activity and has flow-on effects for thousands of Australian businesses, including SMEs.",NA,"402",NA
"It also helps ensure the Government can fund the services we all rely upon, including hospitals and schools, without having to resort to more debt or higher taxes.",NA,"402",NA
"Foreign direct investment in Australia supported the employment of nearly 1.2 million people (or 1 in 10 jobs in Australia), as well as higher wages and salaries for Australian workers.",NA,"701",NA
"This investment contributed $222 billion in value added to the Australian business economy,",NA,"402",NA
"representing one fifth of total Australian business output, paid wages and salaries to workers in Australia valued at $67 billion,",NA,"701",NA
"and contributed 11 per cent of Australia’s total business tax revenue.",NA,"410",NA
"That is why the Liberal and Nationals Government welcomes productive foreign direct investment that supports our economy and provides services that benefit Australians.",NA,"402",NA
"But importantly, we take very seriously our responsibility to ensure that we protect Australia’s national interest.",NA,"410",NA
"Foreign investment proposals are stringently assessed against their potential impacts on our nation - and we steadfastly protect our nation’s security, our economy, and our communities.",NA,"410",NA
"The Liberal and Nationals Government pioneered a focus on investment, appointing Australia’s first ever Minister for Investment and creating the Senior Investment Specialist team within Austrade in 2014.",NA,"401",NA
"Because of this, Austrade contributed to 113 investment outcomes during 2017-18, with a recorded investment value of approximately $4.8 billion",NA,"402",NA
"and the creation or retention of over 27,500 jobs.",NA,"701",NA
"A re-elected Liberal and Nationals Government will maintain a focus on Austrade’s investment function and make it even more effective.",NA,"402",NA
"We will continue to build on this important work by requiring Austrade and the Department of Foreign Affairs and Trade to jointly report annually on trade and investment activities, performance and outcomes in overseas markets.",NA,"303",NA
"This reporting mechanism will keep exporters and potential exporters informed of the opportunities and support available.",NA,"402",NA
"THE CHOICE",NA,"H",NA
"At this election, Labor has made a decisive shift from the Hawke Keating Government’s pro-trade approach and longstanding bipartisanship.",NA,"407",NA
"As the Australian Financial Review put it: “...Labor has caved in to the worst anti-trade instincts of the trade union movement and the party’s left.”'",NA,"407",NA
"Labor was too weak to support Australian exporters when in government",NA,"H",NA
"Labor’s last term of government (2007-13) was characterised by indecision and inaction on trade policy.",NA,"407",NA
"The number of Australian businesses exporting actually fell and crucial negotiations with Korea, Japan and China foundered, as trade unions’ riding instructions outweighed the national interest.",NA,"407",NA
"The then Trade Minister Craig Emerson dismissed the value of a free trade deal with China as ‘overrated’"" and Labor failed to start and finish a single FTA.",NA,"407",NA
"When Labor was last in Government, it cut $100 million from the EMDG program, and had plans to limit eligibility to Asian markets only.",NA,"407",NA
"With 36 per cent of current EMDG recipients exporting to markets beyond Asia, they would be excluded from the scheme under a Labor Government.",NA,"407",NA
"Labor is too weak to have delivered the TPP-11 benefits",NA,"H",NA
"There is no better example of the risk to jobs and living standards posed by Mr Shorten’s poor judgment on trade policy than his response to the United States’ withdrawal from the Trans¬pacific Partnership in early 2017.",NA,"701",NA
"Mr Shorten’s understanding of the Asia Pacific region was so shallow, so misguided and so flawed that he decided that pursuit of a TPP without the US was a lost cause.",NA,"107",NA
"Mr Shorten said that trying to save the TPP was “the height of delusional absurdity”.""'",NA,"407",NA
"We rightly ignored this advice and played a key role in securing the agreement that will eliminate 98 per cent of tariffs in a trade zone worth $13.8 trillion in GDP and a market of around 500 million consumers.",NA,"407",NA
"If Mr Shorten had got his way, there would have been no new and historic access to the Canadian market for Australian grains, refined sugar, beef and wine exporters.",NA,"703.1",NA
"No new access to the Mexican market for our pork, wheat, sugar, barley and horticulture producers.",NA,"703.1",NA
"No improved access to the Japanese market for our beef, wheat, barley and dairy exporters.",NA,"703.1",NA
"No new jobs",NA,"701",NA
"and business opportunities for Australian workers, farmers, small businesses and other exporters.",NA,"402",NA
"Labor is too weak to stand up for Australian farmers and exporters instead of unions",NA,"H",NA
"A Shorten Labor Government will give trade unions an effective veto over trade agreements.",NA,"702",NA
"Labor’s union MPs are already celebrating Labor’s decision to “reject” trade agreements, including those already signed with Indonesia and Peru.",NA,"702",NA
"Labor will scuttle these trade agreements.",NA,"407",NA
"In the case of Indonesia, Australia’s beef producers will lose duty-free access for 575,000 head of cattle, grain producers will lose guaranteed duty-free access for 500,000 tonnes of feed grains, steel exporters will miss out on tariff cuts, and education, health, tourism and professional services providers will lose secure market access.",NA,"407",NA
"In the case of Peru, the FTA offers welcome gains for Australia’s dairy industry by increasing market access for our dairy farmers.",NA,"703.1",NA
"The Chair of the Australian Dairy Industry Council has said that the Peru FTA “provides improved certainty for Australian exporters into Peru, and helps keep Australian dairy on a level playing field with competitors such as the EU and the USA, who already have their own deals in place with Peru.”iv",NA,"703.1",NA
"The ACTU President Michele O’Neil has (rightly) stated that Labor’s new approach represents “a seismic shift in ALP trade policy”.",NA,"407",NA
"Labor has not only back-flipped on 30 years of bipartisanship on trade, Bill Shorten has also back-flipped on his position from just last October when he stated: “...we took the decision that we didn’t want to stand in the way of our farmers or our higher education sector or our steel manufacturers from getting the benefit of reduced tariffs that they might have to incur going to other countries”",NA,"305.1",NA
"Labor will weakly trade off Australian exporters’ market access to “renegotiate” trade agreements",NA,"407",NA
"Labor has committed to re-negotiate the existing trade agreements Australian farmers,",NA,"703.1",NA
"businesses and exporters rely on in their day-to-day business.",NA,"407",NA
"Labor’s Shadow Trade Spokesperson Jason Clare has announced that Labor will establish: “...a dedicated team of negotiators in the Department of Foreign Affairs and Trade who would be charged with removing labour market testing waivers and ISDS provisions from existing trade agreements - including the CPTPP. ”vii",NA,"407",NA
"Such an approach would create damaging uncertainty for Australian businesses who are benefiting, or plan to benefit, from existing FTAs.",NA,"407",NA
"Labor has not released any details of which markets and tariff arrangements they’re prepared to negotiate away in order to achieve their new approach.",NA,"407",NA
"By contrast, a re-elected Liberal and Nationals Government will ensure that Australian producers, companies, farmers and small businesses fully leverage the growing list of FTAs this government has secured.",NA,"402",NA
"We will work to ensure that around 90 per cent of Australia’s trade is covered by FTAs by 2022 and to grow our export base by an additional 10,000 exporters.",NA,"407",NA
"Liberals and Nationals: Concluded FTAs with Japan, Korea, China, TPP-11, PACER Plus, Peru, Indonesia and Hong Kong. Australian exports to China, Japan and Korea alone grew by $62.3 billion between 2016 and 2018.",NA,"407",NA
"xOver 70 per cent of Australia’s two-way trade covered by free trade deals.",NA,"407",NA
"Australian exports to China have grown by $36.1 billion since the agreement commenced in December 2015, providing thousands of jobs",NA,"701",NA
"and driving growth in all states and territories.",NA,"410",NA
"The Liberals and Nationals worked with Japan and others to conclude TPP-11 creating a regional FTA with 500 million consumers and a combined GDP of $13.8 trillion.",NA,"410",NA
"The number of Australian businesses exporting their goods and services has increased by 8,947 businesses.",NA,"407",NA
"By 2022, the Liberals and Nationals will deliver $180 million in additional funding to the Export Market Development Grants Program.",NA,"402",NA
"The Liberals and Nationals will press on with the most ambitious trade agenda in history, seeking new deals with the EU, the United Kingdom, the Pacific Alliance, the other 15 nations of the Regional Comprehensive Economic Partnership as well as better access to India’s fastest growing market.",NA,"407",NA
"Created a Gateway website and Action Plan on non-tariff barriers to make it easier for Australian businesses to report problems and work across government to address them.",NA,"407",NA
"Support FTAs, and understand that trade delivers economic benefits and economic growth",NA,"410",NA
"with one in five Australian jobs being trade-related.",NA,"701",NA
"Labor:Failed to start and conclude a single trade agreement.",NA,"407",NA
"In 2012-2013, 26 per cent of Australia’s two- way trade was covered by free trade deals.",NA,"407",NA
"In 2012, then Labor Trade Minister Craig Emerson said a potential trade agreement with China was “overrated.”",NA,"407",NA
"After US withdrew, Labor argued Australia should abandon the TPP, declaring it “dead in the water”.",NA,"407",NA
"The total number of Australian businesses exporting their goods and services fell by 53 businesses.",NA,"407",NA
"Labor cut $100 million from the Export Market Development Grants Program.",NA,"401",NA
"Labor has handed a veto on trade deals to trade unions, prompting the Financial Review to note that “Labor has caved in to the worst anti-trade instincts of the trade union movement and the party's left.”",NA,"702",NA
"At the 2016 election Labor promised to “conduct a regular Trade Barriers Analysis” but had no plan to address non-tariff trade barriers.",NA,"305.1",NA
"Leader of the Labor Party, Bill Shorten, thinks there is “no such thing as fair trade”.",NA,"407",NA
"THE COST",NA,"H",NA
"The Liberal and Nationals Government’s plan to boost our economy through Trade and Investment will not place additional costs on the Budget.",NA,"410",NA
"OUR PLAN TO SUPPORT AUSTRALIAN WOMEN",NA,"H",NA
"KEY POINTS",NA,"H",NA
"The Liberal and Nationals Government has the values and plan to deliver for all Australians.",NA,"503",NA
"We are the party of endeavour and enterprise;",NA,"401",NA
"the party of the family, choice and opportunity.",NA,"503",NA
"We will continue to deliver for all Australians because both men and women deserve an equal stake in our society and our economy.",NA,"503",NA
"Our Government has delivered a strong economy resulting in over 6 million women in jobs (an extra 729,100 since 2013), with women’s full-time employment and female participation reaching record highs and the lowest gender pay gap on record (14.2 per cent).",NA,"503",NA
"After five years of the Liberal and Nationals Government, there are over 1.3 million more Australians in jobs.",NA,"701",NA
"Around 55 per cent of these new jobs have been taken up by women.",NA,"503",NA
"The Liberal and Nationals Government delivered the 2019 Women’s Economic Security Statement, investing $119 million to improve the financial security and independence of Australian women, giving them more choices in their lives.",NA,"503",NA
"It includes:$3.6 million to support young women to become entrepreneurs through the Future Female Entrepreneurs program.",NA,"401",NA
"$18 million Boosting Female Founders start-up fund to ensure women can access the finance they need to achieve their entrepreneurial goals.",NA,"401",NA
"Career Revive - a program working with regional employers to develop action plans for their businesses to attract and retain women.",NA,"503",NA
"A re-elected Liberal and Nationals Government will:Secure women’s economic opportunities",NA,"H",NA
"We will support young women and girls with educational investments in STEM, economics, business and enterprise, so they can get the high-paying jobs of tomorrow.",NA,"503",NA
"We will introduce more flexible parental leave pay, so that more parents can access parental leave pay allowing them to balance work and family responsibilities to best suit their needs.",NA,"504",NA
"We are helping vulnerable women get back on their financial feet with greater access to no interest loans.",NA,"503",NA
"All of this matters because nothing gives an individual more choices than a hand-up,",NA,"503",NA
"a good education",NA,"506",NA
"and the economic security that comes with a steady job.",NA,"504",NA
"A re-elected Liberal and Nationals Government will invest $75 million to deliver a “Mid-career Checkpoint” for women aged 30 to 45 who have been caring for children or older family members to return to the workforce.",NA,"503",NA
"Over the next four years, up to 40,000 women will have the opportunity to participate in a mid-career checkpoint session.",NA,"503",NA
"This commitment will be a key plank of the second Women’s Economic Security Statement.",NA,"503",NA
"Guarantee essential services for women",NA,"H",NA
"A stronger economy means the Liberal and Nationals Government can guarantee essential services Australians rely on.",NA,"504",NA
"The Liberal and Nationals Government’s investment in health care is growing year on year - delivering record bulk billing rates, new life saving medicines, record funding for hospitals and more health services for all Australians.",NA,"504",NA
"A re-elected Liberal and Nationals Government will extend our support for Australian women byInvesting $36 million to establish the new Maternity to Home and Wellbeing Program - a mums, dads and bubs check - to ensure that every Australian mother, father and baby has access to perinatal support.",NA,"504",NA
"Providing $8 million over four years to ensure patients suffering lymphoedema are able to access subsidised and specialised compression garments.",NA,"504",NA
"Extending funding for the Australian Breastfeeding Association by $4 million to $8.2 million to ensure this valuable service can best support mothers.",NA,"504",NA
"Providing $5 million to support a National Women’s Health Research Translation and Impact Network, with the spotlight on national collaboration, workforce capacity building, leadership development and broad research and translation in women’s health.",NA,"504",NA
"This funding builds on our investment of more than $50 million in a new Women’s Health Strategy, including boosting investment for research into ovarian cancer and endometriosis.",NA,"504",NA
"We are also saving breast cancer patients up to $1,500 per scan with $32 million towards life-saving MRI and PET scans covered under Medicare.",NA,"504",NA
"And we will establish six residential eating disorders centres and provide national coordination for eating disorders treatment.",NA,"504",NA
"Our childcare reforms have eased cost of living pressures, with out of pocket costs already reduced by 8.9 per cent, providing cost of living relief, making it easier for families to manage their work and family responsibilities and providing greater reward for the paid work they do.",NA,"504",NA
"Invest in women’s safety",NA,"H",NA
"Since 2013, we have made continued investments in women’s safety - totalling $840 million - because all Australian women have the right to be safe at home or in the street.",NA,"605.1",NA
"Our record $328 million contribution to the next National Action Plan to reduce violence against women and children is focused on prevention, frontline services and emergency accommodation.",NA,"605.1",NA
"And we are working with the states and territories because stopping violence is everyone’s responsibility.",NA,"605.1",NA
"Our record investment includes:$82 million for frontline services.",NA,"605.1",NA
"$68 million for prevention strategies.",NA,"605.1",NA
"$35 million in support and prevention measures for Indigenous communities funded under the Indigenous Advancement Strategy.",NA,"607.3",NA
"$78 million to provide safe places for people impacted by domestic and family violence.",NA,"605.1",NA
"$64 million for 1800RESPECT.",NA,"605.1",NA
"Improve gender equality",NA,"H",NA
"Australian women have benefited from a growing economy that creates jobs,",NA,"701",NA
"an education system that nurtures talent",NA,"506",NA
"and ability and a society that genuinely strives for equality of opportunity.",NA,"503",NA
"We know there is more work to do to ensure women achieve their full potential in their industry of choice.",NA,"503",NA
"That is why we will make targeted investments to boost participation and leadership in different sectors, including by:",NA,"503",NA
"Investing $2 million over four years in the Australian Music Industry Network to deliver a mentorship program aimed at empowering women in the creation, development and promotion of their music.",NA,"503",NA
"Building on the Government’s support for a Decadal Plan for Women in STEM.",NA,"503",NA
"We will invest $1.8 million to extend the Science in Australia Gender Equity (SAGE) initiative to advance gender equity in higher education and research institutions.",NA,"503",NA
"Supporting Women Building Australia, a construction industry-led program with a $675,000 grant to increase the participation of young women working in the sector.",NA,"503",NA
"Investing in women’s sporting participation and leadership, with the construction of female change rooms at sporting grounds and investing in leadership and mentoring for high- achieving female athletes.",NA,"503",NA
"Building on our record 47.3 per cent women on government boards to meet our 50 per cent target.",NA,"503",NA
"Increase leadership and participation in sport",NA,"H",NA
"Participating in sport means a fair go for all, including women and girls who need equal access to our playing fields and facilities.",NA,"503",NA
"We need to ensure women are supported from entry level as young girls through to elite level competition, including in once male-dominated sports.",NA,"503",NA
"We will: Support the construction of female change room facilities at sporting grounds across the country.",NA,"503",NA
"Invest in netball as Australia’s most popular sport for women, with funding to help Netball Australia to continue to grow the game, and establish the first International Leadership Hub for Netball in Melbourne.",NA,"503",NA
"Back in one of the nation’s most loved and successful women’s sporting teams, The Matildas by supporting a permanent high-performance base in Melbourne.",NA,"503",NA
"OUR RECORD",NA,"H",NA
"Securing Women’s Economic Opportunity",NA,"H",NA
"The Liberal and Nationals Government has worked to give women greater choices for their lives, improve their engagement with the workforce and build their financial security.",NA,"503",NA
"The more choices for women, the better the opportunities to support themselves and their families.",NA,"503",NA
"With careful economic management, the Liberal and Nationals Government has delivered a strong economy with:Over 6 million women in jobs and female workforce participation at a near record high (60.5 per cent).",NA,"701",NA
"Around 730,000 jobs for women created since coming to office in September 2013.",NA,"503",NA
"The lowest gender pay gap on record (14.2 per cent).",NA,"503",NA
"Our investment to support women’s economic opportunities includes:The landmark Women’s Economic Security Statement investing $119 million in the financial security and independence of Australian women with:",NA,"503",NA
"$3.6 million to support young women to become entrepreneurs through the Future Female Entrepreneurs program, o $18 million for the Boosting Female Founders start-up fund to ensure women can access the finance they need to achieve their entrepreneurial goals,",NA,"401",NA
"o Career Revive - a program working with regional employers to develop action plans for their businesses to attract and retain women.",NA,"701",NA
"We have also established and invested $60 million in Ecstra, the financial literacy foundation that will educate and assist Australians to build their financial capability.",NA,"503",NA
"We are also supporting financial security for women with targeted assistance including:Extending access to, and increasing flexibility for, parental leave.",NA,"503",NA
"Superannuation changes, including concessional catch-up contributions, benefitting those who have spent time out of the workforce, the Low Income Superannuation Tax offset and expanding access to the spousal tax offset, to boost super for parents who take time out from the workforce for family responsibilities.",NA,"701",NA
"Capping fees and charges for low-balance superannuation accounts to ensure women retire with more savings.",NA,"701",NA
"Our Government has also prioritised gender equality across the aid program.",NA,"503",NA
"In 2017-18, Australia delivered $1.3 billion in official development assistance targeting gender equality and women’s empowerment globally.",NA,"503",NA
"We have increased our investment in the Pacific to advance gender equality and will deliver a 10-year roadmap to end violence against women and girls globally.",NA,"605.1",NA
"The Liberal and Nationals Government is proud to have delivered the highest-ever representation of women on government boards (47.3 per cent) - closing in on our 50 per cent target - and a record seven women in Cabinet.",NA,"503",NA
"Guaranteeing essential services",NA,"H",NA
"A strong economy means that we have been able to guarantee essential services for women and girls.",NA,"503",NA
"We have supported critical investments in women’s health including:Listing the breast cancer drug Kisqali on the Pharmaceutical Benefit Scheme.",NA,"504",NA
"Without subsidy, the more than 3,000 patients eligible for this treatment would pay $71,820 per year.",NA,"504",NA
"$20.5 million for breast cancer nurses through the McGrath Foundation.",NA,"504",NA
"Funding for a National Action Plan for Endometriosis.",NA,"504",NA
"$39.5 million to immunise pregnant women against whooping cough.",NA,"504",NA
"We are helping women and girls to reach their full potential by supporting their access to education opportunities, including:Building interest in STEM subjects, through an expansion of the Curious Minds Program.",NA,"504",NA
"Establishing the Future Female Entrepreneurs program to encourage girls into business.",NA,"503",NA
"The Government’s $25 million investment in the Indigenous Girls STEM Academy - to support high-achieving Indigenous girls from middle to high school years through to higher education and graduate employment.",NA,"504",NA
"We are helping to relieve cost of living pressures for women including:Tax relief to encourage and reward hard work - benefiting more than 10 million workers and their families this year.",NA,"503",NA
"The Government’s new Child Care Subsidy - making child care more accessible and affordable for nearly 1 million families.",NA,"504",NA
"Our reforms have reduced out of pocket costs by 8.9 per cent since their introduction. A typical family is around $1,300 better off a year.",NA,"503",NA
"Removal of the GST on sanitary items (the ‘tampon tax’).",NA,"503",NA
"We are helping to provide for women in need by investing more than $1.5 billion annually to support housing and homelessness services.",NA,"504",NA
"The new National Housing and Homelessness Agreement (NHHA) took effect on 1 July 2018 and has been signed by every state and territory.",NA,"504",NA
"The agreement identifies prioritycohorts for the delivery of housing and homelessness services.",NA,"503",NA
"Funding will be targeted to those who need it most, including women and children who are escaping domestic and family violence, as well as older Australians, many of whom are women.",NA,"504",NA
"Investing in women’s safety",NA,"H",NA
"All Australians have the right to be safe at home, on the street and online.",NA,"605.1",NA
"Sadly, too many women are still at risk from family, domestic and sexual violence.",NA,"605.1",NA
"Recent statistics reveal that 18 per cent of women have experienced sexual violence and 17 per cent have encountered violence from a partner since the age of 15.",NA,"605.1",NA
"The Liberal and Nationals Government has invested over $840 million in women’s safety since 2013.",NA,"605.1",NA
"We will continue to treat domestic violence prevention and reduction as a national priority with $328 million invested under the Fourth Action Plan to Reduce Violence against Women and their Children.",NA,"605.1",NA
"Since 2013, we have:Reformed the family law system to stop DV victims being cross-examined by perpetrators and introduced a new minimum standard of five days unpaid family and domestic violence leave.",NA,"605.1",NA
"Expanded the role of the eSafety Commissioner to tackle online abuse, including through the eSafety women program, the introduction of a complaints and civil penalty regime for posting, or threatening to post, an intimate image without consent and new criminal offences for aggravated and repeated non-consensual image sharing.",NA,"605.1",NA
"Funded the Australian Human Rights Commission’s Inquiry into Sexual Harassment in the Workplace led by Kate Jenkins.",NA,"605.1",NA
"Granted over 7,046 visas to vulnerable women and children since 2013 through the Women at Risk program.",NA,"605.1",NA
"OUR PLAN",NA,"H",NA
"Women’s economic opportunity",NA,"H",NA
"The more choices for women, the better their opportunities to support themselves and their families.",NA,"503",NA
"A strong economy means Australian women have more choices about what they do while receiving the essential services they rely on - whether they are studying, starting a career or family or enjoying their retirement.",NA,"503",NA
"Under the Liberal and Nationals, more women are in work than ever before.",NA,"503",NA
"Women’s full-time employment and female participation rates have hit record highs.",NA,"503",NA
"The gender pay gap is the lowest on record at 14.2 per cent.",NA,"503",NA
"Mid-Career Checkpoint",NA,"H",NA
"Many women in their 30s and 40s have taken a career break to start a family, care for older family members, or both.",NA,"503",NA
"The skills and experience gained in these unpaid roles is often not properly acknowledged, and women in these caring roles can sometimes lose their confidence as others have gone ahead at work and technology has changed their role.",NA,"503",NA
"We respect the choices families make when taking on caring responsibilities, whether that be staying at home or returning to work.",NA,"503",NA
"For those who decide to return to work after a period of caring for others, we want to support their choice because boosting women’s workforce participation is good for them, their families and the economy.",NA,"503",NA
"A re-elected Liberal and Nationals Government will invest $75 million to deliver a ‘Mid-career Checkpoint’ for women aged 30 to 45 who have been caring for children or older family members to return to the workforce.",NA,"503",NA
"Over the next four years, up to 40,000 women will have the opportunity to participate in a Midcareer Checkpoint session.",NA,"503",NA
"The program will also be open to men returning to work after caring responsibilities but will be targeted towards women in low-and middle-income areas, and who do not work for companies already offering professional development support.",NA,"503",NA
"The checkpoint will provide targeted and tailored support, catering to the needs of different women - be it interview support, advice on further education or training, mentoring or a career workshop.",NA,"503",NA
"We will work with a restricted list of approved providers across all states and territories to design and roll out a government-endorsed program that is adaptable and well-managed to benefit women and men returning from two or more years out of the workforce caring for family.",NA,"503",NA
"This initiative will be a key plank of the second Women’s Economic Security Statement.",NA,"503",NA
"This initiative will complement other measures the Liberal and Nationals Government is taking to support women’s economic opportunity at all stages of life including:Extended access to, and increased flexibility for, parental leave pay.",NA,"503",NA
"Expanding the no interest loans scheme to assist 45,000 additional women escaping family and domestic violence.",NA,"503",NA
"Career Revive - a program working with regional employers to develop action plans for their businesses to attract and retain women.",NA,"503",NA
"$18 million in grants through a women’s start-up fund, Boosting Female Founders, to increase entrepreneurship opportunities for women.",NA,"401",NA
"Changes to superannuation rules, including concessional catch-up contributions, to boost super after taking time from the workforce for family responsibilities.",NA,"503",NA
"Capping fees and charges for low-balance superannuation accounts to ensure women retire with more savings, and reuniting Australians with their lost superannuation savings through the ATO.",NA,"503",NA
"We are helping drive the cultural change to improve workplaces for women.",NA,"503",NA
"The Liberal and Nationals Government is supporting practical action to address sexual harassment, by contributing $500,000 towards the Australian Human Rights Commission’s Inquiry into Sexual Harassment in the Workplace to be led by Sex Discrimination Commissioner Kate Jenkins.",NA,"503",NA
"And under the Liberal and Nationals Government more women are in leadership positions than ever before, with a record seven women in Cabinet and a record number of women on government boards (47.3 per cent).",NA,"503",NA
"Guaranteeing Essential Services",NA,"H",NA
"A stronger economy means the Liberal and Nationals Government can guarantee essential services Australians rely on.",NA,"504",NA
"The Liberal and Nationals Government’s investment in health care is growing year on year - delivering record bulk billing rates, new life saving medicines, record funding for hospitals and more health services for all Australians.",NA,"504",NA
"And we are easing cost of living pressures with our childcare reforms that support those who need it most.",NA,"504",NA
"Supporting Women’s Health Services - Maternity to Home and Wellness Program - Mums, Dads and Bubs mental health check",NA,"H",NA
"The Liberal and Nationals Government will invest $36 million to establish a new Maternity to Home and Wellbeing Program - a Mums, Dads and Bubs check - to ensure that every Australian mother, father and baby has access to perinatal support.",NA,"504",NA
"The first one thousand days of a child’s life are critical to their development.",NA,"504",NA
"Nothing is more important during that time than the mental health of the parents, particularly the mother.",NA,"504",NA
"It’s estimated that one in seven mothers experience post-natal depression, with around 100,000 Australians impacted directly every year.",NA,"504",NA
"It also impacts men - so we are working with the whole family.",NA,"504",NA
"A Mums, Dads and Bubs check will ensure good mental health, with a focus on minimising the impact of perinatal depression.",NA,"504",NA
"Every mother and father will be able to undertake the check before they leave the hospital, just as they do with their other clinical health checks.",NA,"504",NA
"Where risks are identified people will be directed to additional support services.",NA,"504",NA
"Acting early ensures good mental health to best support new parents and their bubs.",NA,"504",NA
"It removes the stigma of mental health by making it an important part of parental health care - as much as breastfeeding and vaccinations.",NA,"504",NA
"A Mums, Dads and Bubs check will become a nationally recognised program, which will also be accessible in 10 different languages, ensuring all families are part of the screening program and receive advice on keeping mentally well when having a baby.",NA,"504",NA
"We will provide $16 million to the Centre of Perinatal Excellence (COPE) to roll out their world- leading perinatal mental health screening tool which can be securely and rapidly delivered using a digital tablet/iPad.",NA,"504",NA
"The Liberal and Nationals Government will provide up to $20 million to ensure a nationally consistent approach and that it is an integral part of hospital care and occurs before the family goes home.",NA,"504",NA
"Supporting Women’s Health Services - Lymphoedema Garments Program",NA,"H",NA
"The Liberal and Nationals Government will provide $10 million over 4 years to ensure patients suffering lymphoedema are able to access subsidised specialist compression garments, through a nationally consistent approach.",NA,"504",NA
"Lymphoedema is most commonly caused by lymph node removal or damage due to cancer treatment - women who have undergone surgery and radiotherapy for treatment of breast cancer are particularly susceptible to lymphoedema.",NA,"504",NA
"Across Australia there is a need for a consistent approach to providing specialised subsidized garments to the 300,000 Australian patients who suffer lymphoedema.",NA,"504",NA
"The cost of the specialised garments can be many hundreds of dollars, and, while they are part funded through state based schemes, health insurance and charities, the approach is inconsistent and there can be an ongoing cost for patients who have had cancer.",NA,"504",NA
"Without these garments lymphoedema sufferers experience excess fluid and proteins in the tissue cause swelling and inflammation, which can lead to fibrosis if lymphoedema is not treated.",NA,"504",NA
"These infections place greater stresses on the already labouring lymphatic system and hospital admission may be required in severe cases.",NA,"504",NA
"The Government will partner with states, territories and major support groups to ensure this extends funding already available, to provide maximum benefit to patients.",NA,"504",NA
"Supporting Women’s Health Services - Support for breastfeeding mothers",NA,"H",NA
"The Liberal and Nationals Government has led the development of Australia’s National Breastfeeding Strategy, approved by the Australian Health Ministers’ Advisory Council last month and now endorsed by the COAG Health Council.",NA,"504",NA
"We will extend funding for the Australian Breastfeeding Association by $4 million to $8.2 million over 4 years to ensure that this valuable service can best support mothers.",NA,"504",NA
"This builds on $2 million in funding to the Australian Red Cross Blood Service to ensure that all premature babies born in Australia can access human milk through the establishment of a centralised Donor Human Milk Service.",NA,"504",NA
"Supporting Women’s Health Services - National Women’s Health Research Translation and Impact Network",NA,"H",NA
"A Liberal and Nationals Government will provide $5 million to support a National Women’s Health Research Translation and Impact Network - a national collaboration, workforce capacity building, leadership development, and broad research and translation in women’s health.",NA,"504",NA
"The funding will be provided through the Medical Research Future Fund and priority areas will include preconception, pregnancy, postpartum and intrapartum health of women and babies, mental health and reproductive health.",NA,"504",NA
"National Women’s Health Strategy",NA,"H",NA
"Our new support builds on the National Women’s Health Strategy 2020-2030 announced in April 2019 with more than $50 million in funding to improve women’s health in areas such as ovarian cancer and endometriosis.",NA,"504",NA
"Through the National Women’s Health Strategy 2020-2030 we have invested:$20 million for research to help Australian women in their fight against ovarian cancer with a focus on early detection.",NA,"504",NA
"Ovarian cancer has a poor prognosis, with only 43 of every 100 women diagnosed still alive five years after their diagnosis.",NA,"504",NA
"A complete understanding of the risk factors for ovarian cancer is not yet known and further research is required to develop comprehensive prevention and detection strategies.",NA,"504",NA
"The funding will support ovarian cancer research under the new Medical Research Future Fund.",NA,"504",NA
"Early detection and finding a cure for ovarian cancer will be a priority for this funding.",NA,"504",NA
"Over $10 million for endometriosis, including $9 million from the Medical Research Future Fund for endometriosis research to improve the treatment and understanding on an often misunderstood and crippling condition;",NA,"504",NA
"$1.06 million to develop a digital health platform for endometriosis research and support;",NA,"504",NA
"and $160,000 for Endoactive to disseminate itsaward winning Shared Perspectives endometriosis videos, free of charge, to medical professionals and women affected by endometriosis.",NA,"504",NA
"Shared Perspectives is a resource of 25 evidence-based videos that help health professionals and patients to better understand the condition and provide guidance regarding effective methods of management and treatment.",NA,"504",NA
"$5 million to Jean Hailes for Women’s Health for the continuation of its National Women’s Health Initiative, including clinical services, provision of information on women’s health to employers, and the national digital gateway for women’s health and wellbeing for doctors and patients.",NA,"504",NA
"$1.3 million for an intensive support service to support families following stillbirth. The program, delivered through SANDS, will deliver an intensive support service that begins in the hospital and continues once the family has returned home.",NA,"504",NA
"$1.5 million over three years for local women’s health promotion grants.",NA,"504",NA
"Our funding builds on the National Strategic Approach to Maternity Services, which is being developed with stakeholders, including consumers, states and territories, and health professionals, to deliver a genuinely holistic policy framework that recognises and values all models of care.",NA,"504",NA
"We are committed to improving access for women to continuity of care with the provider of their choice and this includes for midwifery continuity of care.",NA,"504",NA
"We continue to invest to support women with cancer treatment including in the 2019-20 Budget.",NA,"504",NA
"For the first time we are making Medicare available for MRI and PET scans for breast cancer with an investment of $32.6 million to benefit 15,000 patients during their diagnosis and pre-surgery planning.",NA,"504",NA
"This is in addition to the $198.6 million funding for diagnostic imaging to reduce the costs of vital scans and x-rays, plus a further $375 million expansion of more than 50 MRI licences around the country.",NA,"504",NA
"We have subsidised on the Pharmaceutical Benefit Scheme Ibrance® and Kisqali® for advanced and metastatic breast cancer, which would otherwise cost over $70,000 per year without subsidy.",NA,"504",NA
"We have extended free mammograms for women between the age of 50 and 74 through BreastScreen.",NA,"504",NA
"We have also provided over $27 million in new funding for more McGrath Foundation Nurses for breast cancer, particularly to support patients in rural and regional areas.",NA,"504",NA
"To support women with Type 1 diabetes we have expanded free access to glucose monitoring devices for pregnant women, children and more adults with type 1 diabetes, saving Australians up to $7,000 a year.",NA,"504",NA
"Our investment over the next four years will ensure that free glucose monitoring devices are available to over 37,000 eligible Australians with type 1 diabetes.",NA,"504",NA
"More than 75 per cent of Australians affected by eating disorders are women.",NA,"504",NA
"We are investing $70.2 million to establish six residential eating disorders centres and provide national coordination for eating disorders treatment.",NA,"504",NA
"This builds on the historic $110 million investment to introduce new MBS items for eating disorders, announced in December 2018.",NA,"504",NA
"This will allow people with anorexia nervosa and other severe psychological eating disorders to be able to access a Medicare rebate of up to 40 psychological and 20 dietetic services per year, depending on their needs.",NA,"504",NA
"Child care",NA,"H",NA
"Child care accessibility and affordability are crucial to creating more workforce opportunities for parents.",NA,"504",NA
"Our reforms have made child care more affordable with almost 1 million families realising the benefits.",NA,"503",NA
"We abolished the annual subsidy cap for more than 80 per cent of families, allowing them to work as many days as they choose without a looming cap on their child care subsidy.",NA,"504",NA
"We know that these changes are working.",NA,"504",NA
"More families and children are using child care, more than 90 per cent of families are entitled to a child care subsidy of 50 per cent or more and the ABS has reported that out-of-pocket costs for families have fallen by 8.9 per cent across Australia since our new child care package began.",NA,"504",NA
"Our reformed Child Care Subsidy helps around 1 million families to balance work and parenting responsibilities.",NA,"504",NA
"A typical family is around $1,300 better off each year.",NA,"504",NA
"Typical families who are better off with the newsubsidy which significantly reduces their daily fee:A family on $50,000 - both parents or asingle parent working, with two children under 6 in long day care three days a week at $100 a day. More than $3,000 a year better off.",NA,"504",NA
"A family on $80,000 - both parents or asingle parent working full-time, with two children under 6 in long day care five days a week at $100 a day.",NA,"504",NA
"Over $8,000 a year better off.",NA,"504",NA
"A family on $94,000 - both parents or a single parent working, with two children under 6 in long day care two days a week at $100 a day.",NA,"504",NA
"Around $1,500 a year better off.",NA,"504",NA
"A family on $150,000 - both parents or a single parent working, with two children under 6 in long day care three days a week at $100 a day. Around $1,000 a year better off.",NA,"504",NA
"Families earning $186,958 or less are no longer limited by the amount of subsidised child care they can access. This benefits more than 80 per cent of families who use child care.",NA,"504",NA
"Families earning more than $186,958 and less than $351,248 will also benefit from an increased annual subsidy cap of $10,190 per child per year.",NA,"504",NA
"Low income families earning $66,958 or less who do not meet the activity test have access to 24 hours of subsidised care per child per fortnight.",NA,"504",NA
"Women’s Safety",NA,"H",NA
"The Liberal and Nationals Government’s first priority is to keep Australians safe and secure.",NA,"605.1",NA
"That means continuing to stand up to the scourge of domestic violence.",NA,"605.1",NA
"We are proud to be making the biggest-ever Commonwealth investment in the National Plan to Reduce Violence against Women and their Children, with $328 million for prevention measures and frontline services.",NA,"605.1",NA
"Our investments are the product of extensive consultations with frontline workers, experts and survivors ahead of the release of the Fourth Action Plan in mid-2019.",NA,"605.1",NA
"It’s why a core focus of our investment is prevention — changing the attitudes to violence and helping those who think violence is an option, to stop.",NA,"605.1",NA
"Our record $328 million investment includes:$82 million for frontline services.",NA,"605.1",NA
"$68 million for prevention strategies.",NA,"605.1",NA
"$35 million in support and prevention measures for Aboriginal and Torres Strait Islander communities funded under the Indigenous Advancement Strategy.",NA,"607.3",NA
"$78 million to provide safe places for people impacted by domestic and family violence.",NA,"605.1",NA
"$64 million for 1800RESPECT.",NA,"605.1",NA
"A key feature is our ground-breaking commitment to build new emergency accommodation for women and children escaping violence. Women and children leaving dangerous homes should have a safe place to go.",NA,"503",NA
"And where they are safe, women and children survivors should be helped to remain in their homes and in their communities.",NA,"503",NA
"This investment includes a $60.4 million grants program to provide new or expanded emergency accommodation facilities for those escaping family and domestic violence and a further $18.0 million to continue the Commonwealth’s investment in the Keeping Women Safe in their Homes program.",NA,"605.1",NA
"We’ve also introduced reforms to the family law system to stop DV victims being cross-examined by perpetrators and introduced a new minimum standard of five days unpaid family and domestic violence leave.",NA,"605.1",NA
"To tackle online abuse, we have expanded the role of the e-Safety Commissioner.",NA,"605.1",NA
"This office now also takes responsibility for online safety issues affecting adults, including victims of non- consensual image sharing.",NA,"605.1",NA
"Ninety-eight per cent of domestic violence workers say they have had clients who experienced technology-facilitated stalking and abuse.",NA,"605.1",NA
"The Government will work with the states and territories to ensure police and other frontline workers are equipped to respond quickly to incidents of online harassment and abuse.",NA,"605.1",NA
"Under the Fourth Action Plan to Reduce Violence against Women and their Children, a Liberal and Nationals Government will:",NA,"605.1",NA
"Invest $1.5 million for the Office of the eSafety Commissioner to provide targeted advice to help women with an intellectual disability and/or communication difficulties to identify and report online abuse, and to enable the safety features on their devices and online accounts. Research indicates that women with an intellectual disability are more vulnerable to technology-facilitated abuse.",NA,"605.1",NA
"The program will also include training for domestic and family violence frontline workers.",NA,"605.1",NA
"Provide up to $2.5 million for the Office of the eSafety Commissioner to work with and assist Aboriginal and Torres Strait Islander women in communities across Australia to identify, report and protect themselves and their children from technology-facilitated abuse.",NA,"605.1",NA
"The program will develop a range of culturally-appropriate resources for frontline workers to help them identify, understand and report technology-facilitated abuse, and ultimately empower the women they support to be safe online.",NA,"605.1",NA
"The Liberal and Nationals Government will also mandate transparency reports from the major social media platforms on the number and type of responses to reports and complaints about illegal abusive and predatory content.",NA,"605.1",NA
"To send a clear message to criminals and predators, we will toughen penalties for online abuse and harassment. This will also allow the courts to impose penalties in line with community expectations.",NA,"605.1",NA
"We will increase maximum penalties for those using a carriage service to menace, harass or cause offence under section 474.17 of the Criminal Code Act 1995 from three years’ jail to five years.",NA,"605.1",NA
"Our total contributions to women’s safety are more than $840 million since 2013 - because women have the right to be safe in their homes, communities, online and at work.",NA,"605.1",NA
"We have also granted over 7,046 visas to vulnerable women and children through the Women at Risk program,",NA,"602.2",NA
"which specifically helps women targeted because of their gender.",NA,"503",NA
"In 2017-18, the highest number of women and dependents were granted a woman at risk visa in our history (2,126 people in total).",NA,"503",NA
"In 2018-19, at least 15 per cent of places have been set aside for the Women at Risk program, up from last year’s 10 per cent target.",NA,"503",NA
"A re-elected Liberal and Nationals Government will increase the Women at Risk Program as a proportion of the Offshore Component of our refugee intake from 14 per cent in 2017-18 to 20 per cent in 2019-20.",NA,"503",NA
"We have also introduced a new directive to prevent the entry to Australia of people convicted of violent crimes against women or children - regardless of the nation in which the offence occurred or the sentence that was handed down.",NA,"605.1",NA
"Improve gender equality",NA,"H",NA
"By keeping the economy strong, the Liberal and Nationals Government has created jobs and careers and built an education system that nurtures talent, regardless of gender.",NA,"503",NA
"We now have so many more women serving at senior levels in business, the professions and in government.",NA,"503",NA
"However, women are still not represented at all levels, in all sectors, or in equal numbers to men. While progress has been strong, there is still more work to do.",NA,"503",NA
"We have acted to improve gender equality, with a record number of women in Cabinet and a record number of women on government boards.",NA,"503",NA
"We will also build on our record 47.3 per cent women on government boards to meet our 50 per cent target.",NA,"503",NA
"We will continue to make targeted investments to boost participation and leadership in different sectors.",NA,"503",NA
"Education",NA,"H",NA
"Nothing provides more opportunity and choice than a strong education.",NA,"506",NA
"We have implemented fair, needs-based funding that maintains choice for families and will increase average funding per student by 62 per cent over a decade.",NA,"506",NA
"In addition, we are making targeted investments in education to encourage more girls to participate in traditionally male¬dominated professions.",NA,"503",NA
"The Liberal and Nationals Government is:Developing a 10-year plan to boost women in STEM alongside the Australian Academy of Science to ensure women and girls are ready for the jobs of the future.",NA,"503",NA
"Investing $1.8 million to extend the Curious Minds program and bring more girls into science, technology, engineering and maths.",NA,"503",NA
"Supporting the Future Female Entrepreneurs program with a $3.6 million investment for around 55,000 girls and young women to encourage entrepreneurialism and self¬employment.",NA,"503",NA
"Providing scholarships for women in economics and finance through the Women’s Leadership and Development Program.",NA,"503",NA
"STEM equity",NA,"H",NA
"The Liberal and Nationals Government is taking action to ensure that women and girls are equally represented in STEM.",NA,"503",NA
"Only 16 per cent of Australians qualified in the science and technology fields are female.",NA,"503",NA
"This is unacceptably low for an area so critical to the future of our economy.",NA,"503",NA
"Building on the Government’s support for a Decadal Plan for Women in STEM, we will:Develop a 10-year plan to boost women in STEM, alongside the Australian Academy of Science.",NA,"503",NA
"Reduce barriers to STEM through the Women in STEM and Entrepreneurship grants program.",NA,"503",NA
"Expand the Science in Australia Gender Equity (SAGE) program promoting gender equity and diversity in science, technology, engineering, mathematics and medicine.",NA,"503",NA
"Invest $1.8 million to extend the Science in Australia Gender Equity (SAGE) initiative to advance gender equity in higher education and research institutions.",NA,"503",NA
"Invest $1.5 million for a digital awareness initiative to heighten visibility of girls and women and showcase the benefits of study and a career in science.",NA,"503",NA
"Women in construction",NA,"H",NA
"We are supporting more women to work in construction, one of our largest employing industries, with a $675,000 grant over three years for Women Building Australia.",NA,"503",NA
"This construction industry-led program is working to increase the participation of young women in the sector.",NA,"503",NA
"While the sector has traditionally been male dominated, statistics have shown that women working in building and construction leads to better business performance and workplace morale and a decrease in mental illness rates.",NA,"503",NA
"Through a national mentoring program and a national career expo program run by Master Builders Australia, the Women Building Australia initiative will encourage women to enter and remain in the building and construction industry.",NA,"503",NA
"The initiative targets the four main barriers to women’s participation:Perceptions of the industry.",NA,"503",NA
"Lack of appropriate workforce pathways for young women.",NA,"503",NA
"Lack of encouragement for young women to consider a career in building and construction.",NA,"503",NA
"Lack of support to retain female newcomers in the industry.",NA,"503",NA
"Women in Music mentor program",NA,"H",NA
"As part of the Liberal and Nationals Government’s $30.9 million investment in the Australian",NA,"503",NA
"music industry, we will provide $2 million over four years to the Australian Music Industry Network to deliver an open, competitive mentorship program aimed at empowering women in the creation, development and promotion of their music.",NA,"503",NA
"Women are under-represented in the Australian music industry: the mentoring program will assist them to navigate and lead within the industry, as well as providing professional development.",NA,"503",NA
"Funding will be directed towards emerging talent, aiming to equip female musicians with the skills to move to the next stage.",NA,"503",NA
"Gender equality in Foreign Affairs",NA,"H",NA
"The Liberal and Nationals Government has established Australia as a global leader on gender equality and women’s empowerment.",NA,"503",NA
"We believe that gender equality is a fundamental human right, and that respecting fundamental human rights and freedoms makes Australia and the world safer and more secure.",NA,"503",NA
"Through the Liberal and Nationals Government’s 2016 Gender Equality and Women’s Empowerment Strategy and 2017 Foreign Policy White Paper, we pursue gender equality as a core Australian value and a top priority across Australia’s foreign policy, economic diplomacy and development investments.",NA,"503",NA
"We have increased our investment in the Pacific to advance gender equality and will deliver a 10 year roadmap to end violence against women and girls in our region.",NA,"503",NA
"The Liberal and Nationals Government has forged a new partnership in the Pacific, investing $7.6 million in the Pacific Partnership to End Violence Against Women and Girls, which will see Australia work with the Pacific community, European Union and UN Women to eliminate violence against women and girls.",NA,"503",NA
"Increasing participation and leadership in sport",NA,"H",NA
"Participating in sport means a fair go for all, including women and girls who need equal access to our playing fields and facilities.",NA,"503",NA
"We need to ensure women are supported from entry level as young girls through to elite level competition, including in once male-dominated sports.",NA,"503",NA
"For example, female change rooms should be the standard rather than the exception.",NA,"503",NA
"In the 2019-20 Budget we set aside funding to kickstart our ambition to deliver proper and equitable changing facilities at every sporting field across the country.",NA,"503",NA
"Our mission will help address the unmet demand resulting from the massive increase in women’s and girls’ participation in football, cricket, Australian Rules, rugby league and rugby sevens.",NA,"503",NA
"Securing the long-term future of Australian netball",NA,"503",NA
"Netball has long been the leading team sport for girls and women throughout Australia with over one million participants nationwide, and a strong footprint into regional communities across the country.",NA,"503",NA
"Traditionally, netball has retained players for longer than other sports, especially in the 18-24 age bracket.",NA,"503",NA
"However, in recent years there has been an increasing number of our best young female athletes pursuing other sports.",NA,"503",NA
"A Liberal and Nationals Government will provide $30 million for Netball Australia to roll-out a number of initiatives which aim to secure a strong and long-term future for the game.",NA,"503",NA
"The leading initiative will be the ‘Play Netball’ participation strategy. ‘Play Netball’ will enhance participation at a grassroots level through a range of products and programs that can be localised to netball communities across each state and territory:",NA,"503",NA
"NetSetGO 3.0, a revised junior introductory program which will directly support clubs and associations to trial and implement innovative approaches for delivering the game, and increase annual participants from 75,000 to 100,000.",NA,"503",NA
"Digital upgrades to improve club and association operations, including additional online coaching models, administration resources, and an improved competition management platform for more than 40,000 coaches and officials.",NA,"503",NA
"Expansion of the Confident Girls Foundation Grassroots Participant program aimed at supporting state and territories which do not have government subsidised sporting voucher programs.",NA,"503",NA
"An enhanced national child safe framework to support clubs and associations provide a fun and safe place for children.",NA,"503",NA
"Revised national facilities guidelines to support grassroots community club volunteers and local councils in applying for government funding.",NA,"503",NA
"Provide a clearer and more defined high-performance pathway, and increase employment opportunities for athletes.",NA,"503",NA
"‘Play Netball’ will also provide direct financial support for Netball ACT, Netball Tasmania and Netball Northern Territory to deliver localised grassroots participation, schools, coaching, umpiring and volunteer programs.",NA,"503",NA
"A Liberal and Nationals Government will also back Netball Australia’s bid for the Netball World Cup 2027, an event that will once again showcase Australia, and its capability to host major international sporting events, to the world.",NA,"503",NA
"Establishing a home for The Matildas",NA,"H",NA
"A Liberal and Nationals Government will back in one of our nation’s most loved and successful women’s sporting teams, The Matildas, by supporting a permanent base in Melbourne.",NA,"502",NA
"The home of the Matildas will be established as a state-of-the-art facility at a site identified through an expression of interest process currently being run by Football Victoria.",NA,"502",NA
"It will provide a fully equipped performance centre to maintain the high standards of our current players, coaches and officials,",NA,"503",NA
"as well as preparing our next generation of female footballers to keep the game strong.",NA,"503",NA
"We recognise that the success of the Mathilda’s has been the catalyst for driving female participation as the fastest growing area of football.",NA,"503",NA
"This Centre will be pivotal to football reaching a 50:50 gender equality target at a grassroots level over the next ten years by engaging with female footballers across Melbourne and inspiring female participation.",NA,"503",NA
"The Liberal and Nationals Government’s $15 million contribution will require matching funds from the Victorian Government.",NA,"503",NA
"These commitments are in addition to our other investments which will see us:Partner with Tennis Australia to increase opportunities for women and girls from all regions, towns and cities around Australia to participate in grassroots tennis.",NA,"503",NA
"Secure the future of the AFLW in Queensland with a new sporting and entertainment precinct in Springfield.",NA,"502",NA
"Redevelop Ikon Park in Melbourne into the home of AFLW in Victoria.",NA,"502",NA
"Transform the iconic Royal Hall of Industries in Sydney into a high performance home of women’s sport.",NA,"502",NA
"Redevelop Allan Border Field into a hub for female cricket.",NA,"503",NA
"Continue to actively support the Women Leaders in Sport Program through the Women’s Leadership Development Program and Sport Australia.",NA,"502",NA
"Host the 2020 ICC Women’s T20 World Cup and support the 2023 FIFA Women’s World Cup bid.",NA,"502",NA
"THE CHOICE",NA,"H",NA
"The Liberal and Nationals Government is building a stronger economy,",NA,"410",NA
"delivering tax relief,",NA,"402",NA
"fixing the Budget and delivering a surplus.",NA,"414",NA
"We have a plan to secure our future and guarantee the essential services that Australians rely on.",NA,"410",NA
"The Liberal and Nationals Government will create the pathway for women's economic empowerment.",NA,"503",NA
"It’s imperative that women have an equal stake in our economy and in our society.",NA,"503",NA
"Women must also be safe in their communities, homes, online and in their workplaces.",NA,"503",NA
"In the last Parliament, the Labor Party refused to support Government measures to help Australian women.",NA,"305.1",NA
"These included policies to secure their financial future - particularly women about to retire - that would limit the fees and charges applicable to low-balance superannuation accounts.",NA,"503",NA
"The Liberal and Nationals Government is ensuring women can build their financial future and save for their retirement with catch-up contributions in superannuation.",NA,"503",NA
"We're levelling the playing field so that all women, no matter how they're employed, can make a tax deductible contribution to their superannuation.",NA,"503",NA
"Yet the Labor Party plans to scrap both of these measures.",NA,"305.1",NA
"The Labor Party’s Retirees Tax will impact 30 per cent more women than men, including single women and widows.",NA,"503",NA
"This heartless tax grab would hurt vulnerable women, including pensioners.",NA,"503",NA
"The Labor Party would weaken our economy with $387 billion more in higher taxes.",NA,"410",NA
"Time and again, Labor have shown they can’t manage money.",NA,"305.1",NA
"And then they come after yours.",NA,"305.1",NA
"THE COST",NA,"H",NA
"The Liberals and Nationals will provide an additional $123 million to support women’s economic security and health services.",NA,"503",NA
"OUR PLAN FOR SPORT AND PHYSICAL ACTIVITY IN AUSTRALIA",NA,"H",NA
"KEY POINTS",NA,"H",NA
"The Liberal and Nationals Government will ensure all Australians have an opportunity to participate in sport and physical activity.",NA,"502",NA
"Sport improves the health and well-being of millions of Australians.",NA,"502",NA
"Sport brings communities together.",NA,"502",NA
"And sport brings our nation together when our athletes take on the world’s best.",NA,"502",NA
"That’s why we will continue to invest in the sporting infrastructure and initiatives to enable and encourage Australians to maintain an active lifestyle.",NA,"502",NA
"We will provide our elite athletes with the resources necessary to represent our nation on the world stage.",NA,"601.1",NA
"These commitments are only possible because of our success in building a stronger economy.",NA,"410",NA
"To ensure we take a strategic approach to these commitments, the Liberal and Nationals Government has developed Sport 2030, Australia’s first ever national sports plan.",NA,"502",NA
"Sport 2030 is our blueprint for our vision for Australia to be the world’s most active and healthy sporting nation and recognised for our sporting integrity and success.",NA,"601.1",NA
"To strengthen participation in sport and physical activity and to enhance our performance and reputation in international sport, the Liberal and Nationals Government will provide:Upgraded changing rooms at 124 sporting venues across Australia;",NA,"502",NA
"$30 million to boost the number of young athletes playing netball, and support a highperformance centre for Netball Australia in Melbourne;",NA,"502",NA
"$15 million to establish a home for the Matildas in Melbourne;",NA,"502",NA
"$11.5 million to support infrastructure upgrades at high-performance facilities across Australia to benefit our Olympic hopefuls;",NA,"502",NA
"Up to $10 million as an Australian Government contribution to support South East Queensland’s bid for the 2032 Olympic Games;",NA,"502",NA
"$2 million to establish a Regional Events Fund which will support the staging of new elite level sporting events in regional Australia; and",NA,"502",NA
"$1.5 million to improve our ability to identify and support our best para-athletes to compete on the world stage.",NA,"502",NA
"OUR RECORD",NA,"H",NA
"Sport 2030 lays out our vision and future plan for sport and physical activity across the country with four clear objectives to:get more Australians more active, more often;",NA,"502",NA
"drive sporting excellence and success;",NA,"502",NA
"safeguard the integrity of sport; and",NA,"502",NA
"strengthen the sports industry.",NA,"502",NA
"The Liberal and Nationals Government has invested more than $2.5 billion in measures designed to meet and exceed our Sport 2030 goals.",NA,"502",NA
"This funding benefits all Australians regardless of their age, gender or background.",NA,"503",NA
"It backs our local grassroots athletes.",NA,"503",NA
"It supports those who represent our nation on the world stage.",NA,"601.1",NA
"We are investing in programs and projects that specially target younger and older Australians who are overrepresented amongst the cohorts of the least active Australians.",NA,"503",NA
"The Liberal and Nationals Government’s record of achievement already includes:more than $950 millon into sport infrastructure to support local and national sporting organisations across the country;",NA,"502",NA
"over $710 million in direct funding for our current and future elite athletes;",NA,"502",NA
"$270 million for projects and programs which benefited Indigenous communities and athletes;",NA,"607.3",NA
"$113 million to safeguard the integrity of Australian sport, stopping performance enhancing drug-use and preventing other illegal activity;",NA,"502",NA
"$85 million for sporting partnerships within the Pacific; and",NA,"502",NA
"in excess of $20 million to support bids and promote upcoming major sporting events, which will attract tens of thousands of athletes, and their supporters, from around the world.",NA,"502",NA
"OUR PLAN",NA,"H",NA
"Building a more active Australia",NA,"H",NA
"The Liberal and Nationals Government wants Australians of all ages to have the opportunity to be engaged in sport and physical activity.",NA,"502",NA
"Staying physically and mentally healthy, reaching personal goals, and being involved within a community, are all critically important to a long and enjoyable life.",NA,"504",NA
"The Liberal and Nationals Government will improve access to recreational facilities in communities across the country;",NA,"502",NA
"target regions with a growing population or surges in women’s and girls’ participation;",NA,"503",NA
"and best leverage private sector funding to ensure that taxpayer funding is maximised.",NA,"402",NA
"Our plan responds to the requests from community clubs and organisations for support to address the backlog of local sporting facility upgrades.",NA,"502",NA
"And the Liberal and Nationals Government’s investment will address the huge surge in women’s and girls’ participation in sports such as football (soccer), cricket, Australian Rules, rugby league and rugby sevens.",NA,"503",NA
"We will provide funds to support our high performance athletes who are striving for success at the Olympic and Paralympic Games.",NA,"502",NA
"And we will support Pacific nations to improve their sporting governance and structures, whilst also providing additional capability for them to better develop their own athletes.",NA,"502",NA
"Better change rooms and facilities at sporting venues nationwide",NA,"502",NA
"The Liberal and Nationals Government is committed to ensuring Australian women and girls playing sport have access to high quality sporting facilities.",NA,"502",NA
"In the 2019-20 Budget we set aside funding to kickstart our ambition to deliver proper and equitable changing facilities at every sporting field across the country.",NA,"503",NA
"Our mission will help address the unmet demand resulting from the massive increase in women’s and girls’ participation in football, cricket, Australian Rules, rugby league and rugby sevens.",NA,"503",NA
"Combined with our efforts through the Community Sport Infrastructure program we are:Upgrading changing rooms at 32 sports venues across Victoria;",NA,"502",NA
"Upgrading changing rooms at 32 sports venues across Victoria;",NA,"502",NA
"Upgrading changing rooms at 27 sports venues across New South Wales;",NA,"502",NA
"Upgrading changing rooms at 21 sports venues across Gueensland;",NA,"502",NA
"Upgrading changing rooms at 14 sports venues across Western Australia;",NA,"502",NA
"Upgrading changing rooms at 20 sports venues across South Australia;",NA,"502",NA
"Upgrading changing rooms at five sports venues across Tasmania;",NA,"502",NA
"Upgrading changing rooms at three sports venues in the Northern Territory; and",NA,"502",NA
"Upgrading changingrooms at two sports venues in the Australian Capital Territory.",NA,"502",NA
"We established the $100 million Community Sport Infrastructure Program to rectify the backlog of facility and infrastructure upgrades at local sporting clubs and organisations across the country.",NA,"502",NA
"In the first three rounds of the program we have announced financial support for more than 650 projects put forward by a wide range of local sporting clubs and organisations.",NA,"502",NA
"Some of the projects we have funded include:$119,660 to upgrade irrigation and drainage at the Southern Ettalong Football Club in Woy Woy, New South Wales;",NA,"502",NA
"$119,660 to upgrade irrigation and drainage at the Southern Ettalong Football Club in Woy Woy, New South Wales;",NA,"502",NA
"$105,000 to upgrade lighting at the Ringwood Central Tennis Club in Ringwood, Victoria;",NA,"502",NA
"$200,000 to construct a new shed at the Pine River Rowing Club in Kurwongbah, Queensland;",NA,"502",NA
"$150,460 to resurface and upgrade courts at the Mundaring Tennis Club in Mundaring, Western Australia;",NA,"502",NA
"$154,011 toprovide equitable changing rooms at the Burnside Lacrosse Club in Linden Park, South Australia;",NA,"502",NA
"$54,135 to replace the kitchen at the Oatlands Golf Club in Oatlands, Tasmania;",NA,"502",NA
"$102,251 toimprove storage facilities and upgrade security at Lyel Kempster Baseball Field in Alice Springs, Northern Territory; and",NA,"502",NA
"$140,000 toextend the Southern Canberra Gymnastics Club in the Australian Capital Territory.",NA,"502",NA
"Securing the long-term future of Australian netball",NA,"H",NA
"Netball has long been the leading team sport for girls and women throughout Australia with over one million participants nationwide, and a strong footprint in regional communities across the country.",NA,"502",NA
"Traditionally, netball has retained players for longer than other sports, especially in the 18-24 age bracket.",NA,"502",NA
"However, in recent years there has been an increasing number of our best young female athletes pursuing other sports.",NA,"502",NA
"A Liberal and Nationals Government will provide $30 million for Netball Australia to roll-out a number of initiatives which aim to secure a strong and long-term future for the game.",NA,"502",NA
"The leading initiative will be the ‘Play Netball’ participation strategy.",NA,"502",NA
"‘Play Netball’ will enhance participation at a grassroots level through a range of products and programs that can be localised to netball communities across each state and territory:NetSetGO 3.0, a revised junior introductory program which will directly support clubs and associations to trial and implement innovative approaches for delivering games, and increasing annual participants from 75,000 to 100,000.",NA,"502",NA
"Digital upgrades to improve club and association operations, including additional online coaching models, administration resources, and an improved competition management platform for more than 40,000 coaches and officials.",NA,"502",NA
"Expansion of the Confident Girls Foundation Grassroots Participant program aimed at supporting state and territories which do not have government subsidised sporting voucher programs.",NA,"502",NA
"An enhanced national child safe framework to support clubs and associations provide a fun and safe place for children.",NA,"502",NA
"Revised national facilities guidelines to support grassroots community club volunteers and local councils in applying for government funding.",NA,"502",NA
"A clearer and more defined high-performance pathway, and increased employment opportunities for athletes.",NA,"502",NA
"A Liberal and Nationals Government will also back Netball Australia’s bid for the Netball World Cup 2027, an event that will once again showcase Australia, and its capability to host major international sporting events, to the world.",NA,"502",NA
"The event coincides with the 100th anniversary of Netball Australia and is expected to generate visitor expenditure of approximately $31 million.",NA,"502",NA
"Support for further international engagement will also be a key measure implemented under the Liberal and Nationals Government’s partnership with Netball Australia.",NA,"502",NA
"The use of netball to bolster bilateral and multilateral relationships remains underdeveloped and there is a real opportunity to pursue new linkages in Asia with countries such as China and India.",NA,"502",NA
"In most Asian countries netball is neither a traditional sport nor hugely popular.",NA,"502",NA
"The focus on China and India is aimed at shifting the game towards being even more culturally inclusive.",NA,"502",NA
"A better understanding of netball and increased participation from within Asian communities is likely to improve young people integrating into Australian communities, particularly in the regions.",NA,"502",NA
"To cater for this expected increase in engagement from the Chinese and Indian communities, Netball Australia will better utilise its existing netball programs:",NA,"502",NA
"Rolling out NetSetGO in languages other than English and adapting participation and coaching modules for Chinese and Indian communities.",NA,"502",NA
"Expanding the delivery of netball through the Sporting Schools Program into targeted Chinese and Indian schools and community groups. Engaging Chinese and Indian community ambassadors and coaches.",NA,"502",NA
"The Liberal and Nationals Government will also recognise the emerging infrastructure needs of Netball Australia by providing funding to deliver the first ever International Leadership Hub for Netball in Melbourne.",NA,"502",NA
"The Hub will further enhance Australia’s reputation as a global provider of education in sport and focus on enhancing netball participation, better understanding, high performance, governance, management and leadership opportunities.",NA,"502",NA
"It will also serve as the headquarters for Netball Australia, the Super Netball League, the Confident Girls Foundation and the Australian Netball Players’ Association.",NA,"502",NA
"In addition, a National Netball Museum will be established at the Hub to showcase the history of the sport in Australia.",NA,"502",NA
"The Hub will also include:sport science and sports medicine research and testing facilities;",NA,"502",NA
"Science, Technology, Engineering and Math (STEM) presence;",NA,"502",NA
"Social Research Hub to examine the practices and behaviours that exist in community netball;",NA,"502",NA
"Continuous Learning Hub to improve grassroots volunteer capability; and",NA,"502",NA
"Leadership Hub to support improved governance capability; monitor integrityin sport;",NA,"502",NA
"implement child safe practices and measures which prevent violence against women and their children;",NA,"605.1",NA
"and support reconciliation initiatives with Aboriginal and Torres Strait Islander organisations and communities.",NA,"502",NA
"Establishing a home for the Matildas",NA,"503",NA
"A Liberal and Nationals Government will back in one of our nation’s most loved and successful women’s sporting teams, The Matildas, by supporting a permanent base in Melbourne.",NA,"503",NA
"The home of the Matildas will be established as a state-of-the-art facility at a site identified through an expression of interest process currently being run by Football Victoria.",NA,"502",NA
"It will provide a fully equipped performance centre to maintain the high standards of our current players, coaches and officials,",NA,"502",NA
"as well as preparing our next generation of female footballers to keep the game strong.",NA,"503",NA
"We recognise that the success of the Mathilda’s has been the catalyst for driving female participation as the fastest growing area of football.",NA,"503",NA
"This Centre will be pivotal to football reaching a 50:50 gender equality target at a grassroots level over the next ten years by engaging with female footballers across Melbourne and inspiring female participation.",NA,"503",NA
"The Liberal and Nationals Government’s $15 million contribution will require matching funds from the Victorian Government.",NA,"301",NA
"Investing to achieve sporting excellence",NA,"H",NA
"Australians have high expectations of our elite athletes and national sporting teams.",NA,"502",NA
"The Liberal and Nationals Government wants to enable and empower our sports teams to achieve sustained sporting success both at home and internationally",NA,"601.1",NA
"because we know that their success encourages increased participation at a grassroots level.",NA,"502",NA
"Our aspiring athletes need to know that there is the support and established pathways available to allow them to be the best they can be during and after their careers.",NA,"502",NA
"At a national level, the Liberal and Nationals Government has supported athlete wellbeing and pathways to high performance.",NA,"502",NA
"We are committed to increasing opportunities for young Australians to develop and pursue sporting success with a particular focus on the engagement, progression and retention of female athletes and those in regional areas.",NA,"502",NA
"Our athlete wellbeing and pathways to high performance initiative will:improve the identification and development of young athletes by increasing access to quality coaching and other support staff;",NA,"503",NA
"enhance the talent identification processes within sporting organisations, providing greater exposure to quality competitions;",NA,"502",NA
"expand the support provided for mental health services through the Mental Health Referral Network;",NA,"502",NA
"expand proven systems for mentoring young athletes; and",NA,"502",NA
"build the capability of sports organisations to develop and leverage technological solutions to support quality athlete development.",NA,"502",NA
"This initiative will also target talented coaches, sports scientists, medical professionals and other support staff involved in athlete identification and development.",NA,"502",NA
"On top of this, we have also committed to expanding the Sport Australia Hall of Fame’s Athlete Mentoring Program which provides scholarships and mentoring to athletes under the age of 21.",NA,"502",NA
"A Liberal and Nationals Government will further invest in the infrastructure required to make sure our aspiring Olympians have access to the best training facilities possible.",NA,"411",NA
"This includes:Backing Swimming Australia by equipping at least one pool in each state with modern instrumented block and turn wet force plates; calibrated multi-view camera systems; and software systems to process immediate performance data feedback.",NA,"502",NA
"Providing standalone equitable change rooms for our Hockeyroos at Perth Hockey Stadium, supporting our National Women’s Hockey Program.",NA,"502",NA
"Helping the Australian Institute of Sport advance our efforts in smaller sports by establishing a Smaller Sports Infrastructure Pool to source and assess bids for infrastructure which leverage public and private investments to benefit sports such as table tennis; fencing; judo; taekwondo; archery; bowls; badminton; wrestling; and, weightlifting.",NA,"502",NA
"Providing the first airbag to allow our skiers and snowboarders to train at various locations with less risk of injury for the Winter Olympics.",NA,"502",NA
"Ensuring that large and small sports have access to Australian Institute of Sport approved multi-camera video tracking systems with athlete identification, position recognition, large- scale cloud-based data handling, and real-time performance feedback.",NA,"502",NA
"Constructing our first ever high performance centre for open water sports in New South Wales. The new centre will have fit-for-purpose facilities to support our canoeists and kayakers.",NA,"502",NA
"Upgrading technology and facilities at state centres where our track and field athletes train to enhance our medal hopes in javelin, discus, shot put, and hammer throw events.",NA,"411",NA
"The Liberal and Nationals direct investment in high performance sport totals more than $710 million over the past six years - or around $120 million per year.",NA,"502",NA
"Working to increase grassroots participation",NA,"H",NA
"The Liberal and Nationals Government is working closely with National Sporting Organisations to drive higher participation in sporting activities.",NA,"503",NA
"One example is our recent partnership with Tennis Australia that will increase opportunities for women and girls from all regions, towns and cities around Australia to participate in grassroots tennis.",NA,"503",NA
"We have also provided ‘Better Ageing’ Grants to support physical activity for older Australians, with 27 programs across a range of National Sporting Organisations and physical activity organisations already underway.",NA,"503",NA
"We are also rolling out 52 ‘Participation Grant’ projects across the country in partnership with more than 30 National Sporting Organisations, specifically targeted to help get the least active Australians moving.",NA,"503",NA
"Sport in schools",NA,"H",NA
"We recognise that school is a vital part of ensuring children are exposed to a range of physical activities.",NA,"502",NA
"The Sporting Schools Program provides free sport-based activities for students in over 6,000 primary and secondary schools.",NA,"502",NA
"It also has set targets for engaging rural and remote communities, reflecting the distribution of schools nationwide.",NA,"301",NA
"That’s why under a Liberal and Nationals Government, the Sporting Schools Program has been continually funded for the benefits of hundreds of thousands of students across the country.",NA,"502",NA
"Under the Rudd-Gillard-Rudd Government this program was always at risk of being cut and the same approach has been adopted by the current Labor Opposition who have given no guarantees that it will continue to be funded in the future.",NA,"502",NA
"Backing sport for people with disability",NA,"H",NA
"The Liberal and Nationals Government has a proud track record in supporting a range of initiatives which provide increased sporting opportunities, at all levels, for people with disabilities.",NA,"503",NA
"Our commitment to investing in initiatives which provide better pathways for athletes with a disability has been a key focus, along with making sure that our best athletes with disability get to shine on the world stage, by working with bodies such as the Australian Paralympic Committee, Special Olympics Australia and community groups dedicated to improving the lives of others.",NA,"503",NA
"Initiatives we are already delivering include:$8 million to support Australia’s para-athletes in their journey to the 2020 Paralympic Games in Tokyo;",NA,"502",NA
"$2 million for Get Skilled Access to provide support for schools and community clubs;",NA,"502",NA
"$1.8 million to support hosting of the Brisbane INAS Global Games in October 2019, the world’s biggest sports event for athletes with an intellectual impairment; and",NA,"503",NA
"$1.4 million for Special Olympics Australia to improve health and physical activity outcomes for young people with intellectual disability.",NA,"503",NA
"Building on our track record of support for para-athletes, a re-elected Liberal and Nationals Government will invest $1.5 million to improve our capability in finding our best para-athletes to compete on the world stage.",NA,"502",NA
"The overhaul of our para-athlete talent identification system will see pathways officers for para¬sports installed across our national sport network to undertake early talent identification and bring the best para-athletes into the national system sooner.",NA,"502",NA
"Building social cohesion",NA,"H",NA
"Sport has an incredible ability to break down barriers and create a sense of community.",NA,"606.1",NA
"All levels of government have recognised the power of sport in relation to building social cohesion and at a federal level we are providing funding to enable established National Sporting Organisations, local community organisations, and community groups to deliver diversity and inclusion programs using sport and physical activities.",NA,"502",NA
"For example, our partnership with the Big Issue’s Community Street Soccer Program provides participants with support and the connections to make positive changes in their lives.",NA,"502",NA
"We have also committed $1 million for the Wests Tigers’ Cubs program which will engage youth from culturally diverse or disadvantaged backgrounds,",NA,"607.2",NA
"developing their knowledge of Rugby League, building positive social outcomes and helping them to become leaders in their communities helping them to become leaders in their communities.",NA,"502",NA
"Sport in the Pacific",NA,"H",NA
"Sport is one of Australia's great strengths and an important diplomatic asset.",NA,"502",NA
"It provides a platform for projecting our values, building people-to-people connections and strengthening communities.",NA,"606.1",NA
"We are committed to supporting the development of sport and athletes in our neighbouring Pacific countries.",NA,"502",NA
"We have already developed a new Sports Diplomacy Strategy 2030 which was released in early 2019.",NA,"502",NA
"Our Strategy will advance our national interests, project Australia’s values and identity and serve as a bridge between peoples.",NA,"601.1",NA
"As part of our Strategy, we have provided funding through a Sports Linkages Program to carry out activities with the Solomon Islands, Vanuatu, Fiji, and Papua New Guinea including:Football: an U17 Matilda’s Pacific Tour in the Solomon Islands and Vanuatu.",NA,"502",NA
"Netball: assisting the Fijian netball team prepare for the 2019 Netball World Cup; and assisting Papua New Guinea prepare for the Pacific Games in July 2019.",NA,"502",NA
"Rugby League: supporting Fiji in the NSW Cup 2020 and NRL pre-season matches in Fiji in 2021;",NA,"502",NA
"supporting NRL pre-season matches in Papua New Guinea in 2020;",NA,"502",NA
"assisting the Papua New Guinea Orchids to compete against the Cook Islands women’s team at the Pacific Test in June 2019, and at the 2019 Rugby League World Cup of Nines in October 2019;",NA,"502",NA
"Rugby Union: expansion of “Get into Rugby PLUS” to the Solomon Islands in 2020;",NA,"502",NA
"and equipment as part of the “Get into Rugby PLUS” to all countries involved.",NA,"502",NA
"The Sports Linkages Program will bring new and diverse talent into our sporting codes and will encourage the development of elite sports in the Pacific.",NA,"502",NA
"The Liberal and Nationals Government will dedicate $6 million per year from late 2019 to a new Indo-Pacific sport for development program, the Australian Sports Partnerships Program (ASPP), which will deliver safer, more inclusive sport programs that support gender equality, disability inclusion and create leadership pathways for participants through the use of multi-sectoral partnerships between sporting, development and government organisations.",NA,"502",NA
"The ASPP will initially focus 10 Indo-Pacific countries Fiji, Nauru, Papua New Guinea, Samoa, Tonga, Vanuatu, India, Indonesia, the Philippines, and Sri Lanka.",NA,"502",NA
"The Liberal and Nationals Government is also increasing our sport for development funding by $3 million per year from 2019 to help more women and girls participate in sport at the grassroots level in the Pacific.",NA,"503",NA
"We will work with regional sports institutions and government to improve gender equality and encourage women’s leadership, with a view to also eradicating gender- based violence through accessible sporting environments.",NA,"503",NA
"New and emerging events in our cities and regions",NA,"H",NA
"In 2000, at the Sydney Olympics, Australia set the standard for hosting international sporting events.",NA,"601.1",NA
"This has been cemented by a succession of recent high quality events such as the 2018 Commonwealth Games on the Gold Coast and the 2018 Invictus Games in Sydney.",NA,"601.1",NA
"The Liberal and Nationals Government is committed to continuing to attract and support international sporting events at our major stadiums both in our cities and in regional areas.",NA,"502",NA
"We recently announced funding to support Rugby Australia’s bid for the 2027 Rugby World Cup, as well as promotion and preparations for the International Cricket Council T20 World Cup 2020.",NA,"502",NA
"We are also strongly supporting Football Federation Australia’s bid for the 2023 Women’s World Cup.",NA,"502",NA
"A Liberal and Nationals Government will also provide seed funding of up to $10 million to support South East Gueensland’s bid for the 2032 Olympic Games.",NA,"502",NA
"If it proceeds, the 2032 bid is likely will be the first of its kind from Australia, outlining a regional approach to hosting the Olympics, with competition venues in Brisbane, the Sunshine Coast, the Gold Coast, Ipswich, Toowoomba, Moreton Bay, Logan and the Redlands.",NA,"502",NA
"An Australian Government contribution of up to $10 million would be matched by the Gueensland Government, relevant local governments and Australia’s sporting industry.",NA,"502",NA
"In addition to our focus on international events, we will also go further in our efforts to take major sporting events to the regions by establishing a Regional Events Fund to support the staging of new elite-level sporting events in regional Australia.",NA,"301",NA
"The program will make grants of up to $500,000 available to fund the first time delivery of elite ablebodied and inclusive sporting events (modified, adapted and disability sports) into regional communities.",NA,"301",NA
"The program will target National Sporting Organisations and event organisers which deliver recognised elite-level national and international sporting competitions.",NA,"502",NA
"Strengthening Australia’s Sport Industry",NA,"H",NA
"Australia’s sporting industry employs a workforce of more than 220,000 people and is responsible for annual spending of more than $12 billion through sport and sporting infrastructure each year.",NA,"701",NA
"It is critical that governments of all levels continue to work together to secure its future.",NA,"301",NA
"In this regard, the Liberal and Nationals Government is already working with industry partners on contemporary governance structures;",NA,"405",NA
"world-leading research and innovation;",NA,"411",NA
"strong economic investment; hosting global events; and facilitating Australia’s international interests.",NA,"410",NA
"This work is supported by the development of a Sport Industry Growth Plan which will assist the sports industry to identify and unlock further opportunities for growth.",NA,"502",NA
"Safeguarding the Integrity of Sport",NA,"H",NA
"Community confidence in the fairness and legitimacy of Australian sport is critical for the survival and health of the sector,",NA,"502",NA
"for community participation",NA,"606.1",NA
"and for the return on high performance investment.",NA,"403",NA
"The multiple health, economic,",NA,"410",NA
"social and cultural benefits of sport are severely undermined when sports integrity is not properly protected.",NA,"502",NA
"Australians deserve assurance that Australian sport is able to provide safe, fair and inclusive environments and opportunities for all.",NA,"503",NA
"Earlier this year, the Liberal and Nationals Government handed down the response to the ‘Review of Australia’s Sports Integrity Arrangements’.",NA,"502",NA
"Our landmark reforms included in this response will safeguard the integrity of Australian sport by combating threats from doping, match-fixing, illegal betting, organised crime and corruption, ensuring that Australian sport remains fair and safe.",NA,"502",NA
"The key to our reforms will be the establishment of a new body, Sports Integrity Australia, to carry out anti-doping and other integrity functions.",NA,"502",NA
"It will also support the establishment of a National Sports Tribunal to hear and resolve rule violations.",NA,"502",NA
"Earlier this year, we also signed the Convention on the Manipulation of Sports Competitions (the Macolin Convention), which is a multilateral treaty specifically aimed at combating match-fixing and other related corruption in sport.",NA,"502",NA
"Major sporting infrastructure",NA,"H",NA
"The Liberal and Nationals Government recognises that it is difficult for even the largest of sporting clubs and organisations to fully fund major infrastructure upgrades in the modern era.",NA,"502",NA
"That’s why we are supporting a number of National Sporting Organisations to redevelop or build new sporting infrastructure.",NA,"502",NA
"Our commitments include:a new stadium and high performance centre for the North Queensland Cowboys in Townsville;",NA,"502",NA
"securing the future of the AFLW in Queensland with a new sporting and entertainment precinct in Springfield;",NA,"502",NA
"redeveloping Ikon Park in Melbourne into the home of AFLW in Victoria;",NA,"502",NA
"creating the William Cooper Centre at Punt Road Oval in Melbourne as a new educational hub for young Indigenous students and members of the Bachar Houli Academy,",NA,"503",NA
"and supporting the growth of women’s football;",NA,"503",NA
"creating a vibrant inner-city sports and community precinct in Adelaide, and supporting the development of the new home of the Adelaide Crows Football Club;",NA,"502",NA
"transforming the iconic Royal Hall of Industries in Sydney into a high performance home of women’s sport, headquarters for the Sydney Swans and NSW Swifts, and hub for the GO Foundation, Clontarf Foundation and Australian Red Cross Blood Service;",NA,"502",NA
"establishing Victoria Sport, a new research, development and performance hub focused on sports medicine, treatment and rehabilitation in Melbourne;",NA,"502",NA
"redeveloping Allan Border Field into a hub for female cricket as well as transforming the Shaw Road community facility to grow junior participation in cricket;",NA,"502",NA
"turning Thebarton Oval in Adelaide into a start-of-the-art multi-purpose sporting facility;",NA,"502",NA
"revamping Concord Oval and establishing the Wests Tigers Centre of Excellence; and",NA,"502",NA
"constructing new facilities to support para-athletes and a Paralympic Museum at the Essendon Football Club’s ‘The Hangar’ facility in Melbourne.",NA,"502",NA
"We are also continuing our support for the Australian Sports Foundation which supports athletes, organisations and sporting clubs of all varieties to fund their priority projects and needs by leveraging the private sector.",NA,"502",NA
"THE CHOICE",NA,"H",NA
"The Liberal and Nationals Government understands how important sport and physical activity are to all Australians.",NA,"502",NA
"We also know that a strong economy is necessary to provide the resources necessary to support high quality community and elite level sporting facilities in every state and territory.",NA,"502",NA
"By building a strong economy, the Liberal and Nationals Government has been able to provide record investments in national sporting infrastructure thus providing Australians with ample opportunities to be active regardless of their age, gender or background.",NA,"502",NA
"The Labor Party is indifferent to the fundamental role that sport plays in national life.",NA,"305.1",NA
"When last in government, Labor’s only contribution to sports policy was its role in presiding over the ‘darkest day in sport’.",NA,"305.1",NA
"At the 2019 election, Labor’s Sports policy reads like a recycled version of our Sport 2030 plan released last year.",NA,"501",NA
"Most importantly, Labor is incapable of managing money.",NA,"410",NA
"It is good at making promises but poor at delivering them.",NA,"305.1",NA
"The party best able to deliver a stronger economy will be the party best able to",NA,"410",NA
"deliver the investment in national sporting infrastructure to support ever higher levels of participation in sport and ever high levels of success at the elite level.",NA,"502",NA
"Only the Liberal and Nationals Government can deliver that.",NA,"305.1",NA
"THE COST",NA,"H",NA
"Our Plan for sport and physical activity in Australia will provide an additional $70 million investment into sport across the country.",NA,"501",NA
"OUR PLAN FOR REGIONAL AUSTRALIA",NA,"H",NA
"KEY POINTS",NA,"H",NA
"The Liberal and Nationals Government will improve the economic growth and well-being of Australians living in the regions.",NA,"301",NA
"We want to help make regional communities even better places to live, work and raise a family.",NA,"301",NA
"Under a Liberal and Nationals Government regional Australians will:have access to more and better paying jobs;",NA,"701",NA
"have improved health, education and telecommunication services;",NA,"504",NA
"lead the national effort in tackling environmental and water management; and",NA,"501",NA
"have resilient infrastructure including roads and rail.",NA,"411",NA
"Regional Australia underpins our prosperity as a nation and the Liberal and Nationals Government is committed to ensuring that it plays a key role in our future economy.",NA,"301",NA
"Our approach to investing in regional Australia focuses on the key areas of jobs,",NA,"701",NA
"health, education,",NA,"504",NA
"telecommunications, infrastructure",NA,"411",NA
"and the environment.",NA,"504",NA
"These areas, tackled simultaneously, make the most impact and provide the best opportunities for Australians living in regional areas.",NA,"301",NA
"Our strong economic management means we can invest in these essential services,",NA,"410",NA
"provide tax relief for regional families and businesses",NA,"402",NA
"so they can grow and create more jobs.",NA,"701",NA
"A re-elected Liberal and Nationals Government will:Boost digital connectivity in regional Australia, including eliminating mobile blackspots across 1 million square kilometres by 2025 (an area larger than the size of South Australia).",NA,"411",NA
"Invest $15 million for five more Regional Study Hubs.",NA,"411",NA
"Invest $2 million in the Country Education Partnership's Rural Inspire initiative.",NA,"506",NA
"Invest in the right infrastructure to connect communities, industry and producers to markets, and to make travel safer.",NA,"411",NA
"Provide further funding through programs that are targeted at improving the regions, such as the Building Better Regions Fund.",NA,"301",NA
"Deliver new Regional Deals to drive local economic growth",NA,"410",NA
"and create jobs.",NA,"701",NA
"Continue to deliver on our decentralisation agenda.",NA,"301",NA
"The Liberal and Nationals Government's vision is for a regional Australia that provides secure job opportunities,",NA,"701",NA
"access to the best education choices,",NA,"506",NA
"quality health services",NA,"504",NA
"and reliable telecommunications.",NA,"411",NA
"OUR PLAN",NA,"H",NA
"The Liberal and Nationals Government has delivered for regional Australia.",NA,"301",NA
"Investment in rural and regional areas has increased, reinforcing its place as an engine room of the economy, contributing $537 billion to annual Gross Domestic Product.",NA,"410",NA
"Over eight million people now live, work and raise a family outside our capital cities.",NA,"301",NA
"We are delivering the infrastructure and vital services that regional communities need to grow their businesses and economies.",NA,"411",NA
"Investments in road and rail are connecting local regional businesses to national and international markets,",NA,"411",NA
"and we are delivering essential education, health and telecommunications services that ensure no one is disadvantaged in regional Australia.",NA,"503",NA
"There are now more than 600 government initiatives focussed on creating jobs",NA,"701",NA
"and driving economic growth in Australia’s regions,",NA,"410",NA
"and since 2013, we have committed over $33 billion to economic and social infrastructure programs that specifically benefit regional areas.",NA,"411",NA
"Digital connectivity",NA,"H",NA
"A re-elected Liberal and Nationals Government will boost digital connectivity in regional Australia, including eliminating mobile blackspots across 1 million square kilometres by 2025 (an area larger than the size of South Australia).",NA,"411",NA
"This means new or improved mobile coverage for tens of thousands more regional Australian households and thousands of kilometres of our roads.",NA,"411",NA
"Improved digital connectivity is critical to the future of regional Australia - enabling the growth of industries like agriculture and tourism,",NA,"411",NA
"supporting health and education services",NA,"504",NA
"and helping connect regional communities to the rest of Australia and the world.",NA,"301",NA
"The 2018 Regional Telecommunications Review examined the communication needs of people living in the regions.",NA,"411",NA
"It’s clear that access to 21st century communications is more important than ever before, particularly for Australians living in regional and remote areas.",NA,"411",NA
"Under the first four rounds of the Mobile Black Spot Program we have generated investment of more than $760 million, with a commitment to deliver a total of 1,047 new base stations across Australia.",NA,"411",NA
"This will deliver close to half a million square kilometres of new or improved coverage, benefiting around 40,000 premises and over 8,500km of major roads.",NA,"411",NA
"The National Broadband Network is also now 92 per cent complete in regional Australia and by 2020 will provide over 2.7 million regional premises with fixed-line broadband, 600,000 premises with access to fixed wireless services and 400,000 premises with access to improved satellite services.",NA,"411",NA
"We are committed to doing even more.",NA,"411",NA
"A re-elected Liberal and Nationals Government will deliver our $220 million Stronger Regional Digital Connectivity Package which is fully funded in the 2019-20 Budget.",NA,"411",NA
"This will deliver two new rounds of the Mobile Black Spot Program, a new place-based Regional Connectivity Program to provide targeted investments in improving telecommunications infrastructure, a digital tech hub to improve digital literacy and trials of alternative voice services that, in time, could replace the ageing high capacity radio concentrator (HCRC) network in remote areas.",NA,"411",NA
"We have secured new policy initiatives and commitments from NBN Co and Telstra to further improve services in the regions.",NA,"411",NA
"Greater access to mobile services in regional Australia improves the ability to keep in contact with family and friends, allows better access for farmers to online services and digital agriculture, and helps local businesses grow by making these areas more attractive to tourists.",NA,"411",NA
"Despite being in Government for six years, Labor did nothing to improve mobile phone coverage in regional Australia.",NA,"411",NA
"Education and Skills",NA,"H",NA
"Every student deserves the opportunity to have access to a world-class education, no matter where they live.",NA,"506",NA
"By building a strong economy, we have been able to deliver more affordable child care,",NA,"504",NA
"record funding for government, Catholic and independent schools,",NA,"506",NA
"a new $585 million vocational education skills plan",NA,"411",NA
"and record investment in a world-class higher education system.",NA,"506",NA
"The Liberal and Nationals Government will ensure that children and young Australians in regional Australia have the opportunity to reach their full potential.",NA,"503",NA
"We are enabling regional families to access high quality early education for their children by supporting child care providers in regional Australia to remain viable and to grow through the Community Child Care Fund.",NA,"506",NA
"We are providing $69.7 billion over the decade for school students in rural and remote areas, and securing the future for parents whose children are educated in independent and Catholic schools through our $1.2 billion Choice and Affordability Fund, which will assist schools in regional and remote areas and in drought-affected areas. We have put in place over $490 million in programs to support",NA,"506",NA
"regional students to go to university.",NA,"503",NA
"To increase education opportunities and aspirations in regional Australia, a re-elected Liberal and Nationals Government will invest:$15millionfor five more Regional Study Hubs which support university students to stay in their local communities whilst they study.",NA,"506",NA
"$2millionintheCountryEducation Partnership's Rural Inspire initiative.",NA,"506",NA
"We believe that you should be able to attend university whether you are from a regional community or from a capital city.",NA,"506",NA
"Yet if you are from regional Australia, you are half as likely to attend a tertiary institution as students in cities.",NA,"503",NA
"That is why we have created Regional Study Hubs in 22 locations, which are supporting regional students to study in communities where they choose to live.",NA,"503",NA
"This means that over 2,700 students will now be able to study courses in regional communities.",NA,"506",NA
"Five more Regional Study Hubs with additional Commonwealth Supported Places will support more students to remain in their local community whilst getting the skills and qualifications they need for work.",NA,"506",NA
"The first of these new Hubs will be established in Wangaratta.",NA,"506",NA
"We will invite applications for the other four Hubs.",NA,"506",NA
"Our investment in the Country Education Partnership's Rural Inspire initiative will help to inspire and support young people living in rural communities to set their sights high, and achieve their goals.",NA,"503",NA
"We know rural students don’t always have access to the necessary information, or career mentors, to support them in making career choices and chasing their dreams.",NA,"503",NA
"Wangaratta-based Rural Inspire and its Rural Youth Ambassador program work with young people living in rural communities to encourage them to pursue further education, develop their leadership skills, and put forward their voice and ideas to address the challenges they and their communities face.",NA,"503",NA
"Health services",NA,"H",NA
"A stronger economy means the Liberal and Nationals Government can guarantee the essential services Australians rely on.",NA,"504",NA
"The Liberal and Nationals Government’s investment in health care is growing year on year - delivering record bulkbilling rates, new life-saving medicines, record funding for hospitals and",NA,"504",NA
"more health services for all Australians.",NA,"503",NA
"Under the Liberal and Nationals Government, almost nine out of 10 Australians who visit the doctor have no out of pocket costs with GP bulk billing rates at a record 86 per cent, up from 82 per cent under Labor.",NA,"504",NA
"Since coming to Government, the Liberal and Nationals Government has invested $10.6 billion to add over 2,000 new medicines listings to the Pharmaceutical Benefit Scheme (PBS).",NA,"504",NA
"We are subsidising breakthrough medicines such as Spinraza for spinal muscular atrophy, Orkambi for cystic fibrosis and new immunotherapy drugs for cancer.",NA,"411",NA
"These are medicines that change and save lives.",NA,"504",NA
"Ensuring a strong economy has enabled the Liberal and Nationals Government to deliver record funding for public hospital services.",NA,"504",NA
"Funding has increased by 60 per cent to a record $21 billion in 2018-19.",NA,"504",NA
"When Labor left office in 2013, public hospital funding was $13 billion.",NA,"504",NA
"Importantly our $503.1 million Youth Mental Health and Suicide Prevention Plan is the largest suicide prevention plan in Australia’s history",NA,"504",NA
"and focuses on expanding the headspace network, Indigenous suicide prevention",NA,"607.3",NA
"and early childhood and parenting.",NA,"504",NA
"The Liberal and Nationals Government is implementing the most comprehensive rural health package in decades, which will improve access to doctors, nurses and other health care services.",NA,"504",NA
"That is why we are investing:Investing $550 million for the Stronger Rural Health Strategy, which delivers 3,000 additional doctors and more than 3,000 additional nurses and allied health professionals in rural general practice over the next decade.",NA,"504",NA
"$45 million for 13 new regional cancer centres to provide greater access to cancer treatment nearer to home.",NA,"504",NA
"$100 million to establish the Rural and Regional Clinical Trials Infrastructure Program to establish state of the art physical infrastructure and equipment.",NA,"504",NA
"$22.3 million to support more alcohol and other drug treatment and support services in remote, rural and regional areas with an additional 65 specialist service providers operating after-hours and on weekends.",NA,"504",NA
"$4.3 million to provide local support for families, communities and regions struggling with the impacts of illicit drug use.",NA,"504",NA
"$27 million in new funding for more McGrath Foundation Nurses for breast cancer, particularly to support patients in rural and regional areas.",NA,"504",NA
"$94.5 million for a new Murray Darling Medical Schools Network to increase the number of medical students training in rural areas and increase the number of students who then go on to practice in regional and rural Australia.",NA,"504",NA
"$26.6 million to accommodate longer transition arrangements for the changes to rural bulk billing incentives and the Workforce Incentive Program.",NA,"504",NA
"$62.2 million over five years from 2018-19 to implement a National Rural Generalist Pathway.",NA,"504",NA
"$26.9 million in additional support for people in drought and fire affected areas in regional Australia to access additional mental health support, including through telehealth.",NA,"504",NA
"Full details of current investments and election commitments for health services are outlined in Our Plan for Strengthening Australia’s World-Class Health System.",NA,"504",NA
"Rewarding hard work and creating jobs",NA,"H",NA
"Regional Deals",NA,"H",NA
"Regional Australia is diverse and requires a local, ‘place-based’ approach to harness opportunies.",NA,"301",NA
"Our regional development policy supports vibrant regional centres, capable of attracting more investment,",NA,"301",NA
"economic activity",NA,"410",NA
"and skilled job opportunities.",NA,"701",NA
"The Liberal and Nationals Government has led the way with providing a national approach to regional development through policies that encourage a region’s government, businesses and the community to develop local strategies cooperatively.",NA,"405",NA
"We strongly believe decisions about the future of individual regions should be made by local people and supported by government, not the other way around.",NA,"405",NA
"We understand that no one knows their regions better than the people who live and work there.",NA,"405",NA
"This approach of ensuring local solutions to local needs is at the core of our Regional Deals: bringing all the key players to the table to decide on priorities and local strategies to support regional planning,",NA,"405",NA
"governance",NA,"301",NA
"and investment.",NA,"402",NA
"This is why a re-elected Liberal and Nationals Government will continue to roll out Regional Deals whilst continuing to progress the Deals we have already established:The $45.4 million Barkly Regional Deal in the Northern Territory will improve the productivity and liveability of the Barkly region by stimulating economic growth and improving social outcomes.",NA,"410",NA
"We will consult with Indigenous Australians as central and critical stakeholders in the Barkly Regional Deal in recognition of their ongoing connection to country as the custodians and traditional owners of the land.",NA,"607.3",NA
"The $172.9 million Hinkler Regional Deal in Queensland will capitalise on the opportunities for the region",NA,"503",NA
"and tackle unemployment,",NA,"701",NA
"making the most of local strengths and competitive advantages to create more job.",NA,"701",NA
"and foster economic development",NA,"410",NA
"and sustainability.",NA,"416.2",NA
"The recently announced Albury Wodonga Regional Deal, with initial funding of $3.2 million to undertake strategic governance planning and to inform priorities for the Deal, will be the first cross border deal.",NA,"405",NA
"It will look at harmonising regulatory and governance barriers faced by these two cities.",NA,"403",NA
"It will build on the region’s connectivity and excellence in exports and population growth,",NA,"411",NA
"bringing together all levels of government to agree on investments that will deliver long term transformation.",NA,"301",NA
"A re-elected Liberal and Nationals Government will pursue regional deals in other parts of regional Australia following consultation with states, territories and local governments.",NA,"301",NA
"Our Building Better Regions Fund also prioritises local solutions, through giving local councils and community groups the flexibility to bid for the projects based on their own needs and circumstances.",NA,"405",NA
"The Liberal and Nationals Government will continue to roll-out this program, starting with a $200 million funding round in the first year of Government.",NA,"405",NA
"This brings the total commitment since 2013 under the Building Better Regions Fund and National Stronger Regions Fund to almost $1.5 billion.",NA,"301",NA
"Local Governments will continue to be supported through Financial Assistance Grants, supporting direct investment in council infrastructure",NA,"411",NA
"and health,",NA,"504",NA
"recreation,",NA,"502",NA
"environmental",NA,"501",NA
"and employment services.",NA,"701",NA
"From 2018-19 to 2022-23 $12 billion in Financial Assistance Grants will be provided to 546 local councils across the country.",NA,"405",NA
"Decentralisation",NA,"H",NA
"The Liberal and Nationals Government is committed to a practical, planned decentralisation agenda to support the growth of our regional areas and better connect government agencies with the communities and people they serve.",NA,"301",NA
"The benefits go beyond service delivery. Locating government closer to rural and regional communities and stakeholders supports a greater understanding of the views, needs and experiences of people living and working in rural Australia.",NA,"301",NA
"Relocation of jobs also stimulates broader job creation",NA,"701",NA
"and investment in regional communities,",NA,"301",NA
"adding diversity to regional economies and reducing socioeconomic disparities between major cities and the regions.",NA,"607.2",NA
"Since 2013, over 1700 Federal Government positions have been established or relocated outside of Canberra, inner Sydney and inner Melbourne,",NA,"301",NA
"including over 1000 positions relocated to regional Australia to support local employment and economic diversification in communities.",NA,"607.2",NA
"This includes a number of regional relocations such as the Australian Maritime Safety Authority with 69 jobs including a regional headquarters at Coffs Harbour and a new office in Airlie Beach, and 16 jobs in Hobart, Cairns, Gladstone, Mackay, Darwin, Geraldton, Karratha and Port Hedland.",NA,"301",NA
"Recently, a further 76 jobs from the Murray Darling Basin Authority (MDBA) were announced to be relocated closer to basin communities.",NA,"607.2",NA
"This will bring more than 100 jobs - a third of the MDBA’s workforce - into operation outside of Canberra by 2021.",NA,"607.2",NA
"We will require portfolios to review and report on their regional staffing footprint annually in the annual Regional Ministerial Budget Statement.",NA,"607.2",NA
"And when establishing new agencies, the onus will be on why they should not in the first instance be established in a regional area.",NA,"607.2",NA
"Agriculture",NA,"H",NA
"The Liberal and Nationals Government has a plan to increase Agriculture, Fisheries and Forestry to a $100 billion industry by 2030.",NA,"703.1",NA
"The industry has a roadmap to do this - our policies will help get them there.",NA,"703.1",NA
"A $100 billion industry means many more jobs in our regional and rural communities.",NA,"701",NA
"Our plan to help the agriculture, fisheries and forestry sector reach its potential is focused on:",NA,"703.1",NA
"Tackling barriers to growth and production.",NA,"703.1",NA
"Providing the water needed for growth and drought proofing.",NA,"703.1",NA
"Tackling intergenerational land transfer and encouraging new farmers.",NA,"703.1",NA
"Expanding exports and improving market access.",NA,"703.1",NA
"Getting the balance right for the fisheries and forestry industries.",NA,"703.1",NA
"There are challenges, but we’re addressing these too: pests and weeds, external biosecurity threats,",NA,"703.1",NA
"climate impacts,",NA,"501",NA
"changeable consumer preferences",NA,"403",NA
"and international competition on research and development and commercialisation.",NA,"401",NA
"Full details of current investments and election commitments for the agriculture, fisheries and forestry are outlined in Our Plan for a Stronger Agriculture, Fisheries and Forestry sector.",NA,"703.1",NA
"Resources",NA,"H",NA
"Our mining and resources sectors are the building blocks of our national and local economies,",NA,"410",NA
"and provide the raw materials to create even more jobs in other industries.",NA,"701",NA
"The wealth that the resources sector generates helps the Government invest in essential services like schools, hospitals and roads.",NA,"504",NA
"Under our Government’s strong economic management the resources sector has boomed, generating an extra $100 billion a year in exports since 2013.",NA,"403",NA
"Mining accounts for almost 10 per cent of GDP, and drives Australia’s exports.",NA,"410",NA
"Mining employs over 250,000 Australians and pays the highest wages in our economy, with many of these jobs being in regional and remote Australia.",NA,"701",NA
"The Liberal and Nationals Government's plan is to have the world’s most advanced and successful resources sector that delivers sustained prosperity and social development for all Australians.",NA,"410",NA
"Our plan includes a National Resources Statement - Australia’s first resources industry policy framework in over twenty years, a Critical Minerals Strategy to promote investment in Australia’s critical mineral resources, with up to $45 million in R&D grants and $100 million to produce new pre-competitive geoscience data through Geoscience Australia’s Exploring for the Future program.",NA,"410",NA
"The Junior Minerals Exploration Initiative delivers $100 million to assist junior exploration companies raise additional capital for greenfield exploration programs.",NA,"410",NA
"We are also supporting new technologies, skills development and investment.",NA,"411",NA
"Funding of $100 million has been provided to support the development of hydrogen technologies in Australia, Industry Growth Centres are driving innovation, competitiveness, productivity and sustainability and through the Northern Australia Infrastructure Facility (NAIF) the Government is investing $5 billion in loans over five years for infrastructure projects.",NA,"410",NA
"Tourism",NA,"H",NA
"The Liberal and Nationals Government will continue to drive strong growth in the tourism sector, particularly regional tourism, as a key component of our plan to build an even stronger economy.",NA,"410",NA
"We will:Deliver a $50 million National Tourism Icons Package to ensure that Australia’s tourism icons, particularly those in the regions, remain a world class experience for visitors and continue to attract high value tourists.",NA,"410",NA
"Support the tourism industry in regional Australia by continuing to dedicate funding in future rounds of the Building Better Regions Fund for tourism related infrastructure projects.",NA,"410",NA
"Establish a $40 million Indigenous Tourism fund within the Indigenous Advancement Strategy to provide $10 million a year in support of Indigenous owned and operated tourism enterprises.",NA,"410",NA
"This will build on the record tourism numbers we’re seeing:Over the last 5 years, international visitor numbers have grown by 45 per cent while spending by international visitors is up 53 per cent.",NA,"410",NA
"International visitor numbers and spending levels are at record levels with 8.5 million visitors spending $43.9 billion in 2018.",NA,"410",NA
"This tourism boom is creating new jobs and driving economic growth - nearly 45,000 tourism jobs have been created under the Liberal and Nationals Government.",NA,"701",NA
"Tourism employs 1 in 13 workers, with a large share employed in small and family businesses.",NA,"402",NA
"Tourism is especially important for regional Australia, with 43 cents of every visitor dollar spent in the regions.",NA,"410",NA
"Building on the Government's highly successful Tourism 2020 strategy, the Government's Beyond Tourism 2020 strategy will have a strong focus on increasing regional dispersal of international tourists beyond the traditional gateway destinations of Sydney, Melbourne and Brisbane/Gold Coast.",NA,"410",NA
"Full details of current investments and election commitments for tourism are outlined in Our Plan to Back Australian Tourism and Jobs.",NA,"410",NA
"Building infrastructure",NA,"H",NA
"The Liberal and Nationals Government will continue to deliver critical infrastructure to help regional economies prosper and grow.",NA,"411",NA
"This infrastructure - roads, rail and air - connects regional communities and enables farmers and regional businesses to deliver their products to domestic and international markets.",NA,"411",NA
"The Liberal and Nationals Government has outlined a $100 billion transport infrastructure plan for the next decade.",NA,"411",NA
"Our investments will collectively support more than 50,000 direct and indirect jobs,",NA,"701",NA
"providing opportunities for all tiers of the construction sector, including local businesses",NA,"411",NA
"and higher levels of participation for Indigenous suppliers and workers.",NA,"607.3",NA
"We have identified strategic corridors under the $4.5 billion Roads of Strategic Importance initiative to provide funding to vital regional freight and tourism corridors.",NA,"411",NA
"And we will upgrade major highways and road networks across regional Australia by investing $1 billion in the Princes Highway and $400 million in the Newell Highway - building on other works already well- advanced such as the $10 billion Bruce Highway and $8.2 billion Pacific Highway upgrades.",NA,"411",NA
"With about 65 per cent of road crash deaths occuring in regional and remote areas, a focus on road safety is essential.",NA,"411",NA
"In the 2019-20 Budget we committed an additional $2.2 billion for a dedicated Local and State Government Road Safety Package to focus on road maintenance and upgrades of our roads,",NA,"411",NA
"particularly in regional areas.",NA,"503",NA
"In addition, the Liberal and Nationals Government is establishing a new Office of Road Safety to increase national leadership and coordination on road safety policy and initiatives.",NA,"411",NA
"The Liberal and Nationals Government is committed to ensuring the once-in-a-generation Inland Rail project delivers for regional Australians and enhances the national economy,",NA,"411",NA
"moving freight more efficiently to markets here and overseas.",NA,"703.1",NA
"It is funded and we are getting on with it.",NA,"411",NA
"Inland Rail is a strategic investment in Australia’s freight future, supporting the transport network required to serve freight transport, regional producers and related industries for the next century and beyond.",NA,"411",NA
"The 1,700 kilometre rail line will connect Melbourne and Brisbane, through regional Australia, in less than 24 hours.",NA,"411",NA
"But to deliver Inland Rail we must work in close consultation with regional communities and landowners.",NA,"411",NA
"Greenfield infrastructure developments of this scale are challenging and it is essential that uncertainty for the community is resolved as quickly as possible and that local insights are a key input to the specific route selection and detailed design.",NA,"411",NA
"In addition to regional road and rail initiatives, we will deliver an additional $100 million to upgrade safety and access at regional airports.",NA,"411",NA
"These airports are vital for our regions, ensuring access to emergency services",NA,"411",NA
"and providing a link to domestic and international markets",NA,"401",NA
"and employment opportunities.",NA,"410",NA
"The Regional Airports Program will ensure airport facilities meet the needs of communities and local industry now and into the future.",NA,"411",NA
"Backing regional businesses to access all markets",NA,"H",NA
"The Liberal and Nationals Government has an ambitious trade agenda - because opening new markets and improving our trade conditions means more exports, more jobs and a stronger economy.",NA,"401",NA
"more jobs and a stronger economy.",NA,"701",NA
"and a stronger economy.",NA,"410",NA
"New export deals agreed since 2013 (including TPP-11, China, Japan and Korea) have provided Australian farmers and businesses improved access to 1.76 billion customers and have reduced or eliminated tariffs on key Australian exports such as beef, dairy, wheat, sugar and a range of resource products.",NA,"703.1",NA
"The Liberal and Nationals Government is backing regional businesses and helping them access markets.",NA,"402",NA
"At the 2019-20 Federal Budget, we announced a $60 million boost to the Export Market Development Grants (EMDG) scheme.",NA,"402",NA
"This is the second time that our government has boosted funding to the EMDG.",NA,"402",NA
"Due to our stronger economy and strong budget position, by 2022 we will have delivered $180 million in additional funding for EMDG programs since 2013 and have honoured our commitment to restore the $100 million in funding the Labor Party ripped out of it.",NA,"402",NA
"To ensure Australian businesses are well placed to take advantage of expanding opportunities, Australia’s trade promotion agency, Austrade, has conducted 122 Free Trade Seminars since March 2015, including 78 in regional areas.",NA,"402",NA
"Since 2015, we’ve established Trade Start export assistance offices across Australia, in partnership with state, territory and local governments, industry associations and chambers of commerce.",NA,"402",NA
"We have increased the number of advisers based on the ground in communities across Australia to 34.",NA,"402",NA
"These advisers are providing one on one support for the growing number of Australian businesses that are now exporting.",NA,"402",NA
"Lower energy costs",NA,"H",NA
"The Liberal and Nationals Government is committed to lower power prices.",NA,"412",NA
"We understand rising power prices have hurt Australian families and prevented small businesses from employing more people and expanding.",NA,"409",NA
"The Liberal and Nationals Government is taking strong action to lower prices and we are already seeing results.",NA,"412",NA
"On 1 July 2019, 800,000 Australian families and small businesses will benefit from lower electricity prices by moving to default market offer electricity contract saving households up to $481 in South Australia and up to $663 in NSW and South East Queensland.",NA,"402",NA
"We are providing $365 million for Energy Assistance Payments of $75 for singles and $125 for couples to 4 million eligible social security payment recipients - to help with their next power bill and cost of living expenses.",NA,"409",NA
"The $50.4 million Regional and Remote Communities Reliability Fund will support up to 50 off- grid and fringe-of-grid communities and businesses to investigate whether establishing a micro grid is cost-effective and whether existing off-grid capabilities can be upgraded with modern technology.",NA,"409",NA
"The program will allow communities to improve their local transmission, install community-scale batteries to support existing generation (such as solar), or upgrade existing facilities such as old diesel generators.",NA,"409",NA
"The Liberal and Nationals Government is backing investment in new power generation - improving competition by underwriting new reliable energy.",NA,"416.2",NA
"The Government has selected a shortlist of 12 projects - six renewable pumped hydro, five gas and one coal upgrade.",NA,"416.2",NA
"Together, they represent around 4,000 megawatts of new generation (the equivalent of powering one million homes).",NA,"416.2",NA
"Importantly, the projects deliver a balance of renewable, affordable and reliable power for families and businesses and ensure we meet our 2030 targets.",NA,"416.2",NA
"This program builds on the Government’s investments in Australia’s world-class, reliable hydroelectricity with Snowy 2.0 and Battery of the Nation.",NA,"416.2",NA
"The Liberal and Nationals Government has a clear plan to reduce power prices for families and businesses.",NA,"412",NA
"In contrast, independent modelling confirms that by 2030 Labor’s reckless emissions policies will reduce the average full time wage by $9,000 in real terms, reduce the number of jobs by more than 330,000 and increase wholesale electricity prices by 58 per cent.",NA,"416.2",NA
"These are industries located across regional Australia.",NA,"416.2",NA
"Labor's policies will also increase the cost of family SUVs and tradies’ utes by $5,000.",NA,"409",NA
"Full details of current investments and election commitments for lowering energy are outlined in Our Plan for Lower Energy Costs for Small Businesses.",NA,"412",NA
"Water and the Environment",NA,"H",NA
"We need the states to work more closely with the Australian Government to better capture and store water - as well as protect our communities from devastating flood.",NA,"501",NA
"A re-elected Liberal and Nationals Government will establish the National Water Grid - a statutory authority responsible for the strategic planning and project management of water policy and water infrastructure across the nation.",NA,"501",NA
"The National Water Grid will:Bring together the world’s best scientists to remove the politics from the allocation, capture and storage of water - ensuring decisions are based on the best available science.",NA,"501",NA
"Develop a pipeline of all established and future water infrastructure projects and then identify the missing links.",NA,"411",NA
"Use the best science to examine how large-scale water diversion projects could be established to deliver reliable and cost-effective water to farmers and regional communities.",NA,"703.1",NA
"Full details are outlined in Our Plan for a Stronger Agriculture, Fisheries and Forestry sector.",NA,"703.1",NA
"The Liberal and Nationals Government will continue to put Landcare at the centre of our environmental management through our $1 billion National Landcare Program.",NA,"703.1",NA
"We believe the best way to protect the environment is by working in partnership.",NA,"501",NA
"This will be complemented by our new $100 million Environment Restoration Fund.",NA,"501",NA
"A re-elected Liberal and Nationals Government will implement a comprehensive $167 million Australian Recycling Investment plan to increase Australia’s recycling rates, tackle plastic waste and litter, accelerate work on a new battery recycling scheme and continue action to halve food waste by 2030.",NA,"703.1",NA
"We will also invest $30 million in a pilot Agriculture Biodiversity Stewardship Fund to provide incentives to farmers to boost biodiversity and reduce emissions.",NA,"703.1",NA
"This will reward farmers who look after biodiversity on their farm and give them more motivation to maintain and enhance bushland, regenerate waterways and plant native trees.",NA,"703.1",NA
"Full details of current investments and election commitments for the environment are outlined in Our Plan for a Cleaner Environment.",NA,"501",NA
"THE CHOICE",NA,"H",NA
"The Liberals and Nationals want to ensure people living in regional Australia benefit from our growing economy",NA,"410",NA
"by having the opportunity to get secure, better paid jobs,",NA,"701",NA
"access high-quality health, education and communication services,",NA,"504",NA
"and to live in vibrant regional communities.",NA,"503",NA
"Regional Australians aren’t on Labor’s radar.",NA,"503",NA
"Labor doesn’t understand the regions, because they don’t live there.",NA,"305.1",NA
"Bill Shorten hitting regional households with billions of dollars in new and higher taxes, Labor has no plan to invest dedicated funding in regional communities.",NA,"403",NA
"Labor has:No plan for regional jobs - just a plan for higher taxes on family businesses and electricity.",NA,"701",NA
"No plan for agricultural industries and jobs - just a plan to lock up farms, strip farmers of their right to farm and deny drought affected communities access to our $3.9 billion Future Drought Fund.",NA,"703.1",NA
"No plan for resources industries and jobs - just a plan to shut down key mining operations, force mass transition sackings and prevent new mining investment.",NA,"701",NA
"No plan for regional health - just a track record of not funding lifesaving medicines on the",NA,"504",NA
"Pharmaceutical Benefits Scheme.",NA,"504",NA
"No plan to upgrade local roads - just a plan that will increase the cost of popular regional vehicles by up to $5,000 and attempt to make people in regional areas reliant on electric vehicles when they drive the furthest and have no charging infrastructure.",NA,"411",NA
"Continued to adopt Greens policies by promising to establish a new EPA.",NA,"703.1",NA
"This comes on top of their announcement they would expand damaging Queensland-style vegetation management laws across the country, hurting Australian farmers.",NA,"703.1",NA
"There are still many unanswered questions on what Labor’s new laws would entail and how they would impact the Australian economy",NA,"410",NA
"and jobs.",NA,"701",NA
"Regional Australians know that Labor will mean new and higher taxes, including:A $57 billion Retirees Tax that would directly affect 900,000 individuals, 200,000 self-managed super funds and 1,800 super funds.",NA,"403",NA
"$31 billion of Housing Taxes that would reduce home values, push up rents and hurt Australia’s economy.",NA,"403",NA
"It would also impact more than 1.3 million Australian investors who negatively gear.",NA,"403",NA
"$236.5billionofadditionalincometaxes.",NA,"403",NA
"$27 billion of higher taxes on family businesses directly affecting around 300,000 small businesses.",NA,"402",NA
"Labor wants small family businesses in regional Australia to be taxed at the same rate as large multinational companies - family businesses that use trusts for asset protection, estate planning and cash flow.",NA,"402",NA
"Regional Australia can’t risk turning back to a Labor Government.",NA,"503",NA
"That would cost regional Australia twice: first when the cost of doing business goes up;",NA,"402",NA
"and second when the nation’s economy weakens",NA,"410",NA
"and regional businesses can’t afford to keep employing.",NA,"701",NA
"Under Labor, personal and business taxes will be higher not lower.",NA,"403",NA
"Labor’s track record tells you there will be budget deficits instead of surpluses.",NA,"414",NA
"A reckless emissions reduction target instead of a responsible one.",NA,"501",NA
"Policy based on envy rather than aspiration.",NA,"305.1",NA
"Union muscle rather than the rule of law.",NA,"702",NA
"Mr Shorten will take Australia in a very different direction.",NA,"305.1",NA
"It will be an economic leap in the dark for regional Australia.",NA,"410",NA
"Only the Liberal and Nationals Government has a plan that backs regional Australia with better services and practical plans to ensure that regional Australia thrives.",NA,"503",NA
"Only the Liberal and Nationals Government is investing in regional Australia because we know the importance of its role in building Australia’s economic growth.",NA,"503",NA
"THE COST",NA,"H",NA
"There are now over 600 initiatives focused on creating jobs",NA,"701",NA
"and economic growth in regional Australia.",NA,"410",NA
"We will invest an additional $17 million in education initiatives in regional Australia.",NA,"506",NA
"OUR PLAN FOR POPULATION, MIGRATION AND BETTER CITIES",NA,"H",NA
"KEY POINTS",NA,"H",NA
"The Liberal and Nationals Government will tackle the impact of increasing population in congested cities and back smaller cities and regions looking for greater growth to secure their economic future.",NA,"410",NA
"We are working to keep our economy strong, keep Australians safe and keep Australians together.",NA,"410",NA
"ether. Australia is the most successful multicultural society in the world and our Government is working to ensure we remain a strong, prosperous and united society.",NA,"410",NA
"We will lower the cap on our migration program, build the infrastructure and deliver the services Australians need.",NA,"411",NA
"It’s all part of planning for more evenly distributed population growth.",NA,"411",NA
"But over the past two decades, infrastructure and services have not kept pace, causing congestion on our roads and public transport - especially in Melbourne, Sydney, and south-east Queensland.",NA,"411",NA
"In our capital cities alone, the economic cost of congestion is estimated to cost the economy about $25 billion a year.",NA,"410",NA
"At the same time many of our smaller cities and regions desperately need workers, with around 60.0  job vacancies in regional Australia today.",NA,"701",NA
"The Liberal and Nationals Government’s plan for Australia’s future population will ease the pressure on the big capitals while supporting the growth of these smaller cities and regions.",NA,"411",NA
"We will freeze immigration levels for the next term of government.",NA,"601.2",NA
"Last year, we brought the permanent migration intake down to its lowest level in a decade, improving the integrity of the visa system",NA,"601.2",NA
"and prioritising Australians for Australian jobs.",NA,"701",NA
"We will cap our permanent migration intake at 160,000 per year over the next four years.",NA,"601.2",NA
"This will mean 120,000 fewer places available for permanent migration to Australia compared with previous settings.",NA,"601.2",NA
"And we will cap the numbers of migrants coming to Australia as refugees at 18,750.",NA,"601.2",NA
"We will set a target of 60 per cent of the Offshore Component for women, up from 50 per cent in our most recent year, and increase the Women at Risk Program as a proportion of the Offshore Component from 14 per cent in 2017-18 to an allocation of 20 per cent.",NA,"601.2",NA
"Part of our population policy will include stronger incentives for new people to Australia to settle outside the big capitals in areas that will welcome their skills and expertise.",NA,"410",NA
"We are setting aside 23.0 places each year for regional visas, and we will work with regional communities and across all levels of government to increase the number of refugees and humanitarian entrants settled in regional Australia, in the communities that support them, from a target of 30 per cent to 40 per cent in 2019-20.",NA,"405",NA
"And we are providing $71 million for programs that embrace Australia’s multicultural diversity and help all communities become actively part of, and benefit from, Australia’s economic and social development.",NA,"607.1",NA
"To bust congestion and further relieve population pressure, we have increased our record infrastructure investment to $100 billion.",NA,"411",NA
"This includes a $4 billion Urban Congestion Fund which is dedicated to removing the pinch points and traffic snarls which frustrate hardworking Australians across the country.",NA,"411",NA
"As part of this Fund we are allocating $500 million to a Commuter Car Park Fund which will provide greater access to public transport options and take up to 25,000 cars off the road.",NA,"411",NA
"The Liberal and Nationals Government’s plan for population includes:Reducing the migration cap by 15 per cent and incentivising more new migrants to settle outside the big cities where there are jobs and services.",NA,"411",NA
"Planning for the future by working more closely with state and territory governments to match infrastructure with local population need.",NA,"301",NA
"Continuing to bust congestion with road upgrades and better public transport.",NA,"411",NA
"Labor’s failure to plan for the impact of record migration on our cities has meant we have been forced to play catch-up.",NA,"601.2",NA
"Only the Liberal and Nationals Government has a plan to better match migration to Australia’s needs,",NA,"601.2",NA
"ease the pressure on big cities and ensure Australia remains the best country in the world to live, work and bring up a family.",NA,"411",NA
"OUR RECORD",NA,"H",NA
"Population growth is an important economic driver",NA,"410",NA
"and contributes to our dynamic and diverse society.",NA,"607.1",NA
"Australia’s population has grown faster than most other advanced economies in recent years.",NA,"411",NA
"Over two-thirds of our population increase in the past decade has occurred in Sydney, Melbourne and south-east Queensland, driving demand for infrastructure and services such as housing.",NA,"411",NA
"At the same time, small businesses",NA,"402",NA
", farmers,",NA,"703.1",NA
"and local councils in some regional centres are crying out for more people to support their economies",NA,"405",NA
"and to fill critical skills gaps to ensure their communities thrive.",NA,"410",NA
"The Liberal and Nationals Government has reduced the size and lifted the quality of Australia’s migration program.",NA,"601.2",NA
"The number of temporary skilled visas granted has dropped by about 50 per cent compared to when Labor was last in power, matched by the Liberal and Nationals Government’s track record of significant improvements to the integrity of our temporary and permanent skilled visa intake.",NA,"601.2",NA
"These changes include:Abolishing the 457 visa and replacing it with the new Temporary Skill Shortage visa.",NA,"601.2",NA
"457 visas exploded when Bill Shorten was Employment Minister, reaching 126,000 visa grants",NA,"601.2",NA
"under Labor in 2012-13 compared to 65,000 visa grants in 2017-18.",NA,"601.2",NA
"Occupation lists that reflect both short and medium to long term skills gaps, as well as acute shortages in regional Australia.",NA,"601.2",NA
"Stricter labour market testing - so that skilled migration is only used where an Australian worker is not available.",NA,"601.2",NA
"Stronger English language, age and work experience requirements.",NA,"601.2",NA
"Managing population change is a shared responsibility.",NA,"601.2",NA
"It involves all levels of government working across many fronts - from investment in infrastructure through to service delivery.",NA,"411",NA
"To ensure we get the best outcomes over the next decade and beyond the Liberal and Nationals Government is working cooperatively with Premiers and Chief Ministers across Australia, including by:",NA,"601.2",NA
"Establishing a new ‘bottom up’ approach to population planning and management by giving the states and territories greater input.",NA,"411",NA
"Tasking state and territory Treasurers and the Australian LocalGovernment Association to work with the Commonwealth to consider a new national framework for population planning and management.",NA,"411",NA
"Securing endorsement from state and territory leaders to make population a standing item at COAG.",NA,"411",NA
"Cities are where the majority of Australians live, work and play.",NA,"411",NA
"They bring families together and build thriving workplaces and community ties.",NA,"411",NA
"The Liberal and Nationals Government established a City Deals policy to bring the three levels of government together to help deliver the best possible outcomes for our capitals and major regional cities.",NA,"411",NA
"There are City Deals now up and running in seven locations:Townsville, agreed in December 2016 and includes:",NA,"411",NA
"$200 million (including other funding) for Stage Two of the Haughton Pipeline; o $100 million for the North Queensland Stadium; o $75 million towards the Port of Townsville Channel Capacity Upgrade; $5 million towards the preservation of the Townsville Eastern Access Rail corridor.",NA,"411",NA
"Launceston, agreed in April 2017 and includes: $130 million for the relocation of the University of Tasmania campus in Launceston; and o $47.5 million to improve the health of the Tamar River.",NA,"411",NA
"Western Sydney, agreed in March 2018 and includes: $3.5 billion for the first stage of the North-South Rail Link; o a world class Aerotropolis including Commonwealth land at North Bringelly to become Western Sydney’s advanced manufacturing, research, medical, education and commercial hub; and o $65 million towards a $150 million Western Parkland Liveability Program, to deliver community facilities and amenities that will enable new housing supply.",NA,"411",NA
"Darwin, agreed in November 2018 and includes: $97.3 million of this commitment will facilitate the establishment of an Education and Civic Precinct on Cavenagh Street in the CBD; o $4.8 million for the establishment of an Urban Living Lab in Darwin - $2.7 million of which will come from the Commonwealth, with CSIRO also contributing $2.1 million.",NA,"411",NA
"Divestment of Defence-owned land at Stokes Hill, with a commitment to redeveloping the site within the term of the City Deal, o Support for the Larrakia people as the traditional owners of Darwin, including an 8.8 per cent employment target for jobs held by Indigenous Australians.",NA,"411",NA
"Hobart, agreed in February this year and includes: o $461 million replacement of Bridgewater Bridge $82.3 million for border services at Hobart International Airport; and o $30 million for projects in partnership with community housing providers, delivering over 100 new dwellings.",NA,"411",NA
"Geelong, agreed in March this year and includes: $85.65 million towards visitor economy projects along the Great Ocean Road; o $30 million towards the construction of the Geelong Convention and Exhibition Centre;",NA,"411",NA
"$20.85 million for public realm improvements under the Revitalising Central Geelong Action Plan;",NA,"411",NA
"$10 million for the development of a new ferry terminal at Queenscliff to improve ferry services crossing the heads of Port Phillip Bay. o $3.8 million for road upgrades to the Geelong Future Economy Precinct at Deakin University; and",NA,"411",NA
"$3.5 million for the completion of the Geelong Waterfront Safe Harbour project.",NA,"411",NA
"Adelaide, agreed in March this year and includes: Locating the Australian Space Agency, Mission Control and Space Discovery Centre at Lot Fourteen;",NA,"411",NA
"$85 million for a new Aboriginal Arts and Cultures Gallery;",NA,"411",NA
"$30 million towards building the International Centre for Food, Hospitality and Tourism at Lot Fourteen;",NA,"411",NA
"$20millionfor an Innovation Hub at Lot Fourteen to enable joint research between government, business and universities;",NA,"411",NA
"$10millionin smart infrastructure to support innovative technology-based solutions to urban challenges; and",NA,"411",NA
"$3millionforan Indigenous Business Sector Strategy to grow Indigenous jobs and businesses.",NA,"411",NA
"The Liberal and Nationals Government is working to keep our economy strong,",NA,"410",NA
"keep Australians safe and keep Australians together.",NA,"605.1",NA
"Australia is the most successful multicultural society in the world",NA,"607.1",NA
"and our Government is working to ensure we remain a strong, prosperous and united society.",NA,"410",NA
"Our plan for Australia will:Create 1.25 million more jobs over the next five years;",NA,"701",NA
"Maintain budget surpluses and pay down debt;",NA,"414",NA
"Deliver tax relief for families and small businesses;",NA,"402",NA
"Keep Australians safe",NA,"605.1",NA
"and our borders secure; and",NA,"104",NA
"Guarantee increased funding for schools, hospitals, medicines and roads that you and your family rely on, already at record levels.",NA,"504",NA
"All without increasing taxes.",NA,"403",NA
"We know we need to work together with all levels of government to ensure that our cities remain the envy of the world for their liveability,",NA,"301",NA
"and we need to help grow our regions and rural areas to provide career and lifestyle opportunities for more Australians.",NA,"503",NA
"Managing growth in our cities",NA,"H",NA
"Reduce the size of the migration program",NA,"H",NA
"Over the past 20 years, at least half of Sydney and Melbourne’s population growth has come from migration.",NA,"601.2",NA
"This concentrated growth has led to rising urban congestion and reduced liveability.",NA,"601.2",NA
"We are reducing the annual migration ceiling from 190,000 to 160,000 places.",NA,"601.2",NA
"Over the next four years, this will mean 120,000 fewer places available for permanent migration to Australia.",NA,"601.2",NA
"And we will cap the numbers of migrants coming to Australia as refugees at 18,750.",NA,"601.2",NA
"We will set a target of 60 per cent of the Offshore Component for women, up from 50 per cent in our most recent year, and increase the Women at Risk Program as a proportion of the Offshore Component from 14 per cent in 2017-18 to an allocation of 20 per cent.",NA,"601.2",NA
"We are also setting aside 23,000 places each year for regional visas.",NA,"601.2",NA
"People who obtain these visas must settle outside of Sydney, Melbourne, Brisbane/Gold Coast and Perth.",NA,"601.2",NA
"We will work with regional communities and across all levels of government to increase the number of refugees and humanitarian entrants settled in regional Australia, in the communities that support them, from a target of 30 per cent to 40 per cent in 2019-20.",NA,"601.2",NA
"Better distribution will reduce pressure on our major cities, creating the breathing room for improved planning and better infrastructure to manage long-term population growth.",NA,"411",NA
"We also need to ensure Australian businesses can access the skills they need to grow and create more jobs,",NA,"701",NA
"particularly in the regions that want them,",NA,"301",NA
"and also in areas of skills shortage.",NA,"410",NA
"The Government will seek to increase the proportion of migrants who are sponsored by an Australian business.",NA,"410",NA
"We will also offer states and territories a greater say on migration by increasing the number of state-territory nominated places.",NA,"411",NA
"Encourage a greater number of migrants to settle outside Sydney, Melbourne, Perth and south-east Queensland.",NA,"H",NA
"Regional Australia has skill shortages and positions that cannot be filled locally, with the Department of Infrastructure, Regional Development and Cities calculating close to 60,000 job vacancies outside capital cities.",NA,"301",NA
"For many regional industries, their ongoing operation will depend on finding the workers they need.",NA,"301",NA
"We need migration that contributes to regional communities, meets local skill shortages and invests in local economies and communities.",NA,"301",NA
"The Liberal and Nationals Government’s regional provisional visas are designed to support these efforts by encouraging more migrants to settle and remain in the regions: 23,000 places will be set aside for the new visas.",NA,"301",NA
"Migrants will be required to live and work in regional Australia for three years before becoming eligible to apply for permanent residency.",NA,"301",NA
"The changes mean migrants will stay in regional Australia for longer,",NA,"301",NA
"building ties through workplace and community involvement - and easing pressure on our congested cities.",NA,"607.1",NA
"Designated Area Migration Agreements",NA,"H",NA
"Our Government has agreed new Designated Area Migration Agreements (DAMA) for the Northern Territory, the Great South Coast Region of Victoria, the ORANA region of Western New South Wales, South Australia (1x regional and 1x Adelaide) and Kalgoorlie-Boulder in the Western Australian Goldfields.",NA,"301",NA
"These five-year arrangements allow employers in designated regions to sponsor skilled workers (via the Temporary Skill Shortage visa and Employer Nomination Scheme visa programs) for occupations not available under the standard visas.",NA,"301",NA
"For example, the Victorian Great South Coast Region agreement will assist key agriculture and hospitality businesses to fill critical employment gaps by providing access to a broader range of overseas workers.",NA,"703.1",NA
"Regional provisional visas",NA,"H",NA
"Under two new regional visa categories, skilled migrants will be priority processed and afforded access to a larger pool of jobs on the eligible occupation lists compared to those who live in our major cities.",NA,"602.2",NA
"Extra points will be awarded for migrants living and working in regional Australia, and states and territories can request access to an increased allocation of dedicated regional migration places.",NA,"301",NA
"We will also simplify and broaden the definition of regional Australia for all skilled migration visas. Regional Australia will encompass all of Australia outside of Sydney, Melbourne, Brisbane/Gold Coast and Perth, relieving pressure on the big capitals and making skilled workers available to fill critical regional skills gaps.",NA,"301",NA
"Skilled migrants will have the opportunity to become established in regional communities and contribute to local economies.",NA,"301",NA
"Visa recipients will need to live and work in regional Australia for three years before becoming eligible to apply for permanent residence.",NA,"301",NA
"Changes to working holiday maker program",NA,"H",NA
"Farmers in regional and rural areas will now receive more support to resolve labour shortages with changes to the working holiday maker program.",NA,"703.1",NA
"The Liberal and Nationals Government:Introduced a third year visa option for all Working Holiday Makers who fromJuly 2019 carry out six months of specified work in regional areas.",NA,"301",NA
"Increased the period in which all Working Holiday Makers can stay with the same agricultural (plant and animal cultivation) employer, from six to 12 months.",NA,"703.1",NA
"Expanded the regional areas where subclass 462 visa holders can work in agriculture (plant and animal cultivation) to qualify for a second year of stay.",NA,"703.1",NA
"Previously only those 462 visa holders who worked in Northern Australia were eligible.",NA,"410",NA
"Lifted the caps in 2018-19 on Work and Holiday visas from Chile, Israel, Peru, and Spain with further negotiations underway.",NA,"410",NA
"Increased the eligible age from 30 to 35 years for Working Holiday visa applicants, starting with Canada and Ireland from November 2018.",NA,"410",NA
"Began a new Work and Holiday arrangement with Greece in March 2019.",NA,"410",NA
"These working holiday makers are critical to filling short-term workforce shortages in regional areas and they also inject more than $3 billion into our economy each year.",NA,"410",NA
"Growing sustainable and diverse education in Regional Australia",NA,"H",NA
"We are providing 4,720 scholarships, for domestic and international students, of up to $15,000 each per year to study at a regional campus of a university or vocational education training provider.",NA,"506",NA
"We are also giving international students studying at regional universities access to an additional year in Australia on a post-study graduate visa.",NA,"506",NA
"A strong and prosperous Australia",NA,"H",NA
"Attracting the best migrants",NA,"H",NA
"Australia’s economic strength is supported by a successful migration program that brings skilled people of working age.",NA,"410",NA
"These migrants help offset the effects of an ageing population and address skills shortages in the economy.",NA,"410",NA
"The Government will focus on attracting the most highly-skilled migrants while ensuring states and territories and employers can continue to meet their changing needs.",NA,"602.2",NA
"The composition of the program will be maintained at about 70 per cent in the Skill stream and 30 per cent in the Family stream, striking an appropriate balance that maximises the benefits of immigration for all Australians.",NA,"602.2",NA
"Our visa changes enhance the Government’s focus on skilled migration, with the number of Employer Sponsored skilled visas increasing from 35,528 grants in 2017-18 to 39,000 places in 2019-20.",NA,"602.2",NA
"More places will be available in the StateTTerritory Nominated category, increasing from 28,974 grants in 2017-18 to 38,968 places in 2019-20, providing states and territories a greater say in migration.",NA,"602.2",NA
"The Government will also launch in early 2019 a new Global Talent - Independent program aimed at attracting the very best talent from around the world, with 5,000 places allocated in the 2019¬20 Migration Program.",NA,"602.2",NA
"There is no change to the Family stream of the program, with 47,732 places available in 2019¬20.",NA,"602.2",NA
"We’re ensuring that Australia’s migration program is equipped for an increasingly globalised economy.",NA,"602.2",NA
"New national population and planning framework",NA,"H",NA
"Working with the states and territories to develop collaboration, transparency and certainty for Australia’s population growth",NA,"H",NA
"Planning for and managing population growth is a shared responsibility.",NA,"411",NA
"This is why we are joining with the states, territories and the Australian Local Government Association to better plan for population changes.",NA,"405",NA
"Already, this is bringing benefits, with all levels of government working together on practical ways to increase collaboration and form a united approach to population issues.",NA,"405",NA
"Establishing new Centre for Population",NA,"H",NA
"To ensure there is a central, consistent and expert perspective on population growth in Australia, the Liberal and Nationals Government will establish a Centre for Population.",NA,"411",NA
"The Centre will be the focal point for national expertise on population issues.",NA,"411",NA
"It will pursue opportunities to improve data and research and coordinate population planning across commonwealth, state, territory and local governments.",NA,"411",NA
"Bringing Australians together",NA,"H",NA
"The Liberal and Nationals Government is delivering a $71 million package aimed at bringing Australians together.",NA,"411",NA
"This package invests in programs that embrace Australia’s multicultural diversity and help all communities become actively part of, and benefit from, Australia’s economic and social development.",NA,"607.1",NA
"It includes:$20.4 million to expand and enhance the National Community Hubs Program helping migrants with school-aged children connect with their community.",NA,"607.1",NA
"The expanded program will focus on encouraging community participation and pathways to employment.",NA,"607.1",NA
"$2.2 million for a National Youth Hubs Program, using the successful approach from the National Community Hubs Program to support migrant and refugee women and young people aged 13-21.",NA,"607.1",NA
"$7.3 million in additional funding for the Fostering Integration Grants Program, including a new $3 million grant round to support migrants integrating into Australian social, economic and civic life. The grant round will open shortly.",NA,"607.1",NA
"$19.6 million for Implementing Sport 2030 - a range of initiatives to support Australian sport and the role it plays in promoting social inclusion.",NA,"607.1",NA
"$10 million for the Community Languages Multicultural Grants Program to help young Australians learn another language and connect people to new cultures.",NA,"607.1",NA
"$9.5m as part of the Strong and Resilient Grant Program to community organisations with a record of delivering successful grassroots programs to enhance integration, mutual understanding and respect for diversity.",NA,"607.1",NA
"$1,8m for digital initiatives through the Enhanced Community Engagement Program to help young people counter online hate.",NA,"607.1",NA
"$0.6m to evaluate Australia’s existing social cohesion measures, to help determine successful policies and programs for the future.",NA,"607.1",NA
"Busting congestion in our cities and connecting the regions",NA,"607.1",NA
"Urban Congestion Fund increased to $4 billion to bust congestion",NA,"H",NA
"Congestion comes at a significant price if you live in our cities: limiting access to jobs, services, ports and markets.",NA,"411",NA
"In our capital cities, the economic cost of congestion is about $25 billion a year.",NA,"411",NA
"In the 2019-20 Budget, the Liberal and Nationals Government boosted its record infrastructure investment from $75 billion to $100 billion to bust congestion and ensure our towns and communities are better connected.",NA,"411",NA
"We also quadrupled our Urban Congestion Fund from $1 billion to $4 billion, with projects targeting congestion in some of our worst-affected urban areas.",NA,"411",NA
"Works include road upgrades, technological solutions which improve access to employment and transport hubs and tackling bottlenecks on bridges.",NA,"411",NA
"The Fund now includes a $500 million Commuter Car Park Fund - to invest in commuter car park upgrades that encourage greater use of public transport.",NA,"411",NA
"Public transport itself can also suffer from congestion.",NA,"411",NA
"Many Sydney, Melbourne and Brisbane rail services have been at capacity during morning peaks since 2011.",NA,"411",NA
"We are working with state, territory and local governments to build and upgrade transport connectivity in key locations.",NA,"411",NA
"Fast Rail to regional centres",NA,"H",NA
"The Liberal and Nationals Government will deliver $2 billion to bring fast rail to life between Geelong and Melbourne, halving the travelling time of the 80km journey to 32 minutes.",NA,"411",NA
"This congestion-busting rail service will travel at an average speed of 160 km/h, unprecedented in Australia.",NA,"411",NA
"It will also be the first of many fast rail projects that our Government will embark on to better link the big capitals with regional centres.",NA,"411",NA
"The Liberal and Nationals Government’s fast rail plan also invests $40 million for detailed assessments of five additional corridors, complementing the three we have already begun and which are due for completion in mid-2019.",NA,"411",NA
"The business cases include:Brisbane to Sunshine Coast (underway). Brisbane to Gold Coast (new funding). //Melbourne to Greater Shepparton (underway). //Melbourne to Albury-Wodonga (new funding). //Melbourne to Traralgon (new funding). //Sydney to Newcastle (underway). //Sydney to Wollongong (new funding). //Sydney to Wollongong (new funding).",NA,"411",NA
"Our business cases will coincide with investments being made in Victoria and New South Wales:Melbourne to Ballarat (under investigation by Victorian Government).",NA,"411",NA
"Sydney to Canberra (under investigationby New South Wales Government).",NA,"411",NA
"We are also progressing a separate business caseforBrisbaneto Toowoomba passenger rail alongside our work to deliver Inland Rail between Melbourne and Brisbane.",NA,"411",NA
"To progress fast rail, a National Faster Rail Agency will be established to guide the work, determine priorities, work with state governments, communities and the private sector and provide innovative finance solutions.",NA,"411",NA
"As our population grows, fast rail networks are crucial to easing the congestion pressures in our cities and shaping Australia’s future.",NA,"411",NA
"City Deals",NA,"H",NA
"Since 2016, the Liberal and Nationals Government has taken a proactive approach to developing our cities and regions, including through City Deals.",NA,"411",NA
"City Deals are negotiated across the three tiers of government to leverage each city’s unique strengths and respond to specific needs.",NA,"411",NA
"They are developed by working with local and state or territory governments and other stakeholders.",NA,"411",NA
"Solutions are sought for issues that may be inhibiting a city from reaching its full potential. Commitments are centred on:",NA,"411",NA
"Jobs and Skills.",NA,"701",NA
"Infrastructure and Investment.",NA,"411",NA
"Liveability and Sustainability.",NA,"416.2",NA
"Innovation and Digital Opportunities.",NA,"411",NA
"Governance, Planning and Regulation.",NA,"403",NA
"Housing (supply and affordability).",NA,"503",NA
"Through its pioneering City Deals and broader cities policy, the Liberal and Nationals Government is building stronger, better and more liveable cities.",NA,"411",NA
"Regional Deals",NA,"H",NA
"The Liberal and Nationals Government has prioritised adopting the City Deal framework for our regions.",NA,"411",NA
"‘Regional Deals’ have been established for three locations so far:Barkly (covering Tennant Creek and the surrounding region in the Northern Territory).",NA,"411",NA
"Hinkler (focusing on Bundaberg and Hervey Bay in Queensland).",NA,"411",NA
"Albury Wodonga on the New South Wales-Victoria border.",NA,"411",NA
"Regional Deals are tailored to each region’s comparative advantages, assets and challenges and reflect the unique needs of regional Australia.",NA,"411",NA
"They support ‘a place-based approach’ by putting community-identified priorities at the centre.",NA,"411",NA
"Roads of Strategic Importance",NA,"H",NA
"Our Government has established the Roads of Strategic Importance (ROSI) initiative to deliver the upgrades that our key freight and supply corridors across the nation require.",NA,"411",NA
"These upgrades will improve access for businesses and communities to essential services, markets and job opportunities.",NA,"411",NA
"We have already allocated funding for corridors and will work with the states and territories on initial priorities.",NA,"411",NA
"Corridors being funded under ROSI include:Northern AustraliaCooktown to WeipaCairns to Northern Territory BorderTownsville to RomaMount Isa to RockhamptonTennant Creek to TownsvilleAdelaide River to WadeyeAlice Springs to DarwinAlice Springs to Hall CreekNewman to KatherineKarratha to Tom PriceSouthern AustraliaSouthern AustraliaToowoomba to IpswichToowoomba to SeymourTenterfield to NewcastleBarton HighwayEchuca to RobinvaleMelbourne to MilduraBallarat to OuyenStawell to the South Australian BorderGreen TriangleRenmark to GawlerCockburn to BurraPort Augusta to PerthWheatbelt Secondary Freight NetworkGreat Northern Highway (Bindoon Bypass)Bass HighwayMurchison Highway Hobart to Sorrell",NA,"411",NA
"THE CHOICE",NA,"H",NA
"Our controlled approach to managing population growth stands in stark contrast to Labor’s track record.",NA,"305.1",NA
"Last time Labor was in office, they opened our borders to criminal people smugglers, resulting in 50.0 people arriving on more than 800 boats.",NA,"601.2",NA
"Six years and more than $16 billion later, we are still dealing with Labor’s mismanagement of our borders.",NA,"601.2",NA
"At the same time, Bill Shorten as Employment Minister presided over a record growth in 457 visa numbers and did little to protect Australian workers from being displaced by temporary visa holders.",NA,"601.2",NA
"Bill Shorten also approved deals with fast food outlets to bring in hundreds of foreign workers to flip burgers.",NA,"601.2",NA
"In 2013, Labor's then Immigration Minister, Brendan O’Connor, reluctantly admitted that over 10.000 visa holders rorted Labor’s 457 visa program.",NA,"601.2",NA
"And Kevin Rudd turbo-charged population growth as he chased his ‘Big Australia’ dream - a dream which had no plan for coping with rapid growth rates in our major cities.",NA,"305.1",NA
"Labor's mismanagement has been felt by Australians experiencing negative consequences of population growth that has outpaced infrastructure.",NA,"411",NA
"Labor still do not have a plan for Australia’s population growth.",NA,"411",NA
"Labor do not have an infrastructure plan and they are promising to significantly increase other areas of our visa program.",NA,"601.2",NA
"Labor will increase the Humanitarian Program by 13,000 refugees per year, or 52,000 over four years, at a cost of $6.2 billion dollars.",NA,"601.2",NA
"Labor will introduce an uncapped 10 year parent visa, meaning an unlimited number of people will be able to come to Australia under Labor’s policy.",NA,"601.2",NA
"The Coalition has fixed Labor’s border protection and 457 mess.",NA,"601.2",NA
"We have a proven track-record of strong border security policies and an orderly and managed immigration program.",NA,"601.2",NA
"Only the Liberal and Nationals Government has a plan for Australia’s future population.",NA,"601.2",NA
"You can’t trust Bill Shorten to manage Australia’s population growth because it requires strong control of border security and immigration.",NA,"601.2",NA
"THE COST",NA,"H",NA
"The Liberal and Nationals Government’s plan for Population, Migration and Better Cities will not place additional costs on the Budget.",NA,"411",NA
"OUR PLAN TO SUPPORT FIRST HOME BUYERS",NA,"H",NA
"KEY POINTS",NA,"H",NA
"The Liberal and Nationals Government believes that all Australians should be able to aspire to own their own home.",NA,"401",NA
"For most individuals and families, their home is the largest and most important asset they will own.",NA,"401",NA
"We understand that home owners work hard, and make sacrifices, in order to pay their mortgage.",NA,"401",NA
"And we understand that Mum and Dad investors have worked hard and made sacrifices to build their nest egg, which also provides more rental accommodation options for Australians.",NA,"401",NA
"Australians are buying a house later in life and first home buyers are having to save a bigger deposit than their parents did.",NA,"401",NA
"When you work hard, save and invest for the future, the Liberal and Nationals Government believes you should be supported.",NA,"401",NA
"We want to support Australians to realise their aspirations for home ownership, and protect the value of their home.",NA,"401",NA
"That’s why the Liberal and Nationals Government is backing first home buyers, home owners and Mum and Dad property investors.",NA,"401",NA
"We will support Australians in buying their first home.",NA,"401",NA
"We will support Australians’ choices on home ownership and investment.",NA,"401",NA
"We will ensure that home owners and Mum and Dad property investors’ assets are protected.",NA,"401",NA
"We will, by keeping our economy strong, continue to achieve record jobs growth that will enable more Australians to save for a home and pay their mortgage.",NA,"401",NA
"We will support more investment in the housing market to provide more affordable options for renters.",NA,"401",NA
"We will not undermine the value of Australians' homes or investment properties.",NA,"401",NA
"We will not hit Australian residents with new taxes on housing.",NA,"401",NA
"Guaranteed.",NA,"401",NA
"We will not put our economy and jobs at risk by introducing policies that weaken the housing market.",NA,"401",NA
"Home ownership helps with the cost of living, including in retirement.",NA,"401",NA
"While housing prices have been coming down in some cities, we understand it is still a challenge for people who want to buy their first home.",NA,"401",NA
"Our policies respect your circumstances, whether you are a first home buyer, a home owner or a Mum and Dad investor.",NA,"401",NA
"On the other hand, Labor wants to crash the housing market with their reckless taxes.",NA,"401",NA
"If elected, Labor will pit one Australian against another.",NA,"401",NA
"Their devastating housing tax is a $32 billion tax grab that will hit all Australians.",NA,"401",NA
"If you own your own home it will be worth less and if you rent you will pay more.",NA,"401",NA
"Experts have estimated that Labor’s housing tax would result in house prices falling by as much as 16 per cent and rents going up as much as 22 per cent.",NA,"401",NA
"With the housing market already moderating now is the worst possible time to introduce a new tax on housing.",NA,"401",NA
"Research by the Master Builders Association shows it would be an $11.8 billion hit to our economy and lead to 32,000 fewer full time jobs.",NA,"701",NA
"Labor’s housing tax would end negative gearing as we know it and increase the capital gains tax rate by 50 per cent, making it one of the highest rates in the world.",NA,"403",NA
"The Liberal and Nationals Government’s plan for a strong economy",NA,"410",NA
"and record job growth will protect the value of Australians' homes and help first home buyers get into the market.",NA,"401",NA
"OUR PLAN",NA,"H",NA
"Our policies are already delivering for home owners.",NA,"503",NA
"By creating the right incentives we have helped thousands of first home buyers enter the market.",NA,"503",NA
"In the past year, the share of first home buyers has risen back up to above average levels, with more than 110,000 Australians buying their first home in 2018 - the highest level since 2009.",NA,"503",NA
"We are backing current and future home owners, renters and Mum and Dad investors by:Guaranteeing no new taxes on housing for Australian residents.",NA,"503",NA
"Implementing our plan to increase housing supply across Australia.",NA,"503",NA
"Establishing the National Housing Finance and Investment Corporation (NHFIC) with a dedicated team looking at ways to improve housing affordability.",NA,"503",NA
"Investing $1 billion in local infrastructure to unlock new housing supply in partnership with local councils through the National Housing Infrastructure Facility.",NA,"503",NA
"Setting up the first affordable housing bond aggregator to drive efficiencies and cost savings in the provision of affordable housing by community housing providers.",NA,"503",NA
"Releasing suitable Commonwealth land, including defence land, for housing development.",NA,"503",NA
"Making it easier to get from home to school and work and back with our $100 billion investment in congestion-busting transport infrastructure putting more affordable housing options within reach for first home buyers.",NA,"503",NA
"Allowing first home buyers to save a deposit through our First Home Super Saver Scheme (FHSSS), which commenced on 1 July 2017.",NA,"503",NA
"Reducing barriers for older Australians to downsize to free up larger homes for families, which commenced on 1 July 2018.",NA,"503",NA
"Stopping foreign investors from getting a free ride on the Australian housing market, and making sure they are paying the tax they owe.",NA,"503",NA
"Investing over $7 billion in housing funding and homelessness services, with the National Housing and Homelessness Agreement (NHHA) commencing on 1 July 2018 in partnership with the States and Territories.",NA,"503",NA
"Providing over $4.5 billion in Commonwealth rent assistance each year.",NA,"503",NA
"Providing low deposit financing",NA,"H",NA
"If re-elected, the Liberal and Nationals Government will establish the First Home Loan Deposit Scheme.",NA,"503",NA
"This will help first home buyers purchase a home faster by allowing them to access a loan offered under the Scheme by a participating financial institution.",NA,"503",NA
"The Scheme will be able to support up to 10,000 first home buyer loans each year.",NA,"503",NA
"Complementing the FHSSS, the Scheme will give first home buyers better access to finance without having to save a 20% deposit.",NA,"503",NA
"The Scheme will be available to eligible first home buyers who have been able to save for a deposit of at least 5% up to 20%.",NA,"503",NA
"This will mean that eligible first home owners will be able to purchase their own home years earlier than they would normally be able to do.",NA,"503",NA
"Also, they would not be required to purchase lenders mortgage insurance saving them approximately $10,000.",NA,"503",NA
"The lender would still undertake the full normal credit check process on the borrower (meeting all their legal obligations) to ensure that the borrower is in a position to be able to afford the repayments.",NA,"503",NA
"If the borrower refinances or the loan comes to an end the Commonwealth support will terminate.",NA,"503",NA
"The Scheme will support low and middle income earners across Australia.",NA,"503",NA
"Support would only be available to first home buyers below a certain capped income level which is $125,000, or $200,000 combined income for a couple who are both first home buyers.",NA,"503",NA
"The income test would be based on the previous year’s taxable income to provide certainty.",NA,"503",NA
"Support will also be targeted to entry properties, with a maximum loan size determined on a regional basis, reflecting the different property markets across Australia.",NA,"503",NA
"The first home buyer will be able to use the Scheme in conjunction with the FHSSS and State or Territory first home buyer grants and duty concessions.",NA,"503",NA
"The Scheme will commence on 1 January 2020 and will be operated by NHFIC.",NA,"503",NA
"Support for borrowers could include guaranteeing approved applicants the additional loan amount taken out by the first home buyer to cover the difference between the amount of the first home buyer's deposit and 20 per cent of the value of the property.",NA,"503",NA
"This Liberal and Nationals Government initiative will be a game changer for first home buyers with the potential to substantially reduce the average waiting time to save the relevant deposit to purchase a home by at least half, with independent research finding it can take nine to ten years for an average household.",NA,"503",NA
"New research capability on Australian residential housing",NA,"H",NA
"The Liberal and Nationals Government will also fund the NHFIC to conduct comprehensive research on housing demand, supply and affordability in Australia.",NA,"503",NA
"NHFIC will receive an additional $25 million over the next 4 years to establish the Scheme and conduct research.",NA,"503",NA
"By providing NHFIC with these additional responsibilities it will ensure it has the capacity to both support affordable ownership and boost the supply of residential housing, which can be developed to ensure that housing affordability is improved for all Australians.",NA,"503",NA
"Stopping Labor’s unfair housing taxes",NA,"H",NA
"Labor’s housing tax would end negative gearing as we know it and increase the capital gains tax rate by 50 per cent making it one of the highest rates in the world.",NA,"403",NA
"If you own your home it will be worth less and if you rent you will pay more.",NA,"403",NA
"2.2. million Australians own an investment property and 1.3 million of those negatively gear.",NA,"403",NA
"There are more teachers, nurses and police negatively gearing than doctors, surgeons and financiers.",NA,"403",NA
"Most property investors (72 per cent) have only one rental property.",NA,"403",NA
"Labor also wants to abolish the First Home Super Saver Scheme and has no viable alternative to help first home buyers to buy their own home faster.",NA,"403",NA
"THE CHOICE",NA,"H",NA
"There is a lot at stake at this election.",NA,"403",NA
"And there is a clear choice.",NA,"403",NA
"A choice between the Liberal and Nationals Government that is delivering a strong economy or the Shorten Labor Party that would weaken our economy.",NA,"403",NA
"A choice between the Liberal and Nationals Government that is fixing the Budget or the Shorten Labor Party that can’t manage money.",NA,"403",NA
"A choice between the Liberal and Nationals Government that supports first home buyers, existing home owners and Mum and Dad investors and the Shorten Labor Party that chooses to pit young Australians against middle aged and older Australians.",NA,"403",NA
"A Shorten Labor Government would be the highest taxing government in the nation’s history. When Labor runs out of money they come after yours.",NA,"403",NA
"When you take responsibility, save and build for your future, Labor comes after your money. Labor’s housing tax would hurt all Australians.",NA,"403",NA
"By contrast, the Liberal and Nationals Government has a proven track record of securing and respecting the choices Australians make about their homes, their family budgets and their future. We will protect your home and its value and also support first home buyers.",NA,"403",NA
"We will continue to support first home buyers by providing mechanisms to allow them to own their first home earlier.",NA,"403",NA
"“Economically disastrous to do anything on negative gearing ... It’s not assisted by pulling further investment and new housing out of the market.” - Wayne Swan, then Labor Treasurer, Interview on ABC Melbourne, 3 May 2010",NA,"403",NA
"“I am concerned that it would do so much damage - unemployment, higher interest rates it could tip us into recession.” - John Symond, Founder of Aussie Home Loans, 19 November 2018",NA,"403",NA
"LIBERALS AND NATIONALSHelp first home buyers purchase their first home quicker.",NA,"503",NA
"Protect the value of homes with no new property taxes on Australian residents.",NA,"503",NA
"Ensure Mum and Dad investors are protected.",NA,"503",NA
"Supporting all Australians to get ahead whether you are a first home buyer, a home owner or a Mum and Dad investor.",NA,"503",NA
"LABORWants to shut down the First Home Super Saver Scheme.",NA,"503",NA
"Crash the housing market through a reckless property tax.",NA,"403",NA
"Punish Mum and Dad investors for wanting to invest in the property market.",NA,"503",NA
"Wanting to push some Australians down to bring others up.",NA,"503",NA
"THE COST",NA,"H",NA
"The Liberal and Nationals Government will contribute up to $500 million to NHFIC in the form of equity to allow it to establish and operate the First Home Loan Deposit Scheme.",NA,"503",NA
"It will also contribute $25 million to NHFIC over 4 years to establish and maintain the expertise required for its expanded role.",NA,"503",NA
"OUR PLAN FOR A SAFER AUSTRALIA AND A MORE PROSPEROUS REGION",NA,"H",NA
"KEY POINTS",NA,"H",NA
"The Liberal and Nationals Government’s international agenda is built on its strong domestic foundations - keeping our economy strong,",NA,"410",NA
"keeping Australians safe, and keeping Australians together.",NA,"605.1",NA
"The values that guide our foreign policy and our national interests are a belief in liberal democracy, the rule of law, separation of powers, and equality, where every citizen has choice and opportunity to follow their own paths.",NA,"202.1",NA
"We believe that the path to peace and liberty demands the pursuit of prosperity through private capital, rights to own property, entrepreneurialism, and free and open markets.",NA,"605.1",NA
"We believe in standing with nations that believe the same things as we do.",NA,"605.1",NA
"But we also believe in being good neighbours and respecting others’ sovereignty, regardless of whether there are differences in how we see the world and run our respective societies.",NA,"605.1",NA
"That agenda is reflected in the key themes of the Government’s 2017 Foreign Policy White Paper - the first comprehensive strategy for Australia’s international engagement in 14 years.",NA,"107",NA
"The White Paper sets out a strong agenda to:Strengthen our alliances and strategic partnerships, particularly in the Indo-Pacific, to foster a stable region.",NA,"107",NA
"Keep Australians safe from threats such as terrorism, cyber threats and health pandemics.",NA,"104",NA
"Deliver sustainable and targeted overseas development assistance.",NA,"107",NA
"Promote a robust international rules-based order to support global peace and prosperity.",NA,"107",NA
"OUR RECORD",NA,"H",NA
"Reflecting our commitment to our neighbourhood the Liberal and Nationals Government has taken Australia’s engagement in the Indo-Pacific to a new levelCommitting to a record number of 126 overseas diplomatic missions with a focus on additional posts in our region, including a commitment to diplomatic representation in every Pacific Island Forum member country.",NA,"107",NA
"Establishing an Office of the Pacific to enhance our relationships with Pacific governments and regional organisations as part of our flagship Pacific Step Up initiatives coupled with record levels of assistance to the region.",NA,"107",NA
"Elevating our relationship with over half of ASEAN member nations to Strategic Partnership or Comprehensive Strategic Partnership and hosting the first ever Australia-ASEAN Special .Summit.",NA,"107",NA
"Establishing the successful New Colombo Plan which, since 2014, has resulted In 50,000 scholarships and mobility grants to Australian undergraduates to work, study and learn languages across the Indo-Pacific.",NA,"107",NA
"Initiating and Implementing the India Economic Strategy which will transform our economic partnership with India and bring India into the top tier of our economic partners.",NA,"107",NA
"Creating the innovative National Foundation for Australla-China Relations to promote further our wide-ranging relationship with China.",NA,"107",NA
"Delivering sustainable, responsible and effective overseas development assistance.",NA,"107",NA
"We are also focussed on keeping Australians safe at home and abroad by:Strengthening health security in the region through an investment of $300 million towards the avoidance and containment of infectious disease threats.",NA,"107",NA
"Boosting our ground-breaking International Cyber Engagement to bring Australia’s total Investment In cyber cooperation to $48.3 million by 2022 placing us at the front of global efforts on cyber resilience.",NA,"107",NA
"Implementing robust sanctions regimes, Including in response to destabilising activities in Iran and North Korea.",NA,"107",NA
"Defending the international rules-based order, including by dedicating $50.3 million to support prosecutions of individuals responsible for the downing of MH17 in which 38 Australians lost their lives.",NA,"107",NA
"Contributing to the 79 member Global Coalition to Counter Daesh, seeing its territorial defeat In March 2019.",NA,"107",NA
"And growing our economy by:Securing the Trans-Paclflc Partnership (TPP) and landmark agreements with China, Japan, South Korea and Indonesia among others, so that we now have Free Trade Agreements (FTAs) with seven of our top eight export markets and these agreements cover over 70 per cent of trade.",NA,"107",NA
"Supporting the growth of ASEAN economies which are now collectively our second biggest trading partner.",NA,"107",NA
"Expanding labour mobility with the new uncapped Pacific Labour Scheme.",NA,"107",NA
"OUR PLAN",NA,"H",NA
"Strengthening our alliances and strategic partnerships",NA,"H",NA
"In the face of changing geo-strategic dynamics, only the Liberal and Nationals Government can continue to drive our key bilateral strategic partnerships.",NA,"107",NA
"Only the Liberal and Nationals Government can be trusted to strengthen Australia’s alliance and enduring friendship with our closest ally, largest international partner and greatest source of foreign investment, the United States.",NA,"107",NA
"The Liberals and Nationals signed the ANZUS Treaty, formalising Australia’s alliance with the US.",NA,"107",NA
"We understand that the alliance which is based on our mutual interests and shared values is at the cornerstone of Australia’s national security and economic growth.",NA,"107",NA
"We will continue to guarantee the breadth, vitality and longevity of this deep bilateral relationship and promote greater economic opportunities for Australians and Australian businesses.",NA,"107",NA
"We have strengthened our dynamic partnership with the United Kingdom through close cooperation on international security issues and mutual support defending the international rules- based order: including our united stand holding Russia to account for the chemical weapon attack in Salisbury.",NA,"107",NA
"The Liberal and Nationals Government is committed to protecting Australian businesses during the Brexit process, as well as tightening our strategic and economic bilateral ties through a new free trade agreement when the UK is ready to do so.",NA,"107",NA
"At the same time, we’ve begun negotiations on an EU-Australia FTA.",NA,"107",NA
"We will ensure Australia has strong partnerships with European Union countries, including France.",NA,"107",NA
"The Liberal and Nationals Government has elevated our joint commitment to addressing common threats with France through the Australia-France initiative (AFiniti), which builds on the 2017 Joint Statement of Enhanced Strategic Partnership.",NA,"107",NA
"Stepping up Australia’s engagement in the Pacific Stepping up in the Pacific is at the forefront of the Liberal and Nationals Government’s foreign policy.",NA,"107",NA
"The Government’s leadership on regional engagement has resulted in the closest relationship ever with our Pacific family.",NA,"107",NA
"Our Pacific Step Up strengthens Australia’s security and our economic and people-to-people links.",NA,"107",NA
"The Government is investing a record $1.4 billion in Pacific development assistance, reflecting our strong commitment to a Pacific region that is secure strategically, stable economically and sovereign politically.",NA,"107",NA
"We are committed to implementing the 2018 Pacific Islands Forum’s Boe Declaration on Regional Security which sets out the strategic challenges for the region, from cybersecurity and transnational crime to climate change.",NA,"107",NA
"Our key commitments in the region include:A new Office of the Pacific to support a suite of initiatives strengthening economic, security, community, church, education and sporting ties.",NA,"107",NA
"Increased funding for gender equality and prevention of domestic violence, including a 10- year roadmap.",NA,"107",NA
"Deepening collaboration between Australian and Pacific churches through the Church Partnerships Program thereby enhancing people-to-people links, humanitarian responses and gender equality.",NA,"107",NA
"The Australian Infrastructure Financing Facility for the Pacific (AIFFP) which will invest $2 billion to support vital infrastructure development in the region.",NA,"107",NA
"The Trilateral Partnership for Infrastructure and Investment, with the US and Japan, to mobilise private investment and deliver sustainable Pacific infrastructure.",NA,"107",NA
"The Papua New Guinea Electrification Partnership in which we will join PNG, Japan, New Zealand and the United States to provide electricity access for 70 per cent of Papua New Guinea by 2030.",NA,"107",NA
"A new Pacific-Australia Card (PAC) from mid-2019 to streamline access and travel to Australia for visiting Pacific island leaders.",NA,"107",NA
"Deeper educational links through new scholarships for Pacific students to study in Australian secondary schools and the Technical and Vocational Education and Training sector, an expanded school partnerships program to build teacher-to-teacher links with the Pacific and an $84 million, six-year investment in a new Australia-University of the South Pacific partnership to support the Pacific’s tertiary education needs.",NA,"107",NA
"The new Australia-Pacific Sports Linkages Program in Fiji, PNG, Samoa, Solomon Islands, Tonga and Vanuatu to boost leadership, gender equality and health and improve the lives of people with disability.",NA,"107",NA
"The provision of 1,000 hours of new Australian television content each year for three years to Pacific broadcasters in partnership with FreeTV.",NA,"107",NA
"Implementation of the comprehensive 2019 Fiji-Australia Vuvale Partnership, paving the way for closer security and economic links.",NA,"107",NA
"A renewed Strategic Partnership with Papua New Guinea.",NA,"107",NA
"A partnership with Papua New Guinea and Solomon Islands to install a high-speed undersea internet cable and take advantage of new digital opportunities.",NA,"107",NA
"The Liberal and Nationals Government will work more closely than ever with our Pacific family to address regional concerns, including climate change.",NA,"107",NA
"We are on track to meet our commitment to provide $1 billion in climate finance by 2020, including $300 million to help our Pacific neighbours develop greater resilience.",NA,"107",NA
"Building our economies together - labour mobility",NA,"H",NA
"The Liberal and Nationals Government’s Seasonal Worker Programme and new Pacific Labour",NA,"107",NA
"Scheme is a genuine win-win partnership for Australia and the Pacific, strengthening our economies and supporting Australian farmers and Pacific workers.",NA,"703.1",NA
"We will roll out the existing uncapped Scheme across the Pacific, building on the success of the Seasonal Worker Programme that has matched Australian farmers with 33,000 Pacific workers.",NA,"703.1",NA
"The labour mobility schemes have so far provided an extra $144 million in life-changing income for families and villages in the Pacific and Timor-Leste.",NA,"703.1",NA
"Our deepening partnerships in Asia",NA,"H",NA
"The Liberal and Nationals Government’s increased focus on Australia’s engagement with Asia is critical to promoting the region’s stability and prosperity.",NA,"101",NA
"We will continue to build our relationship with China - our largest two-way trading partner - including advancing our Comprehensive Strategic Partnership.",NA,"101",NA
"We are committed to a constructive relationship with China founded on mutual benefit.",NA,"101",NA
"There will be issues on which we do not agree but we will continue to manage these on the basis of mutual respect.",NA,"101",NA
"Acknowledging the multi-faceted nature of the relationship, the Liberals and Nationals has announced a new and innovative National Foundation for Australia-China Relations.",NA,"101",NA
"This high- profile platform will harness the private sector, peak bodies, NGOs, state and federal agencies and the Chinese-Australian community in engaging China.",NA,"101",NA
"Australia will continue to deepen our partnership with Indonesia, addressing common challenges together.",NA,"101",NA
"In addition, since 2013 we have elevated our relationship with half of the 10 ASEAN nations to Strategic Partnership or Comprehensive Strategic Partnership status.",NA,"101",NA
"We’ve also hosted the inaugural Australia-ASEAN Special Summit, underscoring our bilateral ties and reinvigorating our economic and security cooperation.",NA,"101",NA
"Through our development assistance, the Liberal and Nationals Government has supported Southeast Asian nations to unlock their economic potential: sharing our technical expertise to enhance productivity, promote reform and reduce poverty.",NA,"101",NA
"As a result of this leadership, Australia’s trade with ASEAN countries is now greater than that with our second-largest trading partner, Japan.",NA,"101",NA
"We will ensure our engagement with ASEAN focuses on critical issues for the region, including infrastructure.",NA,"101",NA
"As our Southeast Asian neighbours transition from developing to middle-income economies, the Liberal and Nationals Government will invest $121 million to support them to manage infrastructure development and develop economic resilience.",NA,"101",NA
"We are also contributing $30 million to support ASEAN member states to harness the opportunities and address the challenges of rapid urbanisation, and $30 million to assist countries in the Mekong with water resource management.",NA,"101",NA
"Acknowledging that maritime disputes are a growing source of potential instability in a more contested Indo-Pacific, we will invest $40 million to support nations in the region to improve awareness of maritime territory, increase maritime safety and build capacity in international sea law.",NA,"101",NA
"We will strengthen the focus on maritime issues within the region’s premier security forum, the East Asia Summit.",NA,"101",NA
"And we will promote adherence to international norms, especially the UN Convention on the Law of the Sea (UNCLOS).",NA,"101",NA
"Our special strategic partnership with Japan and our growing relationship with the Republic of Korea will also continue to be a priority, including through our 2+2 Foreign and Defence Ministers’ meetings.",NA,"101",NA
"We have also elevated the relationship with India through our India Economic Strategy, which will transform the economic partnership over the next two decades, appointing Ministerial champions for education, agribusiness, resources and tourism to ensure Australia can support India’s growth and leverage the opportunities.",NA,"101",NA
"Investing in the next generation - the New Colombo Plan",NA,"H",NA
"The Liberal and Nationals Government’s flagship initiative for tertiary education, the New Colombo Plan (NCP), enables young Australians to study and undertake internships in the Indo- Pacific. More than 50,000 scholarships and mobility grants have been awarded since 2014.",NA,"101",NA
"We’ve ensured the program’s ongoing success through strengthened private sector partnerships, providing work experience for students and developing a new generation of Australian leaders with cross-cultural skills for the modern workforce.",NA,"101",NA
"Greater security for our growing region",NA,"H",NA
"Regional security and associated cooperation fosters resilience, stability and economic prosperity.",NA,"104",NA
"The Liberal and Nationals Government will continue to place particular emphasis on cooperation in relation to the challenge of transnational organised crime.",NA,"104",NA
"Close to home we are working with our Pacific neighbours to better share information, aggregate and analyse security intelligence and improve our responses to address transnational crime, cyber threats and other regional security challenges.",NA,"104",NA
"New initiatives such as the Pacific Fusion Centre and the Australia-Pacific Security College will be critical tools in this endeavour.",NA,"104",NA
"We are supporting Papua New Guinea’s development of the Papua New Guinea Defence Force’s Lombrum Naval Base on Manus Island.",NA,"104",NA
"The base will increase defence force cooperation with Australia and our joint ability to tackle transnational organised crime such as drug trafficking, people smuggling and child exploitation.",NA,"104",NA
"The Liberal and Nationals Government has also positioned Australia as a regional leader in addressing human trafficking and modern slavery.",NA,"104",NA
"We are investing $80 million in the ASEAN- Australia Human Trafficking program to strengthen criminal justice responses and protect the rights of victims.",NA,"104",NA
"We will continue to support ASEAN in our mutual aim to eliminate human trafficking.",NA,"104",NA
"We have also established the Bali Process, co-chairing with Indonesia a forum that brings together 45 regional countries to develop practical solutions against people smuggling and human trafficking.",NA,"104",NA
"The Bali Process has developed regional police capacity to disrupt human trafficking, strengthened cooperation between law and justice officials and improved national legislation to better support victims.",NA,"104",NA
"Supporting a more robust international rules-based order",NA,"H",NA
"Australia will be safer and more prosperous with global differences managed by agreed rules rather than by the exercise of power alone.",NA,"107",NA
"The Liberal and Nationals Government will support an Indo-Pacific region in which the rights of all states are respected and adherence to rules delivers lasting peace.",NA,"106",NA
"Internationally, we are committed to promoting and protecting the rules and institutions that support stability and prosperity and enable collective action to meet global challenges.",NA,"107",NA
"The Liberal and Nationals Government will ensure Australia engages constructively in the reform of international institutions.",NA,"107",NA
"We will continue our efforts to reform the United Nations to make it more accountable, transparent and efficient.",NA,"107",NA
"We have an abiding interest in keeping markets open and support an open global economy to create more jobs and economic opportunities for Australians.",NA,"107",NA
"We will continue to take a stand against protectionism and advance trade liberalisation bilaterally and through the World Trade Organization (WTO).",NA,"107",NA
"We need to ensure the rules-based trading system remains fit-for-purpose and we will support efforts to improve and strengthen the WTO, recognising some of the legitimate frustrations of the US and others.",NA,"107",NA
"We will pursue a pragmatic trade agenda underpinned by trade liberalisation.",NA,"407",NA
"The Liberal and Nationals Government will continue to support Australia’s role as a member of the G20, the premier international forum for global economic cooperation.",NA,"107",NA
"The G20 plays a central role in bolstering institutions and policies that contribute to global prosperity and the integrity of international financial and tax systems.",NA,"107",NA
"Under the Liberal and Nationals Government Australia successfully chaired the G20 in 2014, culminating in the Leaders’ Summit in Brisbane.",NA,"107",NA
"Our Government will continue to uphold international law, support international accountability  mechanisms and use our development assistance to help our partners comply with international rules.",NA,"107",NA
"We will continue to call out behaviour that is inconsistent with our values, including the biased targeting of Israel in the United Nations General Assembly and other UN forums.",NA,"107",NA
"The Liberal and Nationals Government initiated and secured our successful candidacy for the 2018-20 term of the UN Human Rights Council, where Australia is taking a strong leadership role on the protection and promotion of global human rights.",NA,"107",NA
"We will continue to champion the indivisibility, universality and inalienability of human rights - principles underpinned by our fundamental commitment to democracy, the rule of law, individual freedom and the dignity of the individual.",NA,"107",NA
"Australia’s priorities include pursuing the global abolition of the death penalty, ending discrimination on the basis of sexual orientation and the protection of the rights of LGBTI people, ensuring freedom of religion and belief, advancing Indigenous peoples' rights globally, championing the rights of people with disability, promoting gender equality, and supporting the role of civil society, and national human rights institutions.",NA,"107",NA
"Holding Russia to account - MH17",NA,"H",NA
"The Liberal and Nationals Government leveraged our membership of the UN Security Council in 2013-14 to strengthen its role in the maintenance of international peace and security.",NA,"201.2",NA
"In July 2014, Australia led the Security Council’s response to the downing of Malaysia Flight #17 (MH- 17) over eastern Ukraine and the horrific deaths of 298 civilians, including 38 Australians.",NA,"201.2",NA
"Australia’s efforts secured a resolution that called for an independent tribunal to prosecute those responsible, as well as immediate and unrestricted access to the crash site.",NA,"201.2",NA
"In May 2018, the Liberal and Nationals Government, along with the Netherlands, held Russia to account for its role in the downing of MH17.",NA,"201.2",NA
"We remain committed to obtaining justice for the families and loved ones of the 38 Australian victims, having dedicated $50.3 million towards the Dutch prosecutions of those responsible.",NA,"201.2",NA
"Increasing our commitment to international security at home and abroad",NA,"H",NA
"Building on our reform of Australia’s domestic security arrangements, the Liberal and Nationals Government has introduced new legislation which allows Australian Secret Intelligence Service (ASIS) officers to better protect Australia’s national security interests when serving overseas in dangerous circumstances.",NA,"201.2",NA
"We have also cancelled or refused hundreds of passports in connection with the Syria/Iraq conflict to ensure foreign fighters cannot return to our shores until the safety of the Australian community can be assured.",NA,"201.2",NA
"In addition to our extensive counter-terrorism efforts both at home and abroad the Liberal and Nationals Government will also strengthen Australia’s reputation as a contributor to national and global policy in arms control, disarmament, non-proliferation and counter-proliferation.",NA,"201.2",NA
"We will work with partners to counter the threat of proliferation of weapons of mass destruction including by North Korea and Iran.",NA,"201.2",NA
"We will continue to implement UN Security Council resolutions and sanctions, as well as our own to counter proliferation activities and will maintain support for the Joint Comprehensive Plan of Action with Iran - subject to Iran’s ongoing compliance - and advocate for the strengthening of security arrangements relating to Iran which are of international concern.",NA,"201.2",NA
"Protecting Australians from cyber threats",NA,"H",NA
"The Liberal and Nationals Government will continue to strengthen our responses to deter malicious foreign cyber actors and ensure they cannot act with impunity.",NA,"104",NA
"Since December 2017, the Liberal and Nationals Government has joined partners in attributing seven separate cyber intrusions to specific countries, namely North Korea, Russia and China.",NA,"104",NA
"The Government has strengthened Australia’s cyber security foundations, undertaking unprecedented investment and significant legislative and policy reform to ensure the Australian people and national interests are better protected.",NA,"104",NA
"As part of our $230 million investment under the 2016 Cyber Security Strategy the Liberal and Nationals Government has expanded its investment in our International Cyber Engagement Strategy by providing an additional $9 million for Australia’s Cyber Cooperation Program.",NA,"104",NA
"This brings Australia’s investment in cyber cooperation to $48.3 million by 2022 for the development of cyber security centres and secure cyber infrastructure in the Indo-Pacific.",NA,"104",NA
"This includes the establishment of more than 40 cyber security and accessibility projects across 24 South east Asian and Pacific nations since 2016.",NA,"104",NA
"We have also appointed Australia’s first Ambassador for Cyber Affairs.",NA,"104",NA
"Our funding commitments put Australia at the forefront of international efforts to promote cyber resilience and a safer online environment.",NA,"104",NA
"Delivering effective and targeted overseas development assistance",NA,"H",NA
"Our development assistance is vital for Australia’s strategic and economic interests and those of our development partners - especially in our Indo-Pacific region.",NA,"410",NA
"We have a clear aid policy: promote prosperity, reduce poverty and enhance stability.",NA,"107",NA
"We have 10 clear strategic goals to ensure our aid program is effective, targeted and achieves value for money.",NA,"107",NA
"And we’re delivering meaningful results.",NA,"107",NA
"Unlike Labor’s ad hoc plan, our commitment to overseas development assistance does not harm the Australian economy",NA,"107",NA
"or risk Australian jobs.",NA,"701",NA
"Our plan is about growing prosperity for Australia, as well as our neighbours.",NA,"107",NA
"In providing more than $4 billion in Official Development Assistance in 2019-20, Australia is helping tackle poverty and building a stronger and more resilient Indo-Pacific.",NA,"107",NA
"Our humanitarian assistance will increase to $450 million in 2019-20 to meet record levels of need.",NA,"107",NA
"We invested over $1 billion in 2018-19 in Aid for Trade activities such as capacity building, trade and economic infrastructure initiatives.",NA,"107",NA
"The Liberal and Nationals Government is investing a record $1.4 billion in development assistance to the Pacific, reflecting our strong commitment to prosperity, peace and stability in our region.",NA,"107",NA
"Australia’s top 10 bilateral programs are all in our region, with significant backing of our two closest neighbours: we will support Papua New Guinea with $512.3 million and Indonesia with $255.7 million to ensure new levels of economic and security cooperation.",NA,"101",NA
"The Liberal and Nationals Government’s aid program responds to evolving global challenges in an increasingly contested region, promoting economic growth and pathways out of poverty.",NA,"410",NA
"All our new aid investments explore ways to promote private sector growth or engage the private sector.",NA,"401",NA
"We will target our investment to those who need it most and ensure measurable outcomes for Australia and our developing and donor partners.",NA,"107",NA
"Labor’s claim that Australia cannot achieve sustainable growth,",NA,"416.2",NA
"poverty reduction",NA,"410",NA
"and inclusive development without an increase in foreign aid is false.",NA,"107",NA
"We have achieved all of those goals more effectively and with no extra pressure on the Budget or the economy.",NA,"410",NA
"The Liberal and Nationals Government is determined to ensure taxpayer dollars are spent responsibly, affordably and sustainably on Australia’s overseas aid program.",NA,"107",NA
"THE CHOICE",NA,"H",NA
"Unlike the Liberal and Nationals Government, Labor has never developed a comprehensive foreign policy strategy.",NA,"107",NA
"Labor’s policy is simply to hope for the best, reacting to foreign policy decisions on the run.",NA,"107",NA
"When last in office, Labor damaged our relationships in the region and shunned our traditional partners.",NA,"107",NA
"It plunged the nation into debt and misspent taxpayers’ hard-earned money – diverting $475 million in two years from the aid budget to pay for its failed border protection policies, making the Gillard Government one of the of the largest recipients of its own aid program.",NA,"107",NA
"Labor failed to start and conclude a single FTA during their time in Government.",NA,"107",NA
"By contrast, the Liberal and Nationals Government offers steady, strategic and economic diplomacy that reinforces security and stability in our region.",NA,"107",NA
"Labor simply can’t be trusted on foreign policy.",NA,"107",NA
"THE COST",NA,"H",NA
"The Liberal and Nationals Government’s foreign affairs and aid policies will not place additional costs on the Budget.",NA,"107",NA
"OUR PLAN FOR QUALITY EDUCATION",NA,"H",NA
"KEY POINTS",NA,"H",NA
"Every Australian child, no matter where they live, should have access to a world-class education.",NA,"506",NA
"The Liberal and Nationals Government has secured the funding and reforms necessary to ensure all Australian students can reach their potential - from early education, through school to vocational education and university.",NA,"506",NA
"We are doing this by:Delivering more affordable child care with out of pocket costs down 8.9% since our Child Care Package began.",NA,"504",NA
"Investing in the early years by funding preschool to support 15 hours per week in the year before school.",NA,"504",NA
"Investing $4.9 million to boost preschool attendance by the most disadvantaged children.",NA,"503",NA
"Improving school student outcomes by providing record and guaranteed needs-based school funding - an extra $37 billion for all schools, an increase on average of 62% per student - and securing the agreement of every state and territory to our plan to lift student results.",NA,"506",NA
"Supporting students with a disability through record and growing funding.",NA,"503",NA
"Making a record investment in higher education - more than $17 billion each year with a renewed focus on regional Australia.",NA,"506",NA
"Creating more than 80,000 new apprenticeships and investing more than $3 billion in annual funding for vocational education.",NA,"411",NA
"A re-elected Liberal and Nationals Government will build on this record through:Investing $15 million for Teach for Australia to train high achieving teachers who will become high quality school leaders in rural, remote or disadvantaged schools.",NA,"503",NA
"Investing $10.8 million to provide a Year 1 voluntary phonics health check for parents and teachers to ensure their children are not falling behind.",NA,"506",NA
"Ensuring phonics is included in university teaching courses so that new teachers can use it in their classrooms.",NA,"506",NA
"Working with state and territory governments on best practice policies on mobile phone use in classrooms.",NA,"301",NA
"Tasking the Australian Institute of Teaching and School Leadership to develop a National Strategy to support schools to tackle the abuse of teachers in the classroom.",NA,"506",NA
"Pursuing a Council of Australian Governments (COAG) Education Council review to lift the burden of compliance and red tape, so teachers can focus on teaching, not paperwork.",NA,"506",NA
"$15 million to create a further 5 Regional Study Hubs with additional Commonwealth Supported Places to support students to study their university course in their local communities.",NA,"503",NA
"$2 million to expand the Country Education Partnership’s successful Rural Inspire program, which aims to engage rural and regional students with further education.",NA,"503",NA
"Labor cannot be trusted with education.",NA,"305.1",NA
"The only time in the last decade that government school funding has been cut was under Labor.",NA,"506",NA
"When Labor was last in office, Bill Shorten as Education Minister cut $1.2 billion to schools through secret funding deals.",NA,"506",NA
"In government Labor failed to provide ongoing or genuine needs- based school funding focussed on students. And announced $6.6 billion in cuts to higher education.",NA,"506",NA
"They cannot manage the Budget, putting at risk our real needs-based and record funding for schools.",NA,"506",NA
"Our plan is backed by our record.",NA,"506",NA
"Through our record investment in education, supported by a strong Budget and sensible reforms, the Liberal and Nationals Government is committed to delivering the quality education that every Australian child deserves.",NA,"506",NA
"OUR RECORD",NA,"H",NA
"The Liberals and Nationals knows that every student deserves a world-class education.",NA,"506",NA
"The Liberal and Nationals Government has boosted funding and introduced important reforms to ensure students are put first.",NA,"506",NA
"The Liberals and Nationals has worked hard to make sure that no child is held back by disadvantage.",NA,"503",NA
"We have done this by targeting support to those who need it most and providing help for those who are working the hardest.",NA,"503",NA
"This is helping to ensure every child can reach their full potential.",NA,"503",NA
"Our child care reforms have made child care more affordable, with nearly one million families reaping the benefits.",NA,"503",NA
"We abolished the annual subsidy cap for more than 80 per cent of families, allowing them to work as many days as they choose without losing their child care subsidy when they hit the cap.",NA,"504",NA
"If a parent can work and wants to work, we want to make it easier for them to access child care.",NA,"504",NA
"That’s why we increased the subsidy rate for low and middle income families and aligned subsidy hours with the hours parents work, train, study or volunteer.",NA,"503",NA
"It means that more parents are getting the hours they pay for and the hours they need.",NA,"503",NA
"A typical family is around $1,300 better off each year.",NA,"504",NA
"We know that these changes are working.",NA,"504",NA
"More families and children are using child care, more than 90 per cent of families are entitled to a child care subsidy of 50 per cent or more and the Australian Bureau of Statistics (ABS) has reported that out of pocket costs for families have fallen by 8.9 per cent across Australia since our new child care package began.",NA,"504",NA
"We are also providing additional funding for families and children who need some extra support, through our Additional Child Care Subsidy, which is part of our $1.2 billion child care safety net.",NA,"504",NA
"Preschool is an important state and territory responsibility and we want to make sure that they get it right.",NA,"504",NA
"We are continuing to support state and territory governments to provide children with universal access to 15 hours of preschool a week for children in the year before school, with $450 million invested in 2020.",NA,"301",NA
"This brings the Liberal and Nationals Government's investment in preschool to $2.8 billion since we came to office.",NA,"504",NA
"For too long, state and territory governments have conflated enrolment with attendance.",NA,"301",NA
"Currently, 28 per cent of four year olds who are funded and entitled to preschool do not attend for the 15 hours a week.",NA,"504",NA
"This non-attendance is higher for the most vulnerable - 34 per cent of disadvantaged children and 41 per cent of Indigenous children are missing out.",NA,"503",NA
"We need to find a way to reach these children before we expand preschool further and prevent them from being left behind.",NA,"503",NA
"That’s why we are committing an additional $4.9 million to boost the attendance of disadvantaged students who can least afford to miss out, including working with The Smith Family.",NA,"503",NA
"A future Liberal and Nationals Government will commission a review of the National Partnership Agreement that governs preschool funding and will include the issue of attendance as a term of reference.",NA,"503",NA
"The review will ensure that future funding is set up to achieve the best possible preschool outcomes.",NA,"503",NA
"Every student deserves funding based on their need.",NA,"503",NA
"That is why the Liberal and Nationals Government has worked hard to provide funding for the schools and students who need it the most, no matter where they go to school or what type of school they attend.",NA,"503",NA
"This will help every student to achieve their full potential every year they are at school.",NA,"503",NA
"The Liberal and Nationals Government's Quality Schools package will see a total of $310 billion provided to all schools - an extra $37 billion, an increase on average of 62 per cent per student.",NA,"504",NA
"This funding is guaranteed thanks to our strong economic management.",NA,"403",NA
"We want parents to see results from this funding.",NA,"504",NA
"That’s why we back NAPLAN and the transparency it provides to parents and the feedback it provides teachers about their students' progress,",NA,"506",NA
"both what they do well and where they need more assistance.",NA,"504",NA
"Parents should expect to be able to see progress in their child’s education.",NA,"506",NA
"The Liberal and Nationals Government believes in providing choice and quality in schools.",NA,"504",NA
"This is why we have created a $1.2 billion Choice and Affordability Fund to assist schools provide options in how parents educate their children at Catholic and independent schools.",NA,"503",NA
"The Liberal and Nationals Government supports Australians to get a job, and get a better job, by investing over $3 billion a year into vocational education and training (VET).",NA,"411",NA
"We initiated a once-in-a-generation review of the VET sector that provided a roadmap for further strengthening the system and we are investing $585 million in a package of measures which includes boosting incentives for employers to hire 80,000 new apprentices over the next five years.",NA,"411",NA
"We have strengthened the reputation of the VET sector, and replaced Labor’s failed VET FEE- HELP scheme, which ripped off vulnerable students and taxpayers, with VET Student Loans, which provide financial support for students to undertake high quality training linked to real workplace needs.",NA,"411",NA
"The Liberal and Nationals Government believes our universities should be places of learning that set students on the path to rewarding careers.",NA,"504",NA
"This is why we are investing record funding into universities and record funding into assisting students who would not otherwise have access.",NA,"504",NA
"We have increased funding for universities by 19 per cent since we were elected.",NA,"504",NA
"By 2022, the increase will be 28 per cent.",NA,"504",NA
"We believe that you should be able to attend university whether you are from a regional community or from a capital city.",NA,"504",NA
"Yet if you are from regional Australia, you are half as likely to attend a tertiary institution.",NA,"504",NA
"Thats why the Liberal and Nationals Government has invested over $490 million to help fix this gap, through greater access to Youth Allowance for regional students, and has increased funding for regional scholarships.",NA,"503",NA
"We have invested in making sure regional students can also study in the communities in which they live.",NA,"503",NA
"We have committed to creating Regional Study Hubs in 22 different locations and created the Destination Australia scholarships to support students to study in regional Australia.",NA,"503",NA
"The Liberal and Nationals Government knows that taxpayers expect value for money from publicly-funded research ahead of university spending on marketing and unnecessary self¬promotion and travel.",NA,"504",NA
"This is why we have ensured that research applications to the Australian Research Council must now meet a national interest test to ensure your money is spent on projects that will benefit Australia.",NA,"504",NA
"Our record investment in the higher education sector will grow in line with population growth and universities will be able to access more funding for bachelor places based on their performance.",NA,"504",NA
"This will see a further $790 million provided to universities up to 2023.",NA,"504",NA
"Our plan for a strong economy means we can guarantee record and growing funding for education - from the high chair to higher education - and focus on reforms that will deliver better student outcomes.",NA,"504",NA
"OUR PLAN",NA,"504",NA
"Child Care and Early Childhood",NA,"504",NA
"The Liberal and Nationals Government is providing record funding for child care.",NA,"504",NA
"We are committed to ensuring quality, affordable child care for families.",NA,"504",NA
"Our Government will invest a record $8.6 billion in child care in 2019-2020, increasing to $10 billion in the coming years.",NA,"504",NA
"This investment amounts to $37 billion in child care over four years.",NA,"504",NA
"Child care fees are a significant cost of living pressure for many families.",NA,"504",NA
"When Labor was last in government, child care fees increased by over 50 per cent.",NA,"504",NA
"The Liberal and Nationals Government has reformed the child care subsidy to deliver quality, affordable child care, with more support for those families who need it most.",NA,"504",NA
"Since our changes, child care is more accessible and affordable, with out of pocket costs for families falling by 8.9 per cent since our child care package began.",NA,"504",NA
"The reformed Child Care Subsidy helps around one million families to balance work and parenting responsibilities.",NA,"504",NA
"A typical family is around $1,300 better off each year.",NA,"504",NA
"We have also ended waste by closing down dodgy providers and ramping up the compliance checks that Labor cut. In doing so, we’ve saved taxpayers $2.8 billion.",NA,"504",NA
"We are actively working to place downward pressure on child care fee increases.",NA,"504",NA
"Our support for families using the child care system has increased from over $6 billion in 2013-14 to $8.6 billion in 2019-20, increasing to $10 billion in 2022-23.",NA,"504",NA
"Preschool",NA,"506",NA
"The Liberal and Nationals Government provides a funding contribution to state and territory governments, which are responsible for providing quality, affordable preschool.",NA,"506",NA
"This is why we have continued our commitment to preschool with $450 million in funding to secure universal access to preschool in 2020. But there is more work to do.",NA,"506",NA
"The Liberal and Nationals Government is committed to getting the settings right for children in the year before school.",NA,"506",NA
"We will continue our work with states and territories on future arrangements to lift preschool participation rates amongst four year olds, especially amongst the disadvantaged and Indigenous children who have the most to gain.",NA,"607.3",NA
"Recognising that 58 per cent of three year olds are already in early childhood education and care, we want to do the work necessary to get the existing policy for four year olds right, before we consider expanding universal access.",NA,"506",NA
"The Liberal and Nationals Government is focused on ensuring future preschool policy for four year olds is as effective as possible.",NA,"506",NA
"Data suggests that, of those who are enrolled, as many as 28 per cent are not attending regularly for the full 15 hours per week they are entitled to.",NA,"506",NA
"This percentage is even higher for vulnerable and disadvantaged children at 34 per cent, and for Indigenous children at 41 per cent.",NA,"503",NA
"These numbers suggest that more needs to be done to ensure the most vulnerable children and families in our society are fully benefiting from a quality preschool education.",NA,"503",NA
"That’s why we have provided an additional $4.9 million to boost the attendance of disadvantaged students who can least afford to miss out, including work with The Smith Family.",NA,"503",NA
"The Liberal and Nationals Government will also review the preschool National Partnership to ensure that it is set up to achieve the best preschool outcomes.",NA,"506",NA
"Schools",NA,"506",NA
"The Liberal and Nationals Government is committed to providing choice and quality in our schools.",NA,"506",NA
"That’s why we have provided record funding for government, Catholic and independent schools.",NA,"506",NA
"The Liberal and Nationals Government's Quality Schools package will see a total of $310 billion provided to all schools - an extra $37 billion, an increase of 62 per cent per student.",NA,"506",NA
"This funding is guaranteed and will deliver outcomes for students.",NA,"506",NA
"Linder our plan, backed by the work carried out by David Gonski, we will lift student outcomes so that every child can fulfil their potential.",NA,"506",NA
"To get this done we have secured agreement from every state and territory for our plan to lift student results.",NA,"506",NA
"We have introduced a new literacy and numeracy test for trainee teachers, started decluttering the Australian Curriculum to refocus on the basics, and committed to supporting teachers with a new national centre of excellence and research for teaching.",NA,"506",NA
"The Liberal and Nationals Government, through the COAG Education Council, is undertaking a review of the 2008 Melbourne Declaration of education goals for young Australians.",NA,"506",NA
"The review will update the current Declaration to create a nationally consistent future direction for Australian schooling for the next decade.",NA,"506",NA
"These improvements are backed by record and guaranteed schools funding.",NA,"506",NA
"Since we were elected, we have increased funding for government schools by over 70 per cent and funding across all schools by over 50 per cent.",NA,"506",NA
"We have also secured the future for parents whose children are educated in independent and Catholic schools through our $1.2 billion Choice and Affordability Fund.",NA,"506",NA
"Government schools are receiving record levels of funding, this funding will continue to grow.",NA,"506",NA
"In Labor’s last budget, funding for government schools was $4.9 billion.",NA,"506",NA
"In the 2019-20 Budget, funding for government schools is $8.3 billion. By 2028-29, it will be $13.5 billion.",NA,"506",NA
"Information about funding for every government school is available at schools.education.gov.au/ school-funding-estimator.",NA,"506",NA
"We are building on these achievements with further measures to support student success.",NA,"506",NA
"If re-elected, the Liberal and Nationals Government will continue to deliver reforms that will give more independence to principals and local communities.",NA,"506",NA
"We want schools, whether they are government, Catholic or independent, to be able to govern themselves.",NA,"503",NA
"We will continue to work with teachers and principals to continue to declutter the curriculum, ensuring they can get on with teaching the basics to our students.",NA,"506",NA
"We know that the basics are fundamental to a child’s future.",NA,"506",NA
"Most importantly, if children struggle to learn to read, they will always struggle to learn by themselves.",NA,"506",NA
"This is why we will commit $10.8 million to introduce a Year 1 voluntary phonics health check by establishing a freely-available online check that allows parents and teachers to ensure their children are not falling behind",NA,"506",NA
"and helps ensure students are building the skills they need to become great speakers, readers and writers.",NA,"506",NA
"We will also work with all higher education providers to include phonics in teaching courses so that new teachers are prepared, from day one in the classroom, to use these critical tools.",NA,"506",NA
"Every parent will tell you that the best asset in their school is their teachers.",NA,"506",NA
"The Liberal and Nationals Government will seek to attract more high quality teachers into the classrooms by expanding the successful Teach for Australia program to target the next generation of school leaders.",NA,"506",NA
"If re-elected, the Liberal and Nationals Government will invest $15 million to support more Teach for Australia graduates who will train specifically for school leadership roles.",NA,"506",NA
"These graduates will be high achieving teachers who will become high quality school leaders in rural, remote or disadvantaged schools.",NA,"503",NA
"It is vital that teachers receive the support they need to succeed.",NA,"506",NA
"That is why a re-elected Liberal and Nationals Government will task the Australian Institute of Teaching and School Leadership to develop a National Strategy to support schools to tackle the abuse of teachers in the classroom.",NA,"506",NA
"We will work hard to make sure that principals and teachers are free from excessive red tape, giving them more time to focus on teaching their students.",NA,"506",NA
"As part of the Australian Curriculum review due to occur in 2020, a re-elected Liberal and Nationals Government will also place on the COAG Education Council agenda a review of the compliance and regulation that teachers face.",NA,"506",NA
"We have established a $30 million Local School Community Fund to support local schools with specific projects that will benefit their students and local school communities.",NA,"506",NA
"Every child should feel safe and happy at school.",NA,"605.1",NA
"But we know that increasingly student wellbeing inside and outside the classroom is becoming an issue for parents and teachers, particularly as we see the rise of cyberbullying and the inappropriate use of new technology.",NA,"605.1",NA
"This is why, if re-elected, the Liberal and Nationals Government will work with the states and territories on best practice policies on mobile phone use in classrooms.",NA,"301",NA
"We understand that many students are impacted by study stress, bullying, friendship issues, and drugs and alcohol.",NA,"605.1",NA
"That is why we have committed to our $503 million Youth Mental Health and Suicide Prevention Plan.",NA,"504",NA
"Our plan includes $11.8 million in a range of initiatives to help parents recognise when their children are struggling, improve mental health skills training in schools, enhance peer support networks and boost counselling support services for young people.",NA,"504",NA
"It will ensure that government activities are coordinated, services are delivered to young Australians at risk and support is available for friends and families.",NA,"504",NA
"Our Youth Mental Health and Suicide Prevention package builds on the record $4.8 billion that we are spending on mental health this financial year alone.",NA,"504",NA
"Our guaranteed record funding and significant educational reforms mean that, no matter where you go to school, you will get the funding and support you need to get the best possible education.",NA,"504",NA
"Higher Education and Research",NA,"506",NA
"Since we were elected, university and research funding has grown by 19 per cent.",NA,"506",NA
"Today, funding for universities is a record $17.7 billion, growing to $19.1 billion by 2022.",NA,"506",NA
"We believe that you should be able to attend university whether you are from a regional community or from a capital city.",NA,"506",NA
"Yet if you are from regional Australia, you are half as likely to attend a tertiary institution.",NA,"506",NA
"That is why the Liberals and Nationals Government has invested over $490 million to ensure students can attend university no matter where they live.",NA,"506",NA
"We have done this through 3,155 Rural and Regional Enterprise Scholarships, which provide support to students with the costs of studying at university or at a vocational education and training provider.",NA,"411",NA
"We have also introduced up to 4,720 new tertiary scholarships to attract Australian and international students to study in regional Australia.",NA,"503",NA
"We are investing $152 million in a Regional Student Access to Education Package, improving access to Youth Allowance and ABSTUDY living allowance for regional and remote students, and delivering more support for isolated children’s education.",NA,"503",NA
"We know that the cost of moving to study is often a burden on rural and regional students.",NA,"503",NA
"This is why we have created Regional Study Hubs in 22 locations, which will allow regional students to study in communities near them.",NA,"503",NA
"If re-elected, we will commit $15 million to create a further 5 Regional Study Hubs with additional Commonwealth Supported Places to ensure their ongoing viability.",NA,"503",NA
"We also know that rural and regional students need more support to complete school and aspire to further education.",NA,"503",NA
"That is why a re-elected Liberal and Nationals Government will commit $2 million to expand the Country Education Partnership’s successful Rural Inspire program.",NA,"503",NA
"This will assist the Partnership to expand their current activities, which aim to engage rural and regional students with further education.",NA,"503",NA
"This is a critical part of ensuring we close the gap in educational attainment between the city and regional communities.",NA,"503",NA
"We will also implement the findings of the Napthine Review into Rural, Regional and Remote Education.",NA,"503",NA
"This will include the Australia's first Rural, Regional and Remote Education Strategy.",NA,"503",NA
"We will make sure that higher education funding serves the interests of students and taxpayers.",NA,"506",NA
"From next year we are increasing funding in line with population growth and universities will receive a further $790 million in performance-based funding by 2023.",NA,"506",NA
"This will ensure universities prioritise spending on their students and not on expenses, which they should fund from other sources rather than the Australian taxpayer.",NA,"506",NA
"This includes the $1.7 billion that leading universities have splurged on marketing themselves in recent years.",NA,"506",NA
"We have also established a national interest test for taxpayer-funded university research to ensure value-for-money from research investments.",NA,"411",NA
"This does not prevent universities from undertaking other research, but research funded by the taxpayer should be able to demonstrate its benefit for Australia.",NA,"506",NA
"Because higher education can open pathways to new opportunities, the Liberal and Nationals Government is committed to ensuring access to courses for students who may otherwise miss out.",NA,"506",NA
"We are providing more than 170,000 students from low socio-economic backgrounds access to courses each year through the Higher Education Participation and Partnerships Program.",NA,"506",NA
"We are providing more support to our aviation industry.",NA,"506",NA
"Like medicine, dentistry or veterinary science, aviation courses are higher cost and so the Liberal and Nationals Government is providing students studying at university or through approved VET Student Loan providers with access to loans of up to $150,000.",NA,"411",NA
"Universities should always be truth-seeking institutions.",NA,"202.1",NA
"That is why we are committed to freedom of speech on campuses.",NA,"202.1",NA
"A re-elected Liberal and Nationals Government will implement the recommendations of the French Review by applying new standards to ensure that freedom of speech is protected on campus through a voluntary code.",NA,"202.1",NA
"If universities do not subscribe to the code, the Liberal and Nationals Government will empower the Tertiary Quality and Standards Authority to ensure freedom of speech is protected on campuses.",NA,"202.1",NA
"Vocational Education and Training (VET)",NA,"411",NA
"With a modern economy that is changing the way we work, there is a growing demand for new skills and occupations.",NA,"411",NA
"The Liberal and Nationals Government believes that learning through a vocational education is just as important as through a university degree, and we are therefore committed to ensuring our VET system is responsive so students and employers both benefit.",NA,"411",NA
"We will build on our existing support to the VET sector by implementing a $585 million package to:",NA,"411",NA
"Reduce the shortfall of skilled workers in key occupations and create up to 80,000 new apprentices by introducing a Skill Shortages payment of $4,000 for eligible employers and $2,000 for apprentices.",NA,"411",NA
"Further expand the successful rural wage subsidy to support employers in rural and regional Australia to take on even more apprentices.",NA,"411",NA
"Streamline incentives for employers of apprentices and trainees and update the skills needs list to ensure it responds to labour market demand.",NA,"411",NA
"Address youth unemployment in regional Australia and create better connections between school students, employers and the VET sector by establishing 10 Industry Training Hubs.",NA,"411",NA
"Support more young Australians to gain a VET qualification through the Commonwealth Scholarship Program for Young Australians.",NA,"411",NA
"Raise the profile of the VET sector and improve the career advice given to students and others transitioning to a new career by establishing a National Careers Institute and appointing a National Careers Ambassador.",NA,"411",NA
"Support high impact programs that create innovative partnerships between schools, tertiary providers and employers through new competitive grants.",NA,"411",NA
"Increase support for those with low levels of education to identify and address language, literacy, numeracy and digital skills deficits, including in remote Indigenous communities.",NA,"411",NA
"Give students ownership over their education records and support the lifelong learning of Australian workers by expanding the Unique Student Identifier and creating a centralised digital Tertiary Learning Repository.",NA,"411",NA
"Promote a nationwide approach to skills development, enhance research and analysis of future skills needs and give industry a greater role in designing training courses by establishing a National Skills Commission and Skills Organisations across the country, starting with the growth areas of human services and digital technology (including cyber security).",NA,"411",NA
"Support thousands of young Tasmanians to gain new skills to boost the state’s renewable electricity generation sector and bring the Battery of the Nation plan to life.",NA,"411",NA
"Backing rural and regional students",NA,"503",NA
"Every Australian child, no matter where they live - in the bush or the city - should have access to a world-class education.",NA,"503",NA
"The Liberal and Nationals Government has secured the funding and reforms to ensure all Australian students can reach their full potential.",NA,"503",NA
"We have delivered on the promise of increased support for school students in rural and remote areas, and funding for students in regional and remote Australia will grow by 63 per cent in the next ten years.",NA,"503",NA
"We know that the cost of moving to study is often a burden on rural and regional students.",NA,"503",NA
"This is why we have created Regional Study Hubs in 22 locations, which will allow regional students to study in communities near them.",NA,"503",NA
"In 2016 we invested $152 million in a Regional Student Access to Education Package, improved access to Youth Allowance and ABSTUDY living allowance for regional and remote students, and provided more support for isolated children’s education.",NA,"503",NA
"We have invested in a range of measures to attract students to regional Australia, through 3,155 Rural and Regional Enterprise Scholarships, which provide support to students with the costs of studying at university or at a vocational education and training provider.",NA,"503",NA
"We have also introduced up to 4,720 new tertiary scholarships to attract Australian and international students to study in regional Australia.",NA,"503",NA
"We will provide $5.2 billion to support more than 223,000 Indigenous school students and will waive all or part of the HELP debt for 3,100 teachers who commit to teach and stay teaching in very remote areas.",NA,"503",NA
"We have provided $45 million for isolated children’s education, including additional funding for Assistance for Isolated Children’s Additional Boarding Allowance.",NA,"503",NA
"We are developing Australia's first National Regional, Rural and Remote Higher Education Strategy to drive increased participation in post-secondary education and we commissioned Emeritus Professor John Halsey to undertake an Independent Review into Regional, Rural and Remote Education.",NA,"503",NA
"The Liberal and Nationals Government provided $4 million to assist flood-affected schools in North Queensland supporting regional students and boarders who were impacted by the floods to support the needs of individual schools.",NA,"503",NA
"Only the Liberal and Nationals Government understands the importance of investment in regional university campuses to support students to stay in the regions,",NA,"503",NA
"improve educational attainment and achievement,",NA,"506",NA
"support local business",NA,"402",NA
"and create more local jobs.",NA,"701",NA
"That is why we have invested $150 million to relocate and expand the University of Tasmania’s campuses in Launceston and Burnie.",NA,"506",NA
"The funding will support jobs",NA,"701",NA
"and increase higher education accessibility, participation and attainment.",NA,"506",NA
"We have also invested $64 million for the Central Coast Medical School.",NA,"506",NA
"And we have provided $14 million to support Deakin University’s plan for a renewed, regionally focused and sustainable Warrnambool campus to continue to provide higher education pathways for students in the region.",NA,"503",NA
"Building on these investments, in 2018 the Liberal and Nationals Government provided a further $92.5 million to support more students at Federation University Berwick campus, the Caboolture and Fraser Coast campuses of the University of the Sunshine Coast, the Central Coast Medical School and Research Institute of the University of Newcastle, Central Queensland University and James Cook University.",NA,"506",NA
"This builds on the Liberal and Nationals Government’s ongoing commitment to education in rural and regional Australia, with more than $1.6 billion in base funding in 2017 for Commonwealth supported students at regionally headquartered universities and $70 million each year in regional loading to help universities maintain regional campuses.",NA,"503",NA
"We will further expand the successful rural wage subsidy to support employers in rural and regional Australia to take on even more apprentices, and will increase scholarships for young people to study for vocational education qualifications.",NA,"503",NA
"We will help to address youth unemployment in regional Australia and create better connections between school students, employers and the VET sector by establishing 10 Industry Training Hubs, as well as investing in more Regional Study Hubs so that students at university can stay and study for their qualification near where they live.",NA,"503",NA
"And we are providing more incentives for Australian and international students to study at regional universities.",NA,"503",NA
"A re-elected Liberal and Nationals Government will deliver a stronger economy,",NA,"410",NA
"to secure the future of regional communities, and will continue to support the aspirations of regional and rural students to help them build the skills and qualifications they need to achieve their goals.",NA,"503",NA
"The choice in education is clear.",NA,"506",NA
"Australian students, parents and teachers can’t afford Bill Shorten’s Labor.",NA,"503",NA
"The Liberal and Nationals Government offers higher quality education with guaranteed funding backed by a stronger Budget.",NA,"506",NA
"A Liberal and Nationals Government offers lower child care costs, targeted preschool assistance,",NA,"504",NA
"record and growing, real needs-based funding for our schools,",NA,"506",NA
"a stronger vocational education sector with more apprenticeships,",NA,"411",NA
"and record university funding driving better student outcomes.",NA,"506",NA
"We will do all of this without raising taxes.",NA,"403",NA
"In this election, Labor is offering Australian parents, teachers and students $387 billion in new taxes.",NA,"403",NA
"This is not a plan. It is a scam.",NA,"305.1",NA
"Last time they tried this, they tanked the economy and the Budget.",NA,"403",NA
"Labor cut funding to government schools and promised billions of dollars they never delivered.",NA,"305.1",NA
"Bill Shorten’s Labor has already shown it cannot be trusted with our children’s education.",NA,"305.1",NA
"Labor voted against our child care package which has reduced out of pocket costs for parents and made child care more affordable.",NA,"503",NA
"Under the previous Labor government, child care fees skyrocketed by more than 50 per cent while significant government funding was fraudulently chewed up by crooks and shonks when Labor cut the number of compliance checks on child care services.",NA,"504",NA
"In government, Labor’s inability to manage the Budget resulted in a funding cliff for schools, no commitment to better outcomes, and a blowout in fraud and waste in vocational education and family day care.",NA,"506",NA
"Labor was the only government in the last decade to cut funding to government schools and Bill Shorten was the Education Minister who cut $1.2 billion from public schools.",NA,"506",NA
"That’s what happens when you can’t manage the economy.",NA,"403",NA
"Labor’s education policies mean that, when they make a promise, you and your children will pay for it.",NA,"506",NA
"When Labor established the Building the Education Revolution fund, Australians saw up to $8 billion wasted.",NA,"506",NA
"This was money that could have gone to training teachers, buying school resources or student wellbeing.",NA,"506",NA
"Under Labor, student grades went down and our global rankings suffered.",NA,"305.1",NA
"Labor’s failed VET FEE-HELP scheme left thousands of students with debts and no qualification",NA,"411",NA
"- and caused significant reputational damage to the VET sector.",NA,"411",NA
"Whatever Labor promises on education, they cannot manage the Budget and cannot keep their promises.",NA,"403",NA
"We have seen it before.",NA,"305.1",NA
"Thanks to our strong economy and the first Budget surplus in over a decade, only the Liberal and Nationals Government can deliver the reforms needed to boost student outcomes and support students, parents, teachers and schools with guaranteed improvements and guaranteed funding into the future.",NA,"506",NA
"The choice is clear on education: the Liberal and Nationals Government has a plan while Labor has a scam.",NA,"506",NA
"Coalition",NA,"305.1",NA
"EARLY CHILDHOOD AND CHILD CARE",NA,"504",NA
"Record funding for child care - $8.6 billion for FY2019-20, without raising taxes.",NA,"403",NA
"A typical family is around $1,300 better off and out of pocket costs for child care down 8.9 per cent.",NA,"504",NA
"Nearly one million families benefiting from our child care package.",NA,"504",NA
"SCHOOLS",NA,"506",NA
"Record funding for all schools across Australia - over $20.7 billion for 2019-20, without raising taxes.",NA,"506",NA
"Funding for schools based on their students' needs, delivering on Gonski.",NA,"506",NA
"More support for students with a disability.",NA,"503",NA
"More support for rural and remote schools.",NA,"503",NA
"More funding for STEM training of teachers.",NA,"503",NA
"A new optional phonics test for year one students.",NA,"503",NA
"More funding for better teachers and teacher training.",NA,"506",NA
"HIGHER EDUCATION AND RESEARCH",NA,"506",NA
"Record funding for higher education and research - over $17.7 billion for 2019, without raising taxes.",NA,"506",NA
"Better access to youth allowance for students.",NA,"506",NA
"EARLY CHILDHOOD AND CHILD CARE",NA,"504",NA
"Increased funding for universities that deliver for their students.",NA,"506",NA
"International education exports have nearly doubled under the Liberal and Nationals Government.",NA,"506",NA
"Labor",NA,"305.1",NA
"EARLY CHILDHOOD AND CHILD CARE",NA,"504",NA
"$387 billion in new or increased taxes.",NA,"403",NA
"Increased child care fees by over 50 per cent.",NA,"504",NA
"Promised to create 260 new child care centres - never delivered.",NA,"504",NA
"SCHOOLS",NA,"506",NA
"$387 billion in new or increased taxes.",NA,"403",NA
"27 special school funding deals that disadvantaged students.",NA,"503",NA
"As Education Minister, Bill Shorten cut $1.2 billion from government schools.",NA,"506",NA
"$8 billion wasted in school halls disaster.",NA,"506",NA
"$2 billion wasted on failed ‘Laptops for Kids’ program.",NA,"506",NA
"$540 million for literacy and numeracy flop.",NA,"506",NA
"$16 million spent to recruit only 14 new teachers.",NA,"506",NA
"HIGHER EDUCATION AND RESEARCH",NA,"506",NA
"$387 billion in new or increased taxes.",NA,"403",NA
"Announced $6.6 billion cuts to higher education and research.",NA,"506",NA
"EARLY CHILDHOOD AND CHILD CARE",NA,"504",NA
"Removed incentives for universities to meet performance standards.",NA,"506",NA
"International education exports went backwards under Labor.",NA,"411",NA
