"text","text_en","cmp_code","eu_code"
"OUR PLAN FOR THE ECONOMY AND TAXATION",NA,NA,NA
"Revitalising Regional Australia",NA,NA,NA
"Introduction",NA,NA,NA
"The Nationals’ highest priority is to build a strong economy",NA,"408",NA
"and to usher in a new era of growth, prosperity and opportunity in Australia’s regions.",NA,"410",NA
"Strong economic management means lower taxes, and downward pressure on interest rates.",NA,"402",NA
"It means more funds to invest in health and education,",NA,"504",NA
"national security,",NA,"104",NA
"and infrastructure such as road and communication networks.",NA,"411",NA
"The Nationals understand that debt and deficit spending rob future generations of their autonomy and standard of living,",NA,"414",NA
"especially if the money is not invested in productive economic infrastructure.",NA,"411",NA
"The Nationals believe in private enterprise as the foundation of the nation’s economy.",NA,"401",NA
"We believe in a fair and equitable taxation system,",NA,"503",NA
"which guards against disadvantage to those people living and working in regional Australia.",NA,"301",NA
"Labor’s Record",NA,NA,NA
"When The Nationals left office, the economy was stronger than at any time in our history.",NA,"408",NA
"The Government had no net debt,",NA,"414",NA
"unemployment had fallen to a 33 year low, and inflation was down;",NA,"414",NA
"real wages had risen 21.5 per cent, and real household wealth had doubled over the previous decade.",NA,"408",NA
"Six rounds of personal income tax cuts had been delivered and the budget was $20 billion in surplus.",NA,"414",NA
"In less than three years of Labor Government, net debt has passed $40 billion and is on the way to $94 billion by 2013;",NA,"414",NA
"the budget is in deficit by $41 billion, and Labor has promised further years of deficit.",NA,"414",NA
"Household wealth has plummeted.",NA,"408",NA
"By 2013, interest payments on government debt will be around $12 billion per year.",NA,"414",NA
"Labor has made more than $100 billion worth of new spending commitments, financed by debt and much of it dedicated to consumer spending or social infrastructure - proving again that Labor is incapable of managing Australia’s economy.",NA,"414",NA
"Our Plan to Revitalise Regional Australia",NA,NA,NA
"KEY POINTS",NA,NA,NA
"Return the Budget to surplus and payback debt",NA,"414",NA
"Fair share of services and spending for the regions",NA,"301",NA
"Review zonal taxation allowance",NA,"402",NA
"Promote regional investment",NA,"402",NA
"Restoring Regional Economies",NA,NA,NA
"The Nationals are committed to returning the Federal Budget to surplus and to beginning to repay the mammoth debt accumulated by Labor.",NA,"414",NA
"It took ten years to pay back the debt left by the last Labor Government, and many hard decisions had to be made.",NA,"414",NA
"The Nationals will ensure that savings recognise regional Australia as the generator of Australia’s real wealth, and regional recovery as fundamental to restoring economic growth.",NA,"414",NA
"The Nationals believe that, when wealth is generated in a region, a fair share of the resulting government revenue should be returned to that region and to regional Australia more generally.",NA,"301",NA
"The Nationals – Western Australia’s Royalties for Regions policy is based on that equity argument, as is The Nationals – Victoria’s Regional Growth Fund and The Nationals – New South Wales’ Restart NSW Fund.",NA,"301",NA
"At the Federal level, The Nationals will ensure that a share of Petroleum Resource Rent Tax from offshore oil and gas developments is applied directly to regional Australia.",NA,"301",NA
"The Nationals believe in fairness in spending.",NA,"301",NA
"Residents in the capital cities see a larger proportion of their taxation dollar spent on services in their communities than people living in regional areas.",NA,"301",NA
"The Nationals’ objectives are to:",NA,NA,NA
"Review the zonal taxation allowances and, if appropriate, replace them with a new system which provides an increased allowance to those living in the most remote locations;",NA,"301",NA
"Promote investment in regional businesses;",NA,"402",NA
"Grow the population of the regions by creating new employment opportunities;",NA,"410",NA
"Ensure that taxes and charges imposed by the Australian Government do not disadvantage regional businesses against international competitors;",NA,"301",NA
"Ensure that the workplace relations system is flexible, fair",NA,"401",NA
"and takes account of the special circumstances of regional businesses;",NA,"301",NA
"Ensure that real benefits from national competition policy are delivered;",NA,"403",NA
"Ensure equity of services, with transport, communications and infrastructure in the regions being made comparable with those in the capital cities.",NA,"301",NA
"OUR PLAN FOR REGIONAL DEVELOPMENTGrowing Stronger Regions",NA,NA,NA
"Introduction",NA,NA,NA
"The regions beyond our capital cities have historically been the economic backbone of the nation and the engine room which generates most of our exports.",NA,"301",NA
"The powerful forces of globalisation, overseas migration and urbanisation have meant that, in the 21st Century, our capital cities have become the focal points of much of the nation’s economic activity and the places where most people live.",NA,"301",NA
"This anomaly creates challenges for regional Australia, and a special role for government policy in ensuring that regions outside the major cities continue to prosper.",NA,"301",NA
"Creating dynamic, stable, secure and viable regional economies is essential for Australia’s future.",NA,"301",NA
"The Nationals will ensure that government policies promote, and do not hinder, the development of prosperous regional communities with high quality of life.",NA,"301",NA
"Government cannot redress uneven growth across regions, or solve the uncertainties of international markets.",NA,"301",NA
"But the regions have the capacity for much better economic performance, and The Nationals’ practical support for regional economies will help to make them more competitive.",NA,"402",NA
"Labor’s Record",NA,NA,NA
"The Labor Government has ignored the regions, abandoning regional development at a critical economic time.",NA,"301",NA
"Regions are without support from, or direct links with, the Federal Government.",NA,"301",NA
"Most of the regional development departmental offices in the States have been closed, replaced by a ‘Better Cities Unit’ in Sydney.",NA,"301",NA
"At the last election, Labor promised a Better Regions regional development funding model.",NA,"301",NA
"The program has never called for applications from the community and funds only specific Labor election commitments.",NA,"301",NA
"Labor has misled communities about its Better Regions program.",NA,"301",NA
"The 2007 Labor regional development policy promised to retain the Regional Partnerships and Sustainable Regions programs.",NA,"416",NA
"Shortly after coming to office, Labor abolished both programs, refusing even to fund many of the Regional Partnerships projects already approved.",NA,"301",NA
"Labor in Opposition promised to expand the role of community-based Area Consultative Committees; Labor in power abolished the network.",NA,"301",NA
"Its replacement was Regional Development Australia, which in most States is effectively part of the State government bureaucracy.",NA,"301",NA
"Regional Development Australia’s National Advisory Council is to be made up of academics and industry representatives appointed by the government, unlikely to have any influence on government policy.",NA,"301",NA
"Under Labor, the Federal government no longer provides regional development funding direct to community organisations or to the private sector.",NA,"301",NA
"Labor’s Regional Community Local Infrastructure Program was available only to local government.",NA,"301",NA
"The Federal Government no longer has a regional development funding program to support the community organisations or private sector economic opportunities which create jobs.",NA,"301",NA
"Our Plan to Grow Stronger Regions",NA,NA,NA
"KEY POINTS",NA,NA,NA
"Specified share of school, health and infrastructure funding",NA,"301",NA
"Sustainable Regions program for disadvantaged areas",NA,"416",NA
"New Better Regions program",NA,"301",NA
"Decentralise decision making",NA,"301",NA
"Encourage graduates to the regions",NA,"410",NA
"The Regional Policy Challenge",NA,NA,NA
"Regional communities face problems neither they nor government can directly control.",NA,"301",NA
"Some are seasonal, such as drought or flood; some are ongoing structural challenges such as the ageing of the non-metropolitan population and the loss of young people to the major cities; some are unavoidable, such as unstable or corrupt international markets.",NA,"301",NA
"Many regions outside the capital cities have a relatively narrow economic base and lack the scale and resilience of cities, making them more open to sudden economic shocks, and to the gradual erosion of their skills base.",NA,"301",NA
"The Nationals support regions in addressing the problems they can influence, and in limiting the adverse effects of those they cannot.",NA,"301",NA
"Non-metropolitan regions have an ageing population.",NA,"301",NA
"Their best and brightest young people often leave for the city, and most do not return.",NA,"301",NA
"Migrants from the city or other countries do not typically settle in the regions most in need of new blood and new ideas.",NA,"301",NA
"The regions which benefit from the influx are generally on the coast or within a couple of hours of the city.",NA,"301",NA
"Regions further away miss out.",NA,"301",NA
"Many regions traditionally reliant on agriculture have found that structure is changing.",NA,"410",NA
"As new industries and enterprises emerge, regional economies must diversify to ensure their future.",NA,"410",NA
"Those furthest away from the capital cities require support to compete for population and industry growth, and to respond to new challenges.",NA,"301",NA
"Dozens of regional development programs across the nation, delivered by the three levels of government with little overall coordination, direction or evaluation, compete for regional support.",NA,"303",NA
"The Nationals will make a Fair Share commitment to specifically lock in growing Federal funding for regional Australia in a coordinated partnership with state and local governments.",NA,"301",NA
"The Regional Policy Solution",NA,NA,NA
"Though fundamentally important, the provision of basic services is not alone enough to ensure regional economies prosper and grow.",NA,"401",NA
"Regional growth derives from entrepreneurship, knowledge, networks and innovation.",NA,"401",NA
"Simply encouraging new industries from outside the region to set up shop is no longer enough.",NA,"401",NA
"Genuine regional development occurs when communities leverage their assets to achieve new economic opportunities.",NA,"401",NA
"This requires dynamic leadership, openness to new ideas and a can-do attitude in the community.",NA,"401",NA
"Innovation and entrepreneurship are central elements of successful regional economies, and communities and regions need to be encouraged by government to embrace innovation.",NA,"402",NA
"This means more effective support for small business, the engine room of regional economies.",NA,"401",NA
"Encouraging communities to be entrepreneurial is central to these efforts.",NA,"401",NA
"The Nationals will encourage regional universities to work with TAFE colleges to engage more with young people, and so help produce the next generation of entrepreneurs.",NA,"402",NA
"To encourage graduates to work in regional Australia, we will provide a partial reduction in their HECS obligation, based on the length of time they spend there and the degree of remoteness.",NA,"402",NA
"Key decisions about strategy and projects must be made by the leaders within each region, not by central governments.",NA,"301",NA
"Local communities must take a greater role in deciding the projects which will lead to economic and social benefits for their area.",NA,"301",NA
"This is a hallmark of The Nationals’ Royalties for Regions policy in Western Australia and the Regional Growth Fund in Victoria.",NA,"301",NA
"Achieving better regional policy outcomes for Australia will require a better funding mechanism for regional projects, and support for better focused regional institutions where leaders are encouraged to be strategic and visionary.",NA,"402",NA
"The Nationals’ policy approach will build regional economic capacity by encouraging all the regions to be more innovative and to set their own directions for economic development strategy, with strong support from the Australian Government.",NA,"402",NA
"Our policy approach has four elements as follows.",NA,"000",NA
"Guaranteeing Regional Service Delivery Under Labor governments, State and Federal, country hospitals have been closed or downgraded, schools and public buildings neglected, infrastructure left to run down, and services downgraded or withdrawn.",NA,"411",NA
"The Nationals will ensure that a Fair Share of Australian Government funding for infrastructure and services is allocated to regional areas.",NA,"411",NA
"Where appropriate, the Commonwealth will impose specific obligations in financial agreements with the States for an identified proportion of funding to be allocated to regional areas.",NA,"301",NA
"We also believe that the effects of government decisions on regional communities need to be taken into account, as part of the decision making process.",NA,"301",NA
"The Nationals believe that all Cabinet submissions should be accompanied by a Regional Impact Statement, outlining the economic, environmental and social consequences of government decisions on regional Australia.",NA,"303",NA
"Regional Development Australia",NA,NA,NA
"Regional Development Australia must be made responsive to local communities, and be able to build partnerships between government and those communities.",NA,"301",NA
"The Nationals will establish local committees, comprising local leaders drawn from the community, business and government, to set the direction of each Regional Development Australia office.",NA,"301",NA
"Committee members will be responsible for working with regional stakeholders to prepare plans which identify strategies to strengthen the region.",NA,"301",NA
"Working with State and local governments, universities, service organisations, cultural groups, sporting clubs, business and community leaders, each Regional Development Australia office will be required to assess local needs and identify targeted initiatives to support growth.",NA,"410",NA
"The restructured Regional Development Australia network will provide a gateway to Federal Government funding programs via our Fair Share commitment,",NA,"303",NA
"including a restructured Better Regions Program, to support local projects and initiatives.",NA,"402",NA
"The Nationals will restructure the Regional Development Australia National Advisory Council to make it truly representative of the regions, and able to make meaningful contributions to regional policy development.",NA,"301",NA
"The new committee will have direct access to senior Ministers and will be consulted on key policy initiatives.",NA,"301",NA
"Sustainable Regions Program",NA,NA,NA
"The need for special assistance for regions facing major structural adjustment as a result of unexpected demographic or economic change has continued under the Labor Government.",NA,"301",NA
"However, Labor policies such as buying irrigation properties are adding to social and economic trauma.",NA,"416",NA
"The need for a Sustainable Regions Program remains.",NA,"416",NA
"The Nationals will restore a Sustainable Regions Program in areas of Australia facing specific economic, environmental and social challenges.",NA,"416",NA
"The program will be designed to support projects which create employment or establish new businesses, through partnerships between the private sector, government and the community.",NA,"302",NA
"Each region will have its own advisory panel comprising business, community and local leaders, who will consult with the community to determine the economic, community and social priorities for the region, and act as a first filter for potential projects.",NA,"301",NA
"Better Regions Program",NA,NA,NA
"The Nationals will broaden the Better Regions Program –a corrupted Labor version of the former Regional Partnerships program – to provide funding for community projects supported by partnership funds from State and local governments, the community, private enterprise and individuals.",NA,"402",NA
"All applications will undergo rigorous assessment.",NA,"303",NA
"The Better Regions Program will have three components: infrastructure project grants for large scale industry, tourism, community infrastructure and community service proposals;",NA,"411",NA
"community grants for initiatives that increase social opportunities, community participation and interaction;",NA,"606",NA
"and a range of small grants to help councils and not-for-profit organisations with minor community projects.",NA,"402",NA
"Conclusion",NA,NA,NA
"The Nationals have a proud record of achieving results in regional development. This policy builds on our past achievements and sets a bold new direction for supporting regional development.  Its key themes are:",NA,"410",NA
"Recognition of the need for non-negotiable provision of best practice services and infrastructure for regions;",NA,"303",NA
"Decentralisation of decision- making for regional planning;",NA,"301",NA
"Support for innovation in the regions; and",NA,"401",NA
"Better funding models to enable regions to achieve their vision.",NA,"402",NA
"Our policy promotes the provision of adequate services and first class infrastructure for all regions.",NA,"411",NA
"It will place far greater emphasis on regional innovation and entrepreneurship as the key drivers of successful regional development.",NA,"401",NA
"It will create new opportunities for region-wide, bottom-up economic development.",NA,"401",NA
"The Nationals recognise the limits of any government’s capacity to control all the forces that drive regional outcomes.",NA,"301",NA
"We realise that the regions themselves must take responsibility for development strategies.",NA,"301",NA
"We understand that regional development institutions must be properly resourced and given the freedom to make their own decisions.",NA,"301",NA
"The Nationals will encourage regions to drive their own futures through new, bold and highly innovative funding mechanisms and governance frameworks to deliver a better and more prosperous future for regional Australia.",NA,"402",NA
"OUR PLAN FOR REGIONAL HEALTH",NA,NA,NA
"Creating a healthier Regional Australia",NA,NA,NA
"Introduction",NA,NA,NA
"Australians consistently identify health policy as their most important concern.",NA,"504",NA
"Demands made on the public health system continue to rise as people live longer and new medical technologies become available.",NA,"504",NA
"Services become over-burdened, health personnel are in short supply, and some local health authorities are so under-funded by State Labor governments that they are unable to pay their bills.",NA,"504",NA
"Regional Australians struggle with reduced access to services and fewer health professionals while suffering higher rates of disease, more injuries and higher mortality rates.",NA,"504",NA
"They find fewer obstetrics beds or aged care facilities, travel greater distances for radiotherapy, and have scant access to mental health services and less continuity of medical and nursing staff.",NA,"504",NA
"Medicare, which was meant to treat people equally and fairly, spends considerably more in metropolitan areas than in regional areas, despite many regional areas having considerably worse health outcomes and greater need.",NA,"504",NA
"Only The Nationals’ Regional Health Rescue Plan can ensure that the one third of Australians living in the regions get a fair go from the health system and a fair share of health funding.",NA,"504",NA
"Labor’s Record",NA,NA,NA
"Labor promised at the last Federal election to ‘fix’ health by mid-2009.",NA,"504",NA
"Instead, the Government has ensured that Federal money will flow into State bureaucracies rather than delivering genuine reform of the system.",NA,"504",NA
"Saddled with huge deficits and a looming net debt of $94 billion, Labor is breaking every promise it made about health in the 2007 election campaign.",NA,"504",NA
"Australians will pay more for health care as a result of the government winding back the private health insurance rebate, Medicare Safety Net, pathology and diagnostic services, and reducing Medicare fees to some regional doctors.",NA,"504",NA
"Initially greeted as a ‘bright spot’ in the health budget, the vaunted increase in spending on regional health is found to be a smoke screen.",NA,"504",NA
"Increased incentives for doctors to practise in regions are not attractive enough to entice them.",NA,"504",NA
"A change from the Regional, Remote and Metropolitan Areas (RRMA) classification system to the geographic classification system is producing anomalies, winners and losers.",NA,"504",NA
"The Prime Minister even countenances smaller rural hospitals “providing lesser levels of service” under his plan.",NA,"504",NA
"Many smaller programs within the health portfolio have been cut back in the Government’s search for savings, and regional communities have borne the brunt.",NA,"504",NA
"Our Plan for Creating a Healthier Regional Australia",NA,NA,NA
"KEY POINTS",NA,NA,NA
"Local Hospital Boards",NA,"504",NA
"Regional Health targets to be established",NA,"504",NA
"New incentive program for health professionals",NA,"504",NA
"Increased Medicare funding for remote areas",NA,"301",NA
"More aged care beds in the regions",NA,"504",NA
"Tackle indigenous health issues  Minister for Regional Health",NA,"706",NA
"Regional health deserves a higher profile in the overall health policy of government.",NA,"301",NA
"When health policy decisions are being made, regional concerns must be championed by a dedicated Minister with regional experience and a primary focus on the welfare of regional Australians.",NA,"301",NA
"The Minister for Regional Health will give full-time attention to regional health concerns, and win for regional health a high priority in general health policy.",NA,"301",NA
"The first task will be to take the wide and often confusing array of programs for improving regional health and integrate them into a single policy.",NA,"504",NA
"The Nationals will strengthen the Ministerial role by providing a specific regional unit within the Health Department.",NA,"504",NA
"Medicare",NA,NA,NA
"The National Health and Hospitals Reform Commission (NHHRC) has recommended that “funding equivalent to national average medical benefits and primary health care service funding, appropriately adjusted for remoteness and health status, be made available for local service provision where populations are underserved,” at an estimated maximum cost of $143 million.",NA,"504",NA
"The Nationals will provide increased financial support for doctors who provide health services in regional and remote communities, through increased Medicare rebates and scheduled fees loaded on top of regular Medicare billings which will increase according to remoteness.",NA,"504",NA
"We will engage with the relevant medical colleges to determine an appropriate scheduled Medicare fee for particular services delivered in regional and remote Australia.",NA,"504",NA
"The financial benefits of regional practice will become more apparent and accessible.",NA,"504",NA
"This program will include allied health workers and nurses to attract the full range of health professionals to regional areas.",NA,"504",NA
"Medicare is too urban- and too doctor-centric.",NA,"301",NA
"Medicare benefits per person in capital cities are one sixth higher than in rural and remote areas.",NA,"301",NA
"Medicare access to allied health services is restricted in regional areas that lack GPs.",NA,"301",NA
"In areas which have allied health professionals but lack GPs, The Nationals will allow Medicare claims for these services without a doctor’s referral, helping to redress the imbalance in Medicare billings.",NA,"301",NA
"Regional Hospitals",NA,NA,NA
"Regional hospitals are continually being downgraded, to the point that they cannot meet the demands of the communities they serve.",NA,"504",NA
"Much health service delivery operates through health bodies run by the States, and many decisions for regional areas are made by central bureaucracies in the State capitals.",NA,"504",NA
"The Nationals will provide guaranteed service levels for key regional hospitals in such fields as maternity, mental health, accident and emergency and public dentistry.",NA,"504",NA
"The Nationals will establish Local Hospital Boards for the larger public hospitals – and also for groups of smaller hospitals, if their communities want them.",NA,"301",NA
"These Local Hospital Boards will ensure that local hospitals meet local needs.",NA,"301",NA
"They will be funded directly by the Commonwealth and accountable to their community.",NA,"301",NA
"Under our plan, communities will be provided with information on how their local hospitals are performing and the ability to achieve the outcomes they want.",NA,"303",NA
"The Nationals will not support policies which lead to the closure of regional hospitals.",NA,"504",NA
"Any such decisions by the Rudd Government will be reversed by The Nationals in government.",NA,"504",NA
"Care of the Elderly",NA,NA,NA
"The Nationals will provide funding for more aged care beds in regional areas.",NA,"504",NA
"The same emphasis on funding and performance as proposed for regional hospitals will apply to aged care facilities. Incentives will be provided for regional health professionals to broaden their skills to provide expert care of the elderly.",NA,"504",NA
"The Nationals’ policy will ensure maximum co-operation and efficiencies between Government and nongovernment organisations.",NA,"303",NA
"A Targeted Fund for Regional Health Infrastructure and Incentives",NA,NA,NA
"The Nationals will establish a targeted regional health fund as part of our “Fair Share” commitment, to provide funding for new regional health services, and incentives to attract and retain medical professionals in the regions.",NA,"504",NA
"We will ensure that funding for regional health priorities is permanent and ‘ring-fenced’.",NA,"504",NA
"Regional health practitioners will be able to rely on funding support.",NA,"504",NA
"Flexible Practice Options",NA,NA,NA
"In a typical regional medical practice, doctors face the stress of managing a small business as well as their medical responsibilities.",NA,"504",NA
"General Practitioners in a regional setting must buy or establish their practice, and, when they leave, sell the practice.",NA,"504",NA
"This added responsibility discourages many GPs from practising in the regions.",NA,"504",NA
"Many medical professionals prefer to be employees rather than managers, and to focus their attention on medical concerns.",NA,"504",NA
"The pressure of managing a practice is a significant factor in dissuading doctors from taking up regional practice.",NA,"504",NA
"The Nationals will introduce a Federal plan to enable more GPs to practise more flexibly in areas chronically short of medical professionals.",NA,"504",NA
"This program will offer a wider range of services to regional communities, by incorporating additional activities such as pathology and psychology, radiology and pharmaceuticals in practices managed by private providers, divisions of general practice, or if needed, by local government.",NA,"504",NA
"The medical staff may become employees paid a suitable salary, and thus avoid many of the burdens that make regional medicine less attractive.",NA,"504",NA
"Overhaul Regional Incentive Programs",NA,NA,NA
"The plethora of complex programs designed to provide incentives for doctors to take up regional practice lower their effectiveness, and skew services against regional areas in favour of outer metropolitan areas.",NA,"504",NA
"Since 2000, more than 30 separate programs designed to attract doctors to regional Australia have helped boost the numbers of health providers, but have had their effectiveness hindered by red tape, duplication and conflicting goals.",NA,"504",NA
"The Nationals will review and simplify these incentive programs, and ensure that Medicare systems encourage regional practice.",NA,"504",NA
"The Nationals will work with the health services community to provide succession planning for our ageing specialist doctors, nurses and other health care professionals, by offering incentives to train the next generation of regional health care professionals.",NA,"504",NA
"Extend Regional Incentives to Allied Health Workers",NA,NA,NA
"Many regions lack allied health workers - dentists, nurses, optometrists, psychiatrists and other health workers.",NA,"504",NA
"The most recent statistics show that the overall number of medical practitioners employed per 100,000 people was 335 in major cities, but only 181 in inner regional areas, 153 in outer regional areas and 148 in remote or very remote areas.",NA,"504",NA
"There are 59 dentists per 100,000 people in major cities, but only 35 in inner regional, 29 in outer regional, and 20 in remote or very remote areas.",NA,"504",NA
"This is in spite of the fact that regional Australians suffer from higher rates of many diseases, more injuries, and higher suicide and death rates.",NA,"504",NA
"Since 2000-2001, regional incentive programs have increased the number of doctors in regional and remote Australia.",NA,"504",NA
"However, the importance of allied health workers, such as speech pathologists, is often overlooked.",NA,"504",NA
"Many children in regional Australia miss out on appropriate treatment while young, going on to suffer permanent learning problems.",NA,"504",NA
"Similarly, the lack of pathology services in regional areas places an unfair additional burden on those living with HIV, Hepatitis and other blood borne viruses.",NA,"504",NA
"The National Regional Health Alliance confirms that incentive schemes and scholarship programs instituted under the previous Government are delivering results.",NA,"504",NA
"As part of their review of these programs, The Nationals will broaden their base to attract more dentists, nurses and other allied health workers to the regions.",NA,"504",NA
"Establish Regional Health Targets",NA,NA,NA
"Australian Health Care Agreements formalise shared funding between the State and Federal governments for acute care services in private hospitals.",NA,"301",NA
"In the past, these agreements have set up goals for particular groups; and The Nationals will ensure that regional and remote Australians comprise one such group.",NA,"301",NA
"The Nationals will ensure that regional health targets are built into the next round of Health Care Agreements, and that the Federal Government rewards those States that demonstrate improved delivery of health services to regional populations.",NA,"301",NA
"The agreements will also require an increase in the number of regional aged care places, and additional programs for youth mental health.",NA,"504",NA
"Indigenous Health",NA,NA,NA
"The poor health and well being of indigenous Australians remains a major concern.",NA,"706",NA
"Despite the vast sums of money spent by governments, indigenous Australians’ general health and life expectancy still lag substantially behind those of the broader Australian population.",NA,"706",NA
"The Nationals understand that throwing more money at these problems is not the answer.  Instead, we will implement policies to:",NA,"706",NA
"Provide targeted funding for health care and hygiene education;",NA,"706",NA
"Introduce programs which give priority to education courses for indigenous students, and which inform them on health, hygiene, and physical and mental well being;",NA,"706",NA
"Provide incentives for tertiary educated indigenous Australians to return or support the communities which most need assistance; and",NA,"706",NA
"Provide resources to tackle drug and alcohol problems with programs that encourage self esteem, work participation and education.",NA,"706",NA
"Royal Flying Doctor Service",NA,NA,NA
"The Nationals will continue to provide financial support for the RFDS, in recognition of its role as the primary mantle of safety covering regional and remote communities.",NA,"504",NA
"Conclusion",NA,NA,NA
"Regional Australians still suffer worse health outcomes and less access to health services and professionals than Australians who live in major cities.",NA,"301",NA
"Labor was elected on its promise to ‘fix’ the health system, but has merely ordered a series of window dressing reviews.",NA,"504",NA
"Regional Australians are paying the price for government inattention.",NA,"504",NA
"The Nationals are the only party uniquely committed to regional Australia,",NA,"301",NA
"and the only one which will deliver a Regional Health Rescue Plan.",NA,"504",NA
"OUR PLAN FOR 21ST CENTURY EDUCATION",NA,NA,NA
"Access to quality education, no matter where you live",NA,NA,NA
"Introduction",NA,NA,NA
"Parents want to give their children the best possible education.",NA,"506",NA
"The Nationals’ aim is an education system delivering high standards from pre-school to university, and providing lifelong learning opportunities for all Australians - regardless of where they live.",NA,"506",NA
"Education is a key responsibility of government.",NA,"506",NA
"State and Federal governments must work together to meet the nation’s education needs.",NA,"506",NA
"We must avoid duplication of administration in education programs, and not waste funding and resources,",NA,"303",NA
"to ensure we can deliver equitable education opportunities for all Australians.",NA,"506",NA
"The Nationals helped to pioneer government funding for independent schools, and we continue to support parents’ right to educate their children at the school of their choice.",NA,"201",NA
"No child should be disadvantaged because of the choice of school or the geographical location of that school.",NA,"503",NA
"The Nationals will ensure an equitable split of funding between public and private schools regardless of their location.",NA,"503",NA
"We also recognise that Australia’s geography and demography pose some heavy challenges for regional families.",NA,"506",NA
"While country schools often provide a rich and productive educational experience, particularly in the early years, access to quality education becomes increasingly difficult for secondary and tertiary students from regional Australia.",NA,"506",NA
"Students from regional areas are less likely to finish year 12 than their metropolitan counterparts, and are significantly under-represented in tertiary education.",NA,"506",NA
"Despite comprising over 30 per cent of Australia’s population, only 17 per cent of university students are from regional areas, and regional Australians are much less likely to hold a tertiary qualification.",NA,"506",NA
"The Nationals will encourage regional students to complete Year 12, and support them when they move away from home to higher education.",NA,"506",NA
"The Nationals’ Regional Education Revival will use 21st Century tools to provide a 21st Century learning experience in Regional Australia.",NA,"506",NA
"We will partner with the States and Territories and local communities to transform the delivery of regional education.",NA,"506",NA
"We will identify, train and equip outstanding teachers",NA,"506",NA
"and use the internet to make them available in every regional classroom.",NA,"411",NA
"We will allow school principals to lead, and delegate to them and school councils funding responsibility and accountability.",NA,"506",NA
"We will encourage creativity, problem solving and teamwork while retaining a core emphasis on numeracy and literacy. We will provide students with the skill sets that employers need.",NA,"506",NA
"Only The Nationals will provide the vision and leadership to bring quality education to Regional Australia.",NA,"506",NA
"Labor’s record",NA,NA,NA
"The Labor Government’s approach to education yet again demonstrates the triumph of rhetoric over reality and has delivered little in real educational outcomes.",NA,"506",NA
"For example, Labor’s undertaking to provide a computer for every student aged 9 to 12 shrank into providing a computer for every second student.",NA,"506",NA
"The program cost doubled:  we got half the outcome for twice the price.",NA,"506",NA
"The undertaking to provide a trade training centre in every school translated into a single trade training centre covering as many as 10 schools.",NA,"506",NA
"The infamous ‘Education Revolution’ building program is becoming a case study for how not to design or administer a government program.",NA,"506",NA
"The State-imposed system of project ‘templates’ means many schools are ending up with infrastructure they neither want or that doesn’t meet their needs.",NA,"506",NA
"The tendering system, which includes ‘short lists’ of eligible companies, guarantees inflated prices.",NA,"506",NA
"Many millions of dollars have been wasted on this program.",NA,"506",NA
"Although one of the aims is employment generation, there is no measure of the number of jobs any project supports.",NA,"506",NA
"At the end of it all, the program has no identifiable or measurable education outcomes.",NA,"506",NA
"In government, The Nationals will place any money left in this program in the hands of school boards and principals who are best placed to know how and where the priorities for their schools lie.",NA,"301",NA
"Perhaps Labor’s cruellest blow to regional education outcomes lay in the 2009 Budget changes to the Youth Allowance.",NA,"506",NA
"Thousands of regional families were unlikely to be able to afford to send their children to university.",NA,"506",NA
"The Nationals were instrumental in negotiating changes to the Government’s policy and as a result more young people in regional Australia are now eligible.",NA,"506",NA
"Nevertheless, narrower eligibility criteria constitute unreasonable and unrealistic hurdles for regional families, and many will not be able to meet the full cost of remote education out of their own resources.",NA,"506",NA
"A new system of support for regional tertiary students will be a priority for The Nationals in government.",NA,"506",NA
"Our Plan to Provide Access to Quality Education",NA,NA,NA
"KEY POINTS",NA,NA,NA
"New tertiary access allowance",NA,"506",NA
"Incentives for regional teachers",NA,"506",NA
"Responsibility and accountability delegated to principals and school councils",NA,"506",NA
"Reduced HECS payments for graduates in the regions",NA,"506",NA
"Assistance for isolated children",NA,"506",NA
"Support for children with special needs",NA,"506",NA
"Equity in Educational Opportunity",NA,NA,NA
"The Nationals believe the core plank of education policy must be that all Australians can access educational opportunities, no matter where they live.",NA,"506",NA
"Special measures are required to enable people living in regional and remote areas to share that access.",NA,"506",NA
"The Nationals will reform the Youth Allowance and, in particular, will wind back the 2009 Budget changes which disadvantage regional families.",NA,"506",NA
"In its 2009 Budget, Labor’s changes to the eligibility criteria mean that Independent Youth Allowance is not available to students under 22 unless they have worked full time for two years.",NA,"506",NA
"The Nationals believe this work test is patently unrealistic – given the limited availability of jobs in small regional centres.",NA,"506",NA
"We believe furthermore that income tests are unreasonable, given the additional costs faced by regional families with children at university.",NA,"506",NA
"To address the real costs of living away from home for education, The Nationals propose a new, targeted, rural and regional scholarship program to assist regional students who cannot stay at home with their parents to pursue further study.",NA,"506",NA
"A key part of this will be a new tertiary access allowance.",NA,"506",NA
"All students for whom public transport is not reasonably available within 90 minutes of their place of study, will be eligible for the tertiary access allowance.",NA,"506",NA
"The new allowance will replace the current relocation allowance and the independent youth allowance, which will only be available for hardship cases.",NA,"506",NA
"To help maintain contact between families and their children studying far from home, The Nationals support the establishment of a nation-wide family reunion travel pass, providing free public transport for students returning home for family visits.",NA,"506",NA
"We will also work with the Isolated Children’s’ Parents Association to introduce early childhood programs to ensure all children have access to affordable, high quality early childhood education.",NA,"506",NA
"The Nationals will continue to support the Assistance for Isolated Children’s’ Allowance, and ensure that it is reviewed on a regular basis so that it can be adapted to changing needs.",NA,"506",NA
"The Nationals further support direct funding through the Priority Country Areas Program to eliminate the burden and delay of State Government bureaucracy.",NA,"506",NA
"Improving the Education Network",NA,NA,NA
"As Nationals, we believe our young people hold the key to the future prosperity of regional Australia.   Government support for public and private education is an investment in the future of our nation.",NA,"506",NA
"We want to empower local school communities to develop local solutions to local problems.",NA,"301",NA
"Unlike Labor, we have confidence that local school councils can deliver infrastructure projects in a timely and efficient manner and with proper consideration of local factors.",NA,"301",NA
"This was demonstrated under the previous Coalition Government’s Investing in Our Schools program, which delivered more than 20,000 small infrastructure projects in schools.",NA,"301",NA
"The Nationals will ensure that local school communities have a direct say in the expenditure of any further funds provided by the Commonwealth for infrastructure improvements.",NA,"301",NA
"The Nationals support an Australia wide curriculum that has emphasis on the three R’s and also includes citizenship education, lifestyle training and health.",NA,"506",NA
"We support the concept of performance measures, with those schools that are found to be falling behind securing financial and/or skills support to bring them up to the national standard.",NA,"506",NA
"To help provide our young people with other necessary life skills, The Nationals will introduce a national youth safety program, to give students basic first aid competencies by Year 10, and to provide all students with a basic introduction to pre-driver education and training.",NA,"506",NA
"We will also provide opportunities for young people to receive drug, obesity and general health education.",NA,"506",NA
"Attracting and retaining skilled educators in regional Australia is a perennial problem, one exacerbated by the States offering different pay rates to entice teachers to relocate States.",NA,"506",NA
"The Nationals support the development of a standardised national system of incentive payments which will encourage qualified teachers to relocate to, or remain in, rural and regional locations.",NA,"506",NA
"In addition, The Nationals support bonded scholarships for regional students to study in areas of skills shortage at university – with the proviso that, at the completion of their studies, they agree to return to an area of need for a fixed period of three years.",NA,"506",NA
"Regional universities – and the regional campuses of city universities – play a valuable part in improving access to education for students in the regions.",NA,"506",NA
"The Nationals support policies which encourage and support the universities to deliver services in regional communities.",NA,"506",NA
"We believe that university councils should have the power to include, in setting their fees, an amount to cover a limited range of student services, particularly the sporting and recreational facilities which so enhance the university experience.",NA,"506",NA
"The educational experience of attending university is more than sitting in lectures.  Naturally",NA,"506",NA
", use of such fees for any political purposes or to fund student union activities would be specifically ruled out.",NA,"304",NA
"The Nationals will provide financial resources through a Faculty of Excellence Program for regional universities, to allow them to focus on particular areas of excellence which will enhance the university’s reputation.",NA,"506",NA
"The Nationals also believe that a quality education is not dependent on attending university.",NA,"411",NA
"Many regional students would prefer vocational training and apprenticeships, and regional Australia needs skilled tradespeople.",NA,"411",NA
"The waste of up to $5 billion on rorts in the school hall program could have paid for hundreds of thousands of apprenticeships.",NA,"411",NA
"The Nationals will ensure that vocational training receives the attention it deserves to ensure that regional Australia gets the skilled workers it needs.",NA,"411",NA
"Regional students must have real choices about their education and hence their future.",NA,"411",NA
"Students with Special Needs",NA,NA,NA
"The Nationals recognise how difficult it can be for families with children with special needs to access education in regional areas, and will provide adequate resources for schools to provide support for these children.",NA,"506",NA
"As a matter of principle, we support a funding model that ‘ties’ assistance for these students to the student; that is, when students relocate, the funding transfers with them.",NA,"506",NA
"The Nationals also support a funding model which treats students with special needs in non-government schools equally, and on the same basis, as children attending government schools.",NA,"506",NA
"We support measures to harmonise the treatment of these students across State borders, to ensure their families are well supported in seeking the best possible educational outcomes for their children.",NA,"506",NA
"HECS Bonding",NA,NA,NA
"Bonded scholarships have been introduced for medical students to attract new doctors to regional areas, and these schemes have produced positive results.",NA,"506",NA
"The Nationals support the introduction of a scheme to refund the HECS fees of graduates who work in regional areas of need and contribute to the economic development and social fabric of regional Australia.",NA,"506",NA
"Conclusion",NA,NA,NA
"The current education system does not provide the same opportunities for students from regional areas, particularly at a tertiary level.",NA,"506",NA
"The Nationals advocate policy solutions to assist students from regional areas to achieve their full potential, so they can return to regional Australia and deploy their acquired skills and knowledge.",NA,"506",NA
"The Nationals will work closely with local school communities, not lock them out – to ensure that regional communities remain active participants in the educational outcomes of their young people.",NA,"301",NA
"We believe that education is a lifelong experience, and that the best results are achieved by governments working in respectful partnership with local communities and providing high quality facilities and services.",NA,"506",NA
"OUR PLAN FOR BETTER COMMUNICATIONS",NA,NA,NA
"Connecting Regional Australia with access to new technology for all Australians",NA,NA,NA
"Introduction",NA,NA,NA
"Effective communications unite all Australians in national and global communities.",NA,"411",NA
"Better telephone services, internet access and broadcasting infrastructure will ensure regional Australians fully participate in the social and economic benefits associated with new communications technologies.",NA,"411",NA
"A robust communications network will create better health services, better education, greater employment and more business opportunities in regional Australia.",NA,"411",NA
"Only The Nationals understand the important role communications play in regional Australia. The Nationals will meet the challenge of bridging the communications divide between regions and capital cities, through well considered planning and prioritising of communications infrastructure.",NA,"411",NA
"The Nationals will deliver high quality communications infrastructure to all regional Australians, and provide access to:",NA,"411",NA
"High-speed broadband internet;",NA,"411",NA
"Timely and accurate weather forecasts from the Bureau of Meteorology;",NA,"411",NA
"Voice over internet telephony (VOIP);",NA,"411",NA
"Free-to-air and subscription digital television;",NA,"411",NA
"On-line services such as banking, bill payment, shopping, buying and selling on auction websites;",NA,"411",NA
"Government services;",NA,"411",NA
"Educational materials at all levels of schooling and tertiary study;",NA,"411",NA
"Future commercial television video-on-demand services delivered over IP – already available in some countries such as Hong Kong and South Korea;",NA,"411",NA
"Video conferencing;",NA,"411",NA
"Telemedicine services, whether voice over IP telephony or preferably via video webcam – a link to a ‘local’ doctor, who could be anywhere in Australia, or around the world;",NA,"411",NA
"Streaming media, allowing users to listen to online radio stations and watch online TV stations and other audio and video programming;",NA,"411",NA
"Improved mobile phone and digital television networks;",NA,"411",NA
"On-going commitment to a communications “black spot” program; and",NA,"411",NA
"Support for community radio, which fills gaps left by the bigger providers, particularly in emergency situations such as bushfires or floods.",NA,"411",NA
"Labor’s Record",NA,NA,NA
"Labor cancelled the Coalition’s $900 million Opel contract, which by now would have been delivering high speed broadband to regional Australia.",NA,"411",NA
"Labor is planning to spend $40 billion on a national broadband network (NBN) without first developing a business plan or addressing the central concern of regulatory access to the communications infrastructure already held in private ownership.",NA,"411",NA
"It has been more than two years since Labor announced its NBN program but very few new customers have actually been connected.",NA,"411",NA
"Labor still appears uncertain whether to create a new solely owned and nationalised network, or whether to use existing networks built by private companies as part of its own network.",NA,"411",NA
"Early in 2009, Labor announced that no communications company could provide a suitable tender for the NBN project.",NA,"411",NA
"Months later, it was suggested that Telstra and Optus might offer their existing networks to be incorporated into the national broadband network.",NA,"411",NA
"No matter which option Labor chooses, the plan is ill-conceived.",NA,"411",NA
"Previous commercial attempts to build completely new networks have failed.",NA,"411",NA
"If Labor pursues its tactic of merging existing networks into its own, the same regulatory problems which hinder competition in the industry will continue.",NA,"411",NA
"In short, Labor’s plan does not address the central concern of regulation and of open access to communications infrastructure, and it will see regional Australians treated as second-class citizens.",NA,"411",NA
"Labor also abolished the $2 billion Communications Fund established by The Nationals to ensure that regional Australians had continued access to new communications technology, and has plundered its contents.",NA,"411",NA
"Our Plan to Connect Regional Australia",NA,"411",NA
"KEY POINTS",NA,NA,NA
"Fast track broadband to the regions",NA,"411",NA
"Mobile phone “black spot” programme",NA,"411",NA
"Re-establish the Communications Fund",NA,"411",NA
"Support for digital TV changeover",NA,"411",NA
"Fair and transparent regulation",NA,"411",NA
"The Nationals will resolve the regulatory issues which discourage private enterprise from entering the communications industry and providing parity of service to regional Australia.",NA,"401",NA
"We will work to create a regulatory environment favouring initiative and support for those providing services to the regions.",NA,"402",NA
"The Nationals recognise that no single technology or network can provide efficient and cost-effective communications services – broadband in particular – to all non-metropolitan Australia.",NA,"411",NA
"We will assist in the development of communications infrastructure suitable for a vast range of needs and applications, taking into account the geographical diversity of Australian regions.",NA,"411",NA
"The Nationals will ensure that regional Australians are integrated into the global community by fast-tracking communications infrastructure in areas with the greatest need.",NA,"411",NA
"We recognise that, while the market will almost always meet the communications needs of people in the capital cities, government intervention is necessary to ensure those needs are met in the regional and remote parts of Australia.",NA,"403",NA
"The roll-out of a broadband network in regional Australia is a major priority for The Nationals.",NA,"411",NA
"Regional Australia must be integrated into the national and global digital economies by fast and effective broadband communications.",NA,"411",NA
"Lack of access to infrastructure is a major barrier to new telecommunications companies that wish to compete in regional areas.",NA,"411",NA
"Carriers find that the cost of establishing new infrastructure in these areas is often prohibitive, particularly when they are unsure of market demand.",NA,"411",NA
"Lower population densities cannot deliver the economies of scale required to generate investment.",NA,"413",NA
"Where the market cannot sustain a variety of networks in regional areas, The Nationals believe that government has a responsibility to provide an affordable single network.",NA,"413",NA
"Public/ private partnerships can be an appropriate vehicle for delivering telecommunications infrastructure.",NA,"411",NA
"Labor has misunderstood both the market and the problem.",NA,"411",NA
"Broadband speeds of 100Mbps are already available to commercial and home users in some capital cities where, as demand grows for higher speeds, the market will continue to meet it.",NA,"411",NA
"The Federal Government does not need to help these providers.",NA,"411",NA
"However, it does need to help in regional areas, where the commercial case is not strong enough to drive the provision of higher speed service.",NA,"411",NA
"In regional Australia, the greatest productivity gains will be made from high speed broadband.",NA,"411",NA
"The Nationals’ policy is to place a priority on rolling out fibre optic cable to the majority of consumers in regional Australia, before cable roll-out occurs in areas where competition is already driving the provision of higher broadband speeds.",NA,"411",NA
"Fibre optic cable is regarded as the preferred data carrying technology for the foreseeable future.",NA,"411",NA
"However, other technologies such as wireless (fixed and mobile) and satellite continue to develop, delivering ever-faster data speeds.",NA,"411",NA
"It may be that these technologies will throw up innovative and effective answers to some of the communications problems presented by Australia’s unique population spread.",NA,"411",NA
"Developments in existing technologies will be marketed first in the cities where the commercial return is most attractive, widening the telecommunications technology gap between city and regional Australia.",NA,"411",NA
"The Nationals support the continuing extension of the optic fibre network to regional and remote communities currently relying on wireless and microwave technology.",NA,"411",NA
"We support the continued presence of Telstra in regional communities, including the physical presence of Telstra Country Wide offices in strategic locations.",NA,"411",NA
"Mobile phone coverage is a continuing concern for The Nationals, and, again, the service will not be provided in some parts of Australia unless supported by the government and community.",NA,"413",NA
"The previous Coalition Government established a standing telecommunications fund to ensure new technology and services were available to regional Australia as they became available; the term was ‘future proofing’.",NA,"411",NA
"As a central plank of our telecommunications platform, The Nationals commit to re-introducing a standing telecommunications fund of a size to ensure that regional Australia’s telecommunications services do not fall behind.",NA,"411",NA
"We will also reintroduce a mobile phone ‘black spot’ program to identify and redress areas of poor mobile phone reception and to ensure that mobile networks are kept affordable.",NA,"411",NA
"Conclusion",NA,"411",NA
"The provision of world-class communications infrastructure and services should be a priority for government, and requires continued policy development and management.",NA,"411",NA
"Spending billions of dollars and laying cable all over the country will not ‘fix’ the problem.",NA,"403",NA
"The Nationals’ approach seeks to strike a good competitive balance between carriers,",NA,"403",NA
"establish a fair and transparent regulatory structure,",NA,"403",NA
"and accommodate new technologies and solutions as they become available, to deliver effective services suitable for all Australians.",NA,"411",NA
"OUR PLAN FOR AUSTRALIAN FAMILIES",NA,NA,NA
"Supporting families and seniors with practical help and real respect",NA,NA,NA
"Introduction",NA,NA,NA
"Families are the basis for Australia’s future prosperity.",NA,"603",NA
"Families in regional Australia face challenges brought about by remoteness and difficulty in accessing services readily available to those in the major cities.",NA,"603",NA
"But while The Nationals aim to provide support for the seven million Australians living outside the major centres, the principles of our policy apply to all Australian families.",NA,"603",NA
"The Nationals recognise the importance of a balance between work and family and that demographics and geography in Australia mean that regional families are more reliant on the support of government and community organisations.",NA,"603",NA
"The Nationals believe that a family unit comprising two parents, with one as a full time carer at least until the children reach school age, children and grandparents, provides the best chance for a prosperous, stable and happy family relationship.",NA,"603",NA
"However, we recognise that this is not always possible.",NA,"603",NA
"Families where both parents work are becoming more common, and many children live in an environment where their parents are apart.",NA,"603",NA
"Compared to those in major cities, children in regional Australia are less likely to be in formal child care, and more likely to be at home with parents or cared under other informal arrangements.",NA,"603",NA
"As Nationals, we understand the importance of a strong economy as the basis for social good.",NA,"410",NA
"Restoring the economy and reducing Government debt will be our priority on return to government.",NA,"414",NA
"By doing this we will be able to fully provide the necessary level of support for families living in regional areas.",NA,"603",NA
"Labor’s Record",NA,NA,NA
"The family support services put in place by Labor are narrow and discriminate against those families outside the major metropolitan centres.",NA,"503",NA
"Labor has a history of centrally controlled bureaucratic and difficult-to access family services.",NA,"301",NA
"Rather than encouraging family independence and unity, they tend to result in fragmentation of the family unit.",NA,"603",NA
"In 2004, the then Leader of the Labor party conceded that families would be worse off under Labor’s Tax and Family policy.",NA,"603",NA
"Nothing has changed.",NA,"603",NA
"Labor’s economic recklessness and panicked overcompensation for the global financial crisis, the resultant huge national debt, and the wasteful and mismanaged education and home insulation programs have left Australian families with a debt they will be paying off for decades to come.",NA,"603",NA
"Our Plan to support families and seniors",NA,"603",NA
"KEY POINTS",NA,NA,NA
"New allowance to replace Baby Bonus",NA,"603",NA
"More regional childcare places",NA,"603",NA
"Support for families with special needs",NA,"603",NA
"Recognise carers and grandparents",NA,"603",NA
"Support older Australians",NA,"706",NA
"Counter sex and age discrimination",NA,"503",NA
"The Work – Life Balance",NA,NA,NA
"The Nationals will:",NA,NA,NA
"Cater for those not eligible for any paid parental leave by providing access to a new allowance to replace the baby bonus, paid fortnightly over six months at double the amount.",NA,"603",NA
"This will benefit single parents and families where one parent stays home.",NA,"603",NA
"Introduce paid maternity, paternity and parental leave, including for the self employed.",NA,"603",NA
"Provide more childcare places giving priority to the needs of regional families.",NA,"603",NA
"Review Industrial Relations legislation to ensure safeguards which provide a balance between work and family, thereby benefiting the employer, employee and family.",NA,"603",NA
"Eliminate employment practices that discriminate on the basis of gender and in particular, we will work towards pay equality between women and men.",NA,"503",NA
"Social Support for Families",NA,NA,NA
"The Nationals will:",NA,NA,NA
"Provide support for families with dependents with special needs, including increased funding for respite care.",NA,"603",NA
"Increase funding for services critical to maintaining the welfare of families in remote areas; in particular, the Royal Flying Doctor Service, mobile health clinics, schools of the air and support for children who have to leave home to continue their education.",NA,"504",NA
"Recognise the importance of funding reliable communication and transport infrastructure, which enables reasonable access to support services, hospitals and schools, and maintains the well being of the family unit.",NA,"411",NA
"Work with the States, Territories and community groups to meet the needs of families with special circumstances, especially those living in remote indigenous communities, and new arrivals.",NA,"603",NA
"Increase funding for regional youth programs to address issues like drug and alcohol abuse, bullying and mental health.",NA,"706",NA
"Provide increased funding to the Family Court for counselling services.",NA,"603",NA
"Support a response to changing community patterns which impact on families, including the importance of family money management and grandparents as carers.",NA,"603",NA
"Support a Productivity Commission investigation into the establishment of a National Disability Insurance Scheme.",NA,"705",NA
"Seniors",NA,NA,NA
"The Nationals believe that it is important for families to have the option of staying together wherever possible.",NA,"603",NA
"This can be particularly difficult in regional areas, where older parents and senior grandparents are involved, and where appropriate aged care facilities are often far from the family unit.",NA,"706",NA
"We will provide funding, and work with all levels of government and community groups to increase the number of aged care facilities and places in regional areas.",NA,"706",NA
"The Nationals’ objective is to assist older Australians to age productively, and to age with dignity Ageing productively is about fulfilling potential, recognising that the great majority of older Australians can and do contribute to society right through their latter years.",NA,"706",NA
"It is about remaining active and engaged, about taking responsibility for one’s health, about working or providing service to the community in the many ways available.",NA,"706",NA
"Ageing productively helps to keep people healthy and will mitigate any perception that seniors may become a “burden” as society feels the pressure of an ageing population.",NA,"706",NA
"Ageing with dignity is about ensuring that older Australians have access to pensions, superannuation retirement savings, and health and aged care which allow them to age in a manner of which Australia as a nation would be proud.",NA,"706",NA
"It also means having safety nets in place to provide that dignity for those who may not have the financial resources for living expenses or health and aged care.",NA,"706",NA
"The Nationals will provide income security to older Australians.",NA,NA,NA
"We will:",NA,NA,NA
"Enable and encourage people to choose to work beyond pension age by removing impediments and disincentives.",NA,"706",NA
"Governments and bureaucrats spend enormous amounts enforcing regulations about the insignificant amounts older Australians can earn.",NA,"706",NA
"Recognise that when Australians aged over 50 become unemployed, they will likely remain so twice as long as younger Australians.",NA,"706",NA
"Similarly we recognise that the impact of long term unemployment is more severe for older workers.",NA,"706",NA
"The Nationals will develop a comprehensive response that deals with discrimination issues, supports older workers with intensive case management and offers support to employers who take on older Australians.",NA,"706",NA
"Ensure that superannuation funds deliver high quality service and performance in keeping with the privileged position that the Superannuation Levy Guarantee delivers to them. We will enforce greater accountability for super funds.",NA,"706",NA
"Continue to develop reforms that encourage people to prepare for retirement such as enhanced taxation treatment of savings.",NA,"706",NA
"Further reform pension arrangements that act as a discouragement to people in receipt of age pension from earning additional income.",NA,"706",NA
"In particular The Nationals will reform the arrangements for income averaging for those able to undertake seasonal work.",NA,"706",NA
"Revise access to the Commonwealth Seniors health card for self funded retirees. In particular, we will index income limits to ensure access is not unreasonably restricted.",NA,"706",NA
"Establish a consumer protection program dedicated to the support of older Australians, who are often the victims of corporate scams and are actively targeted by the unscrupulous.",NA,"706",NA
"A dedicated comprehensive consumer protection program directed at older Australians will ensure retirement savings are protected and lessen the risk of reliance on pensions.",NA,"706",NA
"The Nationals will address the health needs of older Australians.",NA,"706",NA
"There is a universal lack of confidence in the health system.",NA,"706",NA
"This impacts especially on older Australians who have a greater need for health services. The Nationals will:",NA,"706",NA
"Reduce the levels of government bureaucracy",NA,"303",NA
"and make a greater commitment to supporting the health system with more nurses and doctors.",NA,"504",NA
"Support local hospital boards, established with a clear mandate to operate as a business unit delivering high level care with proper financial management.",NA,"706",NA
"Improve dental care for older Australians.",NA,"706",NA
"Recognise that sub-acute care is essential in an era when discharging people from hospital as quickly as possible is encouraged.",NA,"706",NA
"Sub-acute care is important in avoiding relapse and is crucial for older patients, who have a slower recovery rate.",NA,"706",NA
"Amend the PBS access to free medications, which applies after 50 prescriptions for both couples and singles.",NA,"706",NA
"This is inequitable, particularly for older singles.",NA,"706",NA
"The Nationals will introduce a fairer system, which would particularly help older women.",NA,"706",NA
"Carers",NA,NA,NA
"The Nationals will recognise the role of carers.",NA,"706",NA
"Carers are a community treasure.",NA,"706",NA
"Carers provide support for partners, children and grandchildren as well as friends.",NA,"706",NA
"They deliver for families and for the whole community.   The Nationals will:",NA,"706",NA
"Commit to strongly recognising the role of carers whatever their age and the age of the person receiving care.",NA,"706",NA
"For carers who leave the workplace to deliver care,",NA,"706",NA
"The Nationals will consider the provision of superannuation payments over and above existing carer allowances.",NA,"706",NA
"Introduce new and more responsive models of respite to assist carers, to ensure the maintenance of care services.",NA,"706",NA
"The Nationals recognise that grandparents are increasingly required to assume a greater role in supporting grandchildren, which places an emotional and financial strain on them.",NA,"706",NA
"The role of grandparents in this situation will to be better supported by The Nationals. We will:",NA,"706",NA
"Develop grandparent liaison officers in Centrelink to assist grandparents in navigating the system.",NA,"706",NA
"Provide emergency or discretionary payments to grandparents where children are placed in care at short notice.",NA,"706",NA
"In a community that is time short, ageing and sometimes does not treasure its older citizens in the way they deserve cultures do, there is an increased risk of social isolation with adverse consequences for the physical and mental health of older Australians. The Nationals will:",NA,"706",NA
"Support community initiatives to prevent social isolation becoming more frequent.",NA,"706",NA
"Develop pilot programs that encourage government, business and community groups to commit to engaging with older Australians, where individuals and workers are encouraged to initiate and maintain contact with the lonely and isolated.",NA,"706",NA
"Support community-based mentoring programs to allow older Australians to engage with and provide a positive role model for younger people",NA,"706",NA
"Treating people differently because of their age is not sustainable and will not be condoned by The Nationals.",NA,"706",NA
"Whilst ageism is a community problem, The Nationals will provide leadership to help shift community attitudes. We will:",NA,"706",NA
"Ensure that age discrimination legislation and regulatory mechanisms are established and resourced in the same manner as other antidiscrimination measures.",NA,"706",NA
"Review all Commonwealth legislation and act to remove any remaining provisions  which treat people unfairly because of their age.",NA,"706",NA
"Conclusion",NA,NA,NA
"The Nationals have a proud record of supporting a social framework for all regional Australians and in recognising the social and economic benefits of maintaining a strong family unit.",NA,"603",NA
"We will provide resources and give priority to working with State, Territory and local governments and community groups to ensure that families in regional Australia have the support they need, and the best possible services available.",NA,"603",NA
"OUR PLAN FOR THE ENVIRONMENT",NA,NA,NA
"Direct Action on Climate Change and Our Natural Environment",NA,NA,NA
"Introduction",NA,NA,NA
"The Nationals take a practical approach to environmental policy, built on the Party’s origins in Australia’s rural industries.",NA,"501",NA
"The Nationals policies will result in improvements to air quality, sustainable land and water use, protection of our unique flora and fauna, and preservation of the marine environment.",NA,"501",NA
"To achieve an outcome that ensures the prosperity and quality of life for future generations, The Nationals believe that workable partnerships must be in place between all levels of government, researchers and natural resource managers.",NA,"501",NA
"We believe that there is much to learn from those who work our land, water and ocean resources.  Today’s food and fibre producers know that the environment in which they operate is different from that faced by their grandparents, and will be different again for their grandchildren.",NA,"501",NA
"They also know that knowledge is never complete; there is always a need for continuous improvement and learning.",NA,"501",NA
"The Nationals recognise that climate change is an immediate environmental priority and that a robust and realistic policy response is necessary.",NA,"501",NA
"However, climate change can only be successfully addressed in the overall context of environmental, economic and social good.",NA,"501",NA
"Labor’s Record",NA,NA,NA
"Labor’s approach to the environment is dominated by its emissions trading scheme (ETS), the Carbon Pollution Reduction Scheme (CPRS), at the expense of any broader environmental program to involve the general community in the management of Australia’s eco systems.  The community based programs put in place by The Nationals while in government have had their funding all but removed.",NA,"501",NA
"Labor has shown that it neither appreciates nor cares about the socio-economic impact on regional Australians of its flawed policies.",NA,"501",NA
"Labor’s CPRS is riddled with anomalies, exemptions and carve-outs.",NA,"501",NA
"It would cripple Australian industry’s international competitiveness by taxing exports, and giving imports a free ride.",NA,"501",NA
"It would not provide the appropriate price signals to change consumer behaviour, and would do little to reduce Australia’s greenhouse gas emissions - except by moving our exporting industries offshore, with no net global benefit.",NA,"501",NA
"Research prepared by the State and Territory governments shows that 126,000 full-time jobs would be lost by Labor’s plan, with the regional centres hit the hardest.",NA,"000",NA
"The economies of Gippsland, Geelong, central-west Queensland, central Western Australia, the Kimberley and Whyalla/Port Pirie would each shrink by more than 20 per cent under Labor’s CPRS.",NA,"000",NA
"Beef and sheep producers, dairy, sugar and grains would all be hit by higher electricity, fuel and freight costs and lower farm grant prices.",NA,"703",NA
"Coal miners, aluminium and zinc producers and natural gas projects would fail, and new investment would move offshore.",NA,"000",NA
"A massive new administration would have to be established, to churn the $13 billion raised from year one to the chosen few who Labor decide deserve compensation.",NA,"000",NA
"In short, Labor’s CPRS is little more than a massive social re-engineering project.",NA,"000",NA
"It would wreak havoc on the Australian economy while barely reducing our greenhouse gas emissions, as measured by consumption – and it would make little or no net contribution to reducing emissions globally.",NA,"000",NA
"The impact on consumers would be substantial, bringing higher electricity, fuel and food prices.",NA,"000",NA
"For all these reasons, The Nationals rejected Labor’s CPRS from day one and we will continue to oppose it.",NA,"000",NA
"Our Plan for Direct Action on Climate Change and Our Natural Environment",NA,NA,NA
"KEY POINTS",NA,NA,NA
"Support greenhouse target",NA,"501",NA
"Jettison Labor’s Carbon Pollution Reduction Scheme",NA,"501",NA
"Direct Action Plan to reduce emissions",NA,"501",NA
"Restore funding to Landcare Groups and Catchment Management Authorities",NA,"501",NA
"Care for our oceans",NA,"501",NA
"Climate Change",NA,"501",NA
"The Nationals support an effective global program to reduce greenhouse gas emissions and to insure against the risk of climate change.",NA,"501",NA
"Wealthy industrialised countries like Australia must take a lead role in implementing a global response if we expect developing countries to contribute to the solution.",NA,"501",NA
"The Nationals therefore support an Australian objective of a 5 per cent reduction in emissions below 2000 levels by 2020, with larger reductions dependent on a strong international agreement being reached.",NA,"501",NA
"This would mean that Australia would reduce its emissions of greenhouse gases from 552.7 million tonnes of CO2-equivalent in 2000 to 525 million tonnes in 2020.",NA,"501",NA
"The Nationals will ensure that this target is achieved without economic harm or loss of jobs, and by measures which themselves directly benefit Australia.",NA,"501",NA
"The Nationals are concerned with our communities, not with mindless symbolism.",NA,"501",NA
"A “solution” which weakens the Australian economy and creates unemployment helps no-one.",NA,"501",NA
"We believe that Australia must play its part in addressing climate change issues.",NA,"501",NA
"However, the necessary environmental outcomes can be achieved without the purchase and sale of carbon credits, and without a CPRS.",NA,"501",NA
"We believe practical measures should be taken now:",NA,"501",NA
"The CPRS should be jettisoned, not just set aside.",NA,"501",NA
"Australia should continue to develop and use practical CO2 emissions reduction measures, such as soil carbon sequestration, the revegetation of marginal land, bio-char, clean coal technology, carbon capture and the use of algae.",NA,"501",NA
"Australia should open a voluntary carbon market to encourage the immediate recognition and involvement of individuals and communities, agriculture and business in sequestration, with bankable offsets.",NA,"501",NA
"Energy savings initiatives in households, industry and transport to reduce emissions should be supported.",NA,"501",NA
"Incentives should be provided for more energy efficient vehicles and more widespread use of alternative fuels.",NA,"501",NA
"Governments should engage the commercial building sector in improving the energy efficiency of city buildings and residential housing.",NA,"501",NA
"Incentives should be provided for the innovative use of renewable energy, without forcing large increases in energy prices.",NA,"501",NA
"These measures have the potential to deliver greater reductions in emissions than Labor’s CPRS, without the massive economic cost and job losses.",NA,"501",NA
"For example, Professor Ross Garnaut estimated that land restoration works on degraded arid and semi-arid rangelands could by themselves reduce Australian annual emissions by 250 million tonnes of CO2– easily meeting the target of 5 per cent reduction in emissions at 2000 levels by 2020.",NA,"501",NA
"This would also provide a significant increase in farm income for many land managers.",NA,"501",NA
"Natural Resource Management",NA,NA,NA
"The Nationals recognise the importance of our natural resources, and understand that local communities and individual property owners are often best placed to protect the natural environment.",NA,"501",NA
"We will directly support catchment management and Landcare organisations.",NA,"501",NA
"The Nationals will reinstate the funding lost by land and water management groups such as Catchment Management Authorities (CMAs) because of poor policy decisions by government.",NA,"501",NA
"The current system is clearly flawed, with the Government demanding that CMAs apply national priorities to local projects, even where there is clearly no correlation.",NA,"501",NA
"The Nationals will work with local CMAs to determine the best outcomes, and encourage local groups to determine their own projects, within catchment plans.",NA,"501",NA
"We will implement long term funding based on local plans within national objectives.",NA,"501",NA
"The Nationals understand the importance of Landcare groups to local communities.",NA,"501",NA
"We value the 4000 Landcare groups in Australia, and recognise that almost 40 per cent of farmers were previously involved in Landcare organisations.",NA,"501",NA
"The Nationals will reinstate support for the Landcare groups Labor has disendorsed and will restore funding cut by the Labor Government.",NA,"501",NA
"We will restore funding to the 56 natural resource management regions to 2007 levels.",NA,"501",NA
"The Nationals will invest in a re-plumbing of regional Australia and will work with farmers and local communities to invest in long term water infrastructure.",NA,"501",NA
"We will review legislation to ensure that environmental, socio-economic and resource management considerations are all taken into account.",NA,"501",NA
"The Marine Environment",NA,NA,NA
"Ever-increasing use of our oceans for commercial and recreation activities means that greater care must be taken to ensure these delicate eco systems are protected.",NA,"501",NA
"So that Australia can respond to threats to the marine environment from pollution from ships, increased tourism, agricultural chemicals, and illegal fishing, The Nationals will ensure that regulatory, research and voluntary organisations are adequately funded and coordinated.",NA,"501",NA
"This includes strengthening the role of the Marine Environment Protection Association established by the Coalition Government in November 1999.",NA,"501",NA
"The Nationals will introduce legislation to make it mandatory for all ships in Australian waters to carry a satellite transponder, so that their position is continually monitored.",NA,"501",NA
"Conclusion",NA,NA,NA
"Successful environmental policy involves integrating responsible environmental management in all policy decisions.",NA,"501",NA
"The Nationals’ approach to protection of the environment takes account of human and natural activities on our eco systems, quality of life and resource management.",NA,"501",NA
"We will not distort international trade or divert new investment to greenhouse emissions havens, but will encourage an orderly transition of the power generating industry to low emissions or carbon storage technology.  We support studies into the use of alternative-based power generation systems including nuclear energy.",NA,"501",NA
"We will support practical land and water management, and encourage technologies such as bio-fuels which assist to help maintain clean air. We will provide protection for our unique flora and fauna and our oceans, while maintaining access for productive use.",NA,"501",NA
"We will not support Labor’s CPRS which would have such a detrimental impact on the lives of regional Australians and would achieve no effective environmental outcomes.",NA,"501",NA
"OUR PLAN FOR AUSTRALIA’S WATER ASSETS",NA,NA,NA
"Balancing Conservation and Wise Use",NA,NA,NA
"Introduction",NA,NA,NA
"Careful management and sound decisions on water allocations and usage are essential to our long term economic, social and environmental survival.",NA,"501",NA
"The Nationals are committed to effective management of Australia’s water resources.",NA,"501",NA
"We led the way in introducing water resources reform and have set the agenda for water trading by introducing legislation aimed at better water sharing agreements.",NA,"501",NA
"The Nationals’ credentials in water resource management are founded on sound planning and a respect for the rights of all Australians.",NA,"501",NA
"Labor’s Record",NA,NA,NA
"Labor has taken a “just add water and mix” approach to environmental management.",NA,"501",NA
"Instead of looking at a range of possible solutions, Labor has hijacked water resources to address environmental concerns and has spent billions on piecemeal water buy backs without any clear strategic plan – like buying water in the Murray Darling Basin at the cheapest price, regardless of the social or economic impact on regional communities.",NA,"501",NA
"The Labor Government has scrapped the Community Water Grants program.",NA,"501",NA
"Land and water management programs have been grouped under one banner, ‘Caring for Our Country’, and overall funding has been cut. Landcare has lost 20 per cent of its funding, catchment management bodies have lost 40 per cent of theirs and the EnviroFund has been abolished altogether.",NA,"501",NA
"Accessing the available funding has been made more difficult by the competitive, on-line only, application process, where small local groups find themselves pitted against large corporations and government agencies.",NA,"501",NA
"Labor’s policies have drastically reduced access to funding for land owners who have successfully maintained a sustainable balance of land use, and denied them the ability to put their experience into practice.",NA,"501",NA
"Our Plan for Balancing Conservation and Wise Use",NA,NA,NA
"KEY POINTS",NA,NA,NA
"Invest in water infrastructure",NA,"501",NA
"Water buy-backs a last resort",NA,"501",NA
"Support community water saving programmes",NA,"501",NA
"Ensure consideration of social and economic considerations",NA,"501",NA
"Structural adjustment for river communities",NA,"501",NA
"The Nationals will ensure a fully transparent water market. Water will be held by government, to be available for the environment or, in years of plenty, for temporary transfer.",NA,"501",NA
"The Nationals will work with irrigation companies and networks to resolve the issue of exit fees for licence holders.",NA,"501",NA
"The Nationals’ policy is to buy water only as a last resort, when no other option is available, and where investment in water infrastructure and on farm practices cannot produce the efficiencies needed.",NA,"501",NA
"Buy backs lead to waterless properties, the loss of jobs and loss of production from farmers, and a loss of viability of regional communities.",NA,"501",NA
"Support for Local Communities",NA,NA,NA
"The Nationals will work with local communities on practical projects which save water in our cities and towns.",NA,"501",NA
"There are currently no specific national funding opportunities for schools and community groups for this purpose.",NA,"501",NA
"We recognise the importance of allowing local groups to play their part in water saving and sharing programs, and will reintroduce a water grants program similar to our previous successful program, Community Water Grants.",NA,"501",NA
"The Nationals remain committed to major investment in the re-plumbing of regional Australia to save water and create more options for water use for the environment, towns and farms.",NA,"501",NA
"The Nationals will provide compensation in the form of a structural adjustment assistance package for communities affected by water withdrawals, to ensure Basin communities do not bear an unreasonable social or economic cost where reforms are imposed in the national interest.",NA,"501",NA
"Contemporary urban and suburban households recognise the need for water conservation and water saving devices such as shower heads or slow drip watering systems.",NA,"501",NA
"However, some still have a traditional view of water as a free and endless resource.",NA,"501",NA
"Campaigns to encourage better water practices around the home are valuable in changing daily habits and views about water as a resource.",NA,"501",NA
"The Nationals believe that current incentives to lower water usage need to be enhanced.",NA,"501",NA
"Support for infrastructure",NA,NA,NA
"The Nationals will invest in a re-plumbing of regional Australia.",NA,"501",NA
"We recognise that what is needed is a once in-a-century investment to improve the water-efficiency of our farms and regional water supplies.",NA,"501",NA
"The Nationals will work with farmers and local communities to invest in long term water infrastructure on farms where ageing infrastructure needs to be upgraded.",NA,"501",NA
"We also realise that the best advocates for sustainable water use on-farm are the landowners themselves who have the most to gain from using water efficiently.",NA,"501",NA
"The Nationals will continue to work with local communities to set targets for water to be saved from on-farm and off-farm infrastructure projects to achieve irrigation efficiencies.",NA,"501",NA
"The Nationals will also un-freeze the $5.8 billion set aside as part of the $10 billion National Plan for Water Security for infrastructure.",NA,"501",NA
"Farmers are willing to make savings and to share water with the environment, but they need support.",NA,"501",NA
"The Murray Darling Basin Plan",NA,NA,NA
"The Nationals will ensure that Sustainable Diversion Limits (SDL) take proper account of social and economic considerations.",NA,"501",NA
"The Nationals believe the wellbeing of communities and the rivers that nourish them is paramount.",NA,"501",NA
"The Nationals in government will address the socio-economic challenges faced by communities reliant on irrigation.",NA,"501",NA
"The Nationals will introduce Community Impact Statements for water purchases, to assess their impact on local communities.",NA,"501",NA
"Flood Mitigation",NA,NA,NA
"The Nationals will provide increased investment in flood mitigation works to provide greater protection from flooding for regional communities.",NA,"411",NA
"We will provide funding to develop state of the art information technology-based early warning systems, to provide more accurate predictions of flood peaks and timing and earlier, more accurate weather forecasts.",NA,"411",NA
"We will also provide resources for addressing the inconsistencies in the conditions set out in the various insurance company policies.",NA,"000",NA
"Conclusion",NA,NA,NA
"The Nationals will help land and water management groups to carry out practical, day-to-day projects which ensure compatibility between environmental sustainability and land and water use.",NA,"501",NA
"The Nationals understand and respect the role of Landcare groups within our communities, and will ensure they have sufficient funding to continue their good work.",NA,"501",NA
"We will work with local communities and other stakeholders to understand the water needs of rural industries and communities.",NA,"501",NA
"We will help ensure the future viability of Australia’s irrigated communities, while still allowing ample water to flow to maintain the health of our river systems.",NA,"501",NA
"The Nationals will monitor the national water policy framework to ensure that a fair balance between water for the environment and water for agriculture is achieved.",NA,"501",NA
"We will support the establishment of new water harvesting schemes including new irrigation areas in Northern Australia, where high rainfall and untapped river systems provide new opportunities.",NA,"501",NA
"OUR PLAN FOR TRANSPORT",NA,NA,NA
"Expanding Australia’s Transport Network",NA,NA,NA
"Introduction",NA,NA,NA
"The Nationals understand the importance of transport infrastructure – road, rail, air and sea – to regional Australia.",NA,"411",NA
"We know that people and businesses in regional Australia rely on modern transport networks for their livelihoods and lifestyles.",NA,"411",NA
"Only The Nationals can ensure that families in regional Australia have a safe, secure, reliable and affordable transport system.",NA,"411",NA
"The Nationals will ensure that regional Australia receives its fair share of national infrastructure spending.",NA,"411",NA
"Labor’s record",NA,NA,NA
"Labor’s transport policy has transferred funding to the cities and away from regional Australia.",NA,"411",NA
"Labor has diverted the Black Spot program funding away from local roads to national highways.",NA,"411",NA
"The Strategic Regional Program is now being spent in the capital cities and 82 per cent of that funding is going to Labor seats.",NA,"601",NA
"Labor re-branded the successful AusLink program as the Nation Building Program, but has committed a massive $5 billion less to the program than was promised by The Nationals.",NA,"601",NA
"Labor’s Infrastructure Australia is a secretive organisation.",NA,"304",NA
"Its Building Australia Fund, established with the surpluses left by the previous government, has been used to bail out failed State Labor governments.",NA,"304",NA
"Labor is no friend of regional aviation, announcing that the En Route Charges Scheme – which helps regional airlines maintain viable services to isolated areas – will be abolished from 2012.",NA,"411",NA
"Already, services are being withdrawn in anticipation of the scheme’s closure.",NA,"411",NA
"Labor has scrapped the General Aviation Industry Action Agenda, denying small aviation operators the opportunity to revitalise the industry.",NA,"411",NA
"Our Plan to Expand Australia’s Transport Network",NA,NA,NA
"KEY POINTS",NA,NA,NA
"Allocate fuel excise to road funding",NA,"411",NA
"Continue Roads to Recovery",NA,"411",NA
"Reinstate Strategic Regional Roadsprogramme",NA,"411",NA
"New programme to repair regionalbridges",NA,"411",NA
"Build the inland rail",NA,"411",NA
"Tackle road safety",NA,"411",NA
"Support regional airlines",NA,"411",NA
"Revitalise coastal shipping",NA,"411",NA
"Equipping Rail to Meet the Freight Task",NA,NA,NA
"With Australia’s freight task set to double by 2025, an enormous effort must be made to expand and modernise our interstate and regional rail systems.",NA,"411",NA
"The Nationals understand that a seamless and efficient rail network is essential to moving our regional produce to market.",NA,"411",NA
"The Nationals will build the inland rail from Melbourne through the Central West of NSW to Brisbane.",NA,"411",NA
"This ‘Steel Mississippi’ will reduce the time required to move freight from Melbourne to Brisbane from 36 hours to less than 24 hours, dramatically lifting rail’s share of freight, and providing significant environmental and social benefits.",NA,"411",NA
"The inland rail will be completed by 2020 and will be managed by the Australian Rail Track Corporation in partnership with the private sector.",NA,"411",NA
"The Nationals will ensure that any existing regional hub lines that feed into the main inland rail line are appropriately upgraded and where necessary new lines are constructed.",NA,"411",NA
"State Labor governments have neglected country branch lines and many have fallen into disrepair.",NA,"411",NA
"Millions of tonnes of grain must now be moved to port by private truck, damaging our regional roads and increasing traffic congestion.",NA,"411",NA
"Our reputation as a reliable supplier of grain has been badly compromised by our inability to move grain to ports on time, resulting in lost contracts and lower returns to growers.",NA,"411",NA
"The Nationals will provide funding, matched by the States, to restore key country freight lines.",NA,"411",NA
"The Nationals will also continue to upgrade the Sydney-Brisbane coastal rail link.",NA,"411",NA
"We will ensure that state-ofthe-art train control systems are established and there is a seamless transit at State borders.",NA,"411",NA
"We will complete the extension of the national network into Queensland, and seek to incorporate the Kalgoorlie to Perth section, to provide a standard gauge rail link from Brisbane to Perth and a new transport hub at Kalgoorlie.",NA,"411",NA
"A Bold New Approach to Road Funding",NA,NA,NA
"The Nationals will immediately commence planning for the third stage of AusLink, with minimum funding of $35 billion.",NA,"411",NA
"AusLink 3 will be funded by allocating 20 cents per litre from Commonwealth fuel excise to AusLink.",NA,"411",NA
"The rate of excise will not be increased.",NA,"411",NA
"The Nationals will ensure that a minimum of 40 per cent of the funds is allocated to regional projects.",NA,"411",NA
"The Nationals developed the successful Roads to Recovery program, which provides local councils with extra funding to maintain and upgrade their local roads.",NA,"411",NA
"The Nationals will continue and expand this program in government.",NA,"411",NA
"We will restore the Strategic Regional Roads program which supports major regional connections and creates jobs.",NA,"411",NA
"We will address State government neglect of small road bridges on secondary freight routes.",NA,"411",NA
"For regional Australia, small road bridges have great economic significance, allowing trucks to move goods and produce on to the national highway system and to shipping ports.",NA,"411",NA
"The Nationals will ensure that funding is allocated in partnership with local councils and State governments to repair or replace bridges no longer capable of carrying heavy vehicles.",NA,"411",NA
"The Nationals will ensure that our regional roads are safer.",NA,"411",NA
"We will work with automobile associations and with organisations like Rotary to implement new driver training programs for young drivers.",NA,"411",NA
"We will require all new cars sold in Australia in volume to carry an Australian National Car Assessment Program (ANCAP) star safety rating.",NA,"411",NA
"We will provide funding for the installation of seatbelts in local school buses and make funding available to help install air conditioning in hotter areas.",NA,"411",NA
"We will fund the construction of 500 new roadside stops for our truck drivers.",NA,"411",NA
"The Nationals will ensure that the Australian Road Assessment Program, which measures the safety level of highways, is extended to the major secondary freight routes.",NA,"411",NA
"Maintaining Regional Access to Aviation Services",NA,NA,NA
"For the seven million Australians who live outside our capital cities, regional aviation is an especially important link to the rest of the nation, providing transport, goods and medical services to and from large centres.",NA,"411",NA
"It is essential to support regional aviation, since many regional routes are of limited commercial value, with smaller carriers struggling with rising overheads and economic difficulties.",NA,"411",NA
"The Nationals will retain the Remote Air Service Subsidy Scheme (RASS) so that isolated communities continue to receive a weekly passenger and freight service.",NA,"411",NA
"The RASS subsidises flights to more than 235 communities which otherwise have no regular transport service.",NA,"411",NA
"The En Route Charges Scheme fully refunds Air Services Australia’s air navigation charges for a number of regional airlines operating smaller aircraft and for aero-medical operators such as the Royal Flying Doctor Service.",NA,"411",NA
"The En Route Charges Scheme helps regional airlines to maintain viable services to isolated areas.",NA,"411",NA
"From 1 July 2008, Labor limited the scheme to existing routes and service frequencies and from 30 June 2012 the scheme will be abolished for commercial regional airline operators.",NA,"411",NA
"The Nationals will reopen the En Route Charges Scheme to commercial air carriers and will keep it beyond 2012.",NA,"411",NA
"Labor has introduced mandatory security screening at a number of regional airports served by larger passenger turbo-prop aircraft, but not jets.",NA,"411",NA
"The ongoing cost of this requirement is not subsidised and can only be paid for by very large ticket price increases.",NA,"411",NA
"This threatens the viability of already marginal regional air routes.",NA,"411",NA
"The Nationals will work with regional airlines and airports to ensure that no air services are cancelled or reduced as a result of national security requirements.",NA,"411",NA
"The Nationals will continue and expand the Remote Aerodrome Safety Program to assist in the upgrade of airstrips in remote and isolated communities.",NA,"411",NA
"The Nationals will also support general aviation – that part of the aviation sector not involved in regular public transport or scheduled services.",NA,"411",NA
"It involves small aircraft undertaking roles vital to regional Australia, such as charter and business flights, aero-medical services, commercial and private pilot training, sports and recreational pursuits, and various kinds of aerial work such as agriculture and surveying.",NA,"411",NA
"The non-scheduled air and space transport sector comprises more than 1000 businesses, employing nearly 4000 people, and producing an industry turnover of nearly $1 billion.",NA,"411",NA
"Australia’s general aviation fleet is ageing, with the average age of an aircraft now 30 years.",NA,"402",NA
"The Nationals will introduce incentives to enable business to replace aircraft used for commercial activities and to keep regional Australia flying.",NA,"402",NA
"The Nationals will address the skill shortage in the aviation industry.",NA,"411",NA
"We will build on existing regional pilot training schemes such as that operated by Regional Express, including the establishment of a Regional Airline Pilots’ Scholarship Scheme.",NA,"411",NA
"More Efficient Coastal Shipping",NA,NA,NA
"Coastal shipping accounts for about 25 per cent of the domestic freight task, but produces only 4 per cent of total transport greenhouse gas emissions.",NA,"411",NA
"A vibrant, safe and efficient Australian shipping industry provides benefits for the economy, the environment and road congestion.",NA,"411",NA
"The Nationals will introduce the means to allow Australian shipping to compete effectively against other transport modes and internationally, while retaining our national shipping identity.",NA,"411",NA
"The Nationals will:",NA,NA,NA
"Introduce a tonnage tax to replace company tax on an opt-in basis, linked to mandatory training arrangements.",NA,"411",NA
"Introduce a national system of training support under the supervision of the Australian Maritime Safety Authority, to replace the existing Statebased distribution of funds.",NA,"411",NA
"Examine ways to reduce the income tax disadvantage suffered by Australian seafarers operating outside Australian waters, compared with seafarers from other nations.",NA,"411",NA
"Establish an Australian Second Shipping Register.",NA,"411",NA
"Efficient port infrastructure is vital in promoting a growing maritime industry.",NA,"411",NA
"Australian ports are owned either by State governments or privately, and are regulated by the States.",NA,"411",NA
"As a result, port development has been uncoordinated and hindered, and intermodal links between rail, road and shipping are inefficient.",NA,"411",NA
"The Nationals will implement a National Port Development Plan to address capacity constraints in our ports, and facilitate the efficient and swift movement of our exports.",NA,"411",NA
"Conclusion",NA,NA,NA
"Under a succession of Nationals Federal Transport Ministers, Australia gained improved transport infrastructure and services.",NA,"411",NA
"The AusLink initiative in particular gave us for the first time an integrated approach to the nation’s road and rail transport needs, plus the funding to achieve it.",NA,"411",NA
"Under Labor, Australia’s transport plans are being unravelled and replaced by the same political decisionmaking and deal-making that has brought State government transport systems to their knees.",NA,"411",NA
"The Nationals retain a clear vision of Australia’s transport needs, and how to meet them. Our coordinated policy solutions will allow regional Australia and the nation to meet the transport challenges of the next ten years, and beyond.",NA,"411",NA
"OUR PLAN FOR CLEANER TRANSPORTATION FUELS",NA,NA,NA
"Promoting the Use of Biofuels and LPG",NA,NA,NA
"Introduction",NA,NA,NA
"Australia needs a range of cleaner transport alternative fuels. LPG, ethanol blended fuel and bio-diesel offer effective steps towards reducing vehicle emissions.",NA,"501",NA
"If Australia was to adopt an E10 blended fuels nationwide, more than 3 million tonnes of pollutant abatement per year would be gained.",NA,"501",NA
"A robust bio-fuels and LPG domestic industry will ensure greater security of supply in transportation fuels.",NA,"501",NA
"The Nationals support the wider integration of E10 ethanol and B5 bio- diesel into mainstream use in Australia, and greater uptake of LPG.",NA,"501",NA
"We want to see E85 blend in widespread use by 2020. Under Labor, alternative fuels implementation has not reached its full potential.",NA,"501",NA
"The Nationals will be pragmatic and decisive in measures to expand the uptake of LPG, E10 fuel blends and the development of greater bio-diesel production suitable for regional industries.",NA,"501",NA
"Labor’s Record",NA,NA,NA
"The Labor Government has ignored the benefits of bio-fuel, too preoccupied with taxing consumption to foster the growth of an industry which offers real environmental benefits.",NA,"501",NA
"Instead of providing tax incentives to local bio-fuel producers, Labor is proposing to lift the current excise on bio-fuels to levels that will prohibit consumer uptake and stifle industry expansion.",NA,"501",NA
"Labor has failed to realise the potential of a national mandate for ethanol and bio-diesel blends and the environmental and commercial benefits of a robust Australian biofuels industry.",NA,"501",NA
"Labor continues to commission reports and reviews without making any decisions.",NA,"501",NA
"The 2008/2009 Annual Report of the Department of Resources, Energy and Tourism noted: “The Department, in conjunction with the Department of Agriculture, Fisheries and Forestry, undertook an internal review of bio fuels policy.",NA,"501",NA
"The review has been finalised and the Government is currently considering it.”",NA,"501",NA
"To date, the review has not been released.",NA,"501",NA
"In September 2008, the Government announced that a White Paper on energy issues would be prepared for release in August 2009.",NA,"501",NA
"A “High Level Consultative Committee” was established, which did not include any representatives from the renewable fuels industry.",NA,"501",NA
"The Departmental website notes that a green paper will be released “once the CPRS issues are resolved”.",NA,"501",NA
"In the 2010-11 Budget, Labor introduced new excise rates on biofuels and LPG.",NA,"501",NA
"Labor has done little to educate the public on the benefits of cleaner fuels.",NA,"501",NA
"The lack of consumer information on bio-fuels and the residual effects of the ALP’s campaign against bio-fuel use over the past decade continue to create uncertainty among consumers about the benefits and safety of bio fuels.",NA,"501",NA
"The Nationals’ Plan to Promote the Use of Biofuels and LPG",NA,NA,NA
"KEY POINTS",NA,NA,NA
"National ethanol and bio-diesel mandates",NA,"501",NA
"Defer excise introduction",NA,"501",NA
"Establish E85 target",NA,"501",NA
"Support retailers to switch to biofuels",NA,"501",NA
"Support LPG conversion program",NA,"501",NA
"New research and development program",NA,"501",NA
"The successful implementation of cleaner fuels across Australia depends on Federal and State governments addressing the issue multilaterally.",NA,"501",NA
"The Nationals believe objections to a national bio fuels mandate are ideological not practical.",NA,"501",NA
"We will introduce a range of measures to expand the domestic bio fuels industry and to promote greater consumer uptake.",NA,"501",NA
"A National Mandate",NA,NA,NA
"A national ethanol mandate for petrol and bio-diesel will be introduced by 2015.",NA,"501",NA
"Many of the States have introduced ethanol mandates, or are in the process of doing so.",NA,"501",NA
"To ensure uniformity, the Federal Government needs to introduce a national mandate which ensures each State has an ethanol blend.   The introduction of such a measure would form part of an overall general strategy to meet renewable fuel targets and reduce CO2 emissions.",NA,"501",NA
"In consultation with industry, The Nationals have found most local producers believe they can meet a substantial amount of Australia’s demand.",NA,"501",NA
"In order to ensure security of supply, The Nationals will support the local industry to become better established.",NA,"501",NA
"Domestic production to have its excise deferred",NA,NA,NA
"To assist the environment and the further development of a locally based ethanol and bio diesel industry, The Nationals will support a deferral of the introduction of excise on alternative fuels, currently proposed to be phased in over the period 2011-2015.",NA,"501",NA
"We will also ensure that imports of bio-fuels which are subsidised by foreign government will not receive the benefits of the excise rebate in Australia.",NA,"406",NA
"The Nationals will address any excise loop holes and ensure that our producers are operating on an even playing field.",NA,"406",NA
"Development of a Sustainability Standard",NA,NA,NA
"The Nationals will also work to ensure that both domestic and imported bio-fuels meet a sustainability standard which includes the provision that, in the long term, fuels must not be produced at the expense of food security.",NA,"416",NA
"Sustainability standards for biofuels are being developed in a number of European countries and Brazil, and can encourage biofuel producers to move from food stocks to non-food stock materials for fuel production.",NA,"416",NA
"Australia predominantly produces biofuels from waste or low grade products.",NA,"416",NA
"A sustainability standard not only protects Australia’s interests but ensures global grain trading is balanced and prevents abuses of environmental or human rights in the production of bio-fuels.",NA,"416",NA
"The Costs to Retail Fuel Providers",NA,NA,NA
"The Nationals acknowledge that retail providers face the costs of updating fuel tanks to accommodate biofuels.",NA,"402",NA
"We are particularly concerned that the small independent rural and remote retailers will find the transition costs prohibitive.",NA,"402",NA
"We understand that petroleum storage tanks at retail outlets manufactured after 1981 are compatible with a 10 per cent ethanol blend but some will require new lining to prevent leakage.",NA,"402",NA
"The Nationals will work with the States to develop funding schemes which complement the existing assistance offered by some State governments.",NA,"402",NA
"85 percent bio fuel blends target from 2015",NA,NA,NA
"Car manufacturers are often ahead of fuel suppliers in manufacturing vehicles able to use a range of ethanol blended fuels.",NA,"501",NA
"In 2010, Holden plans to launch its E85 flex fuel vehicle, able to run on blended fuel from E10 to E85.",NA,"501",NA
"With emerging technologies now adopting higher ethanol blends, it is realistic to assume that by 2020, most new Australian vehicles will be able to use the E85 blend.",NA,"501",NA
"After 2015, The Nationals’ implementation plan will be based on extending the availability of E85 blends.",NA,"501",NA
"Promoting LPG",NA,NA,NA
"Australia has an abundance of LPG. In 2008-2009, Australia produced 5403 ML of LPG and used 3996 ML, of which 2253 ML was for automotive use.",NA,"501",NA
"Considerable environmental and energy security benefits attach to continuing to encourage the use of LPG.",NA,"501",NA
"The Coalition introduced the LPG conversion scheme, which provided a grant of $2000 for the LPG conversion of new or used petrol or diesel motor vehicles or the purchase of a new LPG vehicle.",NA,"501",NA
"Labor is phasing the conversion grant down to $1000 over the period to 1 July 2012.",NA,"501",NA
"As a result, conversion rates have halved, while 20 000 new LPG vehicles are sold each year.",NA,"501",NA
"The Nationals support the LPG Conversion Scheme and will provide an LPG research and development program, including development of a Collaborative Centre for Gas Systems Development and Certification, as requested by the LPG industry.",NA,"501",NA
"Further Exploration for Oil",NA,NA,NA
"Part of ensuring security of fuel supply rests on the continuation of oil exploration.",NA,"411",NA
"Oil serves as the basis for blended diesel and ethanol products.",NA,"411",NA
"Consequently, it is important that Australia makes the fullest use of its own oil reserves.",NA,"411",NA
"The Nationals support oil exploration activity and will promote further oil exploration in Australia and its Territories.",NA,"411",NA
"Research and Development",NA,NA,NA
"Research on second-generation bio-fuels, such as ethanol from cellulose and bio-diesel from algae, has faltered.",NA,"411",NA
"More research is needed to optimise the adoption of non-food stock materials and to encourage car manufacturing innovations.",NA,"411",NA
"The Nationals will provide a support package comprising:",NA,NA,NA
"A new consumer information campaign.",NA,"501",NA
"New requirements that all petrol engine cars sold in Australia have warranty cover for E10.",NA,"501",NA
"Increased research and support for the development of second generation bio fuels.",NA,"501",NA
"Bio-fuel and LPG manufacturing innovation eligibility for funding from the Green Car Plan.",NA,"501",NA
"Conclusion",NA,"501",NA
"The establishment of a thriving bio-fuels industry has many benefits for regional Australia.",NA,"501",NA
"Most notable are the better environmental outcomes,",NA,"501",NA
"a more diverse income source for farmers",NA,"703",NA
"and the jobs created by the construction and operation of refinery plants.",NA,"410",NA
"The Nationals support cleaner fuels because they are good for the environment, and a substantial step toward developing national fuel security and self sufficiency.",NA,"501",NA
"OUR PLAN FOR PRIMARY PRODUCTION",NA,NA,NA
"Securing Australia’s Food and Fibre Future",NA,NA,NA
"Introduction",NA,NA,NA
"Australian farmers, fishers and foresters are among the best in the world at producing clean, green, safe food and fibre, and excel at doing it in environmentally sustainable ways.",NA,"703",NA
"Australia is one of the world’s most important food and fibre producing nations, and we can increase our productivity significantly – as long we have the right policy framework.",NA,"703",NA
"The Nationals believe Australians should be more than just self-sufficient in food – we have a responsibility to help feed the rest of the world and its rapidly expanding population.",NA,"703",NA
"Population pressure is placing increasing demands on global food and fibre and production.",NA,"703",NA
"Many of the world’s traditional food and fibre producing areas face issues such as urban spread, desertification and declining water resources, resulting in fewer areas available for food and fibre production.",NA,"703",NA
"Food and water security are already becoming the defining issues of the 21st century, and food producers are coming under enormous pressure to increase productivity while using fewer natural resources.",NA,"703",NA
"We need to think more strategically about our food supply. It is in our best interests to recognise that our food security is intrinsically linked to our national security and economic health.",NA,"703",NA
"Feeding our nation and fulfilling our trade obligations are fundamental government priorities.",NA,"703",NA
"The Nationals will provide the nation with a new policy direction for primary production.",NA,"703",NA
"Labor’s Record",NA,NA,NA
"Successive Labor Budgets have targeted the agriculture, fisheries and forestry portfolio as a source of cost savings, raiding the budgets for the food and fibre sectors which contribute so much to Australia’s future prosperity.",NA,"703",NA
"Labor imposed additional costs on producers, reduced research funding, and slashed government spending on quarantine and bio-security.",NA,"703",NA
"This irresponsible approach to food and fibre policy is clearly seen in the handling of quarantine and bio security.",NA,"703",NA
"The Agriculture Minister commissioned a $1.7 million review of quarantine and inspection services (The Beale Review) and duly accepted ‘in principle’ all 84 of the report’s recommendations.",NA,"703",NA
"One of Beale’s conclusions recommended a $260 million annual increase in quarantine and bio-security spending; subsequent Budgets delivered funding cuts instead.",NA,"703",NA
"Then, for good measure, Labor proposed increases of up to tenfold for the user charges imposed on exporters.",NA,"703",NA
"Despite the urgent need to make more efficient use of water in agriculture, the Labor Government decided to abolish Land and Water Australia, which since 1990 has been one of the country’s most successful public-private research partnerships, and a body which achieved a long-term rate of return of $4.80 in economic benefits for every $1 of government funding",NA,"703",NA
"At the time the nation ought to be nurturing food and fibre production, the Government’s policies have been undermining confidence and inhibiting sustainable growth in the farming sector.",NA,"703",NA
"Meanwhile the responsible Minister has been made part time, being given other non-portfolio responsibilities.",NA,"703",NA
"Our Plan to Secure Australia’s Food and Fibre Future",NA,"703",NA
"KEY POINTS",NA,NA,NA
"Increased support for quarantine and biosecurity",NA,"703",NA
"Protect agricultural land",NA,"703",NA
"More support for R & D",NA,"411",NA
"Maintain drought support",NA,"703",NA
"Develop northern agriculture",NA,"703",NA
"Maintain productivity in the Murray Darling Basin",NA,"703",NA
"Support food manufacturing",NA,"703",NA
"Recognising the Role of Producers",NA,NA,NA
"People in regional Australia speak of the increasing ‘disconnect’ between the realities, challenges and rewards of primary production, and the perception among urban dwellers of regional life.",NA,"703",NA
"The lack of understanding in the cities, where policies are developed, results in unrealistic policies, particularly on environmental matters, which are then imposed on primary producers.",NA,"703",NA
"The Nationals believe the vital role primary producers play in the economic and social fabric of the nation should be formally recognised in a major government policy statement.",NA,"703",NA
"We will audit all environmental legislation at local, State and Federal level, with the intent to streamline regulations and remove unworkable ‘green tape’ so that food production can be expanded where appropriate.",NA,"703",NA
"Australians also need to be better informed about the basic cost of producing their food and fibre supplies.",NA,"703",NA
"We need to inform the public more effectively about the factors which influence prices, and the very real benefits to consumers of choosing Australian produce.",NA,"703",NA
"We will strengthen ‘truth in labelling laws’ to help buyers make their purchasing decisions.",NA,"703",NA
"The Nationals will continue to support regional forestry agreements, as instruments which provide resource security, best practice land use, and sustainability.",NA,"703",NA
"Use of Agricultural Land",NA,NA,NA
"Mining, agriculture and tourism are Australia’s key export industries.",NA,"703",NA
"Forestry is an important import replacing industry, with our trade deficit in forest products running at about $2 billion a year.  Generally our primary industries co-exist peacefully, and the infrastructure developed for one provides benefits for the others.",NA,"703",NA
"In recent years, conflict has arisen about mining access to agricultural land - in particular to prime agricultural land – and between the respective claims of forestry and agriculture in high rainfall areas.",NA,"703",NA
"State Labor governments, especially in Queensland and New South Wales, have sold off mining and exploration rights, which grant land-use priority over agriculture.",NA,"703",NA
"In the case of forestry, taxation incentives provided through managed investment schemes gave forestry (and some horticulture schemes) an unfair tax advantage over traditional farming operations and thus distorted investment and markets.",NA,"703",NA
"Forestry now occupies only 0.4 per cent of Australia’s farmland, but this could rise to 6.2 per cent by 2020 if the Labor Government’s desired Carbon Pollution Reduction Scheme (CPRS) is introduced.",NA,"703",NA
"These conflicts create risks for Australia’s long-term food security, water management, social and physical environment, and threaten Australia’s bio diversity. Unless addressed now, these pressures will escalate.",NA,"703",NA
"While land use is predominantly (and constitutionally) a matter for the States, The Nationals believe that there is a national responsibility to develop national solutions which deal fairly with all parties.",NA,"503",NA
"The Nationals will:",NA,NA,NA
"Re-establish a pre-eminent land and water research body.",NA,"411",NA
"Charge this body with establishing, in consultation with the States and farming and forestry organisations, a national definition of ‘prime agricultural land’, based on such factors as moisture availability, temperature regime, chemical balance, permeability, surface composition, soil type, susceptibility to flooding, and erosion characteristics.",NA,"411",NA
"Fund the identification of prime agricultural land, working through the Australia-wide network of catchment management agencies.",NA,"703",NA
"While recognising the limits of the Australian Government’s constitutional powers, limit, and where appropriate prevent, surface mining on prime agricultural land.",NA,"703",NA
"Underground mining will be permitted only where it can be shown conclusively that the hydrological balance is not affected, groundwater will not be polluted, and significant surface subsidence will not occur.",NA,"501",NA
"Require that all agricultural land subject to surface mining be rehabilitated to the approximate original contours, and to its original or better productivity.",NA,"501",NA
"Establish a working party including representatives of the mining, forestry and farming industries, to further define these conditions and progress their implementation.",NA,"501",NA
"In conjunction with the farming and forestry industries, identify criteria for lands where broad scale forestry ought to be encouraged, and include these criteria in catchment management plans.",NA,"703",NA
"Develop equivalent and non-discriminatory incentives for investment in agricultural and forestry activities, in consultation with those industries.",NA,"703",NA
"Amend taxation law so that passive investors in management investment schemes do not receive tax deductibility.",NA,"703",NA
"Australia’s Major Food Bowls",NA,"703",NA
"The Murray-Darling Basin is the nation’s greatest food producing resource and is home to two million people. The communities in the Basin are under threat, not only from droughts and a drier climate, but from government policies.  Particularly ill advised is the Labor Government’s $4 billion ad hoc water buy-back adventure.",NA,"703",NA
"The Nationals will require socio-economic impact statements before any more water is bought within the Basin.",NA,"703",NA
"The Department of Agriculture, Fisheries and Forestry will be consulted prior to any purchase and ABARE (the Australian Bureau of Agricultural and Resource Economics) will undertake an assessment of the impacts of any buy backs.",NA,"703",NA
"The focus of Murray-Darling Basin policy must be the funding of infrastructure efficiencies; both in-system and on-farm, with water entitlement buy backs used only as a last resort.",NA,"703",NA
"We must ensure that more water is returned to the environment,",NA,"501",NA
"enable farmers to produce more food and fibre from less water,",NA,"703",NA
"while protecting simultaneously the environment, communities, and regional economies.",NA,"501",NA
"We must also actively encourage the growth of agriculture in Northern Australia as a potential emerging food bowl.",NA,"703",NA
"With predictions that the climate will become drier in Southern Australia and wetter in the North, the North will need to be developed to its food producing potential.",NA,"703",NA
"The Nationals will partner the Commonwealth, State and Territory governments to secure sustainable agriculture development in the north,",NA,"703",NA
"with first priority on resolving the environmental and indigenous policy issues which are currently limiting the development of Northern Australia.",NA,"501",NA
"The Nationals will commission a major independent study to examine the social, economic and environmental viability of making better use of water in the north, and will renew investigations into the practicality of transporting water southward.",NA,"501",NA
"Natural Disasters",NA,NA,NA
"The Nationals believe that some droughts, fires and floods are truly exceptional, and no land manager can be fully prepared for them.",NA,"703",NA
"Our objective is to enable primary producers to return to full production as quickly as possible.",NA,"703",NA
"The Nationals will continue to support farmers with targeted assistance during a one in 25 year drought, or a major flood or fire, both during the current drought and in the future.",NA,"703",NA
"The Nationals will also invest in practical on-ground preparedness, including, where appropriate, flood and fire mitigation, and will boost research and development on new plant varieties and management practices to increase farm productivity.",NA,"703",NA
"We will review the Australian Plague Locust Commission, to ensure that its funding and governance are adequate to deal with rapidly emerging threats.",NA,"703",NA
"Research",NA,NA,NA
"The many challenges confronting Australian primary producers include climate variability; local and exotic pests, weeds and diseases; increased consumer demand for greener, fresher, tastier and cheaper food; and increasingly expensive inputs including water, fuel, fertilisers, chemicals, labour and energy.",NA,"411",NA
"The Nationals recognise the importance of research into climate variability, founded on scientific merit.",NA,"411",NA
"We will focus on those specific research projects with the potential to revolutionise agriculture, fisheries or forestry production.",NA,"411",NA
"For example, we will accelerate research into perennial cereal crops, particularly wheat, which are disease resistant, high yielding, reduce greenhouse gas emissions, are water efficient/drought resistant, and can produce high protein grain.",NA,"411",NA
"The agriculture sector has the best take up rate of new technologies and production systems of any of our industries.",NA,"411",NA
"We will establish programs to commercialise research project outcomes.",NA,"411",NA
"The Nationals will continue to support the Cooperative Research Centres and the Rural Research and Development Corporations.",NA,"411",NA
"Primary production is one of the very few sectors where the commodity groups contribute significant resources through transactional levies towards research and development for their sector.",NA,"703",NA
"The Coalition recognises the value of this investment and will continue to match it at least dollar for dollar.",NA,"411",NA
"Ministry of Primary Production, to include Food Security",NA,NA,NA
"The food industry is the nation’s largest manufacturing sector, and employs more than 200,000 Australians, half of them in rural and regional areas.",NA,"703",NA
"It accounts for about 2.5 per cent of GDP, yet there is little understanding of the food chain among governments, the community, manufacturers, processors and even farmers.",NA,"703",NA
"The Nationals believe that the food manufacturing, retail and food services industries are a vital part of the economic fabric of the Australian economy, and that they will become increasingly important.",NA,"703",NA
"To reflect that importance, we have a separate policy on food security.",NA,"703",NA
"The Nationals will expand the existing Agriculture, Fisheries and Forestry portfolio to include a major role for Food and Food Security.",NA,"703",NA
"The expanded Ministry and department will be able to look at the entire food producing and manufacturing chain, including its logistics, to ensure that inefficiencies are eliminated.",NA,"703",NA
"Bio Security",NA,NA,NA
"The new Department will continue to be responsible for quarantine and inspection services.",NA,"703",NA
"The Nationals will ensure sufficient funding and strong legislation to counter any pest or disease threats imports may pose, and to ensure that our products exported are of the highest standard and meet all the requirements of our export markets.",NA,"703",NA
"The Nationals will ensure that risk assessments for new imports are backed up by sound science, and that imports are only cleared for entry after thorough scientific analysis and consultation with those affected.",NA,"411",NA
"Preparing For a Pandemic",NA,NA,NA
"Most developed countries have adopted ‘security of supply’ policies to ensure adequate fuel and food is available in the case of major natural disaster or act of aggression.",NA,"703",NA
"An outbreak of influenza, a major terrorism attack, or a severe climatic event may occur seldom, but clear plans need to be put in place for their eventuality.",NA,"703",NA
"The Nationals will introduce polices to ensure Australia is able to meet its food requirements by adopting practical measures to protect the supply chain, such as decentralised food distribution hubs, and secure alternative road and rail networks.",NA,"703",NA
"These fallback options will support the health and safety measures necessary to meet a national environmental or security emergency.",NA,"703",NA
"Collective Export Marketing",NA,NA,NA
"Where producers want collective export marketing, The Nationals will continue to provide support to establish a fair system in order to maximise grower returns.",NA,"703",NA
"Alcohol Taxation",NA,NA,NA
"The Nationals will not support a volumetric tax on wine or any changes to the Wine Equalisation Tax which disadvantage the wine industry.",NA,"703",NA
"Conclusion",NA,NA,NA
"In a world subject to growing population pressure and possibly dramatic climate change, our primary producers are becoming more and more important to the nation’s survival and success.",NA,"703",NA
"Food and fibre production and water availability are becoming key drivers of international policy in this century.",NA,"703",NA
"The Nationals’ practical approach to primary production issues will enable Australia to play its proper and increasingly important role in the world economy.",NA,"703",NA
"OUR PLAN FOR FOOD SECURITY",NA,NA,NA
"A National Security Concern",NA,NA,NA
"Introduction",NA,NA,NA
"Global demand for food continues to rise, yet water and available land for food production are diminishing. Metropolitan areas now use up to half the water once available to cultivate food, while ground water levels are declining.",NA,"703",NA
"Access to good farm land is flagging because of a decline in soil fertility in existing holdings, and pressure not to open new areas for cultivation.",NA,"703",NA
"Reports from the United Nations, world health authorities and aid agencies call for the same thing - greater production using fewer natural resources.",NA,"703",NA
"Australia, as one of the most active producers and exporters of food, needs to think more strategically about its food supply. Securing our food supply is intrinsically linked to Australia’s national and economic security.",NA,"703",NA
"Labor’s Record",NA,NA,NA
"Current investment in developing and protecting the Australian farm sector does not recognise the large contribution farmers make to our economy.",NA,"703",NA
"Over the last two Federal budgets, we have seen millions of dollars taken out of research and development in agricultural industries.",NA,"703",NA
"Government investment in food production technologies, in infrastructure as well as distribution networks, is well below what it should be in Australia.",NA,"703",NA
"The Labor Government has cut $30 million from Advancing Australian Agriculture - a program designed to improve farm productivity, and has forced the CSIRO to reduce its spending on food production research.",NA,"703",NA
"Water trading schemes, buy backs, and the preoccupation with locking land and ocean away from productive use have become Labor’s policy response to the pending food crisis.",NA,"703",NA
"These policies are stifling sustainable growth in the farming sector. Priority must be returned to communities and businesses which assist in the production of food, and to encouraging farming as an essential enterprise.",NA,"703",NA
"Our Plan to Secure Australia’s Food Supply",NA,NA,NA
"KEY POINTS",NA,NA,NA
"Protect property rights",NA,"703",NA
"A new Ministry for Food Security",NA,"703",NA
"Plan for pandemics",NA,"703",NA
"Revise labelling requirements",NA,"703",NA
"Decentralise distribution networks",NA,"703",NA
"Upgrade quarantine and biosecurity",NA,"703",NA
"The food industry is the nation’s largest manufacturing sector and employs more than 200,000 Australians, half of them residing in regional areas.",NA,"703",NA
"The Nationals believe that the food manufacturing, retail and food services industries are an increasingly important part of the economic fabric of the Australian economy.",NA,"703",NA
"We believe that government has a responsibility to reflect the importance of food production.",NA,"703",NA
"The Nationals will therefore expand the existing Agriculture, Fisheries and Forestry portfolio to include a new responsibility for Food Security.",NA,"703",NA
"The Minister responsible will ensure that the importance of food security to the Australian economy and the social fabric of the nation are recognised in government decision making.",NA,"703",NA
"There must be a holistic policy approach to ensuring Australia’s food security.  The Nationals will:",NA,"703",NA
"Increase investment in agricultural research and development.",NA,"703",NA
"Foster closer ties between the farming and scientific communities.",NA,"411",NA
"Develop sustainable strategies to enhance food production.",NA,"703",NA
"Provide regional communities reliant on the farming economy with the necessary infrastructure and support to assist farming and related industries.",NA,"703",NA
"Implement programs and educate the general public about planning for pandemics and ensuring the security of food supply during any crisis.",NA,"703",NA
"Actively involve government in creating a policy environment which ensures that Australia and other nations have access to fair markets, price stabilisation and healthy food.",NA,"703",NA
"Develop and implement a strategic plan for food security for rest of the 21st  Century.",NA,"703",NA
"Decentralise food distribution networks and enable more efficient transportation of food.",NA,"703",NA
"Implement clear and mandatory labelling regulations which show the true origin of the food product and the manufacturing process.",NA,"703",NA
"Property Security",NA,NA,NA
"Food security begins with property security.",NA,"401",NA
"State Labor governments have an abysmal record in respecting property rights and compensating those whose rights are compromised or restricted by government action.",NA,"401",NA
"The Nationals in government will work through the Council of Australian Governments to secure investment certainty for landholders through property rights in land, vegetation and water.",NA,"401",NA
"Should the states resist, The Nationals will consider what legislative measures may be available at the Commonwealth level to secure and protect land values.",NA,"401",NA
"Bio Security",NA,NA,NA
"Food imports make up an increasing share of Australia’s diets because consumers demand all year availability and greater choice.",NA,"703",NA
"The Nationals’ concern is to ensure that food and produce entering the country meet our quarantine and food safety requirements.",NA,"703",NA
"We will not jeopardise this nation’s reputation for clean, fresh food, and will ensure that our quarantine services are properly resourced to protect Australia’s diseasefree status.",NA,"703",NA
"Most developed countries have adopted “security of supply” policies to ensure adequate fuel and food is available in the case of a natural disaster or act of aggression.",NA,"703",NA
"Outbreaks of influenza, major terrorist attacks, or severe climatic events occur seldom, but effective plans need to be put in place against that risk.",NA,"703",NA
"The Nationals will introduce policies to ensure Australia is able to meet its food requirements by adopting practical measures to protect the supply chain, such as decentralised food distribution hubs, and secure alternative road and rail networks.",NA,"703",NA
"These measures will support the health and safety measures necessary to meet a national environmental or security emergency.",NA,"703",NA
"Conclusion",NA,"703",NA
"A sound strategic plan for Australia’s food security benefits regional communities and all Australians.",NA,"703",NA
"Our policies assist farmers to ‘think smarter’ about production and will foster a strong commitment to agricultural research which in turn will ensure food security.",NA,"703",NA
"Feeding our nation and fulfilling our trade obligations is a fundamental challenge to be addressed.",NA,"703",NA
"The Nationals will act now, to provide the nation with a new focus in policy direction, and to maintain a crucial advantage which we have too long taken for granted: the nation’s food security.",NA,"703",NA
"OUR PLAN FOR SMALL BUSINESS AND TOURISM",NA,NA,NA
"Realising the Potential of Regional Enterprise",NA,NA,NA
"Introduction",NA,NA,NA
"The Nationals is the Party of, and the Party for, small business.",NA,"401",NA
"We recognise that regional Australia depends on small business to drive its economy and regional prosperity.",NA,"401",NA
"In recent years, there has been a major diversification in the activity undertaken by small businesses in regional Australia - a move away from a mainly rural based industry structure to include services, tourism and manufacturing.",NA,"401",NA
"The majority of businesses in regional Australia employ fewer than 20 people but between them the sector is the largest employer.",NA,"401",NA
"Of the 1,880,000 small businesses throughout Australia, some 35 per cent – more than 650,000 – operate in regional Australia.",NA,"401",NA
"In order to be competitive, small businesses in regional Australia must have the same opportunities to gain the benefits of technology as in the capital cities.",NA,"401",NA
"This is especially the case with tourism, where regional Australia struggles to get its share of the international visitor market.",NA,"401",NA
"The ratio of domestic to international visitors in the regions is as high as 19:1.",NA,"401",NA
"While Australia as a whole is seen as a desirable destination, the major cities and east coast derive most of the benefits.",NA,"503",NA
"Labor’s Record",NA,NA,NA
"Under Labor, the flexibility small business needs is constrained by forced and formal negotiation with unions, rather than by talking things through with employees.",NA,"702",NA
"Contractors in particular are discriminated against, as Labor denies them the right to work for themselves.",NA,"401",NA
"Labor’s antipathy to small business has resulted in the removal of reasonable protection for small businesses forced to dismiss non-performing or redundant employees.",NA,"401",NA
"Labor offers special funding arrangements for big property developers, and subsidies for multinational car makers, but does little to help small regional businesses in difficult times.",NA,"401",NA
"Most of all, Labor’s failure to address the infrastructure, telecommunications, health and education needs of regional people, and its withdrawal of services to small business in the regions, has resulted in our regional businesses becoming second class citizens.",NA,"401",NA
"Our Plan to Realise the Potential of Regional Enterprise",NA,NA,NA
"KEY POINTS",NA,NA,NA
"Upgrade education, health and transport infrastructure",NA,"411",NA
"New 30 per cent investment allowance",NA,"402",NA
"Small business action plan",NA,"402",NA
"Federal Regional Tourism fund",NA,"402",NA
"Easing the Burdens on Small Business",NA,NA,NA
"The Nationals recognise that success in maintaining existing businesses and attracting business people to relocate to regional Australia depends on education, health, infrastructure and transport.",NA,"402",NA
"The Nationals aim to give small businesses the competitive environment and the tools they need to make the best of opportunities, in both domestic and international markets.",NA,"402",NA
"We will work with industry associations and academic institutions to develop small business education programs aimed at increasing efficiency and productivity.",NA,"410",NA
"The vast number of interlocking and confusing regulations covering business activity at the Federal, State and local levels must be simplified.",NA,"303",NA
"The Nationals commit to reinvigorating previous programs to remove red tape at all levels of government.",NA,"303",NA
"This includes combating the indirect red tape which results from restrictions imposed by government on other businesses such as financial institutions, which then is carried through to their small business clients.",NA,"303",NA
"The Nationals will continue their leadership role in ensuring that small business can compete on a level playing field with bigger businesses.",NA,"401",NA
"Healthy competition is good, but small businesses must be protected from unfair competition by powerful resource-rich companies.",NA,"403",NA
"The Nationals have taken the lead in addressing deficiencies in the Trade Practices Act and will continue to address weaknesses in Trade Practices legislation affecting small business competitiveness.",NA,"403",NA
"We will also better resource the Australian Competition and Consumer Commission to take action against large corporations which abuse their market power.",NA,"403",NA
"Many economic and social advantages are evident for businesses operating in regional areas.",NA,"401",NA
"The Nationals will support initiatives to make city businesses aware of these advantages and to encourage Australians to enjoy the benefits of a non-metropolitan lifestyle.",NA,"402",NA
"The Nationals will also undertake a review of the effect of additional costs on businesses outside the capital cities, with a view to determining what regional incentives could be introduced to encourage businesses to relocate from the capital cities.",NA,"402",NA
"The Nationals in Government will provide a 30 per cent investment allowance to assist small business in regional areas to expand and to create jobs, or for capital city businesses to relocate.",NA,"402",NA
"The allowance will be for increasing business capacity, such as major new plant acquisitions or increasing production capacity.",NA,"402",NA
"It will be subject to requirements such as job creation benchmarks and output increases.",NA,"402",NA
"The program will exclude passive investment such as commercial property investment for lease.",NA,"402",NA
"Award Modernisation",NA,NA,NA
"The Nationals support the rationalisation and updating of industrial awards and the introduction of greater flexibility.",NA,"402",NA
"Small businesses are generally more reliant on the award structure than larger businesses, and more so in the regions.",NA,"402",NA
"The Nationals do not support Labor’s objective of removing pay differentials between different parts of Australia or the imposition of common penalty rates.",NA,"402",NA
"Unlike Labor, The Nationals understand that strawberries do not only ripen between 9am and 5pm on weekdays; that prawn trawler crews do not come home for dinner every evening; that country shows are generally held on public holidays; and that family wineries do most of their business on weekends.",NA,"402",NA
"The Nationals in government will instruct the Australian Industrial Relations Commission to recognise the special circumstances of businesses operating outside the major capital cities and to establish a pay structure accordingly.",NA,"402",NA
"The Global Economy",NA,NA,NA
"The Nationals support a Small Business Action Plan to respond to fluctuations in the global economy.  Measures will include:",NA,"402",NA
"Tax loss carry-back to allow businesses to offset operating losses and retain staff by claiming back taxes paid over the past three years, up to a $100,000 limit;",NA,"402",NA
"OECD-best practice regulation, whereby the Commonwealth will undertake a comprehensive audit of all the Federal, State and local paperwork needed to start or expand a business and will ensure that this overhead burden is reduced to at least match OECD best practice;",NA,"402",NA
"A one-stop-shop regulation portal, to deliver integrated on-line access to all forms and filings, regardless of the level of government which imposes them; and",NA,"303",NA
"Support for family businesses, to provide support and advice for family businesses on succession planning and family business development.",NA,"402",NA
"Supporting Regional Tourism",NA,NA,NA
"Local tourism in regional Australia needs to be supported by vocational and professional training of tourism operators and suppliers.",NA,"411",NA
"There is no shortage of research available in Australia, but there is a gap between the data and how it is used.",NA,"411",NA
"Education of tour operators, tourism outlets and the commercial sector is vital to take advantage of the information available.",NA,"411",NA
"The Nationals support the establishment of a regional tourism training initiative to improve the skills and professional standards of tourism operators, and to assist them to meet the particular challenges presented by regional tourist activities.",NA,"411",NA
"The initiative would encompass a number of programs to meet the needs of various tourism industry sectors, such as:",NA,"402",NA
"Grants to existing and new tourist operators of farm stays, motels, B&Bs, and wineries for training in marketing and promotion, with particular emphasis on on-line marketing;",NA,"402",NA
"Training rebates for travel agents and tourism operators who undertake a training course or accreditation in regional tourism, based on the number of bed nights they sell into regional Australia within a prescribed period;",NA,"402",NA
"A national database and rating system, similar to the motel star system, listing tourism businesses and outlets which successfully complete vocational training courses related to tourism; and",NA,"402",NA
"Funding for specific regional education tours for major tourism operators, similar to the programs now conducted by other countries, to enable travel consultants to gain a better understanding of what is on offer.",NA,"402",NA
"Many regional community, cultural and sporting events need government support from time to time, as the regional economy ebbs and flows.",NA,"402",NA
"Support is currently available only in an ad hoc manner, from governments and government business entities.",NA,"402",NA
"The future of the Australian Tourism Development Program, and Federal Government funding of tourism activities is uncertain.",NA,"402",NA
"While local government bears the brunt of the cost of tourism promotion in the regions, many local governments cannot afford to provide funding on a consistent and continuing basis.",NA,"402",NA
"The Nationals believe that all levels of government must commit to funding tourist promotion and that the Federal Government should play a leading role.",NA,"402",NA
"Regions need consistent support to compete at an international level.",NA,"402",NA
"The Nationals support the establishment of a Federal tourism fund, to provide project-specific grants to support regional promotion campaigns or major regional tourism and entertainment events.",NA,"402",NA
"The grants process will be competitive, with a major criterion being the ability of the project to generate long-term shifts in tourist behaviour.",NA,"402",NA
"Conclusion",NA,NA,NA
"The Nationals’ policies continue to be directed to ensuring that small businesses get a fair go, and that they have ways and means to be competitive and successful.",NA,"401",NA
"We place particular emphasis on encouraging more small businesses to relocate from the capital cities to regional Australia and helping existing businesses to grow and prosper.",NA,"402",NA
"Tourism has the potential to make a more major contribution to the economic future of many regional communities.",NA,"410",NA
"To realise that potential, regional tourism operators and service providers need the skills and qualifications to market regional Australia effectively.",NA,"411",NA
"OUR PLAN FOR TRADE",NA,NA,NA
"Building Stronger Regional Economies and a Stronger Australia",NA,NA,NA
"Introduction",NA,NA,NA
"Trade is a major engine of growth for regional Australia.",NA,"410",NA
"It creates new jobs, improves living standards, and ensures our future as a prosperous nation.",NA,"410",NA
"One in four jobs in regional Australia is directly or indirectly linked to exports.",NA,"410",NA
"When The Nationals were in government, exports from regional Australia grew three times faster than did exports from major cities.",NA,"410",NA
"About a quarter of regional Australia’s income now comes from exports.",NA,"410",NA
"Trade is a two-way street. Australia will continue to import the finance, technology and innovation needed to develop the country and to make our industries more competitive.",NA,"410",NA
"We also need to import consumer goods we do not produce, and to use imports to ensure yearround supplies of seasonal foods.",NA,"410",NA
"It is essential that Australia’s quarantine and inspection services receive sufficient funding and support to counter any pest or disease threats which imports may pose, and to ensure that our products being exported are of the highest standard and meet the requirements of our export markets.",NA,"406",NA
"Only The Nationals can ensure that regional Australia receives its fair share of the benefits generated by our export industries, and that the regions are provided with the infrastructure and services necessary for these export industries to grow and prosper.",NA,"410",NA
"We will fight to ensure better access to international markets for our farmers, manufacturers, miners and service providers.",NA,"406",NA
"We will ensure that our quarantine services are properly resourced to protect Australia’s disease-free status.",NA,"407",NA
"Labor’s Record",NA,NA,NA
"Under Labor, government support for our regional export industries has been slashed.",NA,"406",NA
"Export assistance grants have been under-funded and funding reduced to TradeStart regional offices.",NA,"407",NA
"The number of inspections on imported goods has also been slashed.",NA,"407",NA
"Quarantine inspection fees faced by agricultural exporters have increased by $40 million a year.",NA,"407",NA
"Labor terminated The Nationals’ plan to provide highspeed broadband to regional Australia by 2010, leaving our regional exporters without access to this vital business tool.",NA,"407",NA
"New spending on roads, rail and ports ground to a halt, as Labor investigated, consulted, inquired – and postponed.",NA,"411",NA
"Labor’s economic mismanagement and procrastination are costing regional Australia’s exporters dearly, and its close relationship with the unions undermines the efficiency of our wharves and other points of export.",NA,"702",NA
"The results are a less competitive export sector, greater reliance on imports, higher prices, higher debt and higher taxes for all Australians.",NA,"407",NA
"Our Plan for Building Stronger Regional Economies and a Stronger Australia",NA,NA,NA
"KEY POINTS",NA,NA,NA
"New incentives for exporters",NA,"407",NA
"New Ambassador for Trade Reform",NA,"410",NA
"Regional centres network to support new exporters",NA,"410",NA
"Trade Representatives for  manufacturing and service industries",NA,"407",NA
"Provide certainty of payment under Export Market Development Grants",NA,"407",NA
"Protect Australia’s disease free status",NA,"407",NA
"Support for Exporters",NA,NA,NA
"The Nationals will stimulate new investment and new export jobs in regional Australia.",NA,"402",NA
"We will introduce new targeted incentives for exporters and provide certainty in existing programs to support regional businesses.",NA,"402",NA
"Our industrial relations policies will ensure that maximum efficiency is maintained on the waterfront and other areas of frontline export activity.",NA,"402",NA
"We will provide the infrastructure support – road, rail, ports and telecommunications – to enable our regions to compete on fair terms with city-based businesses.",NA,"411",NA
"We will ensure that Australian businesses can compete fairly against imports, and we will ensure that Australia’s disease-free status is protected.",NA,"406",NA
"New Markets",NA,NA,NA
"In the international arena, The Nationals will pursue a policy based on multilateral and bilateral trade negotiations and trade promotion.",NA,"407",NA
"We will pursue an ambitious outcome to the Doha Round of World Trade Organisation negotiations – one which delivers genuine new commercial opportunities for our farm, mining, manufacturing and service sectors.",NA,"407",NA
"We will use the WTO dispute settlement system aggressively, to remove barriers to Australian exports, and to ensure that international trade rules are open, fair and enforceable.",NA,"407",NA
"We will establish the senior position of Ambassador for Trade Reform to promote further trade reform internationally.",NA,"407",NA
"We will maintain the position of Trade Representative for Australia’s agricultural industries, and will establish two new roles: Trade Representative for Australia’s manufacturing industries, and Trade Representative for Australia’s service industries.",NA,"407",NA
"Free Trade Agreements",NA,NA,NA
"The Nationals will continue to negotiate Free Trade Agreements with our major trading partners and will seek opportunities for regional agreements, but only where substantial additional commercial benefits to Australia can be demonstrated – and achieved.",NA,"407",NA
"We will restore the effort to complete ambitious and comprehensive new Free Trade Agreements with our biggest trading partners including China, Japan, Korea, India and the Gulf Co-operation Council.",NA,"407",NA
"Industry Support",NA,NA,NA
"The Nationals will develop a new regional centres network to provide quick and efficient support for new exporting industries, particularly the services industry.",NA,"410",NA
"We will increase funding for the Export Markets Development Grants scheme and provide certainty of payment.",NA,"406",NA
"We will introduce new programs to increase Australia’s services exports, to assist niche export sectors to compete in global supply chains, and to increase food and beverage export sales in key markets.",NA,"406",NA
"The Nationals will reduce the cost of quarantine export inspections by reintroducing the 40 per cent costsharing arrangement for export inspection services.",NA,"406",NA
"We will ensure that our quarantine authorities receive the funding necessary to protect Australia from introduced pests and diseases.",NA,"407",NA
"Our import risk assessment process will continue to be based on sound science, but we will not take reckless risks – as Labor has done – with our nation’s priceless pest and disease free status.",NA,"407",NA
"Conclusion",NA,NA,NA
"The Nationals have a proud record of achieving results for exporting businesses in regional Australia.",NA,"410",NA
"We will not stand by while Labor trashes both that achievement and the future prosperity of regional Australia.",NA,"410",NA
"OUR PLAN FOR SOCIAL JUSTICE",NA,NA,NA
"A Fair Go for All Australians",NA,NA,NA
"Introduction",NA,NA,NA
"The Nationals’ philosophy calls for a fair go for all Australians.",NA,"503",NA
"Our goal is a fair and just Australia. We will treat all Australians equally, give everyone the opportunity to participate in our community to the extent of their abilities and capacity, and provide access to quality medical services, education and aged care.",NA,"503",NA
"Our focus for 90 years has been on providing for those Australians outside the major capital cities, but our belief in social justice applies equally to all Australians.",NA,"503",NA
"As The Nationals represent some of the most disadvantaged electorates in the country, the plight of our seniors, carers, those with a disability, our indigenous population and others who are underprivileged is our core concern.",NA,"503",NA
"Our commitment to social justice is the foundation of all of our policies.",NA,"503",NA
"Labor’s Record",NA,NA,NA
"Labor has failed in health, in education, and in caring for our youth, the elderly and the disabled.",NA,"504",NA
"Most of all, Labor has failed in managing the economy, leaving a massive debt.",NA,"414",NA
"Rather than building new hospitals and new aged care facilities, we will now be paying interest to international lenders.",NA,"503",NA
"Labor fails to understand that it is only sound economic management that allows the delivery of social services and support for the needy.",NA,"414",NA
"Labor has particularly failed Regional Australia.",NA,"503",NA
"Community support programs like Regional Partnerships have been axed and not replaced.",NA,"503",NA
"The cities receive more health dollars per head than the regions.",NA,"503",NA
"Changes to the youth allowance disadvantaged regional students.",NA,"503",NA
"Mental health issues have not been addressed.",NA,"503",NA
"Regional Australians suffer higher rates of disease, more injuries and higher mortality rates.",NA,"503",NA
"The Nationals took major steps to reduce inequities when last in government.",NA,"503",NA
"However, Labor has now undone much of that work.",NA,"503",NA
"Labor will always provide city-centric government and Regional Australians will always be the poorer for it.",NA,"503",NA
"Our Plan for a Fair Go for all Australians",NA,NA,NA
"KEY POINTS",NA,NA,NA
"Quality affordable health care and education",NA,"504",NA
"Care for the disabled",NA,"705",NA
"Recognise the contribution of seniors",NA,"706",NA
"Address the special needs of indigenous Australians",NA,"706",NA
"A fair and accessible legal system",NA,"503",NA
"Caring for fellow Australians",NA,NA,NA
"One of The Nationals’ core values is to provide security for Australian communities and their families through the preservation of decent health, safety, social and economic welfare standards.  The Nationals believe in:",NA,"504",NA
"Reasonable access to quality, affordable health care and education for all Australians, regardless of their location and personal circumstances.",NA,"504",NA
"Improved support services for those with a disability and their carers to better meet the needs of disabled people and their family carers.",NA,"705",NA
"The Nationals will provide greater support for community groups engaged in the provision of accommodation to provide accommodation on a long term sustainable basis.",NA,"705",NA
"Provision of programs to assist those parents with disabled children to plan for their future, including greater support from Government through arrangements such as taxation offsets and disability trusts.",NA,"705",NA
"Provision of resources to public and private education facilities to meet the needs of disabled students to enable them to reach their full potential.",NA,"705",NA
"Ensuring that there are sufficient accommodation places and support to meet the needs of all ageing people with a disability who require such a placement.",NA,"705",NA
"Providing resources so that young people who require 24 hour care have separate specialised accommodation, rather than being placed in nursing homes for the aged.",NA,"705",NA
"Upholding the rights of indigenous Australians and recognising their special needs through properly resourced programs directed to promoting self help, self respect, education and job creation.",NA,"706",NA
"Adequate funding of law enforcement and counselling services specifically directed to personal security and to overcoming domestic violence and alcohol and drug abuse.",NA,"504",NA
"Increased funding to combat youth mental health issues and to support better relationships between child and adolescent mental health services and adult mental health services.",NA,"504",NA
"Ensuring that programs directed to the care and welfare of children provides men and women with the choice of either seeking childcare outside the home or within the home.",NA,"504",NA
"Recognising Australian Seniors",NA,NA,NA
"The Nationals recognise the contribution that seniors have made and continue to make to our nation.",NA,"706",NA
"We believe in improving the quality of life for all senior Australians, including self funded retirees, with better access to health and aged care facilities and a fair pension rate.",NA,"706",NA
"Senior Australians make a valuable economic contribution to the workforce and should be recognised as a benefit – not a cost. The Nationals will:",NA,"706",NA
"Make changes necessary to legislation on income support policies, tax structures, rules for part pensions, and any issue that would preclude ageing men and women from participating in the workforce.",NA,"706",NA
"Change legislation to allow workers to contribute to their superannuation after age 75 and to require employers to contribute the 9 per cent superannuation guarantee to workers aged above 70 years.",NA,"706",NA
"Develop and implement a communications campaign to positively highlight the benefits of seniors in the workforce and the contributions of seniors to Australian, in order to educate the community on the positive contributions, rather than the costs, of senior Australians.",NA,"706",NA
"A fair and accessible legal system",NA,NA,NA
"The Nationals are determined to eliminate the divide between those living in and those living outside major capital cities, including any limitation in access to a fair legal system that respects the rights and responsibilities of all Australians.  The Nationals are committed to:",NA,"503",NA
"Ensuring the legal system is accessible to all Australians regardless of their circumstances.",NA,"503",NA
"Reviewing the family law and child support system to ensure that the interests of children are paramount.",NA,"503",NA
"Removing any discrimination against sexual preference",NA,"503",NA
"while maintaining the sanctity of marriage between a man and woman.",NA,"603",NA
"Conclusion",NA,NA,NA
"The Nationals’ policies demand a fair go for all Australians.",NA,"503",NA
"In particular, we will seek a fair balance between the major capital cities and regions.",NA,"503",NA
"Social justice will maintain its priority in our core values and beliefs, incorporating:",NA,"503",NA
"Strong representation of our local communities and the delivery of real results on the issues that effect their lives and lifestyles.",NA,"601",NA
"Security for our communities and their families, through the preservation of decent health, safety, social and economic welfare standards.",NA,"504",NA
"Individual achievement, the importance of free choice and a fair go, reward for private enterprise, and the benefits of new investment and wealth generation.",NA,"401",NA
