"text","text_en","cmp_code","eu_code"
"Defence and Border Protection– SELF-DETERMINATION, SAFETY, CHECKS-AND-BALANCES",NA,NA,NA
"The federal government must assure the defence and security of this nation and its people",NA,"104",NA
"This core responsibility of government is one where Australians rightly expect that what needs to be done will be done, and that appropriate funding will be available.",NA,"104",NA
"Australia’s defence force, customs and quarantine protection require strategic forward-planning to keep pace with emerging trends and new threats",NA,"104",NA
"They also need rigorous and prudent ﬁnancial management.",NA,"104",NA
"Our defence forces must maintain combat readiness and our serving men and women must be equipped with state-of-the-art technology and logistical support",NA,"104",NA
"Their goals must be realistic, enhance our defence capabilities and be geared to tangible results in our national interest.",NA,"104",NA
"For example, the effective location of defence facilities across regional Australia is vital to any comprehensive defence strategy, both for the nation and for its regional development",NA,"104",NA
"The timely deployment of personnel and resources to military hot spots – globally, in our region and domestically – also requires a signiﬁcant presence in regional Australia.",NA,"104",NA
"The Nationals, therefore, support the retention of existing defence facilities in regional areas",NA,"104",NA
"In fact, to better serve Australia’s defence interests, we will move to identify those defence facilities currently in major population centres that can be decentralised, and to house as many personnel as possible in regional areas of Australia.",NA,"301",NA
"Protecting our borders extends beyond military considerations",NA,"601",NA
"Regional Australians know that our singular pest and disease-free status is crucial to the productive capacity and marketing of our food and ﬁbre domestic and export industries.",NA,"601",NA
"Labor’s disgraceful abandonment of sound science-based quarantine and biosecurity safeguards and reduced resourcing is alarming",NA,"601",NA
"This neglect is reﬂected in Labor’s approach to securing our borders against illicit drugs, illegal ﬁshing crews and people smuggling.",NA,"601",NA
"Our Plan",NA,NA,NA
"Defence",NA,NA,NA
"The Nationals’ defence force strategy combines several initiatives to provide our military and allied personnel with the equipment and support necessary for a strong, cohesive and well-coordinated military.",NA,"104",NA
"We will ensure that Australia’s defence procurement program targets sufﬁcient resources to modernise military equipment, in consultation with serving personnel and other expert input.",NA,"104",NA
"Resources will be directed to the appropriate maintenance of existing equipment, and the decommissioning of equipment and facilities which have reached their use-by date",NA,"104",NA
"We will rationalise the resources allocated to the civil side of defence, redirecting the savings to frontline readiness to ensure our on-theground military capabilities are maximised.",NA,"104",NA
"Training facilities, including the Australian Defence Force Academy and the Royal Military College Duntroon, will be given high priority in the defence budget.",NA,"104",NA
"Once-and-for-all we will provide ﬁtting recognition of the service of our military and their families",NA,"104",NA
"With Australian forces deployed in many active theatres, support services for the injured and those who may not return at all must match the sentiments of a grateful nation",NA,"104",NA
"The military, and their families, are entitled to expect nothing less and must be guaranteed peace of mind.",NA,"104",NA
"We will support the needs of ex-service personnel and, in particular, provide appropriate health services, access to facilities and appropriate pensions for those that have been physically or psychologically injured in the service of the nation",NA,"104",NA
"This must ensure for them a standard of living based on that which, as much as possible, would apply had they not been injured.",NA,"104",NA
"We will increase the number of defence establishments and housing in regional areas to facilitate rapid deployment as needs arise.",NA,"104",NA
"The Australian Defence Force is a major employer of men and women in the regions",NA,"104",NA
"We will champion more women in pursuing careers in the defence forces, and work towards a more supportive culture for their advancement.",NA,"104",NA
"We will establish a Defence Industry Advocate to assist the Australian defence forces in their dealings with the Defence Minister’s ofﬁce.",NA,"104",NA
"We will provide additional support for the successful Australian Defence Force Gap Year Program.",NA,"104",NA
"Border protection",NA,NA,NA
"Our traditional ideals of national security, protection from organised crime, and a robust and orderly immigration regime are increasingly under siege.",NA,"601",NA
"The Australian Customs and Border Protection Service, with elements of the defence forces, provide the frontline in restoring and maintaining the integrity of our borders.",NA,"601",NA
"The Nationals will restore trust in the integrity of our border protection system by providing necessary additional equipment and personnel.",NA,"601",NA
"We commit to the re-introduction of Temporary Protection Visas and to the continuation of the Australian-funded and operated detention centre on Nauru to process arrivals and deter illegal immigration in the future.",NA,"601",NA
"We will ensure that Navy and Customs personnel have the right modern equipment to turn boats around where it is safe to do so and stop illegal entry into Australia",NA,"601",NA
"We must defeat unscrupulous people smugglers.",NA,"605",NA
"A major review of the structure of border protection services will ensure that resources at the bureaucratic level are streamlined to maximise frontline resources and effort.",NA,"303",NA
"We will increase cargo screening at ports and airports, allowing greater scrutiny over more of our air and sea cargo",NA,"601",NA
"There will be more screening and inspections to detect the illicit goods which threaten our communities and especially our regional industries, such as agriculture.",NA,"601",NA
"Economy and Taxation–REINVESTING IN REGIONAL AUSTRALIA",NA,NA,NA
"The Nationals’ highest priority is to rebuild a strong economy, restore conﬁdence and usher in a new era of growth, prosperity and opportunity in Australia’s regions.",NA,"410",NA
"Strong economic management means lower taxes and downward pressure on interest rates.",NA,"402",NA
"It means more funds to invest in health and education, national security and productivity spurring infrastructure.",NA,"410",NA
"Debt and deﬁcit spending rob future generations of autonomy and diminish living standards, especially if the money is not invested in productive economic infrastructure.",NA,"410",NA
"Our core belief is that private enterprise is the foundation of the nation’s economy, based on a fair and equitable taxation system that guards against disadvantage for those living and working in regional Australia.",NA,"401",NA
"Our Plan",NA,NA,NA
"Moving from Opposition we face a familiar challenge",NA,"414",NA
"In 1996 we inherited $96 billion of Labor debt and paid it off",NA,"414",NA
"It was a long, hard road to recovery but, together as a community, we got through it",NA,"414",NA
"In 2007 Labor inherited a $20 billion budget surplus and $70 billion in the bank",NA,"414",NA
"Labor boasted it would deliver a $22 billion surplus the following ﬁnancial year",NA,"414",NA
"In fact, Labor delivered a $27 billion deﬁcit",NA,"414",NA
"It followed with cumulative budget deﬁcits of a record $174 billion.",NA,"414",NA
"The Nationals have continually called on Labor to outline a credible plan to repay debt, which is mounting to the tune of $100 million each and every day",NA,"414",NA
"However, Labor has been incapable of doing this",NA,"414",NA
"The Nationals are committed to returning the Federal Budget to a real surplus and beginning to repay the mammoth debt accumulated by Labor.",NA,"414",NA
"What business – big and small – needs to return to a positive outlook that promotes investment, expansion and growth, is a government committed to sound ﬁscal management",NA,"410",NA
"That’s also a recipe for more jobs, better jobs and job security to give working families conﬁdence.",NA,"410",NA
"We will ensure that in recognising what savings need to be made it is understood that regional Australia is the generator of Australia’s real wealth, and regional recovery is fundamental to restoring economic growth and prosperity.",NA,"410",NA
"Lower taxes, reduced spending and downward pressure on interest rates are in The Nationals’ DNA – priorities that come about for all the right reasons",NA,"402",NA
"Australians, especially those in the regions, are struggling under mounting cost of living pressures, while business and consumer conﬁdence are at rock bottom.",NA,"402",NA
"Carbon and mining taxes",NA,NA,NA
"Adding to the woes for families and business are the almost daily announcements of more jobs being shed",NA,"402",NA
"People, already under pressure, have the added burdened of Labor’s ever-growing carbon tax – the biggest in the world.",NA,"402",NA
"This economy-wide, job-destroying, conﬁdence-sapping carbon tax is a dead weight around the necks of every business, worker, farmer, senior and family… and all for no environmental gain.",NA,"402",NA
"We are opposed to it and, in government, we will repeal it",NA,"402",NA
"An economic environment conducive to wealth creation, productivity growth and job creation are all cornerstones of Nationals philosophy and policy.",NA,"402",NA
"We will also repeal Labor’s mining tax given the negative impact it will have on Australian families, jobs, regional communities, superannuation savings, the economy and the international competitiveness of this vital Australian industry.",NA,"402",NA
"Wealth for the regions",NA,NA,NA
"When wealth is generated in a region a fair share of the resulting government revenue should be returned to that region and to regional Australia more generally.",NA,"301",NA
"The Nationals’ Western Australian Royalties for Regions policy is based on that equity principle, as is The Nationals’ Victorian Regional Growth Fund and The Nationals’ New South Wales Restart NSW Fund.",NA,"301",NA
"At the federal level, we will ensure that a share of Petroleum Resource Rent Tax from offshore oil and gas developments is applied directly to regional Australia.",NA,"301",NA
"The Nationals also advocate fairness in spending",NA,"301",NA
"Residents in the capital cities see a much larger proportion of their taxation dollar spent on services in their communities than do those living in the regions.",NA,"301",NA
"We will support the creation of a substantial Regional Fair Share Fund over four years with funding to be made available for:",NA,"301",NA
"Projects approved by Regional Development Australia Boards with matching contributions from state, territory and local governments;  and",NA,"301",NA
"Local community infrastructure projects.",NA,"301",NA
"Zonal taxation",NA,NA,NA
"The Nationals support increased zone tax allowances",NA,"402",NA
"We propose a trial scheme of ﬁve speciﬁed local government areas.",NA,"402",NA
"These trial areas will be selected for their potential to create sustainable economic development and growth, link with existing transport corridors and encourage development over a broader area, reduce welfare dependency in remote areas and their capacity to contribute a saving to the budget and reduce indigenous disadvantage.",NA,"402",NA
"Review of these taxation allowances may lead to them being replaced with a new system that provides an increased allowance to those living in the most remote locations.",NA,"402",NA
"Personal tax reform",NA,NA,NA
"Dissatisfaction with the complexity and unfairness of the present personal taxation system is endemic",NA,"402",NA
"Reform should not be neglected on the basis that it is just too hard to ﬁx.",NA,"402",NA
"The Nationals will review the system to afford fairness to all citizens and, in particular, ensuring there is no disadvantage to those on lower incomes and pensions.",NA,"402",NA
"In particular, The Nationals will continue to pursue lower marginal tax levels for individuals.",NA,"402",NA
"In government, as part of the review of the taxation system, we will evaluate the beneﬁt and impact of tax deductibility for childcare, noting that this measure would likely assist productivity and boost female participation in the workforce.",NA,"402",NA
"We will call on the Australian Tax Ofﬁce to review the withholding rate for individuals with multiple jobs.",NA,"402",NA
"In order to provide certainty and stability in superannuation, The Nationals in government will not make any unexpected detrimental changes to the superannuation system.",NA,"402",NA
"Tax incentives for growth",NA,NA,NA
"We also recognise the role regional areas can, and must, play in overcoming Australia’s national challenges",NA,"402",NA
"Unless we, as a nation, can bring businesses and people to regional cities and develop new commercial hubs, the projected 36 million people who will call Australia home by 2050 will grind our cities into gridlock",NA,"402",NA
"Governments cannot force citizens to move to regional areas, but they can create the business case for start-up or relocating commercial operations with the help of innovative tax breaks",NA,"402",NA
"People will follow worthwhile employment opportunities for themselves and their families.",NA,"402",NA
"The government can take the lead by relocating government departments and agencies to regional centres.",NA,"301",NA
"The Nationals will ensure that taxes and charges imposed by the federal government do not disadvantage regional businesses, compared to their international competitors.",NA,"402",NA
"The Nationals support changes to tax law whereby all capital gains produced through compulsory company takeovers will be taxed at the 50% discounted Capital Gains Tax rate, irrespective of how long the shares have been held.",NA,"402",NA
"In government we will review the thresholds used to determine whether Capital Gains Tax is payable in the case of intergenerational transfer of farming land from parents to descendants, with the purpose of making such transfers CGT free.",NA,"402",NA
"We will examine ways to support tax incentives for tourism development and the refurbishment of tourist facilities in regional Australia.",NA,"410",NA
"The Nationals consider 4WD vehicles are ‘tools of trade’ for remote rural property owners and rural service providers, not luxury cars, and consider they should be exempted from the luxury tax.",NA,"402",NA
"We note that there is inequity in the current GST distribution formula",NA,"402",NA
"In government, we will review the present funding to see whether a fairer GST arrangement is deliverable, while making sure that the states and territories are not unfairly penalised for the incidence and application of their own taxes and royalties.",NA,"402",NA
"Taxation treatment of water infrastructure",NA,NA,NA
"The Nationals in government will re-introduce full tax deductibility for water infrastructure expenses in the ﬁnancial year following that in which the cost was incurred.",NA,"402",NA
"Domestic relocation",NA,NA,NA
"Overwhelmingly, the majority of unemployed Australians live in our capital cities",NA,"301",NA
"Government policies should enable them to move to jobs in regional areas.",NA,"301",NA
"The drought, global economic downturn and ﬂoods have masked a critical workforce shortage across regional Australia",NA,"301",NA
"In agricultural alone around 100,000 jobs – some 80,000 skilled jobs and 22,000 entry-level positions – will remain unﬁlled as farm production kicks back into full gear.",NA,"301",NA
"Young, mobile welfare recipients who refuse to take up gainful employment in the regions should not expect to continue to receive those beneﬁts",NA,"301",NA
"Welfare and disability reforms must take account of the opportunities in the regions and the great lifestyles that are available.",NA,"301",NA
"Removing impediments to regional living is another essential part of the equation for getting more people into regional areas.",NA,"301",NA
"The Nationals will seek to deliver equity of services, with transport, communications and hard and soft infrastructure in the regions being made comparable with those in the capital cities.",NA,"301",NA
"Bonded migration & visas",NA,NA,NA
"In addition to getting more Australians into the regions, tying new migrants to regional locations experiencing skilled and non-skilled labour shortages can help ﬁll the gaps.",NA,"000",NA
"This is not a new idea",NA,"000",NA
"Under the Medical Rural Bonded Scholarship Scheme, doctors are required to live and work in rural areas for a minimum of ﬁve years.",NA,"000",NA
"The Nationals in government will support the removal of the cap on ‘Other Family’ visas, from 750 per annum and will restore the previous cap of 2,500 per annum.",NA,"000",NA
"Infrastructure bonds",NA,NA,NA
"The Nationals support the introduction of an Infrastructure Partnerships Scheme to provide targeted tax concessions to infrastructure projects of national signiﬁcance helping to attract some of the $1.4 trillion Australians have invested in superannuation.",NA,"402",NA
"Workplace relations",NA,NA,NA
"The Nationals will promote a ﬂexible and fair workplace relations system, which takes account of the special circumstances and often seasonal needs of regional businesses.",NA,"701",NA
"Small Business Action Plan",NA,NA,NA
"The Nationals don’t just talk about tax relief, they will deliver it, especially to the engine room of our national economy – small business, suffering under Australia’s two-speed economy",NA,"402",NA
"Two years ago we began formulating our tax relief response for small businesses caught out by global economic ﬂuctuations",NA,"402",NA
"Our Small Business Action Plan supports tax loss carry-back, allowing businesses to offset operating losses and retain staff by claiming back taxes paid over the last three years.",NA,"402",NA
"Under our plan, this provision is available for losses up to a $100,000 limit, giving speciﬁc tax relief to struggling small businesses.",NA,"402",NA
"The Australian Securities and Investments Commission (ASIC) will be required to review the Corporations Act 2001 and related industry codes, so that liquidators are prevented from taking day-to-day management of a family-owned farm where a ﬁnancial institution forecloses on that property.",NA,"402",NA
"The Nationals in government will ensure that the recommendations from the Senate Economics References Committee inquiry into the post-GFC banking sector are fully evaluated with the aim of having them adopted.",NA,"402",NA
"This will include an additional Nationals’ recommendation that the Australian Bankers Association consider an industry standard, whereby its members are required to act in the best interests of the client generally and capping penalty (default) interest rates at no more than 50% higher than the interest rate of the loan.",NA,"402",NA
"Mortgage insurance",NA,NA,NA
"The Nationals support Lenders Mortgage Insurance in its current form as a protection of home ownership by ensuring fair and equitable access to home loans, particularly in rural and regional Australia.",NA,"403",NA
"The Nationals support mechanisms to increase the transparency and portability of mortgage insurance.",NA,"403",NA
"This scheme includes a compulsory fact sheet outlining options available to borrowers prior to them signing loan agreements and a compulsory refund schedule for those borrowers wishing to switch lenders.",NA,"403",NA
"We will also increase competition in the banking sector through mutual ﬁnancial institutions.",NA,"403",NA
"National disaster fund",NA,NA,NA
"The Nationals will establish a National Disaster Fund that is managed and administered independently of the federal government",NA,"403",NA
"The fund will be initially established through the Budget process and separately accounted for.",NA,"403",NA
"Flood insurance",NA,NA,NA
"The Nationals will require that insurance companies have a clear and uniform",NA,"403",NA
"Education– ACCESS TO 21ST CENTURY LEARNING NO MATTER WHERE YOU LIVE",NA,NA,NA
"A world-class education is the birthright of every Australian and a vital investment in the people, opportunities and prosperity of our nation.",NA,"506",NA
"Parents want to give their children the best possible education",NA,"506",NA
"The Nationals believe that from pre-school to university the highest standards and equality of access to lifelong learning are fundamental for all Australians regardless of where they live.",NA,"506",NA
"State and federal governments must work together to meet the nation’s education needs",NA,"506",NA
"They must eliminate duplication in administering programs to ensure resources are focused on classroom needs, to deliver equitable education opportunities for all, to ensure that teachers have the support and materials to do their job.",NA,"506",NA
"The Nationals helped pioneer government funding for independent schools and we continue to support parents’ right to educate their children at the school of their choice.",NA,"506",NA
"No child should be disadvantaged because of choice of school or geographical location",NA,"506",NA
"The Nationals will ensure an equitable split of funding between public and private schools regardless of their location.",NA,"506",NA
"We recognise that Australia’s geography and demography pose hefty challenges for regional families",NA,"506",NA
"While country schools often provide a rich and productive educational experience, particularly in the early years, access to quality education becomes increasingly difﬁcult for secondary and tertiary students from regional areas.",NA,"506",NA
"These students are less likely to complete Year 12 than their metropolitan counterparts, and are signiﬁcantly under-represented in tertiary education.",NA,"506",NA
"Despite comprising more than 30% of Australia’s population, only 17% of university students come from regional areas, and regional Australians are much less likely to hold a tertiary qualiﬁcation.",NA,"506",NA
"The Nationals will encourage regional students to complete Year 12 and support them in doing so when they move away from home to higher education.",NA,"506",NA
"Once students reach the tertiary level, the current education system does not provide the same opportunities to students from regional areas.",NA,"506",NA
"The Nationals advocate policy solutions to assist students from regional areas in achieving their full potential, so they will return to regional Australia and apply their acquired skills and knowledge.",NA,"506",NA
"The Nationals’ approach is to work closely with local school communities, not lock them out, to ensure regional communities remain active participants in the educational outcomes of their young people.",NA,"506",NA
"Our Plan",NA,NA,NA
"Regional Education Revival",NA,NA,NA
"The Nationals’ Regional Education Revival uses 21st century tools to provide a 21st century learning experience in regional Australia",NA,"506",NA
"We will partner with the states, territories and local communities to transform the delivery of regional education.",NA,"506",NA
"We acknowledge that more needs to be done to address the shortage of skills and labour in the agricultural sector and, in particular, will put agriculture, forestry and horticulture back on the National Skills Needs List, which Labor removed.",NA,"506",NA
"This list identiﬁes trades and occupations considered to have shortages, and offers ﬁnancial incentives to those who pursue these careers",NA,"506",NA
"In addition, we will put in place an Agricultural Apprenticeship system to help address the shortage of labour, provide employment opportunities for young people and keep regional communities alive.",NA,"506",NA
"We will identify, train and equip outstanding teachers and use the internet to make them available in every regional classroom.",NA,"506",NA
"We will allow school principals to lead, and delegate to them and school councils, funding responsibility and accountability",NA,"506",NA
"We will encourage creativity, problem solving and teamwork while retaining a core emphasis on numeracy and literacy",NA,"506",NA
"We will provide students with the skill sets that employers need.",NA,"506",NA
"Only The Nationals provide the vision and leadership to bring quality education to regional Australia.",NA,"506",NA
"Equity in educational opportunity",NA,NA,NA
"The core plank of our education policy must be that all Australians can access learning opportunities no matter where they live",NA,"506",NA
"Therefore, special measures are required to enable people living in regional and remote areas to share in that access.",NA,"506",NA
"A new Regional Education Fund will ensure that the key issues of equity and access to educational opportunities for regional students are addressed",NA,"506",NA
"Under Labor, the gap between regional students and city students has been exacerbated",NA,"506",NA
"The Nationals will ensure that barriers to excellence in education are removed for regional students.",NA,"506",NA
"Youth allowance",NA,NA,NA
"It was The Nationals who forced Labor to wind back the 2009 Federal Budget changes that disadvantaged regional families.",NA,"706",NA
"Labor’s changes to the eligibility criteria meant that Independent Youth Allowance was not available to students living in inner regional zones of the ASGC-RA map unless they had worked an average of 30 hours per week for 18 months in a two-year period.",NA,"706",NA
"This work test was patently unrealistic given the limited availability of jobs in small regional centres, and the requirement to potentially defer university for two years",NA,"706",NA
"We insisted that income tests were unreasonable, given the additional costs faced by regional families with children at university.",NA,"706",NA
"To address the real costs of living away from home for education, The Nationals propose a new, targeted, rural and regional program to assist regional students who cannot stay at home with their parents while they pursue further study.",NA,"706",NA
"A key part of this plan will be a new Tertiary Access Allowance",NA,"706",NA
"All students for whom public transport is not reasonably available within 90 minutes of their place of study will be eligible for the Tertiary Access Allowance",NA,"706",NA
"The new allowance will replace the current relocation allowance and, in most instances, the Independent Youth Allowance",NA,"706",NA
"The Tertiary Access Allowance will not be means tested.",NA,"706",NA
"Recognising the beneﬁt that regional universities provide for both students and local communities, The Nationals will assist universities to establish more residential-hall style accommodation dedicated speciﬁcally for use by regional students.",NA,"706",NA
"The Nationals will seek to implement study support for students studying at regional institutions including the development and implement of an annual low interest loan scheme for students who choose to study at a regional education institution, as part of our plan to attract young people to regional areas.",NA,"706",NA
"The Nationals will remove the $150,000 parental income test for regional students applying for the independent youth allowance.",NA,"706",NA
"Family reunion travel pass",NA,NA,NA
"In recognition of children studying far from home, and to help maintain contact between families, The Nationals support establishing a nationwide family reunion travel pass, providing free public transport for students returning home for family visits.",NA,"706",NA
"Early childhood education & home tutors",NA,NA,NA
"We will also work with the Isolated Children’s Parent’s Association to introduce early childhood programs to ensure all children have access to affordable, high quality early childhood education.",NA,"506",NA
"We recognise the contribution home tutors make to children’s education, especially in the regions, and will introduce a Home Tutor Allowance in recognition of the role Home Tutors play in delivering distance education to children in remote communities with no ﬁnancial remuneration for the work they do;",NA,"506",NA
"The Nationals will extend the annual Distance Education Allowance (under the Assistance for Isolated Children Scheme) to remote families with pre-school aged children so that they can access early childhood distance education programs.",NA,"506",NA
"Isolated Children’s’ Allowance",NA,NA,NA
"The Nationals will also support an increase to the Assistance for Isolated Children’s’ Allowance, and ensure that it is reviewed on a regular basis so that it can be adapted to changing needs.",NA,"706",NA
"School Term Hostels",NA,NA,NA
"The Nationals will re-introduce the ﬁve-year program for School Term Hostels and provide funding per student for capital works for School Term Hostels.",NA,"506",NA
"We will further support direct funding through the Priority Country Areas Program to eliminate the burden and delay of state government bureaucracy.",NA,"303",NA
"Improving the education network",NA,NA,NA
"Our young people hold the key to the future prosperity of regional Australia",NA,"506",NA
"Government support for public and private education is an investment in the future and we need to empower local school communities to develop local solutions to local problems.",NA,"506",NA
"Unlike Labor, we have conﬁdence that local school councils can deliver infrastructure projects in a timely and efﬁcient manner and with proper consideration of local factors",NA,"506",NA
"This was demonstrated under the previous Coalition Government’s ‘Investing in Our Schools’ program, which delivered more than 20,000 small infrastructure projects in schools.",NA,"506",NA
"The Nationals will ensure that local school communities have a direct say in the expenditure of any further funds provided by the federal government for infrastructure improvements.",NA,"506",NA
"An Australia-wide curriculum focused on ‘the three R’s’ and that includes citizenship, civics, lifestyle training and health, is essential",NA,"506",NA
"As part of this strategy, The Nationals in government will take into account the views expressed on the Federal Coalition Discussion Paper into Enhancing Online Safety for Children with target focuses of education and awareness of strategies in dealing with and coping with bullying.",NA,"506",NA
"We also support performance measures with a view to bringing those schools that are found to be falling behind up to the national standard through ﬁnancial and/or skills support",NA,"506",NA
"This curriculum to include the study of rural communities, their industries and culture in recognition of regional Australia’s integral role in Australian culture and prosperity.",NA,"506",NA
"National youth safety program",NA,NA,NA
"To help provide our young people with other necessary life skills, The Nationals will introduce a national youth safety program to give students basic ﬁrst aid competencies by Year 10 and to provide all students with a basic introduction to pre-driver education and training.",NA,"706",NA
"We will also provide opportunities for young people to receive drug, obesity and general health education.",NA,"706",NA
"Speech therapists in regional schools",NA,NA,NA
"Recognising the very real problem of lack of access to speech therapists in regional schools, The Nationals will work with state government education ministers and the education sector on the best way to deliver support to students and schools.",NA,"504",NA
"We will seek a federal-state agreement on funding speech therapists in all schools to ensure learning difﬁculties are detected and addressed early in a child’s education; and to consider the opportunities to address occupational therapy as well.",NA,"504",NA
"Attracting and retaining skilled educators",NA,NA,NA
"Attracting and retaining skilled educators in regional Australia is a perennial problem, one exacerbated by the states offering different pay rates to entice teachers to switch between states.",NA,"506",NA
"The Nationals support the development of a standardised national system of incentive payments that encourages qualiﬁed teachers to relocate to, or remain in, rural and regional locations.",NA,"506",NA
"Teacher shortages are a signiﬁcant issue",NA,"506",NA
"Factors contributing include isolation from other schools, lack of professional support, lack of coaching mentors, insufﬁcient access to quality learning, lack of housing and lack of local services.",NA,"506",NA
"Regional teachers need support to ensure equity is provided and The Nationals will seek to implement a Teacher Relocation Incentive Scheme to address these problems.",NA,"506",NA
"A Regional Teacher Network will be established to provide the linkage between teachers and communities in regional areas, designed to ensure teacher relocation is hassle free.",NA,"506",NA
"The Nationals’ initiative of Rural Teaching Schools is designed to address the lack of skilled educators in the regions and, via a fouryear pilot program, could lead to the creation of a federal government fund to establish permanent Rural Teaching Schools.",NA,"506",NA
"In addition, we support bonded scholarships for regional students to study in areas of skills shortage at university – with the proviso that, at the completion of their studies, they agree to return to an area of need for a ﬁxed period of three years.",NA,"506",NA
"Regional universities",NA,NA,NA
"Regional universities, and the regional campuses of city universities, play a valuable part in improving access to education for students in the regions",NA,"506",NA
"The Nationals support policies that encourage and support the universities to deliver services in regional communities.",NA,"506",NA
"The experience of attending university is much more than sitting in a lecture theatre",NA,"506",NA
"University councils should have the power to include, in setting their fees, an amount to cover a limited range of student services, particularly the sporting and recreational facilities that enhance the university experience.",NA,"506",NA
"The Nationals will provide ﬁnancial resources through a Faculty of Excellence Program for regional universities, to allow them to focus on particular areas of excellence to enhance the university’s reputation",NA,"506",NA
"In government, as part of our health policy, we will support the establishment of a new Murray Darling Medical School and invite proposals from other regionally based universities to establish rural medical schools in areas of rural need and shortage",NA,"506",NA
"To ensure better accountability and transparency, we will support naming those universities which do not meet the target of 25% of medical students from a rural background, and subsequently advise the sanctions applied in those cases.",NA,"506",NA
"The Nationals will introduce initiatives to assist Australian agriculture and mining schools, as well as universities, to obtain the resources and scientiﬁc and professional research skills they need.",NA,"506",NA
"We will facilitate collaboration between universities and industry, particularly in the area of agriculture and agribusiness, to ensure a sustainable workforce into the future",NA,"506",NA
"The Nationals will also work to establish an Agricultural Research Fund to ensure university research in this area is properly recognised and supported.",NA,"506",NA
"Vocational training",NA,NA,NA
"The Nationals also believe that a quality education is not dependent on attending university",NA,"411",NA
"Many regional students prefer vocational training and apprenticeships, and regional Australia needs skilled trades people.",NA,"411",NA
"We will provide the ﬁnancial incentives for young people to take up traineeships in the agricultural sector, on the same footing as other traineeships and apprenticeships, and will place tertiary-level agriculture and forestry courses in the National Priorities Category of the Students Contribution Band.",NA,"411",NA
"The Nationals will provide incentives for regional employers to give students work experience and gap year employment, to foster local career and job opportunities.",NA,"411",NA
"The waste of up to $5 billion on Labor’s school hall program could have paid for hundreds of thousands of apprenticeships",NA,"411",NA
"The Nationals will ensure that vocational training receives the attention it deserves to ensure that regional Australia gets the skilled workers it needs.",NA,"411",NA
"We will examine the feasibility of applying Adult Learning Australia policy to every Australian town with a population of more than 200 and is more than 80km from a TAFE or University campus.",NA,"411",NA
"The Community Learning Centre can operate as an access point for Higher Education and TAFE and for locals.",NA,"411",NA
"Students with special needs",NA,NA,NA
"The Nationals recognise how difﬁcult it can be for families with children with special needs to access education in regional areas, and will provide adequate resources for schools to provide support for these children.",NA,"506",NA
"We support a funding model that ties assistance for these students to the student; that is, when students relocate, the funding transfers with them.",NA,"506",NA
"The Nationals also support a funding model that treats students with special needs in non-government schools equally, and on the same basis, with children attending government schools.",NA,"506",NA
"We support measures to harmonise the treatment of these students across state borders to ensure their families are well supported in seeking the best possible educational outcomes for these children.",NA,"506",NA
"HECS bonding",NA,NA,NA
"Bonded scholarships have been introduced for medical students to attract new doctors to regional areas, and these schemes have produced positive results.",NA,"411",NA
"The Nationals will seek to introduce a scheme to refund the Higher Education Contribution Scheme (HECS) fees of graduates who work in regional areas of need and contribute to the economic development and social fabric of regional Australia.",NA,"301",NA
"We also support a review of HECS-HELP debt indexing and in relation to amount to be paid per annum, the possible application of a cap of 2% of the repayment income as determined by the Australian Tax Ofﬁce.",NA,"411",NA
"Ex-service organisation volunteers",NA,NA,NA
"We will work to reverse the Department of Veterans’ Affairs decision not to fund costs incurred by ex-service organisation volunteers attending training and information programs.",NA,"411",NA
"Environment– DIRECT ACTION ON CLIMATE CHANGE AND ENVIRONMENTAL PRIORITIES",NA,NA,NA
"The Nationals take a practical approach to environmental policy, insisting on a balance between economic, social and environmental considerations.",NA,"501",NA
"It is too often ignored that regional Australians live, work and are heavily invested in the natural environment around them",NA,"501",NA
"Their lifestyle and the vibrancies of their local communities are intrinsically linked to the health and wellbeing of natural resources and sound environmental management.",NA,"501",NA
"It is common sense",NA,"501",NA
"For example, we recognise that our farmers are, in fact, Australia’s frontline environmentalists",NA,"703",NA
"They occupy some 60% of Australia’s landmass and, as such, many of the environmental icons, ecological communities and endangered species we want to preserve as a broader community, are literally in farmers’ backyards.",NA,"703",NA
"The Nationals are focused on improving air quality, the sustainability of land, efﬁcient water-use, protection of our unique ﬂora and fauna, and preservation of the marine environment",NA,"501",NA
"Getting these right will ensure the prosperity and quality of life for future generations.",NA,"501",NA
"A key ingredient is workable partnerships between all levels of government, researchers and natural resource managers.",NA,"501",NA
"We know that there is much to learn from those who work our land, water and ocean resources.",NA,"501",NA
"Today’s food and ﬁbre producers know that the environment in which they operate is different from that faced by their grandparents, and will be different again for their grandchildren",NA,"501",NA
"They also know that knowledge is never complete, so there is always a need for continuous improvement and learning.",NA,"501",NA
"Successful environmental policy involves integrating responsible environmental management in all policy decisions",NA,"501",NA
"The Nationals’ approach to protection of the environment takes account of human and natural activities on our eco systems, quality of life and resource management.",NA,"501",NA
"We will not distort international trade or divert new investment to greenhouse emissions havens, but will encourage an orderly transition of the power generating industry to low emissions and carbon abatement and storage technology.",NA,"501",NA
"We support studies into the use of alternative based power generation systems, including nuclear energy",NA,"501",NA
"We will support practical land and water management, and encourage technologies, such as biofuels, that assist to help maintain clean air.",NA,"501",NA
"We will provide protection for our unique ﬂora and fauna and our oceans, while maintaining access for productive use",NA,"501",NA
"In government we will require that regular audits be conducted on the population of ﬂora and fauna considered endangered, so that updated ﬁgures of the increase or decrease in numbers can be used to make balanced decisions to be made on changes in protection measures.",NA,"501",NA
"The Nationals support the licensing of breeders of endangered native fauna, with a view to enhancing the protection of these species.",NA,"501",NA
"We will repeal Labor’s carbon tax, which is having a detrimental impact on the lives of regional Australians and will achieve no effective environmental outcomes.",NA,"501",NA
"Our Plan",NA,NA,NA
"The Nationals recognise that climate change is an urgent environmental priority and that a robust and realistic policy response is essential",NA,"501",NA
"However, climate change can only be successfully addressed in the overall context of environmental, economic and social good.",NA,"501",NA
"Those policies should be incentive-driven, not punitive.",NA,"501",NA
"Climate change",NA,NA,NA
"The Nationals support effective global programs to reduce greenhouse gas emissions and to insure against the risk of climate change",NA,"501",NA
"Wealthy industrialised countries like Australia must take a commensurate role in conjunction with the rest of the world in implementing a global response if we expect developing countries to contribute to the solution.",NA,"501",NA
"Therefore, we support an Australian objective of a 5% reduction in emissions below Year 2000 levels by 2020, with larger reductions dependent on a strong international agreement being reached",NA,"501",NA
"This means that Australia would reduce its emissions of greenhouse gases from 552.7 million tonnes of CO2-equivalent in 2000 to 525 million tonnes in 2020",NA,"501",NA
"The Nationals will ensure that this target is achieved without economic harm or loss of jobs, and by measures that themselves directly beneﬁt Australia.",NA,"501",NA
"The Nationals are preoccupied with our communities and workable solutions, not with mindless symbolism.",NA,"501",NA
"A carbon tax that weakens the Australian economy, drives up costs, creates unemployment and, ultimately, sees demand shift from Australia to higher polluting countries helps no-one",NA,"501",NA
"Worse than no climate impact, this would see a higher global carbon footprint while Australian businesses and families suffer.",NA,"501",NA
"Australia must play its part in addressing climate change issues",NA,"501",NA
"The necessary environmental outcomes can be achieved without buying and selling carbon credits and without a carbon tax.",NA,"501",NA
"Practical measures can be taken now, including:",NA,NA,NA
"Continuing to develop and use practical CO2 emissions reduction measures, such as soil carbon sequestration, the revegetation of marginal land, bio-char, clean coal technology, carbon capture and the use of algae;",NA,"501",NA
"Opening a voluntary carbon market to encourage the immediate recognition and involvement of individuals and communities, agriculture and business in sequestration, with bankable offsets;",NA,"501",NA
"Energy-saving initiatives in households, industry and transport to reduce emissions;",NA,"501",NA
"Incentives that spur demand for more energy-efﬁcient vehicles and the widespread use of alternative fuels;",NA,"501",NA
"Governments engaging the commercial building sector in improving the energy efﬁciency of city buildings and residential housing;",NA,"501",NA
"Incentives that provide for the innovative use of renewable energy, without forcing large increases in energy prices; and",NA,"501",NA
"The cost and allocation of renewable energy certiﬁcates to be borne by the direct beneﬁciaries.",NA,"501",NA
"These measures have the potential to deliver greater reductions in emissions than Labor’s carbon tax, without the massive economic cost and job losses",NA,"501",NA
"For example, Professor Ross Garnaut estimated that land restoration works on degraded arid and semi-arid rangelands could by themselves reduce Australian annual emissions by 250 million tonnes of CO2 – easily meeting the target of 5% reduction in emissions at 2000 levels by 2020",NA,"501",NA
"This would also provide a signiﬁcant increase in farm income for many land managers.",NA,"703",NA
"Upgrading the truck ﬂeet",NA,"501",NA
"We will provide incentives to upgrade the Australian truck ﬂeet to meet improved emission standards.",NA,"501",NA
"We aim to minimise the cost for pre-1995 truck owners and operators to encourage them to switch to more environmentally-friendly trucks.",NA,"501",NA
"Natural Resource Management",NA,NA,NA
"The Nationals recognise the importance of our natural resources and understand that local communities and individual property owners are often best placed to protect the natural environment",NA,"501",NA
"We will directly support catchment management and Landcare organisations",NA,"501",NA
"We will reinstate the funding lost by land and water management groups, such as Catchment Management Authorities (CMAs), due to poor policy decisions by Labor in government.",NA,"501",NA
"The current system is clearly ﬂawed, with the government demanding that CMAs apply national priorities to local projects, even where there is clearly no correlation.",NA,"501",NA
"We will work with local CMAs to determine the best outcomes and encourage local groups to determine their own projects within catchment plans",NA,"501",NA
"We will implement long-term funding based on local plans.",NA,"501",NA
"Given that we understand the importance of Landcare groups to local communities and value the 4,000 Landcare groups in Australia, we will reinstate support for the Landcare groups",NA,"501",NA
"We will the restore funding cut by the Labor Government.",NA,"501",NA
"Almost 40% of farmers were previously involved in Landcare organisations",NA,"501",NA
"We will also restore funding to the 56 Natural Resource Management regions to 2007 levels.",NA,"501",NA
"We support the adoption by landholders of a voluntary national land management certiﬁcation system to improve environmental and native animal welfare outcomes.",NA,"501",NA
"The Nationals will invest in re-plumbing regional Australia, working with farmers and local communities to invest in long-term water-saving infrastructure",NA,"501",NA
"We will review legislation so that environmental, socioeconomic and resource management considerations are all taken into account under a balanced approach.",NA,"501",NA
"We support properly managed, maintained and pest controlled National Parks",NA,"501",NA
"The Nationals will establish an Independent Commission through theCouncil of Australian Governments to instigate an inquiry into:",NA,"501",NA
"The management and expenditure of National Park agencies and the  outcomes; • The productivity of these agencies and outcomes; and • The impact and control of pests, including feral animals, on adjoining  properties.",NA,"501",NA
"The Nationals in government will require that wood waste burning  from sustainably managed forests be classiﬁed as a renewable energy  resource for the purposes of power generation.",NA,"501",NA
"We will also address the inequities created by the listing of the  Temperate Rainforest of subtropical Australia as an endangered  ecological community.",NA,"501",NA
"Marine environment",NA,NA,NA
"The ever-increasing use of our oceans for commercial and recreation  activities means that greater care must be taken to ensure these  delicate ecosystems are protected.",NA,"501",NA
"So that Australia can respond to threats to the marine environment  from pollution from ships, increased tourism, agricultural chemicals,  and illegal ﬁshing, The Nationals will ensure that regulatory, research  and voluntary organisations are adequately funded and co-ordinated.",NA,"501",NA
"This undertaking includes strengthening the role of the Marine  Environment Protection Association established by the Coalition  Government in November 1999",NA,"501",NA
"The Nationals will introduce legislation to make it mandatory for ships in  Australian waters to carry a satellite transponder, so that their position is continually monitored, and accidents, such as, running aground are  averted.",NA,"501",NA
"Families– PROVIDING DEDICATED PRACTICAL SUPPORT",NA,NA,NA
"Australian families are the binding threads in our social fabric",NA,"603",NA
"In regional Australia families assume even greater importance as social networks are fewer and people face unique challenges due to their remoteness and difﬁculty in accessing services readily available in major cities.",NA,"603",NA
"While The Nationals unashamedly seek to provide support for the seven million Australians living outside major population centres, the principles of our policy apply to all Australian families.",NA,"603",NA
"We recognise the importance of a balance between work and family and that demography and geography in Australia mean that regional families are more reliant on support from government and community organisations.",NA,"603",NA
"For many people the ideal situation of the family unit comprising two parents – with one as a fulltime carer at least until the children reach school age – children and extended family connections through grandparents, provides the best basis for a positive, stable, supported and happy family.",NA,"603",NA
"However, this ideal is increasingly not possible under cost-of-living pressures, a scarcity of local employment opportunities and the rapid pace of modern life",NA,"603",NA
"Families where both parents work are increasingly ‘the norm’ and many children live in an environment where their parents are apart",NA,"603",NA
"Compared to major cities, children in regional Australia are less likely to be in formal childcare, instead they tend to be at home with parents or cared for under other informal arrangements.",NA,"603",NA
"Because of these special circumstances confronting families in regional areas, we will provide priority resources to effective federal linkages with state, territory and local governments, as well as community groups, to ensure that families in regional Australia have the resources and support services they need.",NA,"603",NA
"A lack of soft infrastructure – health and allied health services, education resources, childcare and other social institutions – provides added challenges to everyday life in regional communities, and make relocation to the regions by families less attractive.",NA,"603",NA
"Our Plan",NA,NA,NA
"We consider it incumbent on the federal government to provide more than just money for programs and fund rounds for grants, but to clearly deﬁne and provide dedicated regional services to ﬁll social service gaps",NA,"504",NA
"This demands a commitment to long-term planning.",NA,"504",NA
"Work-life balance",NA,NA,NA
"The Nationals support the introduction of paid maternity, paternity and parental leave, including for the self-employed.",NA,"504",NA
"We will provide more childcare places giving priority to the needs of families in regional communities.",NA,"504",NA
"We will reinstate funding for the ‘Take a Break’ occasional care program.",NA,"504",NA
"We will support a review of childcare funding with a view to providing more ﬂexibility in the services available to smaller towns, which are discriminated against under the current model.",NA,"504",NA
"The Nationals in government will immediately commission a review by the Productivity Commission of the child care system, but will in the meantime take immediate action to change any requirements preventing the delivery of child care services in regional and remote Australia, particularly those which require a qualiﬁed early childhood teacher to be employed by every long day care.",NA,"504",NA
"We will also review industrial relations legislation to ensure ﬂexibility and safeguards provide a balance between work and family, thereby, providing mutual beneﬁt to employers, employees and families.",NA,"504",NA
"We will also eliminate employment practices that discriminate on any basis and achieve pay equality between men and women.",NA,"503",NA
"Regional support services",NA,NA,NA
"The Nationals will provide support for families whose dependents have special needs, including increased funding for respite care.",NA,"504",NA
"We will increase funding for services critical to maintaining the welfare of families in remote areas, in particular, the Royal Flying Doctor Service, mobile health clinics, schools of the air and support for children who have to leave home to continue their education.",NA,"504",NA
"Further, we will fund reliable communication and transport infrastructure that enables reasonable access to support services, hospitals and schools to foster and maintain the wellbeing and ongoing support of families.",NA,"504",NA
"We will standardise and improve patient travel and accommodation assistance programs across the nation.",NA,"504",NA
"The Nationals will work with the states, territories, local governments and community groups to identify and meet the needs of families with special circumstances, especially those living in remote indigenous communities, and new arrivals.",NA,"504",NA
"We will increase funding for dedicated regional youth programs to seriously address chronic issues like drug and alcohol abuse, bullying and mental health.",NA,"504",NA
"Moreover, we will provide increased funding to the Family Court for regional counselling services.",NA,"504",NA
"As a society, we must respond positively to changing community dynamics that impact on families, including the importance of family money management and grandparents taking on the role of carers.",NA,"603",NA
"The Nationals support the establishment of a National Disability Insurance Scheme and will ensure that such a scheme cares for people in regional communities.",NA,"504",NA
"We will also provide funding to reinstate the National Community Crime Prevention Program.",NA,"605",NA
"Recognising seniors",NA,NA,NA
"In addition to The Nationals’ Seniors plan, we recognise the role and contribution senior Australians, especially as grandparents, play in supporting modern families",NA,"706",NA
"It is important for families to have the option of staying together wherever possible",NA,"603",NA
"This can be particularly difﬁcult in regional areas, particularly where older parents and older grandparents are involved, and appropriate aged care facilities are often far from the family unit.",NA,"504",NA
"We will provide funding, and work with all levels of government and community groups, to increase the number of dedicated aged care facilities and places in regional areas.",NA,"504",NA
"In a society that is increasingly time poor, too often we fail to treasure our older citizens in the way they deserve and this does pose increased risk of social isolation with adverse consequences for the physical and mental health of older Australians.",NA,"706",NA
"The Nationals will:",NA,NA,NA
"Support community initiatives to prevent the increase in social isolation;",NA,"706",NA
"Develop pilot programs that encourage government, business and community groups to commit to engaging with older Australians, where individuals and workers are encouraged to initiate and maintain contact with the lonely and isolated;",NA,"706",NA
"Support training and vocational programs for the 3rd (50 to 75) and 4th (75+) age;",NA,"706",NA
"Support community-based mentoring programs to allow older Australians to engage with and provide a positive role model for younger people; and",NA,"706",NA
"While ageism can be a community problem, The Nationals believe government has a leading role to play in helping to shift community attitudes.",NA,"706",NA
"Therefore, we will:",NA,NA,NA
"Ensure that age discrimination legislation and regulatory mechanisms are enshrined and resourced in the same manner as other antidiscrimination measures; and",NA,"706",NA
"Review all Commonwealth legislation and act to remove any remaining provisions that treat people unfairly because of their age.",NA,"706",NA
"Carers",NA,NA,NA
"As a nation, greater recognition and support for the role of carers in our society, and their importance to the family unit, is overdue.",NA,"504",NA
"Carers are a community asset and should be valued as such",NA,"504",NA
"They provide support for partners, children and grandchildren, as well as friends",NA,"504",NA
"They deliver for families and for the community as a whole.",NA,"504",NA
"In government, The Nationals will:",NA,NA,NA
"Commit to fully recognising the role of carers, whatever their age or the age of the person receiving care",NA,"504",NA
"For carers who leave the workplace to provide care, we will seek the provision of superannuation payments over and above existing carer allowances; and",NA,"504",NA
"Introduce new and more responsive models of respite to assist carers, to help ensure the maintenance of care services.",NA,"504",NA
"The Nationals recognise that grandparents are increasingly required to assume a greater role in supporting grandchildren, which, while done gladly and with love, places an emotional and ﬁnancial strain on them.",NA,"504",NA
"The role of grandparents in this situation must be better supported, and The Nationals will:",NA,"504",NA
"Develop grandparent liaison ofﬁcers within Centrelink to assist grandparents in navigating the system; and",NA,"504",NA
"Provide emergency or discretionary payments to grandparents where children are placed in their care at short notice.",NA,"504",NA
"Family Law system",NA,NA,NA
"We will review both the child support and the family law systems with a view to:",NA,"504",NA
"Reversing the taxation treatment of child support payments;",NA,"504",NA
"Excluding overtime pay from child support calculations, and/or setting a fairer payment cap on child support payments;",NA,"504",NA
"Ensuring non-custodial parents are not ﬁnancially penalised through the child support system where the custodial parent chooses not to work when he/she has the ability to do so, or where she ceases work after being made pregnant by a new partner;",NA,"504",NA
"Creating a link between court-ordered custody arrangements and child support payments; and",NA,"504",NA
"Ensuring, in general, there is more fairness in both systems.",NA,"503",NA
"Food Security– FEEDING A NATION AND A BOOMING WORLD POPULATION",NA,NA,NA
"The world will soon enter an era of food scarcity",NA,"703",NA
"Global demand for food continues to rise, yet water and available land for food production are diminishing.",NA,"703",NA
"Seldom before have the issues facing agriculture been so closely aligned with the issues of the nation and, indeed, those of the global community.",NA,"703",NA
"Issues such as:",NA,NA,NA
"World population growth;",NA,"703",NA
"The threat of a changing climate; and",NA,"703",NA
"The debates that lie behind these – food production versus the environment, food production versus urban encroachment and food production versus mining.",NA,"703",NA
"Global population is projected to explode from 6.2 billion people today to over 9 billion by 2050 – an increase of some 50%",NA,"703",NA
"In Australia we are on a similar trajectory, with our 22 million today growing to at least 36 million over the same period.",NA,"703",NA
"The United Nations says that world food production will need to increase by 70% over the next 40 years just to keep pace with population growth",NA,"703",NA
"To put that food need in perspective, that increase alone represents more food than has been produced over the entire course of human history.",NA,"703",NA
"There is limited scope to increase the area of arable land and, in fact, arable land and water are under threat from population growth and over-utilisation.",NA,"703",NA
"In Asia projected population growth will see over half of the world’s people living on Australia’s northern doorstep",NA,"703",NA
"This is also the region with the fastest rate of economic growth, so, in addition to more mouths to feed, there is already a shift in consumption patterns in a segment of the market where personal incomes are rising, putting more pressure on food supply.",NA,"703",NA
"All of this has important implications for Australia and, in turn, has economic, environmental and social implications for our farmers and our supply chains in what they produce and how they produce it.",NA,"703",NA
"Metropolitan areas now use up to half the water once available to cultivate food, ground water levels are declining, access to good farm land is becoming more difﬁcult, soil fertility is in decline and there are constraints on opening new areas for cultivation.",NA,"703",NA
"As one of the most active producers and exporters of food, Australia needs to think more strategically about its food supply",NA,"703",NA
"Securing our food supply is intrinsically linked to Australia’s national and economic security, where ‘more crop per drop’, or producing more food from fewer natural resources, is the new mantra",NA,"703",NA
"While there are clearly challenges, there are also opportunities",NA,"703",NA
"Australia is an internationally renowned producer of high quality, reliable and sustainable food and our farmers are world leaders in these areas.",NA,"703",NA
"Our Plan",NA,NA,NA
"Making agriculture a priority",NA,NA,NA
"As stated in our Primary Production plan, government policy must reﬂect the importance of food production.",NA,"703",NA
"The Australian Government Department of Agriculture, Fisheries and Forestry has been in steady decline and, in recent years, has been allowed to lapse into a shell portfolio",NA,"703",NA
"It’s annual operating budget has been slashed by 53% under Labor – down from $3.8 billion to just $1.8 billion.",NA,"703",NA
"This, along with a dramatic decline in agricultural research and development, has seen Australia trail behind many developing countries in terms of our research and extension effort.",NA,"703",NA
"Federal Labor’s cuts to agricultural research spending, eliminating the majority of Cooperative Research Centres and the abolition of Land and Water Australia have been extremely short-sighted given the challenges we face.",NA,"703",NA
"Ironically, over this same period, Labor provided new research and development funding for agriculture in other countries to the tune of $464 million.",NA,"703",NA
"That investment could have been injected into innovation in Australian food production, driving productivity gains here ﬁrst, then sharing intellectual property with nations in need.",NA,"703",NA
"The Nationals will expand the existing Agriculture, Fisheries and Forestry portfolio to include a new responsibility for Food Security.",NA,"703",NA
"The Minister responsible will ensure that the importance of food security to Australia is fully recognised in government decision-making",NA,"703",NA
"A sound Strategic Plan will recognise the right to farm and include measures to manage the spread of population growth, including the protection of prime agricultural land from urban encroachment.",NA,"703",NA
"Our policies will assist farmers to ‘think smarter’ about production and will foster a strong commitment to agricultural research which, in turn, will ensure food security.",NA,"703",NA
"Feeding our nation and fulﬁlling our trade obligations is a fundamental challenge",NA,"703",NA
"The Nationals have, and will continue to, provide the nation with a renewed focus in policy direction and maintain a crucial national advantage that we have too long taken for granted… the nation’s food security.",NA,"703",NA
"Agricultural research and development is a sound investment",NA,"703",NA
"A study by the Council of Rural Research and Development Corporations found agricultural research and development in Australia deliver outstanding returns of $11 to every $1 invested, making it a prudent and appropriate strategy for driving growth in the Australian economy.",NA,"703",NA
"Too often taken for granted, Australian agriculture nevertheless remains a mainstay of the national economy:",NA,"703",NA
"Australian farms generate $155 billion a year in production through the supply chain – just over 12% of Australia’s Gross Domestic Product.",NA,"703",NA
"Australian farms directly employ around 306,000 people, with approximately 1.6 million Australian jobs economy-wide dependent on the farm sector.",NA,"703",NA
"Our agricultural exports are worth $35 billion a year to the nationaleconomy.",NA,"703",NA
"While 60% of farm produce is exported, the 40% that stays in Australia forms the daily dietary intake of the Australian population.",NA,"703",NA
"Farmers occupy a staggering 60% of the Australian landmass and over 94% of them are proactive in natural resource management",NA,"703",NA
"They are at the frontline in this nation’s environmental and sustainability effort.",NA,"703",NA
"Positioning Australia as a global leader in agricultural sciences, with a view to boosting production and productivity in this age of food scarcity, must be a strategic priority in becoming a major supplier of choice to an ever-hungrier world.",NA,"703",NA
"Food industry",NA,NA,NA
"Beyond the farm-gate, the food industry is the nation’s largest manufacturing sector and employs more than 200,000 Australians, half of whom reside in regional areas.",NA,"703",NA
"The Nationals recognise that the food manufacturing, retail and food service industries are an increasingly important part of the economic fabric of the Australian economy.",NA,"703",NA
"We need a holistic policy approach to ensuring Australia’s food security.",NA,"703",NA
"In government, The Nationals will:",NA,NA,NA
"Increase investment in agricultural research and development;",NA,"703",NA
"Foster closer ties between the farming and scientiﬁc communities;",NA,"703",NA
"Develop sustainable strategies to enhance food production and productivity;",NA,"416",NA
"Provide regional communities reliant on the farming economy with the necessary infrastructure and support to assist farming, horticulture and related industries – both now and in adapting to future changes in domestic and global market circumstances;",NA,"703",NA
"Implement programs and educate the general public about planning necessary to ensure food supply into the future;",NA,"703",NA
"Actively pursue policies to ensure that Australia and other nations have access to fair markets, stable prices and healthy food;",NA,"703",NA
"Develop and implement a Strategic Plan for Food Security for rest of the 21st Century;",NA,"703",NA
"Decentralise food distribution networks and enable more efﬁcient transportation of food; and",NA,"703",NA
"Implement clear labelling laws that provide consumers with transparent information about the true origin of food products, as well as the nature of the manufacturing process while ensuring that the industry is able to continue to improve its product without being unfairly hindered by new labelling laws and health trafﬁc light system warnings on the labelling that will confuse and misinform the public.",NA,"403",NA
"Property security",NA,NA,NA
"Food security begins with property security",NA,"401",NA
"It is essential that governments respect property rights and compensate those whose rights are compromised or restricted by government action",NA,"401",NA
"The Nationals in government will work through the Council of Australian Governments to secure investment certainty for landholders through property rights in land, vegetation and water",NA,"401",NA
"If necessary The Nationals will consider what legislative measures may be available at the Commonwealth level to secure and protect land values.",NA,"401",NA
"Biosecurity",NA,NA,NA
"Australia’s pest- and disease-free status is vital for our farming sector, both in production and marketing terms, but also the national economy and food security.",NA,"406",NA
"Fundamental to our enviable international position is a robust, efﬁcient, science-based quarantine and biosecurity regime – conﬁdence in which has been rocked over recent years.",NA,"406",NA
"Transparent, science-based quarantine and biosecurity measures to protect Australia’s environment, biodiversity and agricultural systems assume even greater importance in this modern era of global movement of people, animals and goods.",NA,"406",NA
"Food imports make up an increasing share of Australian diets because consumers demand greater choice and availability all-year round, regardless of domestic seasonality",NA,"406",NA
"The Nationals’ concern is to ensure that food and produce entering our country meets our quarantine and food safety requirements.",NA,"406",NA
"The Nationals will not jeopardise this nation’s reputation for clean, fresh, pest- and disease-free food, and will ensure that our quarantine services are properly resourced to protect Australia’s production and marketing position",NA,"406",NA
"As part of this process we will reassess the cost burden on primary production under Biosecurity Australia and the Australia Quarantine Inspection Service in light of Australia’s international trade obligations and the wider community beneﬁts",NA,"406",NA
"We note the increasing imports of food to Australia and shortages that may occur due to national disasters and, in government, will ensure that:",NA,"406",NA
"The same food safety standards and trace back systems are applied to imported food that are applied to Australian grown and produced food;",NA,"406",NA
"Risk assessments for new imports are backed up by sound science;",NA,"406",NA
"Imports are only cleared for entry after thorough scientiﬁc analysis and consultation with affected industries; and",NA,"406",NA
"Any decisions made under the Labor government where the risk assessments are of concern are quickly re-assessed to determine if the science is in fact sound.",NA,"406",NA
"Security of supply",NA,NA,NA
"It is a sign of the deepening world food shortage in the face of massive population growth that most developed countries have adopted ‘security of supply’ policies to ensure adequate fuel and food is available in the case of a natural disaster or act of aggression.",NA,"406",NA
"While few and far between, pandemics, major terrorist attacks or severe climatic events can have profound impact on communities and food supplies, so it is prudent in this modern age to have effective plans at the ready to mitigate risks.",NA,"406",NA
"The Nationals will introduce policies to ensure Australia is able to meet its food requirements by adopting practical measures to protect the supply chain, such as decentralised food distribution hubs, and secure alternative road and rail networks",NA,"406",NA
"These measures will support the health and safety measures necessary to meet a national [something missing here]",NA,"406",NA
"Health– A HEALTH SYSTEM WITH A FOCUS ON REGIONAL LIVING",NA,NA,NA
"Australians consistently identify healthcare as their most important concern",NA,"504",NA
"Demands made on the public health system continue to rise as people live longer and new medical technologies become available.",NA,"504",NA
"Residents in capital cities enjoy many more services in their communities than people living in rural and regional areas.",NA,"301",NA
"We know that lack of services is a major deterrent for people, especially families, to move to jobs in the regions.",NA,"301",NA
"Despite the best efforts of dedicated local doctors, nurses and allied health professionals, medical services in rural areas are often woefully and dangerously inadequate.",NA,"301",NA
"That is why we want health and hospital services to be locally run and why we have been so committed to incentives that attract and retain medical professionals in the regions",NA,"301",NA
"We will enhance incentives for doctors and health professionals to take up regional practice and stay there",NA,"301",NA
"And we will go further with the advent of a dedicated Federal Minister for Regional Health to speciﬁcally oversee regional healthcare and the needs of regional patients.",NA,"301",NA
"Regional Australians struggle with reduced access to services and fewer health professionals while suffering higher rates of disease, more injuries and higher mortality rates",NA,"301",NA
"They ﬁnd fewer obstetrics beds or aged care facilities, travel greater distances for radiotherapy and other treatments, and have scant access to mental health services and less continuity of medical and nursing staff.",NA,"301",NA
"Medicare, which was meant to treat people equally and fairly, spends considerably more on people living in metropolitan areas than in regional areas, despite many regional areas having considerably worse health outcomes and greater need.",NA,"301",NA
"The Nationals strongly endorse the view of health professionals who work at the coalface that health reform must focus not only on governance, evidence, systems and funding, but also on people, relationships between providers and patients and culture.",NA,"504",NA
"Our Plan",NA,NA,NA
"Only The Nationals’ Regional Health Plan can ensure that the one-third of Australians living in the regions get a fair go from the health system and a fair share of health funding.",NA,"301",NA
"In government, we will address the key issues for regional health services: access to healthcare professionals and decently equipped hospitals; including full-time access to specialist services, such as oncology and mental health, rather than ﬂy-in/ﬂy-out services.",NA,"504",NA
"Minister for Regional Health",NA,NA,NA
"Regional health deserves a higher proﬁle in the overall health policy of government",NA,"301",NA
"When health policy decisions are being made regional concerns must be championed by a dedicated Minister with regional experience and a primary focus on the welfare of regional Australians.",NA,"301",NA
"The Minister for Regional Health will give full-time attention to regional health concerns, and win for regional health a high priority in general health policy",NA,"301",NA
"The ﬁrst task will be to take the wide and often confusing array of programs for improving regional health and integrate them into a single policy",NA,"301",NA
"The Nationals will strengthen the Ministerial role by providing a speciﬁc regional unit within the Australian Government Department of Health and Ageing.",NA,"301",NA
"Private health insurance rebates",NA,NA,NA
"The Nationals support the retention of the 30%, 35% and 40% private health insurance rebates.",NA,"504",NA
"Labors means-testing of the private health insurance rebates is extremely short-sighted, especially for regional communities.",NA,"504",NA
"Some 40% of regional Australians hold private health cover, giving them access to private hospitals and the specialists those hospitals bring to town – essentially acting as hubs for regional healthcare delivery.",NA,"504",NA
"Typically, private hospitals in regional centres have lower occupancy rates so operate on wafer-thin margins",NA,"504",NA
"Any erosion in occupancy will be magniﬁed in regional hospitals, likely forcing cuts to services or causing some private hospitals to close entirely.",NA,"504",NA
"With regional private hospitals come visiting specialists.",NA,"504",NA
"Any tinkering with the rebate that causes a cutback in demand in regional private hospitals will also ﬂow directly to specialists, who will retreat back to the cities denying regional patients local access to the expertise and services they need, and forcing those patients to travel further, and at greater cost, for consultations and treatments",NA,"301",NA
"Many regional patients rely on private services for repeat admissions over a course of treatment and for ongoing health conditions",NA,"301",NA
"Those families can ill-afford to lose the beneﬁts they’ve enjoyed for over a decade or see them pared back.",NA,"301",NA
"Labor’s spin that people on lower incomes will not be affected by the means test thresholds ($80,000 for singles and $160,000 for couples) does not stack up.",NA,"504",NA
"Once the insurance pool shrinks, premiums go up",NA,"504",NA
"Research by Deloitte shows that 1.6 million people in the government’s target income brackets will dump their private hospital cover, with another 4.3 million downgrading it.",NA,"504",NA
"This initial exodus will force premiums up an estimated 10% after the ﬁrst year of means testing, putting health insurance beyond the reach of lower income earners and causing a second exodus",NA,"504",NA
"In fact, 5.6 million Australians with private cover earn less than $50,000 a year",NA,"504",NA
"They cannot afford those massive premium hikes.",NA,"504",NA
"Deloitte adds that public hospitals will be over-run as more than 845,000 extra admissions pour through public hospital doors.",NA,"504",NA
"The Nationals will reinstate the private health insurance rebates and reward families who do the right thing in taking responsibility for their own healthcare, thereby saving taxpayers billions in public hospital funding, and freeing more public hospital beds for public patients.",NA,"504",NA
"Medicare",NA,NA,NA
"The National Health and Hospitals Reform Commission recommends that:  ‘funding equivalent to national average medical beneﬁts and primary health care service funding, appropriately adjusted for remoteness and health status, be made available for local service provision where populations are under-served.’",NA,"504",NA
"This would come to an estimated maximum cost of $143 million.",NA,"504",NA
"The Nationals will provide increased ﬁnancial support for doctors who provide health services in regional and remote communities, through increased Medicare rebates and scheduled fees loaded on top of regular Medicare billings, which will increase according to remoteness.",NA,"504",NA
"We will engage with the relevant medical colleges to determine an appropriate scheduled Medicare fee for particular services delivered in regional and remote Australia",NA,"504",NA
"The ﬁnancial beneﬁts of regional practice will become more apparent and accessible.",NA,"504",NA
"This program will include allied health workers and nurses to attract a full range of health professionals to regional areas.",NA,"301",NA
"Medicare is too urban-centric and too doctor centric",NA,"301",NA
"Medicare beneﬁts per person in capital cities are one-sixth higher than in rural and remote areas",NA,"301",NA
"Medicare access to allied health services is restricted in regional areas that lack GPs.",NA,"301",NA
"In areas that have allied health professionals but lack GPs, The Nationals will allow Medicare claims for these services without a doctor’s referral, helping to redress the imbalance in Medicare billings.",NA,"504",NA
"In government, we will amend the 10-year-old Medicare Rebate rule, which encourages the use of old CT scanners in rural areas",NA,"504",NA
"Our aim is to ensure adequate and safe chemotherapy treatment in rural and regional areas",NA,"504",NA
"We support greater access to the Medicare Beneﬁts Scheme for those with a mental illness and further investments in this area and the Headspace and the School Support Program.",NA,"504",NA
"On gaining government we will a review the ten year rule applying to the Medicare registration of overseas trained doctors, especially those with fellowships, with a view to improving access to doctors in regional and rural areas.",NA,"504",NA
"Regional hospitals",NA,NA,NA
"Regional hospitals are continually being downgraded to the point that they cannot meet the demands of the communities they serve.",NA,"504",NA
"Most of healthcare delivery operates through state government run bodies, with many decisions for regional areas made by central bureaucracies in capital cities.",NA,"301",NA
"The Nationals will provide guaranteed service levels for key regional hospitals in such ﬁelds as maternity, mental health, accident and emergency and public dentistry.",NA,"504",NA
"We will establish Local Hospital Boards for the larger public hospitals, as well as for groups of smaller hospitals, for those communities that desire them",NA,"504",NA
"These Local Hospital Boards will ensure that local hospitals meet local needs.",NA,"504",NA
"They will be funded directly by the Commonwealth and accountable to their community",NA,"504",NA
"Under our plan, communities will be provided with information on how their local hospitals are performing and the ability to achieve the outcomes they want.",NA,"504",NA
"The Nationals will redirect the money for super clinics to develop outpatient services attached to, or within, public hospitals",NA,"504",NA
"Most regional and rural hospitals do not have outpatient clinics like those run by metropolitan teaching hospitals for many years.",NA,"504",NA
"We will increase the number of paid trainee positions, internships and residencies in regional hospitals.",NA,"504",NA
"The Nationals will not support policies that lead to the closure of regional hospitals",NA,"504",NA
"We will seek to reverse closures imposed by the Labor Government.",NA,"504",NA
"Care of the elderly",NA,NA,NA
"The Nationals will provide funding for more aged care beds in regional areas",NA,"504",NA
"The same emphasis on funding and performance as proposed for regional hospitals will apply to aged care facilities.",NA,"504",NA
"Incentives will be provided for regional health professionals to broaden their skills to provide expert care of the elderly.",NA,"504",NA
"The Nationals’ policy to empower local communities will ensure maximum co-operation and efﬁciencies between government and nongovernment organisations.",NA,"301",NA
"We will introduce funding for aged care beds under similar arrangements for hospitals by establishing a new system where federal and state funding is pooled into a single fund for each region that is managed at the regional level.",NA,"504",NA
"This way community needs can best be identiﬁed and acted upon, and locals will own the outcomes of priorities and decisions.",NA,"301",NA
"Targeted funding for regional health infrastructure",NA,NA,NA
"The Nationals will establish a targeted regional health fund as part of our fair share commitment, providing funds for new regional health services, including incentives to attract and retain healthcare professionals in the regions.",NA,"504",NA
"We will ensure that funding for regional health priorities is permanent and ‘ring-fenced’",NA,"504",NA
"Regional health practitioners will be able to rely on funding support.",NA,"504",NA
"We will extend the funding to the Practice Incentive Program After-Hours Incentive Scheme in its current form, until the operation of Medicare Locals is properly understood.",NA,"504",NA
"In government, we will examine the operational and budget implications of funding the cost of providing country doctors in regional areas where they are already funded by local government.",NA,"504",NA
"We will work towards providing adequate accommodation in regional areas, to support residents with mental illness, and adequate resources to enable the crisis management and ongoing support necessary for independent living.",NA,"504",NA
"Flexible practice options",NA,NA,NA
"In a typical regional medical practice, doctors face the stress of managing a small business, as well as their healthcare responsibilities",NA,"504",NA
"GPs in regional settings must buy or establish their practice and, when they leave, sell the practice",NA,"504",NA
"This added responsibility discourages many GPs from opening regional practices.",NA,"504",NA
"Many practitioners prefer to be employees, rather than managers, and to focus their attention on healthcare delivery.",NA,"504",NA
"The Nationals will introduce a federal plan to give GPs greater ﬂexibility to practice in areas chronically short of medical professionals",NA,"504",NA
"The Nationals will take a much more pragmatic approach by giving existing practices capital grants to allow expansion of their space and services",NA,"504",NA
"This program will provide a broader range of services to regional communities, by creating the case for allied healthcare services, such as pathology and psychology, radiology and pharmaceuticals in practices managed by private providers, divisions of general practice or, if needed, by local government.",NA,"504",NA
"Healthcare practitioners may, therefore, become employees paid a suitable salary and, thereby, avoid many of the burdens that make regional medicine less attractive.",NA,"504",NA
"Overhaul Regional Incentive Programs",NA,NA,NA
"The Nationals will hold an immediate review into problems associated with using the Australian Standard Geographical Classiﬁcation-Remoteness Areas (ASGC-RA) map to determine incentive payments paid to doctors who practise in regional Australia.",NA,"504",NA
"As the map allows doctors in a larger regional centre to be paid the same incentive as doctors practising in the smaller towns, we will ensure that any replacement system is based on criteria that more accurately reﬂect the medical needs of individual communities in consultation with the Rural Doctors Association of Australia.",NA,"504",NA
"The plethora of complex programs designed to provide incentives for doctors to take up regional practice lower their effectiveness and skew services against regional areas in favour of outer metropolitan areas.",NA,"504",NA
"Since 2000, more than 30 separate programs designed to attract doctors to regional Australia have helped boost the numbers of health providers, but have had their effectiveness hindered by red tape, duplication and conﬂicting goals",NA,"504",NA
"The Nationals will review and simplify these incentive programs to ensure that Medicare systems encourage regional practice",NA,"504",NA
"We will retain the bonded scholarships program but increase the uptake rate by reducing the bonded duration from ﬁve to three years.",NA,"504",NA
"We support the retraction or amendment the current 10-year moratorium on provider numbers for Australian-trained medical graduates to achieve greater participation of women in the frontline medical workforce.",NA,"504",NA
"We will assess the suitability of the Queensland Rural Generalist training program with the aim of a nation-wide rollout of the scheme, as part of the Council of Australian Governments process, to assist in the attraction and retention of health professionals in regional areas by providing a clear career path and ‘specialist’ status for rural GPs.",NA,"504",NA
"We will work with the health services community to provide succession planning for our ageing specialist doctors, nurses and other healthcare professionals, by offering incentives to train the next generation of regional healthcare professionals.",NA,"504",NA
"We will ensure rural communities have access to accurate, independent and veriﬁable data on the performance of rural medical education and workforce strategies by introducing comprehensive mandatory reporting,  including:",NA,"504",NA
"The performance of medical schools in meeting rural medical education and workforce targets;",NA,"504",NA
"Statistics on rural medical student enrolments;",NA,"504",NA
"Rural medical students’ progress and attrition rates;",NA,"504",NA
"Rural medical students’ access to pre-vocational and post-vocational medical training, and the destination of medical graduates; and",NA,"504",NA
"We will commission an independent body such as the Australian Institute of Health and Welfare, to prepare an annual public report.",NA,"504",NA
"In government, we will support the establishment of a parliamentary inquiry to review the National Registration of Health Professionals [AHPRA], including the following matters:",NA,"504",NA
"Increased costs;",NA,"504",NA
"Efﬁciency of operation and management; and",NA,"504",NA
"Limitations imposed on the career development of regional health professionals.",NA,"504",NA
"Regional Medical Schools",NA,NA,NA
"As part of the Centre of Excellence program established under the Education section of Our Plan, we will work with regional universities to form partnerships in establishing regionally-based medical schools and internships at appropriate regional hospitals.",NA,"504",NA
"Despite determined efforts by successive governments the geographic mal-distribution of doctors between metropolitan and rural/regional parts of Australia is still signiﬁcantly unbalanced",NA,"504",NA
"The geographic maldistribution has resulted in chronic shortages of doctors, particularly GPs, in rural and regional areas and continued high dependence on overseas-trained doctors.",NA,"504",NA
"The model of medical education where training takes place in capital cities and in large metropolitan hospitals, with only short stints of service in rural and regional areas, does not address the ongoing undersupply of rural doctors",NA,"504",NA
"The Nationals support the announced intention of Charles Sturt University and La Trobe University to jointly establish a Medical School across the Murray-Darling region of Victoria and New South Wales – to be called the Murray-Darling Medical School (MDMS).",NA,"504",NA
"This proposal has the advantage of using the established network of partner universities that would operate the medical school through existing and expanded campus facilities at Bendigo, Orange and Wagga Wagga.",NA,"504",NA
"In government we will support this initiative, aimed at providing 120 places per year initially, increasing to 180 places in following years, as well as providing teaching infrastructure in hospitals, general practices and community health clinics across the region.",NA,"504",NA
"With students recruited, trained and then working in the regions as doctors, the capacity of the regions to respond to unique health concerns will be well served.",NA,"504",NA
"This signiﬁcant development can serve as a driver to encourage further investments in regional medical schools across Australia, with a ﬂow on effect to the regions as businesses establish and grow to serve the needs of the medical schools.",NA,"504",NA
"Incentives for allied health workers",NA,NA,NA
"Many regions lack allied health professionals, such as dentists, nurses, optometrists, psychiatrists and other service providers.",NA,"504",NA
"The most recent statistics show that the overall number of medical practitioners employed per 100,000 people is 335 in major cities, but only 181 in inner regional areas, 153 in outer regional areas and 148 in remote or very remote areas",NA,"504",NA
"There are 59 dentists per 100,000 people in major cities, but only 35 in inner regional, 29 in outer regional, and 20 in remote or very remote areas",NA,"504",NA
"This is in spite of the fact that regional Australians suffer from higher rates of many diseases, more injuries and higher suicide and death rates.",NA,"504",NA
"The lack of allied healthcare is shameful",NA,"504",NA
"Many children in regional Australia miss out on appropriate early detection and treatment, growing up to suffer permanent learning problems.",NA,"504",NA
"Similarly, the lack of pathology services in regional areas places an unfair additional burden on those with HIV, hepatitis and other blood borne diseases.",NA,"504",NA
"The nationals will trial mobile health service models for the dental, minor surgery or other health services for rural and remote communities.",NA,"504",NA
"The National Regional Health Alliance conﬁrms that incentive schemes and scholarship programs instituted under the previous Coalition government are delivering results.",NA,"504",NA
"As part of their review of these processes, The Nationals will broaden the base to attract more dentists, nurses and other allied healthcare professionals to the regions.",NA,"504",NA
"Oral Health Care",NA,"504",NA
"Australians do not experience equity in access or outcomes in the area of oral healthcare",NA,"504",NA
"Under Labor there has been a massive disconnect between federal and state oral health policy.",NA,"504",NA
"Many adults and children in regional and remote Australia fall outside the system, lacking ready access to dental services and, therefore, do not seek treatment until they are in a crisis situation.",NA,"504",NA
"This is a particular problem for Indigenous Australians",NA,"504",NA
"Fluoridation of water in regional and remote communities remains a high priority and more needs to be spent in the area of oral health promotion.",NA,"504",NA
"The Nationals long-term goal is to have a national system through agreements with the states and industry which utilises both public and private sectors to provide appropriate, affordable and timely oral health care to those who need it.",NA,"504",NA
"We are committed to assessing the feasibility of a Denticare programme that builds on Medicare.",NA,"504",NA
"In the short- to medium-term we aim to continue to fund ‘Growing Up Smiling’, ensuring that all children can access up to $1,000 of oral health care in a two-year period and fund access to dental services in both the private and public sectors for socially disadvantaged adults who hold a valid entitlement card.",NA,"504",NA
"We will give priority to supporting the states in their efforts to improve the current public dental services and expand their ability to provided services beyond basic emergency care.",NA,"504",NA
"We will trial mobile health service models for dental care",NA,"504",NA
"We will broaden the base of the previous Coalition Government’s incentive and scholarship programs to fund the training of more dental professionals and we will examine the expansion of public dental facilities to accommodate an intern year for all dental graduates within the public system.",NA,"504",NA
"Regional health targets",NA,NA,NA
"Australian Health Care Agreements formalise shared funding between the state and federal governments for acute care services in public hospitals",NA,"504",NA
"In the past, these agreements have set up goals for particular groups; and The Nationals will ensure that regional and remote Australians comprise one such group.",NA,"504",NA
"The Nationals will ensure that regional health targets are built into Health Care Agreements, and that the federal government rewards those states and territories that demonstrate improved delivery of health services to regional populations.",NA,"504",NA
"The agreements will also require an increase in the number of regional aged care places and additional programs for youth mental health.",NA,"504",NA
"Public-private partnerships",NA,NA,NA
"The Nationals in government will support the extension of the McGrath Foundation public private partnership formula, which provides specialist breast care nurse positions throughout regional Australia.",NA,"504",NA
"This would apply to the Prostate Cancer Foundation of Australia and the Movember Foundation, placing 10 specialist prostate nurses throughout regional Australia.",NA,"504",NA
"Men facing surgery and treatment for prostate cancer can face side effects that have the potential to affect their quality of life, such as incontinence and impotence.",NA,"504",NA
"This model of a public-private partnership gives communities ownership over services, allowing them to have conﬁdence in funds making it to local needs and take a hands-on approach in their own communities.",NA,"504",NA
"In this regard, the McGrath Foundation has proven a successful model",NA,"504",NA
"The Nationals are aware that rural patients have poorer health outcomes when it comes to prostate cancer, with this cost-effective, resource sharing approach to improving outcomes for these patients and their families, something they desperately want and need.",NA,"504",NA
"Suicide prevention",NA,NA,NA
"More than 2000 Australians commit suicide each year",NA,"504",NA
"A disproportionately high number of completed suicides and suicide attempts involve men in rural areas.",NA,"504",NA
"In government we will implement the key recommendations of the Senate Committee Report, ‘The Hidden Toll: Suicide in Australia’, including but not limited to:",NA,"504",NA
"Funding a national suicide prevention and awareness campaign, to run for at least ﬁve years;",NA,"504",NA
"Funding for projects to reduce access to ‘suicide hotspots’, according to established guidelines;  and",NA,"504",NA
"Targeted measures to help prevent the incidence of suicide among high-risk groups in regional Australia.",NA,"504",NA
"Free vaccinations for Whooping Cough",NA,NA,NA
"The Nationals support the extension of free vaccinations for whooping cough to the grandparents of new born infants in all States and territories.",NA,"504",NA
"Hendra virus/Flying foxes",NA,NA,NA
"The Nationals support:",NA,NA,NA
"Improved harmonisation of Federal and State laws and regulations relating to endangered or threatened species when they present serious disruption to human activities or health;",NA,"504",NA
"Laws and regulations that provide greater ﬂexibility as to the range of measures available to authorities in dealing with serious disruption to human activities or health by ﬂying foxes; and",NA,"504",NA
"All relevant government research facilities to give urgent priority to vaccine production and distribution to counter the Hendra virus in humans and horses or any other animals.",NA,"504",NA
"Royal Flying Doctor Service",NA,NA,NA
"The Nationals will continue to provide ﬁnancial support for the Royal Flying Doctor Service, in recognition of its vital role as the primary mantle of safety covering the vast expanses of regional and remote communities.",NA,"504",NA
"Men’s Sheds",NA,NA,NA
"The Nationals support Men’s Sheds and will concentrate the Ministerial responsibility for Men’s Sheds within the Health portfolio.",NA,"504",NA
"Hearing tests for children",NA,NA,NA
"The Nationals will introduce compulsory hearing tests for all children enrolling in primary school to assist in the early identiﬁcation of hearing problems.",NA,"504",NA
"Pharmaceutical Beneﬁts Scheme",NA,NA,NA
"In government we will examine the implications of changing the Pharmaceutical Beneﬁts Scheme safety net threshold for single persons to half that applying to couples and families.",NA,"504",NA
"Importation of Medical Devises",NA,NA,NA
"In government we will apply the same regulation and audits for both importers and Australian Manufacturers of Medical Devices, as well as ensure that the Therapeutic Goods Administration’s conformity audits adhere to ISO 13485 (Standards for Quality Management System on Medical Devices).",NA,"504",NA
"Indigenous Australians– TAKING THEIR RIGHTFUL PLACE IN THE AUSTRALIAN COMMUNITY",NA,NA,NA
"As all Australian citizens, Indigenous Australians are entitled to selfdetermination and the right to pursue economic prosperity and social cohesion free from constraints and prejudice.",NA,"705",NA
"To enable Indigenous Australians to take responsibility for themselves and their families, The Nationals consider that properly allocated resources must address disadvantage, while respecting the special and unique contribution Indigenous Australians make to our national identity.",NA,"705",NA
"We believe that the Australia Constitution should make reference to Indigenous Australians and we encourage public discussion on changing the preamble to reﬂect the importance of the place Indigenous Australians hold in our nation",NA,"705",NA
"This change should be put formally to the Australian people in a referendum.",NA,"705",NA
"The Nationals stand with Indigenous leaders in seeking an economic future for Indigenous people",NA,"705",NA
"Individuals should be able to get on with their lives and businesses without arbitrary intervention by government",NA,"705",NA
"For example, in the case of the wild rivers in Cape York, Queensland, we do not believe in taking away the capacity to make a living and support one’s family",NA,"705",NA
"We believe Indigenous leaders, with support from government, should retain control of their assets and use them for economic beneﬁt and cultural support.",NA,"705",NA
"Audit of state and territory Indigenous expenditure",NA,NA,NA
"Widespread anecdotal evidence indicates that federal funds have not been fully applied for correct purposes, and many Indigenous people have not received the assistance intended, entrenching the misery of vulnerable Australians who deserve better.",NA,"705",NA
"The Nationals will mount an independent national inquiry by the Productivity Commission into the way funds have been applied to Indigenous programs",NA,"705",NA
"It will seek to ensure national funding structures and funds allocated for Indigenous Australia are effectively delivered.",NA,"705",NA
"Federal takeover of Indigenous remote services delivery",NA,NA,NA
"Services to Indigenous Australians should be, at least, broadly consistent with those to other Australians in similar circumstances",NA,"705",NA
"The Nationals support full federal control of the remote segment of Indigenous services and programs, to improve coordination and increase transparency in spending.",NA,"705",NA
"The Nationals in government will place responsibility for coordinating remote Indigenous services within the Department of Prime Minister and Cabinet to monitor and fast-track policy initiatives.",NA,"705",NA
"We will also see that Indigenous policy priorities become an essential component in other mainstream federal policies, programs and services",NA,"705",NA
"Biannual reporting to the Prime Minister and Parliament on progress will ensure that setbacks are addressed in a timely manner",NA,"705",NA
"The accountability of Departmental Secretaries and other key staff will be heightened so that Indigenous policy is taken seriously and undertaken conscientiously.",NA,"705",NA
"The role of COAG",NA,NA,NA
"Since 2007, Labor has held numerous Council of Australian Governments (COAG) meetings with the states and the territories on Indigenous disadvantage.",NA,"705",NA
"Hundreds of pages, large sums of money and many pledges of good intentions have not resulted in any signiﬁcant advancement",NA,"705",NA
"There remains disagreement on how to measure progress and how to identify what progress has actually been made.",NA,"705",NA
"The Nationals will ensure proper arrangements are in place for identifying the success or failure of programs and services emanating from COAG.",NA,"705",NA
"Only then can successes be built upon and failures corrected and redirected.",NA,"705",NA
"Better mainstream services for Indigenous Australians.",NA,"705",NA
"Many success stories have seen Indigenous Australians gain access to the same services as others in society, establish long-term employment and conduct happy family lives",NA,"705",NA
"They need nothing special from government.",NA,"705",NA
"However, in many cases, much-needed services are not user-friendly to the needs of Indigenous people",NA,"705",NA
"Too often bureaucrats sidestep this issue",NA,"705",NA
"It needs much deeper consideration",NA,"705",NA
"The Nationals will review the way service delivery organisations interact with Indigenous customers, to ensure their appropriateness and move services into mainstream delivery and away from multiple speciﬁc Indigenous assistanceprograms.",NA,"705",NA
"Improving Indigenous organisation governance",NA,NA,NA
"Many outstanding Indigenous organisations have proven their capacity to manage business arrangements at the highest level",NA,"705",NA
"Others are marked by irregular and inappropriate business practices.",NA,"705",NA
"The Nationals consider Indigenous disadvantage too important to allow sharp or corrupt practices to divert much-needed funding, programs and services",NA,"705",NA
"We oppose and will stamp out this culture of malpractice.",NA,"705",NA
"The Nationals in government will provide support to enable Indigenous organisations to meet compliance obligations",NA,"705",NA
"For example, registration with the Ofﬁce of the Registrar of Indigenous Organisations (ORIC) will be mandatory.",NA,"705",NA
"Development of Native Title",NA,NA,NA
"Under Labor, Native Title is convoluted and uncertain",NA,"705",NA
"Its application of Native Title has resulted in frustration, conﬂict and lengthy delays.",NA,"705",NA
"The Nationals support the calls by respected ﬁgures, such as Noel Pearson, who make a persuasive case for closer examination of the way that Native Title currently operates",NA,"705",NA
"Our goal is to reach a new understanding on Native Title, so that government can put in place a fairer system.",NA,"705",NA
"Strengthening awareness of Indigenous history and culture",NA,NA,NA
"An awareness of personal Indigenous history and culture is an essential element in becoming a full participant in the Australian community",NA,"705",NA
"The Nationals will expand the role of the Australian Institute of Aboriginal and Torres Strait Islander Studies (AIATSIS) to enhance this knowledge base.",NA,"705",NA
"The Nationals support a redirection of funds from the Land Councils and other Native Title bodies currently responsible for compiling and storing this information",NA,"705",NA
"We will centralise this activity, providing better coordination of records for academic and research purposes, while securing other secret and sensitive materials.",NA,"705",NA
"The Nationals support the insertion of materials into curricula that highlights the positive contributions Indigenous Australians have made to our society",NA,"705",NA
"The Nationals believe that Indigenous culture and history should be included across the social sciences and taught responsibly and accurately",NA,"705",NA
"Indigenous housing",NA,NA,NA
"Indigenous Australians have the same right to quality housing as other Australians.",NA,"705",NA
"Progress in re-housing residents of the appalling town camps in Alice Springs is too slow",NA,"705",NA
"Housing is also desperately needed by Indigenous Australians in other remote locations.",NA,"705",NA
"The Nationals maintain that adequate Indigenous housing and infrastructure is the foundation for increasing self-respect and social cohesion",NA,"705",NA
"These lead to improvements in living standards, health and education",NA,"705",NA
"They will be high priorities for an incoming federal government.",NA,"705",NA
"The Nationals support the goal of personal home ownership for all Australians and Indigenous Australians are no exception.",NA,"705",NA
"Better Indigenous health",NA,NA,NA
"The poor health and wellbeing of Indigenous Australians is a major concern and a national priority, with general health and life expectancy lagging substantially behind the Australian average.",NA,"705",NA
"Blindly throwing more money at the issues is not the answer.",NA,"705",NA
"The Nationals will implement policies to:",NA,NA,NA
"Provide targeted funding for healthcare and hygiene education;",NA,"705",NA
"Introduce priority programs to support educational courses for Indigenous students, informing them on health, hygiene, and physical and mental wellbeing;",NA,"705",NA
"Provide incentives for tertiary-educated Indigenous Australians to return to, or otherwise support, the communities most in need of their assistance; and",NA,"705",NA
"Provide appropriate resources to tackle drug and alcohol problems with programs that encourage and promote heightened self esteem, work participation and education.",NA,"705",NA
"The Nationals believe that priority, adequate funding and resources must be given to the following areas:",NA,"705",NA
"Reducing smoking;",NA,"705",NA
"Eliminating rheumatic heart disease;",NA,"705",NA
"Tackling diabetes;",NA,"705",NA
"Improving dental care;",NA,"705",NA
"Boosting mental health;",NA,"705",NA
"Recognising the Indigenous medical workforce;",NA,"705",NA
"Recruiting more Aboriginal health workers;",NA,"705",NA
"Creating better access to Opal un-sniffable fuel;",NA,"705",NA
"Prosecuting drug users, dealers and bootleggers;",NA,"705",NA
"Regulating alcohol;",NA,"705",NA
"Introducing social clubs;",NA,"705",NA
"Improving Indigenous aged care; and",NA,"705",NA
"Supporting Aboriginal Medical Services, including MBS Item Loading for Remote Area Medical Services, and creating an Indigenous Medical Workforce Agency.",NA,"705",NA
"Extension of welfare quarantining and the Family Responsibility Commission",NA,NA,NA
"The Nationals support welfare quarantining, as a guarantee that family budgets are spent on essentials, such as food, clothing and medicines, and not on alcohol, gambling or drugs.",NA,"705",NA
"Based on the positive results experienced in the Northern Territory and Cape York, there is a compelling case for welfare quarantining to be extended nationwide, starting with NSW and Western Australia.",NA,"705",NA
"The Nationals do not accept that individual freedom of action includes the right to neglect or abuse one’s children",NA,"705",NA
"No Australian should go hungry, live in unsafe situations or suffer deprivation, as do too many Indigenous children.",NA,"705",NA
"Extended welfare quarantining will help win this battle over neglect.",NA,"705",NA
"Improved law and order",NA,NA,NA
"The Nationals assert that Indigenous Australians living in remote communities have the same basic right to live in a civil and safe society free from fear and violence",NA,"705",NA
"No Indigenous community should lack the policing to maintain civil and safe daily life",NA,"705",NA
"We support permanent policing, where warranted, and will provide the necessary resources to ensure law and order.",NA,"705",NA
"The Nationals believe that, with targeted programs and human resources, the cycle of crime among young Indigenous people can be broken, and that they can become accountable for their actions",NA,"705",NA
"Rigorous custodial based work programs will beneﬁt these communities.",NA,"705",NA
"Indigenous victims of crime also deserve assistance to overcome the immediate and long-term impacts of crimes committed against them",NA,"705",NA
"Victims need to access counselling and assistance, arising from an expanded role of Aboriginal Medical Services in the area of mental health.",NA,"705",NA
"Education and youth",NA,NA,NA
"Indigenous parents want education for their children",NA,"705",NA
"They recognise education as the stepping stone to a successful life",NA,"705",NA
"Schools must also celebrate the presence and contribution of Indigenous students.",NA,"705",NA
"At present, a few heroic teachers struggle in a demoralising and underresourced system",NA,"705",NA
"The states and territories need help to deliver adequate educational services.",NA,"705",NA
"The Nationals will investigate how best further assistance can be provided",NA,"705",NA
"We will also investigate the adequacy of secondary schooling arrangements for Indigenous children in remote locations.",NA,"705",NA
"In consultation with community leaders we will examine the practicalities of adult literacy programs, using the education system to bring youth and adults together with the aim of increasing the level of literacy in Indigenous communities.",NA,"705",NA
"Indigenous economic development",NA,NA,NA
"The Nationals maintain that economic development is a realistic and achievable goal for Indigenous Australians and essential for long-term employment",NA,"705",NA
"Indigenous Australians often access or control substantial assets, but do not always have the capacity or the resources to develop them to the full beneﬁt.",NA,"705",NA
"This is particularly true of tourism in Indigenous communities, which beneﬁts both visitors and the Indigenous communities economically and socially.",NA,"705",NA
"We will abolish the permit system currently required to travel on roads into communities or to access community land or facilities in the Northern Territory",NA,"705",NA
"The permit system should, however, be retained for entry to all other Aboriginal lands.",NA,"705",NA
"More needs to be done to identify and encourage economic development opportunities in remote Australia",NA,"705",NA
"To this end, we will consider a special taxation regime for investment in any remote community where the population is sufﬁcient to provide the workforce for any local potential business or commercial project.",NA,"705",NA
"This taxation arrangement would allow an accelerated depreciation schedule for capital investment",NA,"705",NA
"Taxation zones would not be speciﬁcally deﬁned",NA,"705",NA
"Nor would accelerated depreciation concessions be automatically available, but would be granted subject to application and on an individual project basis, to encourage private sector investment and economic development.",NA,"705",NA
"Primary Production– REAPING WHAT WE SOW IN REGIONAL AUSTRALIA",NA,NA,NA
"Australia’s farmers, ﬁshers and foresters are among the most efﬁcient and sustainable in the world, producing clean, green, high quality, reliable, safe and environmentally-friendly food, ﬁbre and timber – each sector the envy of the world.",NA,"703",NA
"Productivity gains, driven by research and development, have enabled Australian producers to stay ahead of our international competitors",NA,"703",NA
"For example, over the 30 years from 1974 to 2004, Australian farms consistently achieved leading average multifactor productivity growth of 2.8% per year.",NA,"703",NA
"Maintaining that competitive edge is a constant battle and getting harder",NA,"703",NA
"In fact, Australian is losing its edge",NA,"703",NA
"The alarming decline in agricultural research and development sees Australia being outstripped dollar-for-dollar by many developing countries.",NA,"703",NA
"Meanwhile, federal Labor’s cuts to agricultural research spending, eliminating the majority of Cooperative Research Centres and the abolition of Land and Water Australia, have been extremely shortsighted.",NA,"703",NA
"Over the same period, Labor provided research and development funds for agriculture in other countries to the tune of $464 million – an investment that could have been injected into innovation in Australian food production, driving productivity gains here before sharing our intellectual property with others",NA,"703",NA
"In Australia, on current funding levels, and without a resolute vision, the days of cutting-edge farm production are numbered, and a declining trend in productivity growth in many parts of agricultural activity is now becoming common.",NA,"703",NA
"Research is not just a line item being cut in the Federal Budget, it represents the future",NA,"703",NA
"Evidence and experience shows that it takes 30 to 40 years to bring embryonic research ideas to a point where 95% of the country adopts and applies that research.",NA,"703",NA
"Eroding funding for agricultural research and development reduces Australia’s capability to contribute to global food production, reduces Australia’s national science capacity, and exacerbates the global food security problems of tomorrow.",NA,"703",NA
"Australia is one of the world’s most important food and ﬁbre producing nations, and we can still increase our productivity signiﬁcantly – as long as we have the right policy framework.",NA,"703",NA
"The Nationals assert that Australians must be more than self-sufﬁcient in food, we have the capacity to make a valuable contribution to feeding the world’s rapidly expanding population.",NA,"703",NA
"Population pressure is placing increasing demands on global food and ﬁbre and production",NA,"703",NA
"Many traditional food and ﬁbre producing nations face urban spread, desertiﬁcation and declining water resources, resulting in less land available for food and ﬁbre production",NA,"703",NA
"Food and water security are already the deﬁning issues of the 21st century",NA,"703",NA
"Food producers are coming under enormous pressure to increase productivity while using fewer natural resources.",NA,"703",NA
"Feeding our nation and fulﬁlling our trade obligations are fundamental government priorities",NA,"703",NA
"The Nationals are committed to a new policy direction for the nation in primary production.",NA,"703",NA
"Our Plan",NA,NA,NA
"In a world under growing population pressure and facing a changing climate, our primary producers are more important than ever to the nation’s survival, opportunities and prosperity.",NA,"703",NA
"Food and ﬁbre production and water availability are key drivers in shaping international policy for this century",NA,"703",NA
"The Nationals’ practical approach to primary production needs will position Australia as an increasingly important player in the world economy.",NA,"703",NA
"Recognising producers",NA,NA,NA
"People in regional Australia often speak of the increasing ‘disconnect’ between the realities, challenges and rewards of primary production and the perception held by urban dwellers of regional life.",NA,"703",NA
"This lack of understanding in the cities, where policies are developed, results in unrealistic policies, particularly on environmental matters, which are then imposed on primary producers.",NA,"703",NA
"The Nationals maintain that the vital role primary producers play in the economic and social fabric of the nation should be formally recognised in a major government policy statement",NA,"703",NA
"We will audit all environmental legislation at local, state and federal level, determining what may be best undertaken by the states and territories, to streamline regulations and removing unworkable ‘green tape’ so that food production can be expanded, where appropriate.",NA,"703",NA
"Australians also need to be better informed about the basic costs of producing food and ﬁbre, especially the factors inﬂuencing prices, and the very real beneﬁts to consumers of choosing Australian produce.",NA,"703",NA
"We will implement clear ‘truth in labelling laws’ to help buyers make informed purchasing decisions and we will support the Australian food industry in its endeavours to create more innovative and healthier products for consumers.",NA,"703",NA
"In particular, the industry must be allowed to continue to improve its product without being unfairly hindered by inappropriate labelling laws and ‘health trafﬁc light’ warnings on labelling that confuse and misinform the public.",NA,"703",NA
"We will continue to support regional forestry agreements, as providing resource security, best practice land-use, and sustainability.",NA,"703",NA
"Foreign ownership – agricultural land, water and food processing",NA,NA,NA
"Foreign investment in Australian agriculture has been, and will remain, vital for growth, capital, innovation and the development of new agricultural regions.",NA,"703",NA
"Yet, too much foreign control over production and supply chains could have dramatic impacts on resources, markets, supply and, ultimately, prices",NA,"703",NA
"This price effect could be two-fold: downstream to what farmers are paid and upstream to what consumers pay.",NA,"703",NA
"Only Queensland keeps a register of foreign land acquisitions",NA,"703",NA
"These records show that the area of Queensland owned by foreigners actually declined slightly for most of the past decade.",NA,"703",NA
"But over the two ﬁnancial years to July 2010, the land owned by foreign  interests tripled to 4.45 million hectares – about 2.6% of the area of the  state",NA,"703",NA
"Interests in the UK own half of that land, with the US, Germany,  Holland and Switzerland making up the top ﬁve.",NA,"703",NA
"Singapore, Malaysia, China and Korea topped the list in terms of value over 2009-2011, suggesting they are active in the premium city property market.",NA,"703",NA
"Foreign takeovers of Australian agribusiness have increased 10-fold since the election of the Rudd/Gillard Government",NA,"703",NA
"Grains, meat, sugar, dairy, dried fruits, wine, food processing and farm supplies have all seen major recent acquisitions.",NA,"703",NA
"The Australian Bureau of Statistics’ small voluntary sample suggests the amount of farmland in foreign hands in Australia has only risen by 0.1% over the past 30 years – from 5.9% to 6.0%.",NA,"703",NA
"People are understandably concerned by the lack of reliable data to guide sensible policies",NA,"703",NA
"It also means the Foreign Investment Review Board (FIRB) is not fully informed.",NA,"703",NA
"The Lowy Institute’s 2012 survey shows the depth of feeling in the community about foreign ownership of Australian farmland, with 81% of people opposed and 63% of those vehemently opposed.",NA,"703",NA
"The Nationals have led the way this issue",NA,"703",NA
"We are not anti-foreign investment, but people are entitled to know what is going on, and who owns what, in their backyard",NA,"703",NA
"Over 2011-12 Nationals leader the Hon Warren Truss chaired the Coalition’s foreign investment taskforce, culminating in the policy discussion paper, Foreign Investment in Australian Agricultural Land and Agribusiness.",NA,"703",NA
"The paper argues that foreign ownership should be more transparent, proposing that more purchases be scrutinised by the FIRB to ensure they are in the national interest.",NA,"703",NA
"A national register of foreign acquisitions should be established so that all Australians have access to accurate information on what land and agribusinesses are owned by foreign interests.",NA,"703",NA
"Lowering the threshold for FIRB assessment of proposed farm and agribusiness purchases would ensure that more acquisitions are subjected to the national interest test.",NA,"703",NA
"In the case of farm purchases, the trigger for scrutiny would be reduced from the current $244 million threshold to $15 million",NA,"703",NA
"Importantly, we propose to also capture creeping acquisitions",NA,"703",NA
"Those buying multiple farms that add up to $15 million, even over many years, would be subjected to the national interest test.",NA,"703",NA
"For agribusiness, the trigger would apply where the investment represents 15% in an agribusiness valued at $244 million, or exceeds $53 million, whichever is the smaller sum.",NA,"703",NA
"All proposed acquisitions by sovereign wealth funds and state-owned enterprises would continue to automatically attract the national interest test.",NA,"703",NA
"By lowering these thresholds we can be sure that the national interest test is applied to purchases that currently go through to the keeper",NA,"703",NA
"We also propose a broader skills-set on the FIRB, including agricultural expertise, and increasing its size to seven members",NA,"703",NA
"This would enhance the board’s knowledge-base and ability to make informed assessments of the national interest in relation to farm and agribusiness acquisitions.",NA,"703",NA
"Having better checks and balances in place does not threaten foreign investment in agriculture",NA,"703",NA
"In fact, there are more onerous provisions in place for suburban real estate, commercial property and media ownership, to cite a few.",NA,"703",NA
"But it does give us more information and greater transparency to ensure Australia’s national interests are protected and to identify those times when issues of concern must be addressed.",NA,"703",NA
"Use of agricultural land",NA,NA,NA
"Mining, agriculture and tourism are Australia’s key industries",NA,"703",NA
"Forestry is an important import- replacing industry, with our trade deﬁcit in forest products running at about $2 billion a year",NA,"703",NA
"Generally our primary industries co-exist peacefully and, in the main, the infrastructure developed for one has provided beneﬁts for the others.",NA,"703",NA
"In recent years, however, conﬂict has arisen about mining access to agricultural land and, in particular, prime agricultural land, as well as conﬂict between forestry and agriculture in high rainfall areas.",NA,"703",NA
"State Labor governments, especially in Queensland and New South Wales sold-off mining and exploration rights and have granted land use priority over agriculture.",NA,"703",NA
"In the case of forestry, the taxation incentives formerly provided through managed investment schemes gave forestry (and some horticulture schemes) an unfair tax advantage and distorted investment and markets",NA,"703",NA
"Forestry now occupies 0.4% of Australia’s farmland, but this could rise to 6.2% by 2020 under the Labor-Greens-Independents’ carbon tax regime, which skews land use.",NA,"703",NA
"These conﬂicts create risks for Australia’s long term food security, water management, social and physical environment, and threaten our biodiversity",NA,"703",NA
"Unless addressed now, these pressures will escalate to unmanageable levels.",NA,"703",NA
"While land-use is predominantly (and constitutionally) a matter for the states, The Nationals insist that there is a federal responsibility to develop national solutions in consultation with the states and territories that deal fairly with all parties.",NA,"703",NA
"In government, The Nationals will:",NA,NA,NA
"Re-establish a pre-eminent land and water research body;",NA,"703",NA
"Charge this body with establishing, in consultation with the states and farming and forestry organisations, a national deﬁnition of ‘prime agricultural land’, based on such factors as moisture availability, temperature regime, chemical balance, permeability, surface composition, soil type, susceptibility to ﬂooding, and erosion characteristics, and closeness to urban centres, markets and processing facilities;",NA,"703",NA
"Fund the identiﬁcation of prime agricultural land, working through Geoscience Australia;",NA,"703",NA
"groundwater will not be polluted, and signiﬁcant surface impacts will not occur;",NA,"703",NA
"Ensure that farmers and surrounding communities are fairly compensated when mineral or gas development is allowed on their land;",NA,"703",NA
"Require that all agricultural land subject to surface mining be rehabilitated to the approximate original contours, and to its original or better productivity;",NA,"703",NA
"Establish a Working Party, including representatives of the mining, forestry, catchment management and farming industries to further deﬁne these conditions and progress their implementation;",NA,"703",NA
"In conjunction with the farming and forestry industries, identify criteria for land where broad scale forestry ought to be encouraged and include these criteria in catchment management plans;",NA,"703",NA
"Develop equivalent and non-discriminatory incentives that do not artiﬁcially distort markets for investment in agricultural and forestry activities, in consultation with those industries; and",NA,"703",NA
"Abolish tax deductibility for passive investors in management investment schemes.",NA,"703",NA
"Coal seam gas development",NA,NA,NA
"Coal seam gas requires a comprehensive policy approach that addresses its environmental, community and economic impacts",NA,"410",NA
"The principles underpinning The Nationals’ approach take a measured, rational and balanced assessment of mining and its management",NA,"410",NA
"Managed properly, coal seam gas has the potential to revitalise parts of regional Australia, delivering a new economic boom",NA,"410",NA
"Poorly managed, it could produce an environmental and social disaster.",NA,"501",NA
"The Nationals’ approach to the development of Australia’s coal seam gas resources is based on ﬁve core principles:",NA,NA,NA
"No coal seam gas development should proceed where it poses a signiﬁcant impact to the quality of groundwater or surface water systems",NA,"501",NA
"It must be absolutely clear that no coal seam gas development should occur unless it is proven safe for the environment;",NA,"501",NA
"Prime agricultural land is an increasingly important natural asset",NA,"501",NA
"It must be protected from activities that destroy its capacity to deliver food security – not only for our nation, but for a hungrier world, for generations to come;",NA,"501",NA
"Coal seam gas development must not occur close to existing residential areas",NA,"501",NA
"People who have bought homes, with a reasonable expectation of being well away from mining operations, must not be thrown into turmoil by coal seam gas operations springing up on their doorstep;",NA,"501",NA
"Landowners are entitled to appropriate pecuniary returns for access to their land",NA,"703",NA
"Remuneration for landowners should not be merely compensation; and",NA,"703",NA
"The regions that deliver much of the wealth from coal seam gas developments deserve to see a fair share of the generated revenues reinvested in their communities",NA,"703",NA
"There is an opportunity to grow our nation and encourage a lasting legacy from coal seam gas developments.",NA,"410",NA
"Murray-Darling Basin",NA,NA,NA
"The Murray-Darling Basin is the nation’s largest food producing resource, accounting for almost 40% of all food in Australia, and is home to 2,000,000 people.",NA,"703",NA
"Communities in the Basin are under increasing pressure and constant threat, not only from droughts and a drier climate, but from government policies – particularly, Labor’s the ill-advised $4 billion ad hoc water buy-back ventures.",NA,"703",NA
"The Nationals will insist on socio-economic impact statements before any more water is bought within the Basin",NA,"703",NA
"The Australian Government Department of Agriculture, Fisheries and Forestry will be notiﬁed prior to any purchase and the Australian Bureau of Agricultural and Resource Economics will then undertake an assessment of the impacts of the buy-backs.",NA,"703",NA
"The focus of Murray-Darling Basin policy must be the funding of infrastructure efﬁciencies, both in-system and on-farm, with water entitlement buybacks used only as a last resort",NA,"703",NA
"We must ensure that more water is returned to the environment, enabling farmers to produce more food and ﬁbre using less water, while protecting the environment, communities and regional economies.",NA,"703",NA
"Opening northern Australia",NA,NA,NA
"We actively encourage the growth of agriculture in northern Australia as a potential new food bowl",NA,"703",NA
"With predictions that the climate will become drier in southern Australia and wetter in the north, developing food producing potential there is a must",NA,"703",NA
"The Nationals will drive a federal, state and territory partnership to secure sustainable agriculture development in the north as a nation building priority, and a way to resolve the environmental and Indigenous policy issues that currently limit the development of northern Australia.",NA,"703",NA
"The Nationals will, with relevant state and territory governments, examine the economic, social and environmental viability of making better use of water in the north, and will renew investigations into the practicality of transporting water southward.",NA,"703",NA
"Natural disasters",NA,NA,NA
"The Nationals maintain that some droughts, ﬁres and ﬂoods are truly exceptional, and no land manager can be fully prepared",NA,"703",NA
"Our overriding objective is to enable primary producers to return to full production as quickly as possible.",NA,"703",NA
"We will continue to support farmers with targeted assistance during a 1-in-25-year drought, major ﬂood or ﬁre",NA,"703",NA
"This assurance will include access to household support and interest rate subsidies",NA,"703",NA
"We will remove the $500,000 upper cap on interest rate subsidies over ﬁve years.",NA,"703",NA
"The Nationals in government will have taxation policy examined to see if assistance packages can be provided to agricultural producers with farm mortgages who take up off-farm employment to meet pre-existing farm debt levels.",NA,"703",NA
"We will seek to change the criteria for primary producers in natural disaster-declared areas to allow for the inclusion of funding to repair fences following all declared natural disasters, and that ﬁre prevention and ﬂood mitigation considerations always take precedence over environmental considerations when developing and maintaining structures such as levee banks and land clearing for ﬁre prevention.",NA,"703",NA
"The Nationals will also invest in practical on-ground preparedness, including, where appropriate, ﬂood and ﬁre mitigation",NA,"703",NA
"We will boost research and development on new plant varieties and management practices to increase farm productivity.",NA,"703",NA
"We will review the Australian Plague Locust Commission to ensure that its funding and governance are adequate to deal with emerging threats.",NA,"703",NA
"Research and development",NA,NA,NA
"In addition to the challenges described under our Food Security plan, Australia’s primary producers confront many challenges, including climate variability; local and exotic pests, weeds and diseases; increasing consumer demand for fresher, tastier, more sustainable and cheaper food; and increasingly expensive inputs, such as water, fuel, fertilisers, chemicals, labour and energy.",NA,"703",NA
"The Nationals recognise the importance of research on climate variability, founded on scientiﬁc merit",NA,"703",NA
"We will focus on those research projects with the potential to revolutionise agriculture, ﬁsheries or forestry production.",NA,"703",NA
"For example, we will accelerate research into perennial cereal crops, particularly wheat, which are disease resistant, high yielding, reduce greenhouse gas emissions, are water efﬁcient, drought resistant, and can produce high protein grain.",NA,"703",NA
"Further, we will support the efforts of the Australian Wool Industry and others in establishing an orderly phasing out of surgical mulesing and the development of a viable alternative practice for the prevention of breech strike in sheep",NA,"703",NA
"The agricultural sector has the best take up rate of new technologies and production systems of any of Australia’s industries",NA,"703",NA
"We will establish an Agricultural Research Fund for universities to encourage innovative new research in the ﬁelds of agricultural science, food security and food production and establish programs to commercialise research project outcomes.",NA,"703",NA
"The Nationals will continue to support the Cooperative Research Centres and the Rural Research and Development Corporations.",NA,"703",NA
"Primary production is one of the very few sectors where commodity groups contribute signiﬁcant resources through transactional levies towards research and development for their sector.",NA,"703",NA
"We recognise and value these investments and will continue to match them dollar-for-dollar.",NA,"703",NA
"The Nationals support the introduction of legislation to ban the patenting of naturally occurring genes in humans, plants and animals.",NA,"703",NA
"We commend the Australian Centre for Agricultural Health and Safety as Australia’s leading centre of research and development in the ﬁeld of farm injury and farmer health",NA,"703",NA
"Its work has enabled signiﬁcant reductions in deaths and serious injury on Australian farms",NA,"703",NA
"In government, we will ensure its continuation.",NA,"703",NA
"Collective export marketing",NA,NA,NA
"Where producers want collective export marketing, The Nationals will continue to provide support to establish a fair system in order to maximise grower returns.",NA,"703",NA
"Marine park declarations",NA,NA,NA
"We will undertake a science-based review of marine park declarations to ensure decisions over ﬁsheries and the environment take heed of social and economic impacts.",NA,"703",NA
"Under Labor, community consultation has been a sham, science has taken a backseat to ‘feel good’ declarations and there has been a complete about-face on the commitment to minimise socio-economic fallout for commercial and recreational ﬁshers and regional communities.",NA,"703",NA
"The Nationals support a science-based review of Labor’s arbitrary marine park declarations and, in place of Green dogma, will restore common sense by making a balanced account of the economic, social and environmental considerations in the process.",NA,"703",NA
"In government, we will not impose any further ﬁshing restrictions on the Great Barrier Reef.",NA,"703",NA
"Alcohol taxation",NA,NA,NA
"The Nationals do not support a volumetric tax on wine or any changes to the Wine Equalisation Tax that disadvantage the Australian wine industry.",NA,"703",NA
"Low interest loans",NA,NA,NA
"The Nationals in government will review established and proposed state schemes, including that proposed by the NSW Young Farmers, to provide low interest loans to young farmers",NA,"703",NA
"We will consider establishing a federal scheme to work in conjunction with the states and will provide funding for this purpose.",NA,"703",NA
"Collective Bargaining and Codes of Practice",NA,NA,NA
"We support the simpliﬁcation of the process to allow primary producers to collectively bargain for the sale of their goods.",NA,"703",NA
"The Nationals will facilitate the development of a code governing the relationship between suppliers, processors and supermarkets which ensures fair return for all.",NA,"703",NA
"As a matter of priority we will take steps to strengthen the Competition and Consumer Act 2010, and related regulations, to increase the bargaining position of dairy farmers and egg producers relative to the major supermarkets, by:",NA,"703",NA
"a) adding an ‘effects’ test to the misuse of market power provision (section 46);",NA,"703",NA
"b) establishing a statutory Small Business Ombudsman to facilitate a low cost tribunal process for farmers;",NA,"703",NA
"c) changing unfair contract laws to cover small businesses not just consumers; and",NA,"703",NA
"d) supporting the creation of a supermarket code of conduct applying to supermarkets and their purchase of dairy and egg products.",NA,"703",NA
"Regional Development– REVITALISING AND POPULATING REGIONAL AUSTRALIA",NA,NA,NA
"Too often taken for granted, the regions beyond Australia’s major population centres remain the economic engine room of this country, generating the lion’s share of our exports.",NA,"301",NA
"The Nationals assert and expect that with much of Australia’s real wealth generated in the regions it is only ﬁtting that a fairer share of the revenue it creates is returned to the regions.",NA,"301",NA
"At the 2010 federal election, The Nationals, with our Coalition partners, committed to a $1 billion funding guarantee, dedicated to the regions",NA,"301",NA
"This principle has been implemented in new regional funding programs by Liberal-National governments in Western Australia, New South Wales and Victoria.",NA,"301",NA
"But it’s more than just a fair share principle",NA,"301",NA
"This new investment must be more than funding programs or bricks and mortar – it must also focus on building human capital in our regions.",NA,"301",NA
"As a nation, we are overdue in recognising the role regional areas can, and must, play in overcoming Australia’s national challenges.",NA,"301",NA
"Australia’s concentration of population is the highest in the OECD, and is almost double the OECD average",NA,"301",NA
"A staggering 88% of our population is packed into just 3% of the landmass, mainly small coastal recesses in Sydney and Newcastle, Melbourne, Brisbane and south coast, Adelaide and Perth.",NA,"301",NA
"Our regions cry out for more people, services, infrastructure, businesses and employees.",NA,"301",NA
"It’s time to correct that imbalance.",NA,"301",NA
"We need to seriously address this population squeeze and pull the policy levers that can reenergize and build the under-developed 97% of Australia that is regional",NA,"301",NA
"That’s where the real untapped growth potential lies.",NA,"301",NA
"We need a tonic for Australia’s city population ills – a proactive solution to our congested cities, bursting under a national population of just 22 million people.",NA,"301",NA
"Unless we, as a nation, can bring businesses and people to major regional cities and develop new commercial centres, 36 million people by 2050 will grind our cities into perpetual gridlock.",NA,"301",NA
"Creating dynamic, stable, secure and viable regional economies is essential for Australia’s future.",NA,"301",NA
"Our Plan",NA,NA,NA
"The Nationals will ensure that government does not hinder the development of prosperous regional communities, but actually promotes and motivates them.",NA,"301",NA
"Governments cannot redress uneven growth across regions, or solve the uncertainties of international markets",NA,"301",NA
"But the regions have the capacity for much better economic performance, and The Nationals’ practical support for regional economies will help to make them more competitive.",NA,"301",NA
"Our commitment to take real action on sustainable population growth will allow regional Australia to beneﬁt from a targeted skilled migration and regional Australia settlement program.",NA,"301",NA
"The Nationals have a proud record of achieving results in regional development",NA,"301",NA
"This policy builds on our past achievements and sets a bold new direction for supporting regional development.",NA,"301",NA
"Its key themes are:",NA,NA,NA
"Recognition of the need for non-negotiable provision of best practice services and infrastructure for regions;",NA,"301",NA
"Decentralisation of decision-making for regional planning;",NA,"301",NA
"Support for innovation in the regions; and",NA,"301",NA
"Better funding models to enable regions to achieve their visionary goals.",NA,"301",NA
"Our policy promotes the provision of adequate services and ﬁrst-class infrastructure for all regions",NA,"301",NA
"It places far greater emphasis on regional innovation and entrepreneurship as the key drivers of successful regional development",NA,"301",NA
"We will create new opportunities for regionwide, bottom up economic development.",NA,"301",NA
"The Nationals recognise the limits of any government’s capacity to control all the forces that drive regional outcomes",NA,"301",NA
"We realise that the regions themselves must take responsibility for their development strategies",NA,"301",NA
"We understand that regional development institutions must be properly resourced and then given the freedom to make their own decisions.",NA,"301",NA
"Regional policy challenge",NA,NA,NA
"Regional communities face problems neither they, nor government, can directly control",NA,"301",NA
"Some are seasonal, such as drought or ﬂood; some are ongoing structural challenges such as the ageing of the nonmetropolitan population and the loss of young people to the major cities; some are external, such as unstable or corrupt international markets.",NA,"301",NA
"Many regions outside capital cities have a relatively narrow economic base and lack the scale and resilience of cities, making them open to sudden economic shocks, and the gradual erosion of their skills base.",NA,"301",NA
"The Nationals support regions in addressing those problems they can directly inﬂuence, and in limiting the adverse effects of others beyond their control.",NA,"301",NA
"The regions have ageing populations",NA,"301",NA
"Their best and brightest young people often leave for the city, and many never return.",NA,"301",NA
"Migrants from the city or other countries do not usually settle in the regions that are most in need of new blood and ideas",NA,"301",NA
"The regions that beneﬁt from the inﬂux are generally on the coast or within a couple of hours of the city",NA,"301",NA
"Regions further away miss out.",NA,"301",NA
"In addition, regions traditionally reliant on agriculture have found that their structure is changing",NA,"301",NA
"As new industries and enterprises emerge, regional economies must diversify to ensure their future.",NA,"301",NA
"Those furthest away from the capital cities require support to compete for population and industry growth, and to respond to new challenges.",NA,"301",NA
"Dozens of regional development programs across the nation are delivered by the three levels of government with little overall coordination, direction or evaluation, compete for regional support",NA,"301",NA
"In addition to the tax incentives, domestic relocation and bonded migration measures in under our Economy and Taxation plan, The Nationals commit to a fairer distribution of the growing federal funding for regional Australia through a coordinated partnership with state and local governments.",NA,"301",NA
"Regional policy solutions",NA,NA,NA
"Though fundamentally important, the provision of basic services is not alone enough to ensure regional economies prosper and grow.",NA,"301",NA
"Regional growth arises from entrepreneurship, knowledge, networks and innovation from outside the region coming to set up shop.",NA,"301",NA
"Genuine regional development occurs when communities leverage their assets to achieve new economic opportunities.",NA,"301",NA
"Innovation and entrepreneurship are central elements of successful regional economies, and communities and regions need to be encouraged by government to embrace them through more effective support for small business.",NA,"301",NA
"Regional education",NA,NA,NA
"The Nationals will encourage regional universities to work with TAFE colleges to engage with young people, and so help produce the next generation of entrepreneurs",NA,"301",NA
"To encourage graduates to work in regional Australia, we will provide a partial reduction in their HECS fee obligation, based on the length of time they spend there, and the degree of remoteness.",NA,"301",NA
"Regional leadership",NA,NA,NA
"Decisions about strategy and objectives must be made by the leaders in each region, not by central governments",NA,"301",NA
"Local communities must take a greater role in deciding the projects that will lead to economic and social beneﬁts in their areas",NA,"301",NA
"This is a hallmark of The Nationals’ Royalties for Regions policy in Western Australia, the Regional Growth Fund in Victoria and the Restart NSW Fund.",NA,"301",NA
"Better regional policy outcomes for Australia require better funding mechanisms for regional projects, and support for better focused regional institutions, where leaders are required to be strategic and visionary.",NA,"301",NA
"Good local government is the key to sound regional leadership",NA,"301",NA
"The Nationals support the constitutional recognition of local government to ensure that the federal government is able to continue to make direct payments to local government through regional programs such as Roads to Recovery.",NA,"301",NA
"We will investigate the potential use of the Federal Government’s borrowing ability to leverage cheaper borrowing costs to local governments",NA,"301",NA
"This would assist to address the backlog of infrastructure projects, such as roads, bridges, community halls, libraries, paths, parks, water facilities and airports.",NA,"301",NA
"The Nationals support increased federal government funding for local government and we will aim to ensure that councils are fully compensated for ﬁnancial burdens associated with policies implemented by other tiers of government.",NA,"301",NA
"Regional skills",NA,NA,NA
"To help alleviate the skills shortage in regional Australia, new arrivals will be encouraged to settle in regional and rural areas",NA,"301",NA
"Temporary work visas (457s) will be made more accessible to businesses in regional areas with known skills shortage needs",NA,"301",NA
"The Nationals’ will build regional economic capacity by encouraging all regions to be more innovative and to set their own directions for economic development strategy, strongly supported by the federalgovernment.",NA,"301",NA
"Regional infrastructure",NA,NA,NA
"Under Labor governments, federal and state, country hospitals have been closed or downgraded, schools and public buildings neglected, infrastructure left to run down, and services withdrawn.",NA,"301",NA
"Good infrastructure – roads, rail, telecommunications, schools, hospitals, bridges, dams or airports – is vital to unlocking regional Australia’s potential",NA,"301",NA
"However, soft infrastructure – such as health and allied health services, education resources, childcare and other social institutions – is also lacking and forms a barrier to regional relocation",NA,"301",NA
"The obligation of the federal government is to provide more than money",NA,"301",NA
"A clearly deﬁned regional component must be identiﬁed in all long-term planning.",NA,"301",NA
"Infrastructure Australia was to deliver this integrated approach, but little has manifested since its inception in 2008",NA,"301",NA
"We will make it happen.",NA,"301",NA
"We will ensure that a fair share of federal government funding for infrastructure and services is allocated to regional areas",NA,"301",NA
"Where appropriate, we write speciﬁc obligations into ﬁnancial agreements with the states, with an identiﬁed proportion of funding being allocated to regional areas.",NA,"301",NA
"Government decentralisation and purchasing",NA,NA,NA
"The Nationals will establish a taskforce in the Department of Prime Minister and Cabinet to identify opportunities to decentralise government service provision and relocate staff to regional locations where practical",NA,"301",NA
"Reviewing government purchasing and tendering policies will reduce the barriers for smaller, regional-based businesses to bid for contracts and deliver government services.",NA,"301",NA
"Regional Impact Statements",NA,NA,NA
"The effects of government decisions on regional communities need to be taken into account, as part of the decision making process.",NA,"301",NA
"The Nationals will require that all Cabinet submissions be accompanied by a Regional Impact Statement, outlining the economic, environmental and social consequences of government decisions on regional areas.",NA,"301",NA
"Regional Development Australia",NA,NA,NA
"Regional Development Australia must respond to local communities and build partnerships between them and government.",NA,"301",NA
"The Nationals will establish local committees, comprising local leaders drawn from the community, business and government, to set the direction of each Regional Development Australia ofﬁce",NA,"301",NA
"Committee members will be responsible for working with regional stakeholders in preparing plans to strengthen the region.",NA,"301",NA
"Universities, service organisations, cultural groups, sporting clubs, business and community leaders, will work with Regional Development Australia ofﬁces to assess local needs and identify targeted initiatives",NA,"301",NA
"The restructured Regional Development Australia network will navigate federal government funding programs, according to our fair share commitment, including a restructured Better Regions Program.",NA,"301",NA
"The Nationals will restructure the Regional Development Australia National Advisory Council to make it truly representative of the regions and to enable meaningful contributions to regional policy development",NA,"301",NA
"The new committee will have direct access to senior Ministers and will be consulted on key policy initiatives.",NA,"301",NA
"Fair Share Fund",NA,NA,NA
"The Fair Share Fund will provide resources for the following two programs:",NA,"301",NA
"Sustainable Regions Program",NA,NA,NA
"The need for special assistance for regions facing major structural adjustment as a result of unexpected demographic or economic change has continued under the Labor government.",NA,"301",NA
"However, Labor actions such as buying irrigation properties are adding to social and economic trauma.",NA,"301",NA
"The Nationals will restore the Sustainable Regions Program in areas of Australia facing these challenges",NA,"301",NA
"The program will be designed to support projects which create employment or establish new businesses, through partnerships between the private sector, government and the community.",NA,"301",NA
"Each region will have its own advisory panel comprising business, community and local leaders, who will consult with the community to determine the economic, community and social priorities for the region, and act as a ﬁrst ﬁlter for potential projects.",NA,"301",NA
"Better Regions Program",NA,NA,NA
"The Nationals will broaden the Better Regions Program – a corrupted Labor version of the former Regional Partnerships program – to provide funding for community projects supported by partnership funds from state and local governments, the community, private enterprise and individuals",NA,"301",NA
"All applications will undergo rigorous assessment",NA,"301",NA
"The Better Regions Program will have three components: infrastructure project grants for large scale industry, tourism, community infrastructure and community service proposals; community grants for initiatives that increase social opportunities, community participation and interaction; and a range of small grants to help councils and not-for-proﬁt organisations with minor community projects.",NA,"301",NA
"Seniors– CELEBRATING AND RESPECTING OLDER AUSTRALIANS",NA,NA,NA
"Australians are living longer, more productive lives, and seeking to live independently in their own homes for as long as possible",NA,"706",NA
"This trend is in the government’s interest; sensible policies assisting seniors to stay home are much less costly than institutional care.",NA,"706",NA
"It is not necessarily ‘aged care’ that we look for as we get older, but healthcare and services appropriate for our stage of life.",NA,"706",NA
"Key to The Nationals’ policy focus for senior Australians is the entitlement of all Australians to live with dignity throughout their lives",NA,"706",NA
"Our senior citizens should not be seen as welfare dependent, nor a drain on the economy",NA,"706",NA
"The experience and guidance of older Australians in the workforce is being recognised by employers.",NA,"706",NA
"Their lifelong contribution to society should be fostered and celebrated",NA,"706",NA
"– seniors have paid their taxes, made Australia what it is today, and have more than earned their keep.",NA,"706",NA
"Older Australians enrich our communities, especially in the regions",NA,"706",NA
"Their contribution can be seen in the essential services which keep regional communities vibrant, including policing, work in court houses, assistance in schools and hospitals, and many other community-based activities",NA,"706",NA
"Their civic service is vital to the health and vitality of regional Australia",NA,"706",NA
"Our plan is to provide the best opportunities for older Australians in regional areas to remain healthy, active and engaged in the workforce and the community",NA,"706",NA
"Ageing productively keeps people healthy and refutes any perception that seniors become a burden as our society witnesses an ageing population.",NA,"706",NA
"Where high-level full-time aged care is required, seniors must have a say in the care they receive.",NA,"706",NA
"Being in charge of one’s own life, treated as a grown up, is a dignity our seniors are entitled to expect.",NA,"706",NA
"Our Plan",NA,NA,NA
"The Nationals’ plan recognises that the great majority of older Australians contribute to society right through their later years, when community attitudes allow it, and when they are provided with the right services to remain healthy, active and engaged in the community.",NA,"706",NA
"For those in need of greater support, whether acute care or to help in overcoming social isolation, The Nationals’ plan provides for more aged care beds, better mental illness services, and practical ﬁnancial support for community groups.",NA,"706",NA
"Education and employment",NA,NA,NA
"Government and the corporate sector must take on a greater role",NA,"706",NA
"The Nationals maintain that education is a lifelong experience, and the best results are achieved by governments working with business and local communities to provide high quality, appropriate facilities and services.",NA,"706",NA
"Employers need encouragement to hire and retain older staff, and to work with other employees to retrain and redeploy them in mutually agreeable roles.",NA,"706",NA
"Speciﬁcally tailored training and education programs for seniors are necessary to ensure employers invest in up-skilling and re-skilling older employees",NA,"706",NA
"In addition, we will provide support for educational institutions developing programs aimed at older Australians.",NA,"706",NA
"Government can improve employment rates of senior Australians in the public service",NA,"706",NA
"While departments publish the details of the senior ranks, they are less forthcoming about the number of over-60s recruited in the public service’s annual intake.",NA,"706",NA
"We will further counter age discrimination by assisting the unemployed over 50 to ﬁnd meaningful work.",NA,"706",NA
"For pensioners who will undertake seasonal work, we will reform pension arrangements to support them in earning additional income",NA,"706",NA
"In particular, we will extend the practice of income averaging for those able to undertake this work.",NA,"706",NA
"To encourage seniors to stay in the workforce, we will abolish the superannuation guarantee limit, and remove the bureaucratic impediments and disincentives which discourage people from working beyond pensionable age.",NA,"706",NA
"Retirement income and planning",NA,NA,NA
"The overwhelming concern seniors often express is their uncertainty about how to plan and budget for their retirement.",NA,"706",NA
"Government shifting of goalposts disadvantages those looking to retire",NA,"706",NA
"This is not just frustrating, it fuels anxieties and can be ﬁnancially crippling.",NA,"706",NA
"Australians in general are encouraged to prepare for retirement with careful and considered planning, but too few do.",NA,"706",NA
"We will provide initiatives for the certainty people need in retirement planning",NA,"706",NA
"Those on ﬁxed incomes – whether pensioners or self funded retirees – have very limited ﬁnancial ﬂexibility, and lack the disposable income of those in the work force to adapt their circumstances and respond to change.",NA,"706",NA
"Our reforms will encourage workers to prepare for retirement, by means such as an enhanced tax treatment of savings.",NA,"706",NA
"We will make the cost of ﬁnancial planning tax deductible.",NA,"706",NA
"We will require greater accountability from superannuation funds",NA,"706",NA
"We will require these funds to deliver high quality service and performance, to justify their privileged position under the Superannuation Levy Guarantee.",NA,"706",NA
"We will establish a consumer protection program for older Australians.",NA,"706",NA
"Health and aged care",NA,NA,NA
"All Australians are entitled to the highest quality of care and such care must be provided respectfully and with dignity",NA,"706",NA
"Older Australians need incentives to retain private health insurance cover",NA,"706",NA
"For many, their optimal take up of health cover comes when they can least afford it",NA,"706",NA
"In government, The Nationals brought in the 30% rebate on private health insurance, and then extended it to 35% and 40% for seniors",NA,"706",NA
"We remain committed to these incentives.",NA,"706",NA
"The Nationals support greater access to the Commonwealth Seniors Health Card for self funded retirees",NA,"706",NA
"Through our regional health programs we will increase sub-acute care support for older Australians, improve dental care and provide more equitable access to Pharmaceutical Beneﬁts Scheme (free) medications for seniors.",NA,"706",NA
"We will address many people’s biggest fear – the quality of care they receive as they grow older.",NA,"706",NA
"The Nationals believe it is important for families to stay together wherever possible",NA,"706",NA
"This can be difﬁcult in regional areas, where older parents and grandparents are involved, and where appropriate aged care facilities may be far from the family base",NA,"706",NA
"We will provide dedicated funding, and will work with all levels of government and community, to increase the number of aged care facilities and places in regional areas, and to boost the number of aged care beds there.",NA,"706",NA
"As the population ages, the same expectations of funding and performance proposed for regional hospitals must be applied to aged care facilities",NA,"706",NA
"Incentives will be provided for regional health professionals to broaden their skills in providing expert care to the elderly.",NA,"706",NA
"The Nationals will introduce funding for aged care beds under similar arrangements for hospitals by establishing a new system where Commonwealth and State funding for aged care services is pooled into a single fund for each region, with managers at the regional level who can best identify community needs, directly oversee the real costs, and who will deliver the local beneﬁts of their decisions.",NA,"706",NA
"The Nationals package will remove the anxiety felt among older Australians as the numbers of staff – particularly nurses – are shrinking.",NA,"706",NA
"The Nationals support the appointment of an Aged Care Ombudsman, to give people more conﬁdence in the system by providing an independent ofﬁce to investigate the issues no statutory body or government department currently monitors.",NA,"706",NA
"As care needs intensify, so does the pressure on the families",NA,"706",NA
"Respite care is important, providing much-needed support, and helping people stay at home longer",NA,"706",NA
"Flexibility is needed in how respite care is provide, both for immediate needs and for the future planning required",NA,"706",NA
"The population age shift will bring new and different challenges in the provision of respite care.",NA,"706",NA
"Social isolation damages health and wellbeing",NA,"706",NA
"The Nationals support community initiatives to address it",NA,"706",NA
"Volunteer programs are valuable",NA,"706",NA
"However, those people in aged care who are not receiving any government funding support (i.e. through the facility in which they are housed), are currently prohibited from accessing the volunteer services.",NA,"706",NA
"We will remove this anomaly and maximise the reach of volunteer programs dealing with social isolation.",NA,"706",NA
"Small Business and Tourism– REALISING THE POTENTIAL IN REGIONAL ENTERPRISE",NA,NA,NA
"The Nationals is the party of, and for, small business",NA,"402",NA
"We recognise that regional Australia depends on small business to drive local economies and regional prosperity.",NA,"402",NA
"In recent years, there has been a major diversiﬁcation in the activity undertaken by small businesses in regional Australia – a move away from a mainly rural-based industry structure to include services, tourism and manufacturing.",NA,"402",NA
"The majority of businesses in regional Australia employ fewer than 20 people but, across the board, the sector is the largest employer",NA,"402",NA
"Of the 1,880,000 small businesses throughout Australia, some 35% – more than 650,000 ﬁrms – operate in regional Australia.",NA,"402",NA
"To be competitive, small businesses in regional Australia must have the same opportunities to share in the beneﬁts of technology as those in the capital cities.",NA,"402",NA
"The chronic skills shortage in regional areas is a major impediment for small business",NA,"402",NA
"To overcome this, The Nationals’ will make temporary work visas (457s) more accessible to regional businesses, as well as requiring skilled, semi-skilled and non-skilled immigrants to be bonded to regional areas with relevant labour needs",NA,"402",NA
"This is especially the case with tourism, where regional Australia struggles to get its share of the international visitor market",NA,"402",NA
"The ratio of domestic to international visitors in the regions is as high as 19:1",NA,"402",NA
"While Australia, as a whole, is seen as a desirable destination, the major cities and east coast holiday spots derive most of the beneﬁts.",NA,"402",NA
"Our Plan",NA,NA,NA
"Easing the burdens",NA,NA,NA
"The Nationals recognise that success in maintaining existing businesses and attracting business people to relocate to regional areas depends on access to the quality services expected as part of modern living, including education, health, infrastructure and transport.",NA,"402",NA
"The Nationals aim to give small businesses the competitive environment and the tools they need to make the best of opportunities, in both domestic and international markets.",NA,"402",NA
"We will work with industry associations and academic institutions to develop small business education programs aimed at increasing efﬁciency and productivity.",NA,"402",NA
"The vast number of interlocking and confusing regulations covering business activity at the federal, state and local levels must be simpliﬁed.",NA,"402",NA
"The Nationals commit to reinvigorating previous programs to remove red tape at all levels of government",NA,"402",NA
"This includes combating the indirect red tape that results from restrictions imposed by governments on other businesses, such as ﬁnancial institutions, which is then carried through to their small business clients.",NA,"402",NA
"We will continue our leadership role in ensuring that small business can compete on a level playing ﬁeld with bigger businesses.",NA,"402",NA
"Healthy competition is good, but small businesses must be protected from unfair competition by powerful resource-rich companies.",NA,"402",NA
"The Nationals have taken the lead in addressing deﬁciencies in the Trade Practices Act and will continue to address weaknesses in trade practices legislation affecting small business competitiveness.",NA,"402",NA
"We will also better resource the Australian Competition and Consumer Commission to take action against large corporations that abuse their market power.",NA,"402",NA
"The Nationals in government will examine changes to the Competition and Consumer Act 2010, to:",NA,"402",NA
"Provide for a third party right of appeal to the Competition Tribunal (Part III) for any matter relating to acquisitions (s.50) or misuse of market power (s.46), including matters raised formally and informally with the ACCC on which the ACCC may or may not have acted; and provide that this third party right of appeal not be liable to any cost order in the Tribunal proceedings except if found to be vexatious; and",NA,"402",NA
"Examine what actions, if any, are appropriate for the ACCC to apply to the Courts for the breakup of monopolies or dominant companies that engage in conduct which undermines competition.",NA,"402",NA
"Many economic and social advantages are evident for businesses operating in regional areas",NA,"402",NA
"The Nationals will support initiatives to make city businesses aware of these advantages and to encourage Australians to enjoy the beneﬁts of a non-metropolitan lifestyle.",NA,"402",NA
"We will also review the effect of additional costs on businesses outside  capital cities, with a view to determining what regional incentives could  be introduced to encourage city businesses to relocate.",NA,"402",NA
"The Nationals in government will provide a 30% investment allowance to assist small business in regional areas to expand and to create jobs, or for capital city businesses to relocate.",NA,"402",NA
"The allowance will be for increasing business capacity, such as major new plant acquisitions or increasing production capacity",NA,"402",NA
"It will be subject to requirements like job creation benchmarks and output increases.",NA,"402",NA
"The program will exclude passive investment, such as commercial property investment for lease.",NA,"402",NA
"The Nationals will review the impact of Internet trading on regional small businesses by reviewing the duty and GST exemption for imported goods valued at less than $1,000",NA,"402",NA
"The practicality of reducing this threshold to $20 will be examined.",NA,"402",NA
"The Nationals recognise that online shopping is now a fact of life, but believe that there is a need to level the playing ﬁeld, particularly for franchisees who are bound by restrictive purchasing practices that impact on their ability to compete on price.",NA,"402",NA
"We will review the Trade Practices Act to ensure that franchisees and others are not disadvantaged by agreements that prevent them from purchasing product at the most competitive price",NA,"402",NA
"In order to help retain small businesses in regional areas, The Nationals will encourage local planning authorities to take into account competitiveness issues when considering approvals for new or expanded retail developments.",NA,"402",NA
"State planning systems should take into account dominance in the retail sector as part of the net community beneﬁts test.",NA,"402",NA
"Support for Co-operatives",NA,NA,NA
"The Nationals in government will support the introduction of National Co-operatives Law.",NA,"402",NA
"Consistent with the proposals being put to the Council of Australian Governments, a uniform system will:",NA,NA,NA
"Provide nationally consistent laws to replace the separate legislation currently operating in states and territories;",NA,"402",NA
"Provide the method for applying and maintaining the uniform legislation and regulations;",NA,"402",NA
"Apply a clear guide as to how the law interacts with the Corporations Act 2001;",NA,"402",NA
"Ensure that those provisions of the Corporations Act 2001 relevant to co-operatives are applied uniformly across states and territories;",NA,"402",NA
"Simplify the ﬁnancial and auditing requirements for small cooperatives;",NA,"402",NA
"Reduce red-tape and restrictions on co-operatives operating across states and territories; and",NA,"402",NA
"Introduce nationally consistent provisions for the supervision of cooperatives.",NA,"402",NA
"The process of harmonisation will allow support of co-operatives at a national level and will allow national advocacy for co-operatives.",NA,"402",NA
"The Nationals in government will also review methods to change the Australian accounting standards that treat share capital in co-operatives as a liability on co-operative balance sheets.",NA,"402",NA
"Fair credit card merchant fees",NA,NA,NA
"The Nationals in government will ensure there is a ban on merchants from placing a surcharge on credit card transactions above the amount (as expressed in percentage of goods purchased) charged to the merchant by the credit card issuer for a transaction.",NA,"402",NA
"In addition, credit card issuers will be prohibited from crediting back any revenue derived from merchant credit transactions",NA,"402",NA
"Such a prohibition would prevent an issuer from charging a merchant an inﬂated percentage on a transaction with an agreement that the issuer will then credit a certain amount back to the merchant at periodic intervals.",NA,"402",NA
"Consumer Ombudsman",NA,NA,NA
"The Nationals will provide stronger protection for small businesses and farmers from anticompetitive conduct,  including through:",NA,"402",NA
"The establishment of a Commonwealth Australian Small Business and Farming Commissioner modelled on the Victorian Small Business Commissioner;",NA,"402",NA
"An amendment to the Competition and Consumer Act to provide an effective prohibition against anti-competitive price discrimination;",NA,"402",NA
"The strengthening of section 50 of the Competition and Consumer Act to prohibit ‘creeping acquisitions’, which individually substantially lessen competition, but which over time lead to the increased dominance of",NA,"402",NA
"The development of a code of conduct covering large retailer-supplier dealings and dispute resolution processes.",NA,"402",NA
"Receivers and administrators",NA,NA,NA
"The Nationals note and condemn cases where family farms and small businesses have been mismanaged by receivers and/or administrators, resulting in the value of the asset being diminished and unnecessary hardship caused",NA,"402",NA
"In government we will provide greater protection for family farms from receivership, including the establishment of a Small Business and Farming Commissioner able to intervene in such cases.",NA,"402",NA
"Farm debt mediation",NA,NA,NA
"We recognise that farm debt recovery by banks and other lenders is increasing at an alarming rate, and note the extremely traumatic experience for farming families overwhelmed by the unconscionable behaviour of some lenders.",NA,"402",NA
"We strongly oppose any strong-arm tactics by banks and lenders who rush to court orders; force vacant possession; and appoint liquidators and receivers who then force a ﬁre sale, bankrupting the unfortunate proprietor where there is a shortfall.",NA,"402",NA
"We commit to a better process, requiring lenders to undertake compulsory debt mediation where default occurs, and allowing the landholders the right to sell their properties themselves via a controlled sale, preserving their dignity and preventing the collapse of the value of neighbouring properties",NA,"402",NA
"The Australian Securities and Investments Commission (ASIC) will be required to review the Corporations Act 2001 and related industry codes so that liquidators are prevented from taking day to day management of a family-owned farm where a ﬁnancial institution forecloses on that property",NA,"402",NA
"In government The Nationals will work with all states/territories to achieve a national farm debt mediation standard to assist the ﬁnance sector and farmers to overcome cross-border anomalies and misunderstandings.",NA,"402",NA
"Award modernisation",NA,NA,NA
"The Nationals support the rationalisation and updating of industrial awards and the introduction of greater ﬂexibility",NA,"402",NA
"Small businesses are generally more reliant on the award structure than larger businesses, and even more so in the regions.",NA,"402",NA
"The Nationals do not support Labor’s objective of removing pay differentials between different parts of Australia or the imposition of common penalty rates.",NA,"402",NA
"Unlike Labor, we understand that strawberries do not only ripen between 9am and 5pm on weekdays; that prawn trawler crews do not come home for dinner every evening; that country shows are generally held on public holidays; and that family wineries do most of their business on weekends.",NA,"402",NA
"The Nationals in government will instruct the Australian Industrial Relations Commission to recognise the special circumstances of businesses operating outside the major capital cities and to establish a pay structure accordingly",NA,"402",NA
"Workers and employees should have a workplace relations framework that allows them to make changes to working conditions that are advantageous to both, with the overriding requirement that safe working practices are not traded off.",NA,"402",NA
"The Nationals consider that any monopoly situation enjoyed by unions should be abolished",NA,"402",NA
"The principle of the ‘conveniently belong rule’ of 1905 should be removed to provide competition within the union movement by allowing workers to freely form and maintain new registered unions in competition with existing unions.",NA,"402",NA
"The global economy",NA,NA,NA
"The Nationals support a Small Business Action Plan to respond to ﬂuctuations in the global economy.",NA,"402",NA
"Measures will include:",NA,"402",NA
"Tax loss carry-back to allow businesses to offset operating losses and retain staff by claiming back taxes paid over the past three years, up to a $100,000 limit;",NA,"402",NA
"OECD-best practice regulation, whereby, the Commonwealth will undertake a comprehensive audit of all the federal, state and local paperwork needed to start or expand a business",NA,"402",NA
"We will ensure that this overhead burden is reduced at least to match OECD best practice;",NA,"402",NA
"A one-stop shop regulation portal to deliver integrated online access to all forms and ﬁlings, regardless of the level of government imposing them; and",NA,"402",NA
"Support advice for family businesses on succession planning and family business development.",NA,"402",NA
"Supporting regional tourism",NA,NA,NA
"Local tourism in regional Australia needs to be supported by the vocational and professional training of tourism operators and suppliers.",NA,"402",NA
"The Nationals support the establishment of a regional tourism training initiative to improve the skills and professional standards of tourism operators, and to assist them to meet the particular challenges presented by regional tourist activities.",NA,"402",NA
"This initiative would encompass a number of programs to meet the needs of various tourism industry sectors, such as:",NA,"402",NA
"Grants to existing and new tourist operators of farm stays, motels, bed and breakfasts, and wineries for training in marketing and promotion, with particular emphasis on online marketing;",NA,"402",NA
"Training rebates for travel agents and tourism operators who undertake a training course or accreditation in regional tourism, based on the number of bed nights they sell into regional Australia within a prescribed period;",NA,"402",NA
"A national database and rating system, similar to the motel star system, listing tourism businesses and outlets that successfully complete vocational training courses related to tourism; and",NA,"402",NA
"Funding for speciﬁc regional education tours for major tourism operators, similar to the programs now conducted by other countries, to enable travel consultants to gain a better understanding of what is on offer",NA,"402",NA
"Many regional communities, cultural and sporting events need government support from time to time, as the regional economy ebbs and ﬂows.",NA,"402",NA
"Support is currently available only on an ad hoc basis from governments and government business entities.",NA,"402",NA
"The future of the Australian Tourism Development Program and federal government funding of tourism activities is uncertain.",NA,"402",NA
"While local governments bear the brunt of the cost of tourism promotion in the regions, many local governments cannot afford to provide such funding on a consistent and continuing basis.",NA,"402",NA
"The Nationals insist that all levels of government must commit to funding tourist promotion and that the federal government should play a leading role",NA,"402",NA
"Regions need consistent support to compete at an international level",NA,"402",NA
"We support the development of a three-year, ‘See Australia First’ campaign focused on regional tourism markets.",NA,"402",NA
"The Nationals support the establishment of a federal tourism fund to provide project-speciﬁc grants to support regional promotion campaigns or major regional tourism and entertainment events.",NA,"402",NA
"The grants process will be competitive, with a major criterion being the ability of the project to generate long-term shifts in tourist behaviour.",NA,"402",NA
"We also support the establishment of a permanent ‘Regional Tourism Disaster Fund’, to be used to assist with marketing campaigns in the aftermath of natural disasters.",NA,"402",NA
"Poker machine pre-commitment technology",NA,NA,NA
"The Nationals recognise the social and commercial beneﬁts clubs and pubs bring to regional communities",NA,"402",NA
"while we support the implementation of voluntary responsible gambling initiatives from clubs and pubs, we oppose any mandatory pre-commitment technology measures, as harmful to the viability of clubs and pubs in rural and regional areas, and we oppose the proposed $250 limit on ATM’s located in clubs and pubs.",NA,"402",NA
"Social Justice– A FAIR GO FOR ALL AUSTRALIANS",NA,NA,NA
"Underpinning all Nationals’ philosophy is the notion of a ‘fair go’ for all Australians, wherever they live",NA,"503",NA
"Equality of opportunity to participate in our community to the full extent of ability, capacity and desire is the birthright of every Australian.",NA,"503",NA
"As we represent some of the most disadvantaged electorates in the country, the plight of our seniors, carers, those with a disability, our Indigenous population and the underprivileged is our core concern",NA,"503",NA
"Our commitment to social justice is the foundation of all of our policies.",NA,"503",NA
"The Nationals oppose any attempt to introduce a statutory or constitutional charter of human rights.",NA,"503",NA
"The Nationals believe that forced marriages should be banned in Australia and will support legislation to that effect.",NA,"503",NA
"The Nationals endorse the repeal of s. 18C of the Racial Discrimination Act 1974 (Cth) and corresponding sections of state anti-discrimination Acts, in the interests of free speech and a free press.",NA,"503",NA
"Caring for fellow Australians",NA,NA,NA
"One of The Nationals’ core values is to provide security for Australian communities and their families through the preservation of decent health, safety, social and economic welfare standards.",NA,"504",NA
"The Nationals believe in:",NA,NA,NA
"The establishment of a National Disability Insurance Scheme;",NA,"504",NA
"Reasonable access to quality, affordable health care and education for all Australians, regardless of their location and personal circumstances;",NA,"504",NA
"Improved support services for those with a disability and their carers to better meet the needs of disabled people and their family carers",NA,"504",NA
"The Nationals will provide greater support for community groups engaged in the provision of accommodation to provide accommodation on a long-term sustainable basis; and",NA,"504",NA
"Provision of programs to assist those parents with disabled children to plan for their future, including greater support from government through arrangements such as taxation offsets and disability trusts.",NA,"504",NA
"The Nationals recognise the urgent need to assist ageing parents and carers of disabled children, and in government will:",NA,"504",NA
"Reintroduce the former Coalition Government’s Special Disability Trust program, and remove capital gains tax on the transfer of property into special disability trusts, and concentrate the Ministerial responsibility for disability services within a single portfolio;",NA,"504",NA
"Support the implementation of a lifelong care and support system, along the lines of the Productivity Commission report on a National Disability Insurance Scheme, for all Australians with a signiﬁcant disability whether acquired at or after birth;",NA,"504",NA
"Provide resources to public and private education facilities to meet the needs of the disabled;",NA,"504",NA
"Provision of resources to public and private education facilities to meet the needs of disabled students to enable them to reach their full potential;",NA,"504",NA
"Ensure that there are sufﬁcient accommodation places and support to meet the needs of all ageing people with a disability who require such a placement;",NA,"504",NA
"Provide resources so that young people who require 24-hour care have separate specialised accommodation, rather than being placed in nursing homes for the aged;",NA,"504",NA
"Uphold the rights of Indigenous Australians and recognise their special needs through properly resourced programs directed to promoting self-help, self-respect, education and job creation;",NA,"705",NA
"Ensure adequate funding of law enforcement and counselling services speciﬁcally directed to personal security and to overcoming domestic violence and alcohol and drug abuse",NA,"605",NA
"In particular, we will support the expansion of community crime prevention programs aimed at supporting police, local councils and community groups to develop local solutions to local problems, including the expanded use of closed circuit television and other cost-effective measures to improve community safety;",NA,"605",NA
"Increase funding to combat youth mental health issues and to support better relationships between child and adolescent mental health services and adult mental health services;",NA,"504",NA
"Ensure that programs directed to the care and welfare of children provide men and women with the choice of either seeking childcare outside the home or within the home; and",NA,"504",NA
"Provide travel assistance for former prisoners of war wishing to travel overseas to attend one signiﬁcant commemoration ceremony.",NA,NA,NA
"A fair and accessible legal system",NA,NA,NA
"The Nationals are determined to eliminate the divide between those living in and those living outside major capital cities, including any limitation on access to a fair legal system that respects the rights and responsibilities of all Australians.",NA,"503",NA
"The Nationals are committed to:",NA,NA,NA
"Ensuring the legal system is accessible to all Australians regardless of their circumstances;",NA,"503",NA
"Reviewing the family law and child support system to ensure that the interests of children are paramount; and",NA,"706",NA
"Removing any discrimination against sexual preference,",NA,"201",NA
"while upholding the sanctity of marriage between a man and woman.",NA,"603",NA
"Telecommunications and Information Technology– CONNECTING REGIONAL AUSTRALIANS TO AFFORDABLE NEW TECHNOLOGIES",NA,NA,NA
"Effective telecommunications unite Australians wherever they work, live and play in local, national and, increasingly, global communities.",NA,"411",NA
"Quality, reliable telephone services, high-speed internet access and broadcast infrastructure are essential to ensure regional Australians fully participate in the ever-evolving social and economic beneﬁts of state-of-the-art communication and information technologies.",NA,"411",NA
"Communications networks deliver timely and greater access to improved health services, open a new world of education options, drive employment and create business opportunities in regional Australia.",NA,"411",NA
"No-one understands the vital role communications play in regional Australia like the people who live there",NA,"411",NA
"The Nationals will bridge the communications divide between the regions and capital cities, prioritising planning and rollout of communications infrastructure.",NA,"411",NA
"Education and healthcare delivery are increasingly underpinned by telecommunications",NA,"411",NA
"These services are keys to social cohesion, participation in local communities and the broader economy, cultural wellbeing and access to emergency services.",NA,"411",NA
"In regional and remote communities, telecommunications are not nice extras… they are a necessity.",NA,"411",NA
"Our pledge is that regional Australians are entitled to access high quality, timely and affordable communication and information technologies – both for existing and emerging products and services",NA,"411",NA
"From that base, there is no limit to the emerging opportunities for regional families, businesses and communities, including access to:",NA,"411",NA
"High-speed broadband internet;",NA,"411",NA
"Voice-over-internet telephony;",NA,"411",NA
"Free-to-air and subscription digital television;",NA,"411",NA
"Online services for banking, bill payment, shopping, buying and selling on auction websites;",NA,"411",NA
"Government services;",NA,"411",NA
"Timely and accurate weather forecasts from the Bureau of Meteorology;",NA,"411",NA
"Educational materials at all levels of schooling and, increasingly, for tertiary studies;",NA,"411",NA
"Future commercial television video-on-demand services delivered online – already available in other countries, such as Hong Kong and South Korea;",NA,"411",NA
"Video conferencing;",NA,"411",NA
"Telemedicine services, whether voice over telephony or via video webcam – a direct link to a doctor who might be anywhere in Australia or the world, just a click away;",NA,"411",NA
"Streaming media – allowing users to listen to online radio and watch online TV programs, as well as a host of other audio-visual options;",NA,"411",NA
"Improved mobile phone and digital television networks;",NA,"411",NA
"Ongoing commitment to a communications ‘black spot’ program;",NA,"411",NA
"Support for community radio – which ﬁlls the gaps left by bigger providers, particularly in emergencies such as bushﬁres or ﬂoods.",NA,"411",NA
"Our Plan",NA,NA,NA
"We will bring down the regulatory barriers that discourage private enterprise from entering the communications market, to provide parity of service and price to regional Australians.",NA,"411",NA
"In this new regulatory environment, we will reward initiative and support those providers servicing the regions.",NA,"411",NA
"No single technology or network can provide efﬁcient and cost-effective communications services, in particular broadband, to all regional areas.",NA,"411",NA
"We must develop a suite of communications infrastructure appropriate to the vast array of regional needs, taking into account the diversity of Australia’s regional communities – including the supply of satellite phone services to remote towns.",NA,"411",NA
"To fully integrate regional Australians into the global community, communications infrastructure must be fast-tracked in areas of greatest need.",NA,"411",NA
"While the market will almost always meet the communications needs of those in the capital cities, government intervention is necessary to ensure market failure gaps are ﬁlled and the needs of regional and remote parts of Australia are met",NA,"411",NA
"The Nationals in government will ensure that the Telecommunication Universal Service Provider is required to establish a face-to-face presence in rural Australia.",NA,"411",NA
"Broadband",NA,NA,NA
"The rollout of a fast and cost-effective broadband network to transcend distances, so regional Australians can be real-time active players in national and global digital economies, is a priority for The Nationals.",NA,"411",NA
"Lack of access to infrastructure is a major obstacle to new telecommunications companies competing in regional areas",NA,"411",NA
"More often than not, carriers ﬁnd the cost of establishing new infrastructure in regional and remote areas is prohibitive, particularly when they are unsure of market demand.",NA,"411",NA
"Typically, lower population densities cannot deliver the economies of scale required to generate investment",NA,"411",NA
"Where the market cannot sustain a variety of networks in regional areas, The Nationals insist that government has a responsibility to ensure an affordable single network is available.",NA,"411",NA
"Public and private partnerships can be an appropriate and innovative vehicle for delivering such telecommunications infrastructure.",NA,"411",NA
"Labor has fundamentally misunderstood the market and the problem",NA,"411",NA
"Broadband speeds of 100Mbps are already available to commercial and home users in some capital cities where, as demand grows for higher speeds, the market will continue to provide.",NA,"411",NA
"The federal government does not need to help these providers, but does have a role in helping regional areas where the commercial case is not strong enough to drive the delivery of high-speed services",NA,"411",NA
"In regional Australia, the greatest productivity gains will be made from high-speed broadband",NA,"411",NA
"The Nationals’ policy is to place a priority on rolling out ﬁbre optic cable to the majority of consumers in regional Australia ﬁrst – that is, before cable rollout occurs in areas where competition could already be driving provision of higher broadband speeds.",NA,"411",NA
"While ﬁbre optic cable is regarded as the preferred data carrying technology for the foreseeable future, other technologies such as wireless (ﬁxed and mobile) and satellite continue to develop, delivering ever-faster data speeds",NA,"411",NA
"These technologies may provide innovative, effective and efﬁcient answers to many of the communications problems presented by Australia’s unique population spread.",NA,"411",NA
"The Nationals support the continuing extension of the optic ﬁbre network to regional and remote communities currently relying on wireless and microwave technology",NA,"411",NA
"We support the continued presence of Telstra in regional communities, including the physical presence of Telstra Country Wide ofﬁces in strategic locations.",NA,"411",NA
"$2 billion Communications Fund",NA,NA,NA
"Mobile phone coverage is a continuing challenge",NA,"411",NA
"The service will not be provided in some parts of Australia unless supported by both government and community.",NA,"411",NA
"The previous Coalition Government established a standing $2 billion Communications Fund to ensure perpetual upgrades to new technologies and services to regional Australia as they became available",NA,"411",NA
"– in essence ‘future prooﬁng’ regional Australia in the fast-paced ﬁeld of technology advances",NA,"411",NA
"A central plank of our telecommunications plan for regional Australia is reinstating the Communications Fund, to ensure that regional telecommunications services – and the families, businesses and entire communities rely on them – are not left with antiquated technologies and/or services and allowed to fall behind the rest of Australia and the world.",NA,"411",NA
"Black spot program",NA,NA,NA
"We will also reinstate a mobile phone ‘black spot’ program to identify and redress areas of poor mobile phone reception and to ensure that mobile networks are affordable.",NA,"411",NA
"The Nationals will ensure sufﬁcient digital TV broadcasting towers in regional Australia to guarantee acceptable reception to viewers before switching off the analogue terrestrial signal, including the update of 600 self-help sites across Australia at no additional cost to consumers.",NA,"411",NA
"World-class communications infrastructure and services are a priority for any government and requires ongoing policy development and management",NA,"411",NA
"This will offer the ability to all Australians to keep pace with existing technologies and the next generation of technological development.",NA,"411",NA
"Spending tens of billions of dollars and laying cable all over the country will not ﬁx prevailing problems, nor safeguard Australians – especially, susceptible regional Australians – against growing disparities as new technologies come online.",NA,"411",NA
"The Nationals’ approach strikes a competitive balance between carriers, establishes a fair and transparent regulatory structure, and accommodates new technologies and solutions as they become available, to deliver timely, effective and affordable services suitable for all Australians.",NA,"411",NA
"Trade",NA,NA,NA
"– DRIVING REGIONAL ECONOMIES TO BUILD A STRONGER AUSTRALIA",NA,NA,NA
"International trade is a major driver of growth for regional Australia",NA,"410",NA
"It creates new jobs, improves living standards and ensures our future as a prosperous nation.",NA,"410",NA
"One-in-four jobs in regional Australia is directly or indirectly linked to exports",NA,"410",NA
"When The Nationals were in government, exports from regional Australia grew three times faster than exports from major cities",NA,"410",NA
"About a quarter of regional Australia’s income now comes from exports.",NA,"410",NA
"Trade is a two-way street",NA,"410",NA
"Australia will continue to import the ﬁnance, technology and innovation needed to develop the country and to make our industries more competitive",NA,"410",NA
"We also need to import consumer goods we do not produce, and to use imports to ensure year round supplies of seasonal foods.",NA,"410",NA
"It is essential that Australia’s quarantine and inspection services receive sufﬁcient funding and support to counter any pest or disease threats, which imports may pose",NA,"406",NA
", and to ensure that products being exported are of the highest standard and meet the requirements of our export markets.",NA,"410",NA
"Only The Nationals can ensure that regional Australia receives its fair share of the beneﬁts generated by our export industries,",NA,"410",NA
"and that the regions are provided with the infrastructure and services necessary for these export industries to grow and prosper",NA,"411",NA
"We will ﬁght to ensure better access to international markets for our farmers, manufacturers, miners and service providers",NA,"407",NA
"We will ensure that our science-based quarantine services are properly resourced to protect Australia’s disease-free status.",NA,"406",NA
"Our Plan",NA,NA,NA
"Support for exporters",NA,NA,NA
"The Nationals will stimulate new investment and new export jobs in regional Australia",NA,"402",NA
"We will introduce new, targeted incentives for exporters and provide certainty in existing programs to support regional businesses.",NA,"402",NA
"Our industrial relations policies will ensure that maximum efﬁciency is maintained on the waterfront and other areas of frontline export activity.",NA,"402",NA
"We will provide the infrastructure support – roads, rail, ports and telecommunications – to enable our regions to compete on fair terms with city based businesses",NA,"411",NA
"We will ensure that Australian businesses can compete fairly against imports, and we will ensure that Australia’s disease-free status is protected.",NA,"406",NA
"We will continue to support the live animal export trade and the further enhancement of animal welfare within the trade, in partnership with Australia’s trading partners",NA,"410",NA
"We support the retention of an independent industry body to address grower concerns on quality assurance, port access for all exporters and transparency of stock information; so that all grain exporters can bid for grower’s grain with conﬁdence, maximising the returns to the producer.",NA,"410",NA
"New markets",NA,NA,NA
"In the international arena, The Nationals will pursue a policy of multilateral and bilateral trade negotiations and trade promotion",NA,"407",NA
"We will support new trade agreements that deliver genuine new commercial opportunities to our farm, mining, manufacturing and service sectors.",NA,"407",NA
"In October 2011, Labor abandoned the Doha Round, declaring it dead and, instead, announced it would pursue sector-by-sector deals with our trading partners.",NA,"407",NA
"The Nationals insist that any bilateral or multilateral trade agreements must be comprehensive and all-inclusive",NA,"407",NA
"Agriculture remains the most distorted area of global trade, with our farmers suffering at the hands of protectionist trade barriers – such as the subsidies, tariffs and quotas applied in many destination markets.",NA,"407",NA
"With agriculture the single greatest stumbling block to the Doha Round, farm products are often the ﬁrst targeted for carve outs in any sector-by-sector negotiations",NA,"407",NA
"We will use the World Trade Organisation dispute settlement system aggressively to remove barriers to Australian exports and to ensure that international trade rules are open, fair and enforceable",NA,"407",NA
"We will establish the senior position of Ambassador for Trade Reform to promote further trade reform internationally",NA,"407",NA
"We will restore the position of Trade Representative for Australia’s agricultural industries and will establish two new roles: Trade Representative for Australia’s manufacturing industries and Trade Representative for Australia’s service industries.",NA,"407",NA
"Free Trade Agreements",NA,NA,NA
"The Nationals will continue to negotiate Free Trade Agreements (FTAs) with our major trading partners and will seek opportunities for regional agreements, but only where substantial additional commercial beneﬁts to Australia can be demonstrated and delivered.",NA,"407",NA
"We will restore the effort to complete ambitious and comprehensive new FTAs with our biggest trading partners, including China, Japan, Korea, India and the Gulf Co-operation Council.",NA,"407",NA
"The Nationals will support international treaties where they are beneﬁcial to Australia – in particular, where they facilitate trade for Australia.",NA,"407",NA
"Industry Support",NA,NA,NA
"The Nationals will develop a new regional centres network to provide quick and efﬁcient support for new exporting industries, particularly the services industry.",NA,"402",NA
"We will increase funding for the Export Markets Development Grants Scheme and provide certainty of payment.",NA,"402",NA
"We will introduce new programs to increase Australia’s services exports and to assist niche export sectors to compete in global supply chains and to increase food and beverage export sales in key markets",NA,"402",NA
"The Nationals will reduce the cost of quarantine export inspections by reinstating the 40% cost-sharing arrangement for export inspection services, which Labor abolished.",NA,"402",NA
"We will ensure that our quarantine authorities receive the funding necessary to protect Australia from introduced pests and diseases.",NA,"406",NA
"Our Import Risk Assessment process will continue to be based on sound science",NA,"406",NA
"We will not take reckless risks – as Labor has done – with our nation’s irreplaceable pest- and disease-free status.",NA,"406",NA
"The Nationals remain fervent supporters of anti-dumping measures and, upon return to government, will ensure that the importation of cheap paper products from Indonesia and China does not impact unfairly on Australian producers.",NA,"406",NA
"Transport",NA,NA,NA
"– A STRATEGIC OVERHAUL TO LINK NETWORKS AND DRIVE EFFICIENCIES",NA,NA,NA
"The Nationals understand the importance of transport infrastructure – by road, rail, air and sea – to regional Australia",NA,"411",NA
"We know that people and businesses in regional Australia must rely on modern transport networks for their livelihoods and lifestyles.",NA,"411",NA
"Only The Nationals can ensure that families in regional Australia have a safe, secure, reliable and affordable transport system",NA,"411",NA
"The Nationals will ensure that regional Australia receives its fair share of national infrastructure spending.",NA,"411",NA
"Under a succession of Nationals Federal Transport Ministers, Australia gained improved transport infrastructure and services",NA,"411",NA
"The AusLink initiative, in particular, for the ﬁrst time brought an integrated approach to the nation’s road and rail transport needs, with the funding to achieve it.",NA,"411",NA
"Under Labor, Australia’s transport plans are unravelling, replaced by the same short-sighted political decision-making and deal-making that has brought state Labor government transport systems to their knees.",NA,"411",NA
"The Nationals retain a clear vision of Australia’s transport needs, and how to meet them",NA,"411",NA
"Our co-ordinated policy solutions will allow regional Australia and the nation to meet the transport challenges of the next 20 years and beyond.",NA,"411",NA
"Our Plan",NA,NA,NA
"Rail and a burgeoning freight task",NA,NA,NA
"With Australia’s national freight load set to double by 2030 – and treble along the eastern seaboard – an enormous effort must be made to expand and modernise our interstate and regional rail systems.",NA,"411",NA
"The Nationals understand that a seamless and efﬁcient rail network is essential to moving our regional produce to market, enhancing productivity growth and international competitiveness.",NA,"411",NA
"The Nationals will build the inland rail from Melbourne through the Central West of NSW to Brisbane",NA,"411",NA
"This ‘Steel Mississippi’ will reduce the time required to move freight from Melbourne to Brisbane from 36 hours to less than 24, dramatically lifting rail’s share of freight and providing signiﬁcant environmental and social beneﬁts.",NA,"411",NA
"The inland rail project will be completed by around 2025 and will be managed by the Australian Rail Track Corporation in partnership with the private sector",NA,"411",NA
"The Nationals will ensure that any existing regional hub lines, which feed into the main inland rail line are appropriately upgraded and, where necessary, new lines are constructed",NA,"411",NA
"State Labor governments neglected country branch lines and many have fallen into disrepair",NA,"411",NA
"Millions of tonnes of grain must now be moved to port by private truck, damaging our regional roads and increasing trafﬁc congestion",NA,"411",NA
"Our reputation as a reliable supplier of grain has been badly compromised by this inability to move grain to ports on time, resulting in lost contracts and lower returns to growers.",NA,"411",NA
"We are fully committed to rail as the preferred mode of transport for grain and, in government, will work towards the provision of equitable access to freight rail to allow all grain growers to take advantage of domestic and export marketing options.",NA,"411",NA
"The Nationals will provide funding, matched by the states, to restore key country freight lines",NA,"411",NA
"We will also continue to upgrade the MelbourneSydney-Brisbane coastal rail link",NA,"411",NA
"We will ensure state-of- the-art train control systems and seamless transit at state borders.",NA,"411",NA
"We will seek to complete the extension of the national network to incorporate the Kalgoorlie to Perth section, to deliver a single standard gauge rail link connecting our mainland capitals.",NA,"411",NA
"A new approach to roads",NA,NA,NA
"The Nationals will implement the third stage of AusLink, investing minimum funding of $35 billion.",NA,"411",NA
"AusLink 3 will be funded by allocating 20 cents per litre from the Commonwealth fuel excise to AusLink",NA,"411",NA
"The rate of excise will not be increased",NA,"411",NA
"The Nationals will ensure that a minimum of 50% of the funds is allocated to regional projects.",NA,"411",NA
"The Nationals developed the successful Roads to Recovery program, which provided local councils with extra funding to maintain and upgrade their local roads",NA,"411",NA
"The Nationals will continue and expand this program in government.",NA,"411",NA
"We will restore the Strategic Regional Roads program, which supports major regional connections and creates jobs, and we will include agricultural productivity as one criterion when allocating funding.",NA,"411",NA
"We will address the neglect of small road bridges on secondary freight routes",NA,"411",NA
"For regional Australia, small road bridges have great economic signiﬁcance, allowing trucks to move goods and produce on to the national highway system and to shipping ports.",NA,"411",NA
"We will ensure that funding is allocated in partnership with local councils and state governments to repair or replace bridges no longer capable of carrying heavy vehicles.",NA,"411",NA
"The Nationals will ensure that our regional roads are safer",NA,"411",NA
"We will work with automobile associations and with organisations like Rotary to implement new driver training programs for young drivers.",NA,"411",NA
"We will require all new cars sold in Australia in volume to carry an Australian National Car Assessment Program (ANCAP) star safety rating.",NA,"411",NA
"We will provide funding for the installation of seatbelts in local school buses and will make funding available to help install air conditioning in hotter areas.",NA,"411",NA
"We will continue the funding to construct 500 new roadside stops for our truck drivers.",NA,"411",NA
"We will request a comprehensive review of the effectiveness of booster seats, to maximise the safety afforded to children in motor vehicles",NA,"411",NA
"The Nationals will ensure that the Australian Road Assessment Program, which measures the safety level of highways, is extended to the major secondary freight routes.",NA,"411",NA
"Regional access to aviation services",NA,NA,NA
"For the seven million Australians who live outside capital cities, regional aviation is an especially important link to the rest of the nation, providing transport, goods and medical services to and from large centres.",NA,"411",NA
"Support for regional aviation is essential as many regional routes are of limited commercial value, with smaller carriers struggling with rising overheads and economic difﬁculties.",NA,"411",NA
"The Nationals will retain the Remote Air Service Subsidy Scheme (RASS) so that isolated communities continue to receive a weekly passenger and freight service",NA,"411",NA
"The RASS subsidises ﬂights to more than 235 communities which otherwise have no regular transport service.",NA,"411",NA
"We will reinstate the En Route Charges Subsidy Scheme for Air Services Australia’s air navigation charges for regional airlines operating smaller aircraft and for aero-medical operators such as the Royal Flying Doctor Service",NA,"411",NA
"The En Route Charges Scheme helps regional airlines to maintain viable services to isolated areas.",NA,"411",NA
"From 1 July 2008, Labor limited the scheme to existing routes and service frequencies and from 30 June 2012 announced the scheme will be abolished for commercial regional airline operators.",NA,"411",NA
"The Nationals will reopen the En Route Charges Subsidy Scheme to small regional commercial air carriers.",NA,"411",NA
"Labor has introduced mandatory security screening at a number of regional airports served by larger passenger turbo-prop aircraft.",NA,"411",NA
"The ongoing cost of this requirement is not subsidised and can only be  paid for by very large ticket price increases",NA,"411",NA
"This threatens the viability  of already marginal regional air routes.",NA,"411",NA
"The Nationals will work with regional airlines and airports to ensure that no air services are cancelled or reduced as a result of national security requirements.",NA,"411",NA
"We will continue and expand the Remote Aerodrome Safety Program to assist in the upgrade of airstrips in remote and isolated communities.",NA,"411",NA
"We will also support general aviation – that part of the aviation sector not involved in regular public transport or scheduled services.",NA,"411",NA
"This involves small aircraft undertaking roles vital to regional Australia, such as charter and business ﬂights, aero-medical services, commercial and private pilot training, sports and recreational pursuits, and various kinds of aerial work such as agriculture and surveying.",NA,"411",NA
"The non-scheduled air and space transport sector comprises more than 1,000 businesses, employing nearly 4,000 people, and producing an industry turnover of nearly $1 billion.",NA,"411",NA
"Australia’s general aviation ﬂeet is ageing, with the average age of an aircraft now 30 years",NA,"411",NA
"The Nationals will introduce incentives to enable business to replace aircraft used for commercial activities and to keep regional Australia ﬂying.",NA,"411",NA
"We will address the skill shortage in the aviation industry",NA,"411",NA
"We will build on existing regional pilot training schemes such as that operated by Regional Express, including the establishment of a Regional Airline Pilots’ Scholarship Scheme.",NA,"411",NA
"More efﬁcient shipping",NA,NA,NA
"Coastal shipping accounts for about 25% of the domestic freight task, but produces only 4% of total transport greenhouse gas emissions",NA,"411",NA
"A vibrant, safe and efﬁcient Australian shipping industry provides beneﬁts for the economy and the environment, easing road congestion.",NA,"411",NA
"The Nationals will allow Australian shipping to compete effectively against other transport modes and internationally, while retaining our national shipping identity.",NA,"411",NA
"The Nationals will:",NA,NA,NA
"Review Labor’s recent shipping reforms with a view to revising or reversing measures that hinder the competitiveness of Australia’s shipping services;",NA,"411",NA
"We will repeal the ﬁve voyage minimum for voyage permits;",NA,"411",NA
"Introduce a national system of training support under the supervision of the Australian Maritime Safety Authority to replace the existing statebased distribution of funds;",NA,"411",NA
"Support measures to reduce the income tax disadvantage suffered by Australian seafarers operating outside Australian waters, compared with seafarers from other nations; and",NA,"411",NA
"Support an Australian Second Shipping Register.",NA,"411",NA
"Efﬁcient port infrastructure is vital in promoting a growing maritime industry",NA,"411",NA
"Australian ports are owned either by state governments or private enterprises regulated by the states",NA,"411",NA
"As a result, port development has been uncoordinated and hindered, and the intermodal links between rail, road and shipping are grossly  inefﬁcient.",NA,"411",NA
"The Nationals will implement a National Port Development Plan to address capacity constraints in our ports and facilitate the efﬁcient and swift movement of our exports.",NA,"411",NA
"Transport Fuels",NA,NA,NA
"– PROMOTING USE OF CLEANER BIOFUELS AND LPG",NA,NA,NA
"Australia needs a range of cleaner alternative fuels",NA,"501",NA
"LPG, ethanol blended fuel and biodiesel offer effective steps towards reducing vehicle emissions",NA,"501",NA
"If Australia were to adopt E10 blended fuels nationwide, more than three million tonnes of pollution would be prevented.",NA,"501",NA
"A robust Australian biofuels and LPG industry ensures greater security of supply in transportation fuels",NA,"501",NA
"The Nationals support the wider integration of E10 ethanol and B5 bio diesel into mainstream use in Australia, together with a greater uptake of LPG.",NA,"501",NA
"We want to see E85 blend in widespread use by 2020.",NA,"501",NA
"Under Labor, the cleaner fuel sectors have been sent stop-start-stop signals, with alternative fuels policy implementation and uptake stalling.",NA,"501",NA
"The establishment of a thriving biofuels industry has many beneﬁts for regional Australia",NA,"501",NA
"Most notable are better environmental outcomes, a more diverse income source for farmers, and the jobs created by the construction and operation of reﬁnery plants.",NA,"501",NA
"The Nationals support cleaner fuels because they are good for the environment, and a substantial step toward developing national fuel self-sufﬁciency.",NA,"501",NA
"Our Plan",NA,NA,NA
"The Nationals take a pragmatic and decisive approach to expanding the uptake of LPG, E10 fuel blends and the development of greater biodiesel production suitable for commercial and personal use, as well as for regional industries.",NA,"501",NA
"A national mandate",NA,NA,NA
"A national ethanol mandate for petrol and biodiesel will be introduced by 2018.",NA,"501",NA
"Many of the states have introduced ethanol mandates, or are in the process of doing so",NA,"501",NA
"To ensure uniformity, The Nationals in government will introduce a national mandate to ensure each state and territory has an ethanol blend",NA,"501",NA
"This measure forms part of an overall strategy to meet renewable fuel targets and reduce CO2 emissions.",NA,"501",NA
"In consultation with industry, we have found most local producers believe they can meet a substantial amount of Australia’s demand",NA,"501",NA
"In order to ensure security of supply, The Nationals will support the local industry to become embedded.",NA,"501",NA
"Domestic production excise deferral",NA,NA,NA
"To assist the environment, and the further development of a locally based ethanol and biodiesel industry, The Nationals support a deferral of the introduction of excise on these fuels.",NA,"501",NA
"We will also ensure that imports of biofuels, which are subsidised by foreign governments, do not receive the beneﬁts of the excise rebate in Australia",NA,"501",NA
"We will address any excise loop holes and ensure that our producers are operating on an even playing ﬁeld.",NA,"501",NA
"Sustainability standard",NA,NA,NA
"The Nationals will also seek to ensure that both domestic and imported biofuels meet a sustainability standard, including the provision that, in the long-term, fuels must not be produced at the expense of food security.",NA,"416",NA
"Sustainability standards for bio fuels are being developed in several European countries and Brazil, and encourage biofuel producers to move from food stocks to non-food stock materials for fuel production.",NA,"416",NA
"Australia predominantly produces biofuels from waste or low grade products",NA,"416",NA
"This sustainability standard not only protects Australia’s interests, but ensures global grain trading is not artiﬁcially distorted, but is balanced, and prevents abuses of environmental or human rights in the production of biofuels.",NA,"416",NA
"In government we will:",NA,"416",NA
"Reinstate the Bureau of Infrastructure, Transport and Regional Economics Report no.117, entitled ‘Transport Energy Futures – Long Term Oil Supply Trends and Projections’",NA,"416",NA
"(The report was commissioned by the Minister for Infrastructure and Transport in 2007, delivered in 2009 and then quashed);",NA,"416",NA
"In response, we will pursue a bio fuels distribution policy which assists Australia’s progress towards self-sufﬁciency in transport fuels from domestic sources.",NA,"416",NA
"Retail fuel costs",NA,NA,NA
"The Nationals acknowledge that retail providers face the costs of updating fuel tanks to accommodate biofuels.",NA,"501",NA
"We are particularly concerned that small independent rural and remote retailers ﬁnd the transition costs prohibitive",NA,"501",NA
"We understand that petroleum storage tanks at retail outlets manufactured after 1981 are compatible with a 10% ethanol blend, but some will require new lining to prevent leakage.",NA,"501",NA
"The Nationals will work with the states to develop funding schemes that complement the existing assistance offered by some state governments.",NA,"501",NA
"85% biofuel blends from 2015",NA,NA,NA
"Car manufacturers are often ahead of fuel suppliers in manufacturing vehicles able to use a range of ethanol blended fuels.",NA,"501",NA
"In 2010, Holden launched its E85 ﬂex fuel vehicle, able to run on blended fuel from E10 to E85.",NA,"501",NA
"With emerging technologies now adopting higher ethanol blends, it is realistic to project that by 2020 most new Australian vehicles will be able to use the E85 blend.",NA,"501",NA
"After 2015, The Nationals’ implementation plan will be based on extending the availability of E85 blends.",NA,"501",NA
"Promoting LPG",NA,NA,NA
"Australia has an abundance of LPG",NA,"501",NA
"In 2008-09, we produced 5,403 ML of LPG and used 3,996 ML, of which 2,253 ML was for automotive use",NA,"501",NA
"Considerable environmental and energy security beneﬁts attach to continuing to encourage the use of LPG.",NA,"501",NA
"The Coalition introduced the LPG conversion scheme, which provided a grant of $2,000 for the LPG conversion of new or used petrol or diesel motor vehicles or the purchase of a new LPG vehicle.",NA,"501",NA
"Labor has phased down the conversion grant to $1,000 over the period to 1 July 2012",NA,"501",NA
"As a result, conversion rates have halved, while 20,000 new LPG vehicles are sold each year.",NA,"501",NA
"The Nationals support the LPG Conversion Scheme and will provide an LPG research and development program, including development of a Collaborative Centre for Gas Systems Development and Certiﬁcation, as requested by the LPG industry.",NA,"411",NA
"Exploration for oil",NA,NA,NA
"Part of ensuring security of fuel supply is the continuation of oil exploration",NA,"411",NA
"Oil serves as the basis for blended diesel and ethanol products, so it is important that Australia makes the fullest use of its own oil reserves.",NA,"411",NA
"The Nationals support oil exploration activity and will promote further exploration in Australia and its territories.",NA,"411",NA
"Research and development",NA,NA,NA
"Research on second-generation biofuels, such as ethanol from cellulose and biodiesel from algae, has faltered.",NA,"411",NA
"More research is needed to optimise the adoption of non-food stock materials and to encourage car manufacturing innovations.",NA,"411",NA
"The Nationals will provide a support package comprising:",NA,NA,NA
"A new consumer information campaign;",NA,"411",NA
"New requirements that all petrol engine cars sold in Australia have warranty cover for E10; and",NA,"411",NA
"Increased research and support for the development of second generation bio fuels.",NA,"411",NA
"Water Assets",NA,NA,NA
"– STRIKING THE ECONOMIC, ENVIRONMENTAL AND SOCIAL BALANCE",NA,NA,NA
"Careful management and sound decision-making about water allocation and usage are essential to our long-term economic, environmental and social wellbeing.",NA,"501",NA
"The Nationals are committed to the effective management of Australia’s water resources.",NA,"501",NA
"We led the way in introducing water resources reform and have set the agenda for water trading by introducing legislation aimed at better water sharing agreements.",NA,"501",NA
"The Nationals’ credentials in water resource management are founded on sound planning and a respect for the rights of all Australians.",NA,"501",NA
"We will help land and water management groups to carry out practical, day-to-day projects that ensure compatibility between environmental sustainability and land and water use, including in the Murray-Darling Basin.",NA,"501",NA
"Understanding and respecting the role of Landcare groups within our communities is essential",NA,"501",NA
"We will ensure they have sufﬁcient funding to continue their good work",NA,"501",NA
"We will also work with local communities and other stakeholders to understand the water needs of rural industries and communities.",NA,"501",NA
"We will help ensure the future viability of Australia’s irrigated communities, while still allowing ample water to ﬂow to maintain the health of our river systems.",NA,"501",NA
"The Nationals will monitor the national water policy framework to ensure that a fair balance between water for the environment and water for agriculture is achieved.",NA,"501",NA
"We support the establishment of new water harvesting schemes, including new irrigation areas in northern Australia, where high rainfall and untapped river systems provide new opportunities.",NA,"501",NA
"We condemn the Labor Government for continuing to carry out water buy-backs in the Murray-Darling Basin in a haphazard manner and for failing to invest in water-saving infrastructure.",NA,"501",NA
"We will ensure that any buy-back program ﬁrst establishes the true economic and social costs of removing irrigated farming from a particular area before committing to any buy-back.",NA,"501",NA
"Our Plan",NA,NA,NA
"Support for local communities",NA,NA,NA
"The Nationals will work with local communities on practical projects to save water in our cities and towns.",NA,"501",NA
"There are currently no speciﬁc national funding opportunities for schools and community groups for this purpose",NA,"501",NA
"We recognise the importance of allowing local groups to play their part in water saving and sharing programs, and will reinstate a water grants program similar to our previously successful program, Community Water Grants.",NA,"501",NA
"The Nationals remain committed to major investment in the re-plumbing of regional Australia to save water and to create more options for water use for the environment, farms and towns.",NA,"501",NA
"The Nationals will provide compensation in the form of a structural adjustment package for communities affected by water withdrawals, to ensure that Basin communities do not bear an unreasonable social and/ or economic cost where reforms are imposed in the national interest.",NA,"501",NA
"Contemporary urban and suburban households recognise the need for water conservation and water-saving devices, such as shower heads or slow drip watering systems",NA,"501",NA
"However, some still have a traditional view of water as a free and endless resource.",NA,"501",NA
"Campaigns to encourage better water practices around the home are valuable in changing daily habits and views about water as a resource",NA,"501",NA
"The Nationals maintain that current incentives to lower water usage need to be enhanced.",NA,"501",NA
"Support for infrastructure",NA,NA,NA
"The Nationals will invest in a re-plumbing of regional Australia",NA,"411",NA
"We recognise that what is needed is a once-in-a-century investment to improve the water-efﬁciency of our farms and regional water supplies.",NA,"411",NA
"The Nationals will work with farmers and local communities to invest in long-term water infrastructure on farms where ageing infrastructure needs to be upgraded",NA,"411",NA
"We also realise that the best advocates for sustainable water use on-farm are the landowners themselves who have the most to gain from using water efﬁciently",NA,"411",NA
"We will work with local communities to set targets for water to be saved from on-farm and off-farm infrastructure projects to achieve irrigation efﬁciencies.",NA,"411",NA
"The Nationals will also unfreeze the funds set aside as part of the $10 billion National Plan for Water Security for infrastructure",NA,"411",NA
"Farmers are willing to make savings and to share water with the environment, but they are entitled to, support",NA,"411",NA
"We will reintroduce full tax deductibility for water infrastructure expenses in the ﬁnancial year following that in which the cost was incurred.",NA,"411",NA
"We will also support the construction of new dams in regional Australia to underpin the future economic development of new areas, by providing secure and reliable water supplies for agriculture, mining, manufacturing and towns, and to provide further ﬂood mitigation capacity where appropriate.",NA,"411",NA
"The Murray-Darling Basin Plan",NA,NA,NA
"We will adopt all 21 recommendations of the House of Representatives Standing Committee on Regional Australia’s inquiry into the impact of the Murray-Darling Basin Plan.",NA,"501",NA
"We will deliver a Murray-Darling Basin Plan that is clear about the environmental outcomes being targeted.",NA,"501",NA
"The Nationals in government will strengthen The Murray-Darling Basin Plan to:",NA,NA,NA
"Clearly articulate the system-wide environmental outcomes being targeted (including below Lock 1), and provide complete documentation on how the environmental water will be used;",NA,"501",NA
"Ensure that the plan helps to mitigate the impact of ﬂoods;",NA,"501",NA
"Place a cap on the amount of water that can be returned to theenvironment through buybacks;",NA,"501",NA
"Allow local communities the power to determine how water is recovered",NA,"501",NA
"and how environmental water is delivered; and",NA,"501",NA
"Ensure targeted support for investment in irrigation infrastructure to deliver water savings, co-ordinated with targeted water buy backs.",NA,"501",NA
"We will ensure that Sustainable Diversion Limits take proper account of social and economic considerations",NA,"501",NA
"The Nationals believe the wellbeing of communities and the rivers that nourish them, is paramount.",NA,"501",NA
"The Nationals in government will address the socio-economic challenges faced by communities reliant on irrigation",NA,"501",NA
"The Nationals will introduce Community Impact Statements for water purchases, to assess their effect on local communities.",NA,"501",NA
"We will appoint an independent panel of legal experts to formulate speciﬁc amendments to the Water Act to ensure that the Murray-Darling Basin Authority and the Commonwealth Minister for Water have the discretion to give appropriate weight to economic, social and environmental considerations and to balance these interests against one another",NA,"501",NA
"We will also ensure that the Plan is immune from legal challenge.",NA,"501",NA
"We do not support a referendum advocating the transfer of powers of the Murray-Darling Basin to the federal government.",NA,"501",NA
"Coal seam gas & the NWI",NA,NA,NA
"In addition to the coal seam gas development statement in our Primary Production plan, The Nationals will develop special provisions for the development of minerals and petroleum projects as they relate to the principles of the National Water Initiative (NWI).",NA,"501",NA
"We will clarify the circumstances under which clause 34 of the NWI applies, so that water quality issues arising from coal seam gas developments are properly evaluated under the national water planning processes.",NA,"501",NA
"The Nationals support research to improve our knowledge of Australia’s groundwater resources, particularly the impact of the coal seam gas industry on the Great Artesian Basin, which was the focus of the Independent Expert Scientiﬁc Committee on Coal Seam Gas and Coal Mining.",NA,"501",NA
"Flood mitigation",NA,NA,NA
"The Nationals will provide increased investment in ﬂood mitigation works to provide greater protection from ﬂooding for regional communities.",NA,"501",NA
"We will provide funding to develop state of the art information technology based early warning systems, to provide more accurate predictions of ﬂood peaks and timing and earlier, more accurate weather forecasts.",NA,"501",NA
"We will also provide resources to address the inconsistencies in conditions set out in various insurance company policies.",NA,"501",NA
"Women– PARTNERS IN BUSINESS, AT WORK, IN THE COMMUNITY AND AT HOME",NA,NA,NA
"Whether in the workforce or at home, more than one-third of Australian women live outside the major population centres and play a key role in securing a prosperous future for regional Australia.",NA,"706",NA
"Women make up more than 40% of farm and small business owner and managers",NA,"706",NA
"They are integral partners in decision-making and planning, and share the triumphs and hardships of living and working in remote, rural and regional Australia.",NA,"706",NA
"The Nationals’ policies address women’s interests, based on the premise that the difference between regional and urban women in Australia should relate to geography, and not to any disadvantage caused by unequal distribution of resources and services or to a lack of opportunities.",NA,"706",NA
"The Nationals strive to achieve fair and equitable outcomes for women in all areas of regional Australia.",NA,"706",NA
"We believe that forced marriages should be illegal in Australia and will support legislation to ban them.",NA,"706",NA
"Our Plan",NA,NA,NA
"Sustainable regional growth",NA,NA,NA
"Under The Nationals in government, local committees will be set up to identify, obtain and regulate increased regional funding from central sources.",NA,"706",NA
"These committees will be made up of local leaders from business, community and local government, with each Regional Development Australia (RDA) node setting the direction for development in the region.",NA,"706",NA
"Women make up an important part of these groups.",NA,"706",NA
"The RDA Ofﬁces will work with local government, schools and universities, service organisations, cultural bodies, sporting, business and community leaders and associations, to assess local needs and to choose from targeted initiatives to support regional growth.",NA,"706",NA
"The RDA will provide a ﬁltering mechanism for potential projects brought to the table of state and federal government, which qualify for the broader ‘Better Regions Program’.",NA,"706",NA
"Healthcare",NA,NA,NA
"Health is a major factor in our lives and disease does not discriminate by gender, culture, religion, age or postcode",NA,"706",NA
"Not surprisingly, health concerns are the top item on the political agenda for individuals and families.",NA,"706",NA
"The correlation is well known between lower income levels and poorer health outcomes, and that regional Australia contains a disproportional share of electorates with lower average incomes.",NA,"706",NA
"In regional Australia communities have been hardest hit by the deteriorating infrastructure and diminished services now afﬂicting our public health system.",NA,"706",NA
"Greater demand on specialist services in regional and rural areas results from an ageing population and higher rates of disease and illness",NA,"706",NA
"The emotional strain on families when members are diagnosed with debilitating or life-threatening illnesses is compounded when they have to be separated by distance for treatment.",NA,"706",NA
"Problematic access to mental health professionals is also accentuated in regional communities across Australia, and is compounded by the declining support services available for those suffering these distressing illnesses.",NA,"706",NA
"The rate of suicide in regional communities mainly affects males and is estimated to be up to double that in metropolitan centres, reﬂecting.",NA,"706",NA
"In each of these cases, too often women are left to bear the social and economic costs, as well as the impact of other mental health problems prevalent among men in rural settings, including depression, alcohol and drug abuse.",NA,"706",NA
"Every woman in Australia, and especially women in regional and rural areas, has the right to expect safe and well resourced maternity services in close proximity to her local community.",NA,"706",NA
"There has been a disturbing decline in government provision of maternity units across regional Australia",NA,"706",NA
"Again, the social costs for women having to leave their support networks and travel long distances for maternity services must be recognised and addressed as a matter of urgency.",NA,"706",NA
"Adequate health services in regional Australia, particularly acute, maternity and mental health services, are inhibited to a large degree by the shortage of health professionals",NA,"706",NA
"Local health networks, where local women can have direct input into decision making on the provision of services, will ensure that the health needs of our communities are met.",NA,"706",NA
"The Nationals in government will:",NA,"706",NA
"Provide guaranteed service levels for key regional hospitals in ﬁelds such as maternity and mental health;",NA,"706",NA
"Provide increased ﬁnancial support for those doctors providing health services in regional and remote communities;",NA,"706",NA
"Establish a targeted regional health fund to provide funding for new health services;",NA,"706",NA
"Establish Local Hospital Boards for the larger public hospitals and also for groups of smaller hospitals;",NA,"706",NA
"Ensure that regional health targets are built into the Health Care Agreements;",NA,"706",NA
"Provide incentives for more women to undertake study in health care at a regional university; and",NA,"706",NA
"Respond to current midwifery shortages and avoid future shortages by providing adequate levels of funding for university and VET preregistration and pre-enrolment courses, and especially for clinical placements.",NA,"706",NA
"Women in the workforce",NA,NA,NA
"Women in regional Australia make signiﬁcant contributions to the national workforce",NA,"706",NA
"Married women have increased their participation from 17% in 1954 to more than 60% today",NA,"706",NA
"However, while many regional women are well qualiﬁed they tend to work in lower-skilled and lower paid jobs",NA,"706",NA
"Nevertheless, women in regional Australia are at the forefront of developing small businesses, which are complementing the more traditional commercial ventures such as farming.",NA,"706",NA
"This contribution by regional business women is estimated to be in the order of $1.2 billion a year.",NA,"706",NA
"Employment of women in the trucking industry is already widespread in mining areas, where they enjoy a safer driving record and less wear on vehicles",NA,"706",NA
"Given adequate health and safety standards, this is a growing area of employment for women.",NA,"706",NA
"The Nationals will also encourage more women to take up pilot licences.",NA,"706",NA
"The Nationals in government will aim for the full and equal participation of women in the paid workforce, by:",NA,"706",NA
"Implementing programs that encourage small business andtourism;",NA,"706",NA
"Encouraging more women to take up apprenticeships, traineeshipsand to undertake tertiary studies;",NA,"706",NA
"Providing special training programs for Indigenous women;",NA,"706",NA
"Supporting education programs and initiatives which give womenaccess to either face to-face training, or externally provided trainingusing the technological services now available;",NA,"706",NA
"Further enhancing paid maternity, paternity and parental leave,including for the self employed;",NA,"706",NA
"Providing more childcare places, with priority given to the needs ofregional families;",NA,"706",NA
"Working towards pay equality for equal work between women andmen; and",NA,"706",NA
"Ensuring that defence remains a major employer in areas outside  the major centres.",NA,"706",NA
"Youth– OPPORTUNITY AND PROSPERITY IN VIBRANT, GROWING REGIONS",NA,NA,NA
"The development and prosperity of regional Australia, and the survival of the lifestyle enjoyed by regional communities, depends on the ability to retain and attract young people.",NA,"706",NA
"The Nationals plan to revitalise and populate regional Australia, through incentives for new businesses, domestic and migrant location in regional areas and the hard and soft infrastructure expected in modern communities.",NA,"706",NA
"The growth of regional centres will deliver better and more opportunities and services for all in the communities, and create a better value proposition for younger Australians to pursue.",NA,"706",NA
"We will not only retain regional youth lured away by the opportunities in capital cities, but attract forward-looking, driven and inspired youth into growing regional areas",NA,"706",NA
"The pioneering spirit is alive and well in Australia, but it needs to be focused to re-energize and build the underdeveloped 97% of Australia that is regional.",NA,"706",NA
"Services and facilities need to be appropriate and provide opportunities for young people in social interaction, education, career and job opportunities.",NA,"706",NA
"Our Plan",NA,NA,NA
"Education",NA,NA,NA
"As outlined in our Education plan, The Nationals maintain that young people deserve the best in education, wherever they live and whatever they study.",NA,"706",NA
"Where learning facilities in a particular region are not viable, The Nationals in government will provide ﬁnancial assistance to parents and organisations providing residential facilities and will introduce a tertiary access allowance for students required to live away from home or to travel long distances for their education.",NA,"706",NA
"This support will include provision for students to return home at regular intervals.",NA,"706",NA
"We will increase the number of regional secondary schools acting as feeders to the universities",NA,"706",NA
"We will provide openings and help high achievers at regional secondary schools to have early experience of university and TAFE, to encourage the application of their talents.",NA,"706",NA
"We will also reinstate agriculture and horticulture apprenticeships on the National Skills List, which Labor removed in 2008.",NA,"706",NA
"Overcoming social isolation",NA,NA,NA
"The Nationals are well aware of the damaging effects that social isolation can have on human health and wellbeing across all age groups, and right through the community",NA,"706",NA
"None are more vulnerable than young people.",NA,"706",NA
"We will increase funding for key successful youth programs, in particular those aimed at connecting young people with the broader community",NA,"706",NA
"Funds will be made available to establish or expand regionally-based facilities, such as youth centres, where young people can interact with peers under limited adult supervision, and improve their lives through education, sport and recreation.",NA,"706",NA
"Life skills",NA,NA,NA
"Our young people need life skills",NA,"706",NA
"The Nationals in government will introduce a National Youth Safety Program, to give students basic ﬁrst aid competencies by Year 10 and to provide all students with pre-driver education and training.",NA,"706",NA
"We will provide opportunities for young people to learn about drugs, obesity and general health, and will increase funding to regional youth programs to address issues like drug and alcohol abuse, bullying, and the management of mental health concerns.",NA,"706",NA
"Health",NA,NA,NA
"All Australians are entitled to top quality and accessible health services",NA,"706",NA
"The Nationals in government will provide increased resources for regional health programs, and give the local health professionals the responsibility for decisions affecting their areas",NA,"706",NA
"Regional health service providers need to be skilled in the special mental and physical health needs of young people.",NA,"706",NA
"When full time residential care becomes necessary, we will provide that those with a disability can be cared for as close as possible to their families, and in facilities that cater speciﬁcally for young people.",NA,"706",NA
"Regional Youth Forum",NA,NA,NA
"The Nationals in government will re-organise the Australian Youth Forum to broaden participation from those outside the youth advocacy sector, and those engaged in employment and other pursuits",NA,"706",NA
"We will foster participation by regional youth through a new Regional Youth Forum steering committee comprising young Australians living in regional and rural areas",NA,"706",NA
"The Regional Youth Forum will participate with, and form part of, the national Australian Youth Forum, but will emphasise issues identiﬁed by young people living in regional Australia.",NA,"706",NA
"Providing career opportunities",NA,NA,NA
"Opportunities abound for secure, rewarding and prosperous careers in regional Australia, but young people are not being encouraged to pursue them.",NA,"706",NA
"The Nationals’ plan for small business, regional development, education and primary production to grow the regional economy, will give young people conﬁdence in pursuing a regionally-based career.",NA,"706",NA
"We will continue to encourage the decentralisation of large and small businesses, and the public sector, via our regional growth policies",NA,"706",NA
"Our policies encourage young people to study for careers that support regional growth and food security, unlike Labor’s centralistic view.",NA,"706",NA
"We will provide the ﬁnancial incentives for young people to take up traineeships in the agricultural sector, on the same footing as other traineeships and apprenticeships, and will place tertiary-level agriculture and forestry courses in the National Priorities Category of the Students Contribution Band.",NA,"706",NA
"The Nationals will provide incentives for regional employers to give students work experience and gap year employment, to foster their local career and job opportunities.",NA,"706",NA
